_	㴱丹凡及尨帆龙龜𠆏𠆥𠕋𠖵𠙊𠥻𠦔𡍙𡑤𡗜𡘆𡯃𢌭𣅞𣋰𤧪𥟌𥥍𥿒𧊨𧜸𧧛𨔬𨣠𨬁𩂑𩨺𪉡𫊫𫖼𫖿𫗀𫗁𫗃𫟈𫯯𫽩𫿕𬈃𬱶𬱹𬲁𬲂𬲄𬵘𭁗𭐳𭛄𮎪𮐗𱎚𱓄𱟤𱠍𱡴𱡵𱢓𱣩𱥹𱦛𱨹𱫖𱶉𱿬𲋄𲜬
◜	◜〇𠆭𠇇𠍋𠪳𡆢𡦹𡧑𢀓𦹗𬼂𭁇𭍻𭥟
◝	◝〇𠆭𠍋𠪳𡆢𡦹𡧑𢀓𦹗𬼂𭍻𭥟
◞	◞〇𠆭𠇇𠍋𠪳𡆢𡦹𡧑𢀓𦹗𬼂𭁇𭍻𭥟
◟	◟〇𠆭𠇇𠍋𠪳𡆢𡦹𡧑𢀓𦹗𬼂𭁇𭥟
⺀	⺼㓱㡏㢏㣺㺄㼶䃋䑕䕆亙仒兪冬冭函前头寒尽巤斗於枣栆毌母氵率辶閼鬛鼠𠃠𠋂𠔁𠕒𠖣𠖦𠖼𠗆𠗙𠗲𠦑𠭧𡗫𡗭𡙏𡦋𡧧𡬜𡮼𢏽𢡌𢩀𢱯𢾓𣃲𣃶𣅭𣗠𣼠𤺟𤻍𥠤𥦹𥦾𥨥𦁨𦂯𦅳𦇨𦚝𦡳𦦬𦦶𦪴𦰈𦼤𧃁𧊼𧷧𧹧𨥪𩮻𩺒𪔀𪧑𫃪𫙭𫥎𫧦𫭣𫷯𫾰𬊓𬗘𬙛𬛮𬻟𭀝𭂬𭑊𭭚𭳘𭵙𭺛𭾳𮃞𮣨𮫈𮫵𱛺𱪺𱵘𱼀𲐟
⺄	⺄几𠘨𲚯
⺆	⺼丹冄冇冉冊册周月浵用肅舟角雘靑𠄗𠔾𠕎𠕛𠬝𠱬𡛱𡿩𢪡𣈺𣏊𣏵𣥑𤯞𥃚𥃛𥸻𦩚𦩛𦩳𦪂𦪃𦪐𦪦𦪨𦪺𦪻𦪼𧅱𧑛𨀔𪞎𭁠𭎈𮛩𰰔𱖆𱯏𳉖
⺈	㬇䆋䰗亇免刍勇危厃夐奂奐嫓寏尔并您敻欠烉焔瓊矎矦臽色角象負负陥饣鬼魚鱼麁龜龟𠄝𠈽𠑾𠕗𠚤𠜌𠜧𠜪𠜰𠝎𠟮𠢒𠢴𠤀𠤓𠭠𠮥𠹨𡅛𡕫𡕱𡕳𡕷𡖴𡖸𡙝𡙟𡤞𡬋𡴲𢂫𢃵𢄥𢊔𢍅𢏃𢏻𢘞𢡓𢬆𢰺𢰼𢲍𢳷𢴼𢷳𢺦𢻁𢿌𣎕𣗸𣗽𣝖𣬉𣬋𣱹𣵥𣺆𤄡𤇔𤉯𤊱𤋳𤎈𤓶𤧓𤩆𤩞𤶤𤹸𤹹𤿥𥃠𥄘𥋂𥌔𥎠𥠅𥡌𥡽𥡾𥣟𥤛𥦇𥦺𦀆𦅥𦏂𦔰𦕔𦫉𦲴𦼁𦿙𧁠𧃅𧃜𧈘𧑴𧓬𧓾𧗻𧗾𧜪𧞦𧡽𧢲𧰼𧴀𧻦𧼢𧾣𨊬𨓝𨤣𨩉𨰶𨷉𨷍𩃊𩌟𩧊𩵋𪄢𪓻𪚧𪚫𪚺𪚽𪚾𪚿𪛀𪛃𪛆𪛇𪛉𪟟𪩨𪭁𪱾𪹌𪹍𫂝𫊱𫙿𫡓𫥎𫦘𫹬𫿶𬄽𬅝𬅟𬋢𬌾𬎘𬏻𬘇𬱕𬹝𬺞𬺨𬼜𭐬𭑏𭓛𭔷𭡁𭤺𭦌𭩄𭯟𭯩𭴾𮂪𮉍𮋢𮍀𮎛𮗏𮧂𮨌𮨞𮫬𮮤𮯛𮯞𮯟𮲑𰂼𰨬𰯘𰯤𰶍𰸒𰹣𰽒𰿑𱃌𱄶𱊹𱋻𱐣𱖚𱦦𱧱𱨘𱪃𱫌𱫥𱬈𱬚𱮨𱯁𱯃𱯷𱯾𱯿𱰂𱰃𱲕𱲖𱳎𱳏𱳑𱳖𱶢𱶪𱸿𱹾𱺌𱻁𲇚𲏅𲐻𲘎𲙈𲛳𲞎𲠍𲨃𲪛𲽗𳍦
⺊	㔞㔽㕟㢟㤐㨗㫖㮚㱜㲊䈛䋊上丐仧佂偼卓卝占卡卢卣卤卥卨咎外奌姃媫尗延征怔攴敲敹昝柾桌欤欳止正此歺泟炡点疌眐睿竊綹羋聇肻虍証证貞贞鉦钲阷鹵鼑龰𠍝𠑂𠑷𠖣𠚝𠚬𠛤𠜐𠝅𠣠𠣱𠥞𠦀𠧒𠧓𠧕𠧖𠧘𠧚𠧜𠧝𠧡𠧢𠧣𠧧𠧪𠧯𠧲𠧶𠧸𠧺𠧼𠧽𠧿𠨀𠨁𠨂𠨆𠨇𠨈𠨌𠩳𠭉𠭗𠮉𠮳𠯬𠰪𠸝𠹘𡀱𡆥𡋪𡐍𡑧𡘂𡙏𡜕𡥋𡥣𡱦𡷚𢆌𢏍𢒭𢧝𢧹𢧼𢨟𢪊𢫑𢮠𢱵𢵂𢻻𢼾𢽋𢿓𢿝𣃟𣏡𣔃𣕹𣙏𣟷𣤝𣤧𣥓𣦵𣩌𣫋𣲊𣲓𣵔𣵕𣶏𣷑𣷶𣻋𣿰𣿼𤆛𤈭𤈱𤈴𤋛𤣧𤥩𤪻𤯳𤴔𤵶𤽗𥃐𥅶𥇨𥈠𥈤𥘺𥜽𥟃𥦛𥨷𥩓𥭩𥲖𥷠𥹄𥹐𥹟𦅸𦈾𦕡𦕢𦙎𦙫𦬈𦵉𦷘𦺃𦻞𦼣𧃭𧄋𧆬𧇩𧑺𧘿𧢕𧣠𧪌𧮲𧮸𧴤𧷧𨑶𨓗𨓘𨔖𨖏𨛖𨛽𨜃𨤐𨥵𨩼𨫶𨭲𨺘𨼆𩃀𩔒𩗟𩚃𩚫𩠥𩱻𩶝𪛚𪟽𪩽𪭤𪮄𫁝𫞓𫠢𫡃𫥒𫧯𫭬𫯱𫻴𬃄𬃺𬅸𬆁𬗋𬟿𬺩𭅯𭅰𭕞𭖮𭛄𭜳𭣫𭪢𭫕𭬍𭱐𭾛𮓗𮓝𮓢𮛅𮝆𮨁𰁺𰆃𰆅𰆆𰆇𰆈𰆉𰐇𰕸𰙐𰞭𰡴𰮗𰻶𱐞𱑖𱜦𱟞𱥌𱦌𱩦𱬢𱭸𱮻𱯶𱲲𱴅𱷝𱷞𱷟𱾦𲅮𲓬𲸵
⺌	㡀光半尚当敝爾當米肖黹龸𠂠𠊗𠋜𠔂𠘽𠙘𠡱𠬵𠭓𡆓𡔅𡔌𡙪𡭙𡭴𡭶𢀝𢁰𢅷𢦢𢽆𣣽𣯰𤁎𤓅𤕋𤕨𤺠𥃠𥇫𥤅𥮫𥸨𦄪𦠀𦡎𦮚𧅡𧈘𧐬𧞦𧴪𨂮𨾄𩓍𪂟𪐗𪒸𪔀𫆙𫝃𫢂𬂓𭁣𭁭𭕆𭚶𭥴𭵏𮓭𮙛𮙲𮞭𮟞𰇟𰢷𰼎𱬄𱬛𱵮𱶍𱻩
⺕	㚑㝷㝺㨗㪠㰘䥥䫡争亊事亷偼兼刍唐妻媫尋尹嵰帚庚当彗彛歉濓灵爭甉疌穏肀隠雪龜𠄙𠊸𠔥𠙛𠜘𠦙𠬶𠷲𠸝𡏷𡠑𡣣𡤞𡫔𡬶𡭩𡷳𢃵𢈏𢉼𢋟𢌍𢍟𢑐𢑺𢚌𢞢𢧥𢬞𢵂𢼿𣎟𣏃𣏲𣔃𣕠𣕡𣕹𣮒𣷑𣽳𣾩𣿯𤁦𤍻𤎉𤏑𤔇𤔌𤜓𤡞𤨫𤳚𤴗𤴘𤵨𤵵𤷞𥈤𥛀𥣨𥤛𥤠𥬁𥲝𥹺𦅛𦑯𦔘𦜺𦫉𦱥𦲅𦳒𦵉𦹙𦾗𧄢𧈁𧏭𧪌𧴇𧵹𨄀𨓻𨔕𨘄𨟌𨩝𨩼𨼆𨿶𩒸𩿮𪔁𪚦𪚧𪚨𪚫𪚺𪚽𪚾𪚿𪛀𪛃𪛄𪛆𪜃𪬸𪮄𪺍𫃱𫊞𫍆𫸖𬈬𬓈𬜮𬟏𬼌𬼞𬾹𭙙𭙧𭙨𭡈𭣫𭦦𭷫𮆴𮗛𮙱𮥴𮦼𰐤𲆬𲉚𲫸𲱎𲹗𲿅
⺝	㗅㣧㬾䏌䏍䏿䐌䐨䐴䑁䑷䒿䔚䠌䥎䯚兪冐刖媩宵掮散有朞楜毺湖滫漘潃潸煳猢瑚甧甫眞磭糊罥肎肓肖肙肩肯育肾胃胄背胡胥胷脀脅脊脋脣脩腎膂膋膚膺臀臂臖菺蒲蓨蕑蝴酳醐鍸閒青頁餬骨鰗鶺鹡𠉥𠊘𠋛𠕔𠕙𠖥𠦣𠬐𠭻𡋜𡔴𡕙𡜕𡧓𢈋𢉼𢋣𢋮𢎀𢔍𢝒𢧠𢭓𢱣𢳕𢻎𢼿𢿨𢿱𢿺𣍝𣍸𣎩𣑛𣓖𣘣𣘾𣪎𣪏𣪚𣫄𣮠𣺁𣺃𣽱𣽽𤟶𤡘𤭶𤯝𤲥𤸾𥀡𥛂𥦵𥧜𥨄𥭞𥷝𥺵𦊌𦙃𦙄𦙊𦙌𦙍𦙎𦙖𦙟𦙪𦙯𦙵𦙺𦙼𦚉𦚋𦚌𦚏𦚴𦚾𦛫𦛬𦛯𦜗𦜚𦜴𦜹𦝫𦝭𦞄𦞅𦞩𦞫𦟓𦟝𦟲𦠃𦠋𦠒𦠓𦠗𦠘𦠞𦠡𦠮𦠰𦡚𦡨𦡺𦢇𦢕𦢖𦢡𦢢𦢳𦣊𦣏𦥩𦦬𦮻𦳢𦴗𧀴𧉎𧑶𧒞𧘯𧜲𧟩𧠇𧨪𧫐𧽾𨅤𨇋𨓸𨔲𨝙𨝵𨤈𨶞𨻔𨽝𩕁𩛭𩬏𪊒𪗇𪟬𪱛𪱝𪱞𪱟𪱫𫆥𫆶𫕟𫨢𫵔𫻴𫿔𬁹𬁼𬁾𬂃𬂈𬂋𬂏𬂖𬂘𬌍𬎾𬐵𬚳𬟀𬾝𭈞𭙶𭚉𭚶𭛄𭡙𭣷𭣹𭦦𭵅𭵸𭽬𮀾𮂖𮆀𮌈𮌎𮌐𮌭𮌳𮎟𮏨𮐛𮑿𮗛𮞘𮦾𮧎𮯿𰂕𰃗𰆟𰈣𰎋𰗄𰮌𰮗𰮱𰮺𰯭𰱔𱰞𱶕𲥘𲱥𲺋𲺬𲺰𲺻𳋅𳌻
⺼	㗅㬹㮳㴨䊨䏌䏍䏎䏏䏐䏒䏓䏔䏕䏖䏗䏘䏙䏚䏛䏜䏞䏟䏠䏡䏢䏣䏤䏥䏦䏧䏨䏩䏪䏫䏬䏭䏯䏰䏱䏲䏳䏴䏵䏶䏷䏸䏹䏺䏼䏽䏾䏿䐀䐁䐂䐃䐄䐅䐇䐈䐉䐊䐋䐌䐍䐎䐏䐐䐑䐒䐓䐔䐕䐖䐗䐘䐙䐚䐛䐜䐝䐞䐟䐠䐢䐣䐤䐥䐦䐧䐨䐩䐫䐬䐭䐮䐯䐰䐱䐲䐳䐴䐵䐶䐷䐸䐹䐺䐻䐼䐽䐾䐿䑀䑁䑂䑃䑄䑅䑆䑇䑈䑉䑊䑋䑌䑍䑎䑏䔚䕨䠒䨷䩴䯚冐勝媩幐廟掮散朋服朑朕望朝朡朥棴楜榺橳湖滫潃潸猢瑚糊罥羘肊肋肌肍肎肐肑肒肓肔肕肖肗肘肙肚肛肜肝肞肟股肢肣肤肥肦肧肨肩肪肫肬肭肮肯肰肱育肳肴肵肶肷肸肹肺肼胂胃胄胅胆胇胈胉胊胋背胍胎胏胐胑胒胓胕胖胗胘胙胚胛胜胝胞胟胠胡胢胣胥胦胩胭胮胯胰胱胲胳胴胵胶胷胸胹胺胻胼胿脀脁脂脃脄脅脆脇脈脉脊脌脎脒脕脖脗脘脙脚脛脜脝脞脟脠脡脢脣脤脥脦脧脨脩脪脫脬脭脮脯脰脱脲脴脷脹脺脻脼脽脾脿腀腁腂腃腄腅腆腇腈腉腊腋腌腍腎腏腑腒腓腔腕腖腘腙腚腛腜腝腞腟腠腡腢腣腤腥腦腧腨腩腪腫腬腭腮腯腰腱腲腳腴腵腶腷腸腹腺腼腽腿膀膁膂膃膄膅膆膇膈膉膊膋膌膍膎膒膓膔膕膖膗膘膙膚膛膜膝膞膟膠膡膢膣膦膧膨膩膪膫膬膭膮膯膰膱膲膳膴膵膶膷膸膹膺膻膼膽膾膿臀臁臂臃臄臅臆臇臈臉臊臌臍臎臏臐臑臒臔臕臖臗臘臙臚臛臞臟臢舟菔菺蓨蕂蝴謿豚遯酳醐鍸霡餬骨鰗鰧鵩鶺𠅥𠉥𠋛𠕔𠬐𡄯𡋜𡎁𡐐𡐴𡕙𢈋𢊶𢎀𢰮𢴿𢻎𢽵𣍞𣍹𣎍𣎒𣎤𣓖𣹸𤂵𤰑𤷥𤺩𥀡𥔓𥭞𥷝𥸎𥸏𦇕𦊈𦋉𦏂𦘩𦘪𦘭𦘮𦘯𦘲𦘳𦘴𦘵𦘶𦘷𦘸𦘺𦘿𦙀𦙁𦙃𦙄𦙅𦙆𦙇𦙈𦙉𦙊𦙋𦙍𦙐𦙑𦙒𦙓𦙔𦙕𦙖𦙘𦙛𦙜𦙟𦙠𦙨𦙪𦙫𦙬𦙭𦙮𦙯𦙰𦙱𦙳𦙴𦙵𦙶𦙷𦙸𦙹𦙺𦙻𦙼𦙿𦚀𦚁𦚂𦚃𦚄𦚅𦚈𦚉𦚌𦚍𦚎𦚏𦚑𦚔𦚚𦚜𦚝𦚞𦚟𦚠𦚡𦚢𦚣𦚤𦚥𦚦𦚧𦚩𦚪𦚫𦚬𦚭𦚱𦚲𦚳𦚴𦚵𦚶𦚸𦚺𦚻𦚽𦛁𦛎𦛏𦛐𦛒𦛓𦛔𦛕𦛖𦛗𦛘𦛙𦛚𦛛𦛜𦛞𦛟𦛠𦛡𦛣𦛤𦛥𦛦𦛧𦛩𦛪𦛫𦛬𦛭𦛮𦛳𦛴𦛼𦜂𦜃𦜄𦜆𦜇𦜈𦜊𦜋𦜌𦜍𦜎𦜏𦜐𦜒𦜓𦜔𦜕𦜖𦜗𦜘𦜙𦜚𦜟𦜠𦜡𦜢𦜣𦜤𦜥𦜦𦜧𦜨𦜩𦜪𦜬𦜵𦜶𦜹𦜺𦜻𦝁𦝄𦝏𦝐𦝑𦝒𦝓𦝔𦝖𦝗𦝚𦝛𦝜𦝝𦝞𦝟𦝠𦝡𦝢𦝣𦝤𦝥𦝦𦝧𦝨𦝩𦝪𦝫𦝬𦝭𦝮𦝯𦝰𦝱𦝲𦝳𦝴𦝵𦝶𦝷𦝺𦝻𦝼𦝽𦝾𦝿𦞀𦞁𦞄𦞅𦞇𦞕𦞖𦞗𦞙𦞚𦞛𦞜𦞝𦞞𦞟𦞠𦞡𦞢𦞣𦞤𦞥𦞦𦞧𦞨𦞩𦞪𦞫𦞬𦞭𦞯𦞰𦞲𦞳𦞴𦞵𦞶𦞷𦞸𦞹𦞺𦞻𦞼𦞽𦟀𦟌𦟔𦟕𦟘𦟙𦟛𦟜𦟝𦟟𦟠𦟢𦟣𦟤𦟥𦟩𦟪𦟫𦟬𦟯𦟰𦟳𦠀𦠃𦠄𦠅𦠆𦠇𦠈𦠉𦠊𦠋𦠌𦠍𦠎𦠏𦠐𦠑𦠒𦠓𦠔𦠖𦠗𦠙𦠚𦠜𦠞𦠟𦠠𦠤𦠥𦠨𦠸𦠻𦠼𦠾𦠿𦡀𦡁𦡂𦡃𦡅𦡆𦡍𦡎𦡏𦡐𦡑𦡒𦡓𦡔𦡕𦡞𦡨𦡩𦡪𦡫𦡬𦡮𦡰𦡱𦡲𦡴𦡵𦡶𦡷𦡸𦡹𦡺𦡻𦡿𦢀𦢁𦢂𦢃𦢈𦢊𦢌𦢍𦢎𦢏𦢐𦢑𦢓𦢔𦢕𦢖𦢗𦢘𦢙𦢚𦢛𦢜𦢝𦢤𦢥𦢦𦢧𦢨𦢩𦢪𦢫𦢬𦢭𦢯𦢸𦢹𦢺𦢿𦣀𦣁𦣅𦣆𦣇𦣈𦣊𦣋𦣌𦣍𦣏𦣑𦣒𦣓𦣛𦣜𦥩𦮻𦯟𦳢𦴠𦺓𧈜𧉎𧌘𧖍𧛞𧜈𧟱𧠿𧡯𧦗𧨪𧫐𧫢𧱔𧱮𧱯𧽾𧾬𨐱𨕋𨝵𨭒𨭞𨵐𨵟𩥔𩦜𩺄𩿊𪂖𪐉𪝍𪱦𪱩𪲚𫆖𫆗𫆙𫆞𫆦𫆳𫆵𫉆𫎣𫜶𫜾𫟊𬂓𬇽𬚰𬚵𬚻𬛁𬛊𬛋𬛍𬛐𬛔𬩡𬬘𮌥𮯱𰮒𰮤𰮱𲺆𲺋𲺘𲺦𲺱𲺴𲺽
⿼	㐄丑彐耳臦龜𠃠𠃬𠰟𠽽𡄉𡆓𡕋𡖈𡙝𡪷𢄛𢍴𢎛𢎟𢏚𢐉𢑰𢡷𢤉𣅯𣡪𣳋𤁟𤅭𤕋𤕦𤛒𤩇𥛈𥜹𥲅𥴳𥵽𥸨𦈮𦒞𦒫𦓆𦣩𦥮𦫉𦭢𦷠𧃱𧞻𧪀𧱸𨢫𨤏𩖈𪚦𪛇𫜹𬜺𬟏𬺹𬻈𬻑𬻘𬻥𬽤𭄐𭘾𭜤𭜳𭵈𭽶𮯰𰗐𱵵𱻬𲆡
⿽	㢤㦰㦱㳤䈧䳒丩为叫哉头嬂幟弐戠戢截戴斗旘朻樴此武為熾睂織耂職胾膱臷虯蟙識貮赱軄𠀓𠁩𠂜𠆱𠏞𠝅𠤶𠥼𠦁𠦑𠯁𠳆𡗾𡘼𡚇𡤪𡭶𡴧𢇍𢇭𢎁𢎇𢎜𢑚𢦏𢦒𢦛𢦰𢦱𢦼𢧂𢧜𢧠𢧤𢧨𢧭𢧸𢧹𢧼𢨒𢨙𢨚𢨞𢶁𣁬𣃔𣄞𣈌𣏛𣥠𣳋𣽚𤎷𤰞𤱱𤳀𥅱𥆞𥆴𥊬𥋏𥎨𥏛𥓛𥢧𥭯𦁋𦂵𦄩𦈮𦛹𦧄𦭢𦮟𦺿𧑰𧕂𧛦𧝊𧡉𧨺𧬣𧶒𧹹𧽫𧾞𨃭𨥪𨮯𩞡𩧀𩯈𪭒𪷎𪽚𫓤𫦟𫻰𫻴𬂄𬊓𬗋𬻷𬼀𬼘𭚟𭟹𭟺𮍒𮞃𮢿𮲍𰅽𰆄𰎻𰒨𰧸𱄌𱟞𱨼𱪻𱫏𱬄𱬛𱲩𱶘𲁹𲉟𲋷
⿾	臦𠂜𠤜𢁄𢇖𢍴𢏽𣥄𤕪𥎨𦣩𨙨𨺅𨽡𫸪𱤻𱬱𱰜
⿿	𠄏𠄔𠕄𢨋𣥒𦮙𧀈𧹂𬢆𮗙𰒥𰨇𰲞𱱄𲁓𲦌
〇	㔔㪳㫈𤕈𲘞
〢	〣㡪䍏䝉䢋䥥䴡丗业丣严丱临享亷典兼冊卄卌卝口囬囲壷夒川廌慶曲滿濓畐異畱皿禸罒羋而艹覀豪酈雚非髙鬭鹿𠀍𠁁𠂀𠅘𠅙𠅢𠆂𠌺𠍳𠏊𠐚𠐡𠓽𠔂𠔥𠔩𠕋𠕢𠙐𠥻𠪕𠪳𠫸𠭶𠶵𡁐𡄫𡐝𡑘𡕽𡖀𡦦𢈘𢉖𢉺𢉻𢊁𢊇𢊎𢋟𢋪𢋵𢋺𢡍𢡤𢨙𢳢𢹎𣘺𣙶𣡫𣤬𣥋𣥠𣫛𣫬𣵉𣶒𣼄𣼟𣽐𤂏𤅌𤅨𤅯𤇐𤍻𤎉𤎸𤐅𤔿𤕋𤚿𤞹𤰐𤰱𤱖𤽚𥖂𥦐𥱏𥲓𥲙𥳫𥴿𥵭𥼗𥼡𦉫𦓐𦣵𦥼𦭝𧅱𧏁𧓚𧓣𧖁𧜏𧟺𧟾𧠀𧩽𧪺𧫲𧭪𧲒𧸕𨏵𨑃𨑄𨔂𨘶𨭀𨭤𨰔𨰛𨱸𨵣𨺊𨻛𨼛𩇧𩎐𩚾𩯃𩰧𩰽𪆍𪇾𪊖𪝫𪢙𪬡𫌋𫎇𫎎𫑃𫑭𫓕𫝌𫝔𫝖𫞏𫡃𫡈𫡊𫡋𫢁𫢇𫤬𫤰𫥹𫬋𫰗𫵩𫹋𫺙𫽛𫾺𬇝𬋾𬔨𬖧𬙸𬞹𬴖𬴘𬻃𬻇𬻫𬻵𬼾𬾹𭁇𭁈𭁉𭁐𭄡𭐥𭑢𭓇𭓕𭓗𭓘𭖈𭗭𭛕𭛖𭟖𭢅𭬢𭱎𭱪𭱽𭲞𭳩𭵄𮆕𮆴𮗓𮗖𮘤𮚊𮠕𮡂𮡸𮦼𮫗𮫙𮬁𮭱𮭴𮭶𮭷𮭹𰀡𰀢𰻜𰼄𱍪𱏺𱑏𱔊𱡹𱤻𱧋𱧣𱧼𱩬𱩮𱪉𱪔𱬺𱭆𱯸𱴕𱵷𲇍𲈣𲌦𲎎𲏂𲱎𳐥𳐧𳐰𳐲𳐴𳐶𳐷𳐽𳑂
〣	丵卅𠏒𠔰𢮴𣞦𤞹𧧚𧪺𧫲𨽅𩃅𫧁𬈝𬼘𭖈𭤏
コ	⺕㒨㠯㸑䋌䕟䴡丑丣佢兜叚囙姖岠巨已廌彐怇慶戶戼拒昛柜洰炬爂爨璺粔臖臣臦舋蚷詎酈釁鉅鬭鬼鮔鹿龜𠁁𠁲𠂼𠃠𠃬𠎖𠏊𠐚𠑹𠑻𠑼𠒂𠙧𠤫𠥛𠨨𠨩𠨰𠪕𠬫𠭶𠰠𡃳𡅛𡆞𡐝𡕽𡖈𡙝𡪷𡰺𡰻𢂟𢄛𢈘𢉖𢉫𢉺𢉻𢊁𢊇𢋪𢋵𢋺𢍴𢏚𢑅𢑰𢛀𢤀𢤉𢦐𢦘𢸁𢿮𣁬𣆸𣆼𣍄𣕑𣡈𣡥𣡪𣤻𣩺𣴫𣷤𣼄𣼟𤁟𤂏𤃕𤈓𤐅𤓕𤔔𤕱𤖰𤛒𤡘𤰏𤳿𤴋𤴎𤹱𥄛𥄷𥎲𥖂𥘹𥦁𥦐𥲅𥴿𥵽𥸨𥼗𥼡𥿲𦄓𦉝𦒞𦒫𦚌𦛑𦢯𦣩𦥮𦧅𦫉𦮊𦮙𧃭𧓣𧡸𧣒𧭒𧱸𨇫𨎢𨑁𨒝𨛄𨡇𨢫𨤏𨩁𨭤𨸏𩅎𩆫𩎐𩿮𪀏𪇾𪊖𪚦𪛇𪟭𫈿𫑃𫑭𫓊𫙨𫜹𫝖𬅌𬔨𬟏𬬢𬵼𬺹𬻑𬻒𬻘𬻷𬼺𭆬𭆴𭑅𭚡𭜤𭭧𭵈𭼃𭿵𮅏𮇭𮎼𮚊𮡭𮧰𮬁𮭱𮭴𮭶𮭷𮭹𱍪𱖑𱧣𱨩𱨷𱩬𱩮𱪉𱪔𱬲𱮞𱰿𱱄𱶴𲈢𲉭𲎎𳁫𳐥𳐧𳐰𳐲𳐴𳐶𳐷𳐽𳑂
ス	䟜久內朁枘汭羑衲訥豽𠖮𢀖𣅚𨨈𬽡𭖀𮌇𲅋
ユ	䒭丑侯候叏夬彐芵趹𠇛𠇡𠉀𠎖𠪕𠬷𠯵𡕡𡗒𡧐𢗂𥎲𥸨𦧕𨒝𪹍𫞹𬜺𬻈𬻥𭉵𭗻𮝾𰚷𱨾𱳷
リ	⺌坚帅师帰归班辨鉴𠇬𠳜𪭀𬗋𬻀𰕰𱍬𱍭𱍮𱍯𱍰𱍱𱍲𱍳𱍴𱍵𱍶𱖣𱘫𱛅𱮲𱷁𱺎𱻉𲂫𲃀𲎕𲎻𲼗
㇀	㇀仒冫冭刁匀孑扌氵笉𢻸𣅞𱽏
㇁	㇁䝉犭豕豖象豸𢆈𢶢𦌖𧏇𧰧𧰨𧿗𨕛𩂚𬥁𬺷𬺻𭦢𭴺𭻊𮙥𰂸𱮦
㇂	㇂㡬㦮㯿䁽䃳䉭䜲䝓䪉儠巤幾戉戊擸曳沠爉犣獵畿臘蒧蠟躐邋鑞鬛鬣鱲鼠𠂗𠠗𠲁𡂏𡒏𡓍𢀯𢁤𢎐𢨂𣋲𣰫𤁯𤅌𤎞𤢪𤢱𤪫𥀰𥁫𥳏𥼘𦆻𦒦𦒩𦠄𦥙𦪴𦭂𦼤𧀨𧎶𧗇𧗒𧘵𧞪𧭞𧰙𧰞𧰠𧷢𩙑𩧆𩮻𩴆𪇹𪙷𫃛𫞓𫠠𫬯𬋤𭑿𭙌𭙙𭚠𭟶𭠍𭨘𭳘𭼧𮃞𮊫𮣨𮫈𰟠𱥨𱬚𱬵𱯠𱯡𱸸
㇄	㇄㔾匚己巳𠀀𠃤𣴁𩍫
㇅	㇅凹卍寯嶲雋𠁢𠈧𠕄𠙿𠮁𡊐𡶓𢋄𤺻𥨣𦼱𧰶𧱊𭹅𰨹𱵚
㇇	ス㇇䝉之也今又戼承水氶永癶礻藈衤豕𠁱𠂊𠄄𠄘𠆋𠆭𠌆𠍋𠓳𠚚𠨙𡅓𢫂𢳌𢿬𣦶𣱵𣴎𣼦𣽵𤾤𥅀𥇫𥽊𦍛𦚝𦶷𧬖𧵐𨄛𨦏𨳥𩅎𩆫𩇧𩐔𩤗𪜊𬻆𬼌𭆥𭓽𭟷𭥟𭴚𰚷𰛄𰛕𱥽𱦍𱩨𱶰𲅏𲙱𲨱
㇈	㇈㕪㭄㺬䊨䒞䰛丮丸九几卂厾咓巩恐旊气汛珁瓦瓭瓵瓹瓾甀甂甈甉甊甋甐甔籈虱軐邷飛飞齀𠁽𠂮𠃥𠃨𠅂𠅴𠤬𠧒𠧝𠨷𠫜𠮸𠲫𠿜𡁓𡆓𡈾𡔬𡕋𡖕𡠧𡣼𡬞𡿕𢘚𢟃𢣓𢥼𢩂𢩦𢩲𢺧𣏒𣐎𣜧𣝚𣡅𣥇𣥓𣲊𣲌𤁦𤄞𤅌𤐱𤓸𤕋𤚿𤜢𤜿𤣭𤫋𤫣𤬪𤬬𤬭𤬮𤬰𤬵𤬶𤬺𤬿𤭁𤭂𤭃𤭄𤭌𤭍𤭎𤭏𤭐𤭑𤭒𤭓𤭔𤭕𤭘𤭛𤭝𤭞𤭟𤭢𤭧𤭨𤭩𤭫𤭰𤭱𤭳𤭴𤭹𤭺𤭻𤭼𤭽𤮀𤮅𤮆𤮇𤮉𤮊𤮋𤮎𤮏𤮐𤮓𤮔𤮖𤮘𤮙𤮜𤮢𤮦𤮧𤮨𤮩𤮫𤮭𤮯𤮰𤮱𤮵𤮷𤮸𤮹𤰑𤱖𥃴𥠌𥠠𥨬𥫹𥭰𥵽𥶸𥷖𥷶𥸏𥸦𥹦𦅬𦉐𦊻𦍭𦓓𦝠𦫴𦬈𦾳𧋜𧒢𧓐𧞕𧞙𧟢𧠍𧭌𧿅𨀄𨐾𨑐𨓟𨬝𨾐𨾑𩆣𩌯𩐛𩙱𩬛𩼭𪜘𪜚𪟵𪲂𫎣𫡧𫡪𫡭𫡮𫡯𫸬𬉑𬉫𬎨𬖊𬬘𬼃𭀛𭘂𭙉𭺛𭺜𮁡𮆝𮕕𮞕𰀫𰀰𰀳𰀼𰁀𰁋𰁌𰁏𰤴𰴧𱎀𱎃𱎇𱎈𱎉𱎋𱎌𱎍𱟴𱣔𱰤𱲕𱲖𱲗𱲙𱲝𱵊𱹂𲀐𲄗𲏊𲏌𲏒𲗛𲩘
㇉	㇉㽕㽲䒓䦇丂与丐乌亏凫号夸岛廌弓枭焉考舃與芌袅𠀁𠀅𠀟𠁮𠂔𠂣𠔃𠚣𠡐𠢰𠦮𠧤𠧷𠬣𠮲𠰇𠰡𡋬𡌱𡗙𡱄𡴈𡷊𢀔𢊁𢍻𢎗𢎘𢎜𢎝𢎧𢑔𢗂𢚎𢡓𣄊𣅘𣪒𣻍𣿱𤁁𤇟𤈰𤉐𤉡𤉱𤍺𤓳𤣫𥏁𥐤𥓦𥫡𦏡𦕊𦬉𦰉𦺂𧄪𧘧𧞌𧞦𨓃𩥨𪔂𪜀𫒀𬔖𬺸𬺺𬾵𭅴𭆱𭊰𭑯𭔥𭙌𭭘𭮟𭼧𮎳𮹔𰀊𱩬𱩮𱫃𱶉𱾱𲍥𲏆𲰹
㇊	㇊几讠
㇋	㇋及廴辶𢌤
㇌	㇌阝
㇍	㇍几𠁢𠘧𪛝
㇎	㇎凸𠀈𡸭𣆜𱍫
㇝	㇝又
㇢	㇢乄
㐀	𠈾𣤬𤛫𦇂𦍋𦍟𦎧𦲆𦲸𨈉𩢩𩵊𭅂𱮓𱽴𲀖
㐁	䄼䇧弻𠀬𠈇𡭋𢐀𢐡𢙖𣐸𤌜𦧖𦭮𰴭𲔣
㐄	䂋䄵䆈夅年桝犀竷舛舝舞韋𠈞𠎀𠎕𠎹𠿎𡁑𡍅𡗢𢜤𢬓𢵠𤛉𥥢𥫻𦀮𦽬𧢣𧫬𨩞𩎳𩧞𩰫𩰬𪜼𪡂𪤞𫀭𫒰𫖌𫯠𫵠𭑮𭕡𭥿𭬱𮞮𰄨𰗐𰮞𰮟𱅯𱒪𱘹𱣎𱫏𲛞
㐆	慇殷𫐺
㐊	𥑄𩿆
㐋	𨦤𩿆
㐌	㢮㸱㻢䑨䝯䰿拖揓施暆柂椸沲湤炧狏砤粚絁胣袘迤鉇鍦陁駞𠤷𠰹𠴻𠷇𡊇𡶊𢑠𢘬𢨹𢼏𣴾𤕴𤟽𤤩𤵚𥅓𥍢𥙁𥞀𥠥𥺡𦂛𦍥𦧓𦭥𧉮𧛖𧠡𧣟𧦧𧩹𧷆𧿶𨠑𨧯𩉻𩛆𩠂𩣾𩷿𩿽𪘗𫄟𫍟𫘞𬥵𬽲𭽤𮱺𮵗𰾢𱿸𲂥𲏸𲓈𲘼𲹉
㐍	𤓴𰁭
㐩	𠵡𧆒
㐪	𠜇𮘈
㐫	䪿垴恼离脑𠅛𠒋𡿺𢇖𤜏𦚾𦛄𦼝𧘮𧧣𧮼𨠯𨪡𪞸𪞻𪞼𪞽𪵂𫇂𫣍𫥥𫥩𫥪𫥮𫩷𫼭𬛏𭫉𭰔𭶘𮀘𮔮𮝟𮢥𮥅𮵑𰈐𰍷𰡻𱑼𳈦
㐬	㤺㧧㲙㵁䖻䟽巯巰旈旒梳橀毓流琉疏硫艈裗酼醯鋶锍鯍麍𠋭𠞌𠡤𡧽𢂙𢏭𣊀𣻤𤚵𤭕𥀧𥆨𥜆𥹷𦀠𦈷𦎓𦔑𧨆𨓞𨣓𨻓𪎣𪠻𭦓𭯉𭶷𮗲𰿐𱋳𱪇𱵓𱶊𲐨𲙌𲧃𲬩𲺗𳆫𳌊𳎙
㐭	亶啚禀稟顲𡐴𡗋𡳄𢈺𤎭𤑓𤒀𤖧𥢺𧙪𨗍𨟏𨬧𩕤𪜥𪞌𪯜𪲪𫃅𫓞𫡿𫢀𫪮𫳖𫿝𫿧𬄜𬊥𬫫𬬟𬷶𭛈𭲳𮗞𰜊𱶨𱽲𲰦
㐮	壌嬢穣譲醸𩦪𫬄𭢯𭧽𮂜𮠍𮣐𱇂
㐱	䂦䝩䪾參寥廖抮昣曑殄沴珍畛疹瘳眕穋篸紾翏聄胗膠袗診诊趁跈軫轸鄝鉁顟飻餮駗𠃩𠱉𠻝𡛧𡠢𡬘𡭁𡻪𢌝𢒢𢒥𢒨𣭕𤀍𤇪𤒙𤙁𤨤𤺼𥘼𥨡𦍪𦟬𦥋𦭏𧠝𧢋𧬶𨱅𩒉𩘷𩬖𩷲𪅡𪇯𪐲𪧉𪫈𪻴𫁇𫖬𫡦𫢗𬍮𬓪𬘝𬽚𬽝𭚫𭪻𮇏𮊃𱅇𱥃𱬪𲎬𲣫𲭸𲹞𳅑𳍉
㐲	伏𭜠𭱳
㐺	眾聚
㑒	㪘㰸倹剣剱検険験鹸𠝏𡸴𢮦𥇥𫠗𮯈
㑞	𨔮𱞱
㑴	𡪢𦺭
㑹	𦅩𫆑
㒫	𡡄𨛞
㒰	全𢀰
㒵	𠥁𡯫𡯬𢩡𣴼𤭍𦎊𦛤𧳖𨉍𨌓𪟇𫺏𭦚
㒷	𠧯𥦺
㒸	㥞㴚䃍䠔䥙䯟嚺毅煫豙遂邃鐆隊顡𠝮𠸌𠾕𡃀𡑖𡑻𡟝𡡦𡩙𡩵𢉭𢟰𢵌𣔾𤋌𤎩𤏢𤒮𤸉𥌘𥖐𥠂𥢁𥸊𥻖𦂁𦠵𧅙𧏹𧔑𧥃𧰬𧱈𧱘𧱳𨅷𨍨𨗅𨗎𨪂𨺵𨽎𨽡𩅲𩈁𩔀𩙢𩝌𪑫𪳸𪳹𬎼𬛊𬰧𰟹𱁂𱬱𲑠𲑴𲯨𲿀
㒹	𢺗𨈃𪦵𭗸𭭃𰦌
㒼	㙢㨺䊟䐽䝡䤍慲暪樠滿璊瞞蟎襔蹣鏋顢鬗𡠪𡦖𢟮𣝮𣯩𤂙𤃐𤃞𤡁𥡹𥲈𦔚𧫩𧱼𩞘𩡙𩺴𪯿𫧥𬉞𲹶
㓁	㓁㤾㼱嚢探梥棎深滘琛睿穴罕罙賝𠆘𠟘𠢊𠢨𠤥𠧶𠫃𠭼𡔴𡙟𡢧𡫛𢍔𣃅𣖒𣝼𣤟𣤧𣫇𣮓𣮥𣵫𣸧𣿰𤀻𤉾𤔸𤕐𤘰𤨺𤭀𤮪𥀅𥋬𥌗𥛀𥭹𥵑𥵲𥵸𦉲𦊅𦊇𦊙𦊨𦋐𦌛𦜊𦦞𦦡𧅿𧍾𧢕𧨾𧰏𧶜𧷉𧷞𨘞𨙢𨨥𨼛𩎲𩞴𩤞𩴙𪞐𪞑𪞔𫅃𬀊𬈐𬈯𬙗𬥙𭁹𭂂𭖊𭟤𮉾𮊏𮗏𮦄𮰅𮶇𰭉𰭐𱖳𱦴𱧐𱧑𱯶𱲲𱺼𱻁
㓂	䓻宼𣸦
㓛	𥑱𥬣𮗿
㓜	𢀟𢂅𫲣𫼡𱁓𱱑
㓞	㓶㗉㛃㸷㼤䂮䐼䚉䛚䥛䫔噄囓契恝挈栔洯潔絜緳蛪觢齧𠜵𡊷𡐤𡬨𡿖𢍆𢴲𣚃𣭭𣳱𤟐𤟻𤸞𤺚𥊯𦄜𦚨𦳴𧑨𧳳𧻘𧽁𨀦𨜒𨜣𨴒𪀡𪃈𪅸𪘂𫜩𫩬𭌰𭪛𱧍
㓤	𠟸𫶚
㓨	𠋙𧎈𮏯
㓩	葪𧽄
㓹	罽蘮𣟈𣽄𤺗𦌞𦺶
㔍	䥷𰿇
㔫	𬽩𭜏𭩝
㔷	𨧇𨹟
㔻	䮆銔𠁒𡉤𣳶𩬴𩶨𬦇𬭃
㔾	㕀㟟䙴仓凞勌卮危卷卺厄圈夗寋巷氾犯砈箞篹腃苍蘷虁遷闀闂𠌔𠥿𠨎𠨕𠨟𠨧𠨨𠨩𠪍𠭋𠭚𠲪𡄞𡋞𡦻𡱹𡴱𡴼𢆃𢒿𢖭𢛖𢬬𢺕𣍴𣎿𤘕𤷄𤼥𥐗𥲻𥽊𦓚𦔶𦨌𦫾𦱢𦸟𧠏𧼚𨇫𨊠𨙙𨝍𩌕𩍫𩓫𩖉𩜮𩟄𪄷𪭆𪮸𫎾𫾔𬂦𬎚𬽢𭅲𭅹𭖆𭘎𭞺𮅒𮗨𮱤𰹱𱪣𱶮𲀖𲘴𲯭𲰠𲼛
㔿	𠨔𨴉
㕁	𠴷𢔘𢛠
㕂	庈𠩧𢫲𣢬𨦄
㕄	𢇨𦮈
㕇	㡴厗𫨏
㕉	𠪈𠪦𢈈
㕍	㢈嵟𪶫𳏘
㕑	廚櫉𢅥𢣵𨆼
㕓	壥纒𢋨𤄊𧔹𨇠𩽦𮤪
㕕	𠫬𠬆
㕖	𦟅𦶖
㕘	𤡅𤳑𤹮𩥵𰝂
㕚	㻨䁊蚤𢮞𤧬𤭿𥄗𧎮𮌋
㕛	剟叕敪𠚿𠭹𠭺𡚛𡥍𡧕𢼅𢿚𣦪𥾤𦜚𧦀𨊿𨠈𨱣𩢃𪠪𰔏𰠏𰦬𰹚𰽎𱃈𲉜
㕟	䈛𣸎𦖥𦳋
㕡	壑𧾝
㕣	㔯㫟㴄㴅䛇䜇䫄䬇兌冏囧敓柗沿滾簭縂船袞裔鉛𠊬𠔌𠕨𠞬𣍬𤨃𤯬𤻢𤿫𥦮𥨈𥱁𥳨𦏂𦸧𧚞𨎊𨒄𨸮𨻞𩘍𩱀𪁑𪆌𪖝𫿵𭑉𮍛𮟲𰇩𰲛𱋾𱳌𲍀𲔔𲤸
㕦	奌𠅌𠥛𠱑𠲂𦎀𦮥𦰩𨦚𫸯𭑉𭑍𰇶𱧻
㕧	呎呢啒啹喔嘱𠰾𠲙𠳿𠵑𠶩𠼇𠽣𡀿𡃆𪡨𫫵𭈩𭌆𰇰𱔯𲔸𲖭𲗺
㕫	唹𠷇𰇷
㕯	酅𧨣𪭙𱵣
㕲	𠰲𫫕
㕷	啲𱓡
㕺	咢𠋒𠵛𦹛
㕻	𠊑𠝒𡌮𣷧𤉮𦜟𨡥𩭸𮉵
㖈	𡄒𦒺𨚻
㖖	𨐼𨑂
㖾	㦍䣞遻𠟎𡑇𦠍𩻙𰈬𰱹𰵆𱈽𱼛𲇢𳑭
㗆	㗾嘞嚡𡄷𭌢𱕦
㗊	噐器噩嚚嚣囂𠥡𠻌𠼨𠾅𠾖𡂤𡂧𡄛𡅱𡅻𡈨𡓿𡼚𣤽𤣣𩁁𪋦𫬲𬱑𭋾𭤝
㘝	笝𠚝𡕩𢇵𣃳𣐏𣲷𥃀𥃐𥢄𥹉𦊔𦊧𦊻𦭁𦸖𦹰𧉫𧤸𩞝𩻐𬜁𭘗𳅐
㘠	𠚝𠧸𥮦𪶑𮏗
㘳	𦧕𭲯𱪃𱪒𱳏
㘴	𥏧𥮭𫝶
㘶	𩫟𱀧
㘸	塟𡔸
㙓	𨅣𨘫
㙜	㙵㸀𬞩
㙯	藝𠑢𡂞𫾓
㚅	湰隆𠷶𠾐𤦶𤸇𧍰𨩰𪔢𫟾𭬇𱴶𲎭
㚆	𠋩𦂊
㚇	㣭㨑䁓䈦䍟䎫䶽堫嵏嵕惾朡椶猣稯糉緵翪艐葼蝬鍐騣鬉鬷鯼𡆅𡕩𡞧𣞛𤚠𥃑𥍺𥓻𥚾𦖸𦟨𧛝𧱭𨍈𨲔𨺡𩋯𪢃𮪣𰬯𰺔𰾞𱈅𲡉
㚈	𫝢𭥧
㚏	莽𡷓𣈠𬌪𭿗
㚐	𡘶𡙃𡙔𫰜𰡍
㚒	㣣陝鿃𧧵
㚓	㮂𣊻𣗷𥴌𧬔𨠹𮀵
㚔	羍𠂷𠵃𡘺𡙈𡙕𡙳𡪐𢡶𣷟𥂱𥃊𥃎𥇝𥇡𥏣𥷤𥽧𦁑𦅬𧂲𧃓𧗑𧨫𧬓𩼥𩽘𪇙𰇶𰉑𰤭𰲤
㚖	㡍皋𠌔𡞃𢒣𢒮𤽘𤽫𤽬𤽻𬓽
㚘	替賛輦辇𠎝𠏝𥣆𦅋𧭃𨰀𩰿𪳭𫌡𫏼𬙃𬝥𬢃𭁲𰤚𰷣𲙐
㚢	㑬伮侞𠊜𢘂𱎭
㚣	姧𡇔
㚧	㛇嫝嫞嫲嬚𡜾𡞖𡟾𡣇𡣥𪦃𫲋𭒳𲛺
㚻	𰨄𰨭
㛅	娵𡜯𭒅
㛨	𡠎𫱎
㜽	𡥜𡱟𨒰
㝁	惸箰賯𠊫𡞦𣖆𧪂𱽸
㝉	㝙㝟㡦伫宁宇完宐宗定宝宣家寕寚纻苎賓贮𡖷𡧂𡧃𡧆𡧇𡧈𡧉𡧊𡧒𡧡𡧤𡧳𡧴𡨂𡨈𡨓𡨴𡩂𡩅𡩟𡩦𡩪𡩵𢴕𣼂𤡛𥋩𥩟𦅜𦯥𨭋𨸵𪧅𪾣𫎓𫳂𫳃𫳤𬙯𬣞𮔾𮳢𰌴𰌼𰍒𰛑𰼣𱚃𲂜
㝊	宻𡧕𡨬𣷅𧒠
㝋	字𡧖
㝎	𭛮𭾷𮎑𰛸𱀔𱁭
㝐	梥𡩞𡩥𤢱𦹎
㝑	𣃸𣎙𦤔𫟐
㝖	𡨆𦴌
㝛	𢴀𦄲𰱵
㝝	𡪎𤑖𪧲
㝠	䈿𢟫𢳡𣙣𨍵𪷆
㝡	𠻕𢲻𥊁𦄎𦸤𧜮𨄒𪉼𰒉𰘢𰜼
㝢	𬎒𰨺
㝬	𫧚𬰒
㝴	冠蒄𦯿𦵤𮫇𱺿𲜡
㝵	㕌㥂㧹䅞䎪䚟得棏淂碍鍀锝𠊚𠊛𠮊𠵨𠿴𡭂𢣀𣈗𣈜𣌏𣮊𤊢𤙰𤷙𥇹𥋹𦡡𧍋𨁽𨵏𪖭𪝯𫎹𫣣𫥐𫴮𭔳𰚟𰫀𰸾𲙘𲥞𲷚
㝷	𨝻𫼈𰝐
㝹	𣘽𣻖𱠴
㞋	赧𠬩𠭠𠭼𠰎𠵳𢘎𤵧𥑊𥬖𦟓𧿸𨋚𨠡𩈑𬨅𰆿𱅺
㞌	孱𠟉𡥷𰌱
㞎	𢨴𣜺𨹣
㞐	屖𢨶𣶅
㞑	𡲶𤚌𧹧𩘂
㞒	𡲽𦤋
㞕	𣕋𪙆𪙇
㞚	𠽣𢩖
㞡	𣡃𥗷
㞢	㞷圥妛旹蚩𠕓𠭆𠭏𡉚𡥺𡴊𡴍𡴪𢗍𣋤𣢑𤯓𤰫𥀑𦐉𧘫𧙵𧥳𧷷𨔲𨞍𨽫𫦠𬅨𭕾𰆲
㞤	䧙岺峇峑峜𡥏𡥐𡵖𡵳𡶍𡷁𡷉𨽰𨽱𪨧𭖏𮱤𱧅
㞧	𢘏𣲸𪐹
㞬	㞷𡻃
㞭	岙𠎣𦷤𨗆𫯥𫳁
㞱	崑𡸈𡸑𡹨𡼩𢧬𢧾𤢠𨘳𪩃𫶃𱽀
㞷	㟖㿂匩徴𠥆𡯪𡯭𡯲𢓸𢔺𢙌𢚇𢞪𢽠𣈧𣒈𣳫𣶕𤝵𤝶𥮟𦨃𧗲𧡁𧪴𨌂𨓏𪶁𫪇𫶑𮝝𰎡𱚈
㞺	𢮶𭭍𮸵
㠩	㡃㡛詤𡧬𤠛𥞙𥠸𥿪𧠬𩢯𩣈𩥒𩶡
㠪	𧖬𱺋
㠭	㞡𡔂𡫟𡫳𢤑𥴐𧖉𧝑𧝣
㠯	㚶㭒㷗佀官糱耜苢辥鈻𠁲𠂤𠦗𠪽𠳋𡇑𡊊𡌙𢈂𢍀𢏈𢖎𢧝𣀪𤕁𤕪𤘎𤟶𤬴𥅑𥘰𥞐𥿓𦣤𦥳𦴫𧀼𧔸𧠃𧦫𧵫𧺽𨕃𨕕𨸏𪇷𪌛𫑕𫡆𫵰𬂘𬋩𬬢𭟹𮂂𮃻𮐻𮞭𮨘𰀥𰀦𰛜𰤠𰷅𰸷𱀠𱑖𲉒𲉖𲉚𲉛𲉡𲏘
㡀	㢼䘷䭱䳤敝黹𡘴𡙀𢛎𣇢𣔐𤉤𤰍𤷗𥏟𥕾𥞻𦁥𦂲𦻾𧌽𨂅𩋇𩓝𩸁𪂟𪐆𫛮𫩋𮮠𰛷𰳝
㡭	䜝䠪斷檵籪繼𠤉𡣦𢣎𢷖𥽖𥽠𧓓𧖀𨇰𬤬
㡯	䅊侂𡊾𣳥𧧉𨀟𰑛
㡴	㢓𢉩𲟆
㡺	𢉴𪪙
㡿	㴑蝷𠊴𡍩𢯪𣔳𤗙𧩯𧼳𨂫𱴡𳄦
㢆	廛缠鄽𡏂𪇮
㢈	㢑𢊄𢋄𢟴𫠕𫷿𭌃𭙲𭙳𭙶
㢘	𤑙𰝩𰨿𰯧𰷛𰹪
㢟	𥆊𥒔𦚺
㢧	𠯶𢎥
㢲	𠊨𠸃𢰅𣹎𦳪𧛴𧩿𨂳𨕖𨩸𩜹𫅈𭵡
㢴	𡍯𡐲𢏩𢰕𣹍𤏯𤮔𥛿𦂷𦏍𦏚𦴛𨞉𨶾
㢶	弼𢐈𢐝𢐤
㣇	㣈𢑩𦜼𨽽𩫚𪤐𫬫𫲌𫹇𫺟𫿦𬁯𬋝𬗧𬯓𱾼𲆖
㣊	俢𢔜𤥬𨹲𭪊𰞦𰷝𱟾
㣎	穆𢿉𥡻𭲇𰕓𰘟
㣟	𫋮𫹧
㣺	㤗䧙叅忝恭慕菾𠇍𠢯𠫵𢖚𢚈𢛩𢞝𢣟𢥜𢧏𣚉𣯺𣵅𣶠𤒁𤤽𤺟𥢩𥲸𦞃𦮕𦮡𦰍𧾋𨗳𩕞𩘸𫹬𬊅𬞳𭜙𭜮𮇲𮥑𮮐𰯌𱘭𱟘𱩊𱩧𲌂
㣻	忞𢥦𱝿
㤃	𢛨𰑮
㤅	𢙴𢢸
㤐	𪐇𲠋
㤩	愙𢛃
㤪	𢛪𢱽
㤲	㥷瘱𡡌𡣇
㥑	㱊憂鄾𡔀𢥀𢥙𧾤
㥥	𢥶𥧼
㥯	㒚㡥䌥䭡嶾懚檼濦穩讔隱𡁋𡽸𢷍𤢦𤻘𥖵𦈠𦾻𧞎𨆲𨏈𨏱𨘓𭨄𭩑𱄉𲁼𲨫
㥽	𧀘𰒔
㦄	𢋤𬟊
㦇	𢥄𢥐
㦔	懕𢣽
㦮	䇳䬻桟残浅盏賎践銭𠈙𣿽𥁫𥒎𬢣
㦰	韱𩃔𩟶𪻀𪽚
㦸	𡚄𣛔𦺩𪮮𮣃
㦿	淭𢧊𢮄𣒷𣓅𤥾
㧁	𢩘𦳰
㧈	摾𢪉𢫠𢮂𢳫𭣐𰓩𱡊
㧍	揓𢮁𢳄𨓓𱠓
㧎	捓𦯙
㨋	𢵋𲣛
㨗	𦻴𧑻
㨨	籀𦼾𫫶
㩲	𪯄𲣩
㪅	䌄𠊳𠶺𡎩𢯬𣖀𤯳𨜦𩋸𩤳𩩹𩹐𰖖
㪍	㴾𢠜𤍗𦸦𩄿
㪚	𪮫𭜁𮌼
㪣	𡒋𰲈
㪯	𬮌𱠆𲈾𲈿𲣸
㪷	㕏𣙞𧐝𧐵𧤰𨶜
㪿	𠺤𤠥
㫃	㫅㫆於𣃘𣃢𣄅𪥏𬀁
㫄	㮄𠊓𢔚𢮔𣁼𣶢𤗒𥓯𦜶𦫣𦱘𧩂𩤐
㫐	㞁䆞皀𠧢𡧮𡬠𡯧𢙃𢬒𤈑𤔴𥖡𦚢𧣤𨦆𨨇𨹎𩒝𩚁𪘄𬱝𭩷
㫒	𢍋𢍔𢍬𢐖𣰖𥏓𥦍𥮞𥲏𦱤𨓙𨖦𨖪𨩑𰧀
㫕	㫯𣆧𤽅
㫖	稽𥡞𥡴𨢳𫜎𭎡𭟴𭦪𮋝𮌖𮔍𮪫
㫗	厚𠫅𡎋𡥣𢈲𤶿𥜯𪠗𬽊𰎩𲓿
㫫	𣺯𨻥𩔰
㫺	䥘𠎥𠟏𠪞𢡽𢨈𢵄𣃀𣊦𤎳𥀟𥎏𥛾𥪶𥷸𥼪𦅊𦔡𦠡𦠪𧬢𧾀𨅦𨗀𨣋𩁆𩻶𪙮𰤄𰧦𱄺
㬅	㡢澷𠿐𡑦𡢚𢢔𢶔𤢞𥀤𥵀𦆅𦔨𦽦𧬒𨭜𩍗𩦧𩻠𪴂𮥧
㬎	㙷㬤䏉䗾䜙䝃䥪䯥儑歞濕礘隰韅顯𠠁𡀾𢷑𣩯𤄥𤐴𤻗𥌁𦆴𦡹𦿌𧹽𨆰𨏌𩏰𰘽𱭨
㬜	𢸰𦇢𨟕
㬥	𠑔𢥟𢹯𣌑𤄗𤒺𤜌𦣃𧟊𧮔𪈫
㬰	㳛螤𡩟𣢧𣧴𥑷𦚤𧊠𨦢𩄪𪀙𮞳
㬱	㦧濳𡄋𣎯𥌳𧮂𨯩𬖂
㬵	㬵𥰹
㭃	柪𮠏
㭉	桒苯莕𤗥𦰁𦲓𦳐𦳘𦸓𦼚𩐷𬝞
㭊	𢜣𣇮𣚙𣛻𣶁𥯻𧌨𧎀𬃦
㭕	𣒗𣓹
㭝	𠹝𣓕𣿏
㭪	𮐡𲶏
㮊	壄𡐨𣛾
㮚	𠘍𠟫𢢙𣿚𤩰𤪇
㮣	㮣𢷽𤻿
㯤	𤖧𪎂
㯥	𣍘𤒖𨣹𨤈
㰳	𣣾𤺘
㰹	䌠𦆃
㱏	佱𣆞𫅏𰹙𱀌𱄣
㱑	𠙑𡎙𣺀𮡋𱥃𱥍
㱕	𢵴𧁻
㱚	𣨥𩃴
㱛	𢵍𣍌𣧿𭪴
㱿	㱿𡎷𣖫𱯏
㲃	𠣿𢋁𨗋
㲋	㚟毚𠍈𠣄𡤎𢥋𣔵𣬎𣬐𣬒𣬕𣬚𤟭𥃢𨳂𫧉𫬌𫴕𫿅𬆺𬉖𬍹𬛨𬪰𰚋𰮼
㲎	䩁毳竁𡪣𢷉𣯝𣯠𥳈𦋋
㲜	𠫈𣯅𦌓
㲺	柒沏
㲽	鿄𣕝𥁤𥹭𱥻
㲿	㴑滽漮濂瀇瀍𣳝𣳥𣴔𣴿𣵄𣷀𣷳𣹫𣻕𣼀𣼄𣼟𣾆𣾩𤃢𪶶𪶹𪷲𰝩𰝮𱦩𱧀𱧣𱨆𱨝𱩬𱩮𱪉𲩪
㳄	盜羨𠩗𣒿𤈾𪡌𫳎𫾷𬯃
㳉	㴨㴯㵬㵻㶀淜淝𢚑𣶴𣹸𣻽𤂵𪷄𬉎𭲡𭲢𲪓𲫃
㳊	𠈹𠳛𦑸
㳟	暴𡏏𤨶𪻌𬈘𮆭
㴆	𡩻𣺎𥧲𩅕𮑵
㴖	䨰𣼷
㶣	𢭅𤇇𤍙𧨗𪏂
㷀	𠌻𥕚
㷊	𢺱𤓥𤺣𥎢𲬹
㷠	䢯䮼𡽤𢣶𣃌𤏞𤐪𤢯𤪏𤳩𥌌𥶒𦒪𦧿𧅊𨆴𨏏𨞧𨽃𩕶𩕼𩼩𪋲𱬭
㷦	𤓐𧀙
㷴	𥷅𫸅
㷿	𤑯𥷡
㸒	婬淫𠉰𠗝𡍛𣓆𣨮𤷏𥓕𥮍𦁍𦲻𨂘𨓮𨺄𪾮𭀩𭵂𭹠𱓈
㸚	䔪䕥爽爾𠁴𠃾𠅫𠌂𠎛𠑋𡑽𡪋𢐳𢐶𢺊𣙡𤂝𤕣𤕤𤕨𥫖𥱶𥽲𦅮𦘎𦢣𦹚𨗃𨲼𩈾𩍲𫁉𫁙𭛅𮂢𱭋
㸦	𠖱𣏛𣲐𥫻𥾙𦬤𧿓𩵯
㹜	䔸猋飆飇𡪱𤢮𬍈𮳿𱃠
㹞	䓄𥭦𰡚
㺯	美羮𡨒𥮅𰎡
㺳	𤥷𤥸
㻎	𡚉𤫍𨫹
㼌	㺠寙攨窳蓏𢸖𤂜𤣛𤬑𦋯𪴒𫾞𮊏
㼲	𡁓𢣓𣝚𤐱𤮵𦾳𧓐𧞕𧭌𩆣𩼭
㽔	㣸㶋
㽖	𱰘𲼂
㽚	𣈾𨲥𰣀
㽜	𥰷𦗎𩺜𰨏𰷽𱃊𱄭
㽞	嘼𡗈𡙲𦄛𩅑𩥺𪛄𭻦𮆹𰜵𰣜𰣾𲕟𳄽
㽵	㾀㾏痔𣈐𰫁
㾇	㿜𤶨𤶻𤷢𤻋
㾜	㿓瘞瘱
㿝	𣪕𥁬𩚀
㿟	䀌皛藠𤾜𬊻𬹒
㿽	䤈諡𣕆𥈕𦖬𭉃
㿾	𥃓𧈚
䀄	㵥𥋱𨣘𪆮
䀏	𠲾𥊄𬕇𲲣
䀐	𥉨𪸹
䀜	𢝻𭱓𰶶𳁔
䀠	㪺愳煛瞐瞾瞿矍鷪𠆐𠆚𠟰𠫎𡕹𡚔𢀯𢀰𢤋𢧮𢺱𣁪𣃒𣚏𣝇𣟎𣡠𣤺𣰋𤄘𤓥𤪬𥆣𥇛𥇠𥈀𥈍𥈏𥈜𥈪𥈫𥈸𥉁𥊐𥊿𥋁𥋡𥋥𥋫𥋬𥌂𥌖𥌪𥍈𦉍𦌮𦣜𧅠𧗙𧘆𧢛𧭑𧴢𨊀𩕦𪄊𪄙𪈱𪳐𫿊𬑪𬥅𬽝𭂷𭌴𭕼𭿗𭿥𭿪𮚭𮟒𮯟𰥀𰥲𰭜𰴊𱳌𲇖𲛣
䁂	賢𤏿
䁝	㹙覮𡂚𤁽
䂓	𡪽𢵅𥨖𧡯𭬉
䂙	𥖐𮀫𮁂𮁉𱴶
䂝	𠷠𣕥
䂞	槖橐𣞏𣸺𥦼𬃖𮪞
䄅	𭢏𭩅𭫯
䄪	𦱜𲋾
䅗	𥴟𦾎
䅽	馨𤯒
䆑	穻𠳽
䆓	𠤦𢰉𥨏𦳾
䆔	窜𫁑𱣺
䆟	𣘿𥊉
䆣	𡡪𣾋
䆫	𠏨𨣭
䆸	㡧𠑅𢹑
䇂	亲辛𠲗𢕎𥫐𧱏𨐋𨐌𬅵𬉃𬉅𬔩
䇔	䌱𢺆𨰊
䇗	䈵𥮨
䇝	箋𥬪𥰎𥵃𬕵
䇤	𥰑𥱗𫦝
䇥	𦄙𮆶𮟆
䇯	𥭙𥷨𱸗
䇴	𥯑𬕭
䈁	𭄕𮣜𲣍
䉃	𥶝𥷃𱸮
䊀	糊𲷍
䊆	㘀毇𥽱
䋆	綟編
䋈	𠪓𢊨
䋙	緅𦃎
䋛	𥼮𫃼
䋣	㶗𤀇𫧅
䋰	繤纂
䋶	㩪𩕛
䌕	𦇑𦇺
䌛	邎𡈸𢑈𢑉𣠡𧄎𨷸𪸅𱮯
䍃	䁘䌊䔄䠛䬙傜嗂媱徭愮搖摇暚榣滛熎猺瑤瑶磘窰繇謠謡谣遙遥鎐颻飖鰩鳐鷂鹞𡏟𡩴𡰃𡺯𢐥𣣳𤕁𤕆𤚭𤬍𤬔𦅸𦉔𦞼𦩾𧎼𧡷𧡾𧽎𨍳𨘽𨙃𩀘𩆡𩥣𫄾𬩡𬯒
䍐	𢆦𦊄𨘞𱯕
䍒	𣙏𣼆𦊚𪲷𭪼𲐎
䍘	𱆾𱹝
䍜	𨗴𳇉
䎜	𡪰𡬁𥨔𥩊𦓈𩅯𩇇
䎡	𤌢𥱇𧏦𨪳𨻢𩱊𪏩𬢽
䏌	㞕䐌佾洕𢉼𢔍𣍡𥳫𦚴𩂪𮓢
䏍	㯞㳙㻆䏻䳌姢態育能𠉌𠱝𠱮𡔴𡱑𢈋𢎎𢔮𢛋𢨐𣚓𤗅𤞣𤷥𥀧𦊰𦝕𦮌𧨜𨀮𨃳𨶙𨹆𩢺𩩐𩩼𫿌𭋀𮊒𮌛𰕎𰹭𱩠𱬯𱱢𲐔
䏎	𣎆𦝠𮌩𱪜
䏙	䏙𥁺𧖺
䏪	𦛖𦝒
䏻	㷱𮊒
䑓	㒗𣜉𮑢
䑞	𤰀𦨃𦨄𧂌
䑣	𣹊𧡬𭎿
䒑	㒸㚃㦍䇲䗒䰃䲕並乎伞兰关兹养兼兿前善壴壹夹孳屰巕平并恙戅掽搤昱来湴潽益碰立米粛羊羙荚菐虁蠲諩譜豆踫逆鐡雚養首鯗鶿𠂟𠂠𠅇𠅉𠈔𠈼𠉅𠊋𠊧𠌉𠔃𠔄𠔥𠖥𠞳𠧦𠩋𠭳𠭻𠰜𠰥𡃮𡄫𡅴𡇏𡇬𡈚𡎃𡕃𡕸𡗍𡘵𡩅𡪼𡶠𡸈𢀻𢆃𢆉𢋕𢚱𢝑𢡃𢴯𢽇𣅋𣅑𣍮𣕙𣚞𣛙𣣼𣩉𣮧𣯠𣴎𣷨𣷬𣸓𤂦𤄂𤍻𤎬𤑽𤣋𤲞𤾑𥃓𥇫𥣾𥹺𥼎𦁒𦂵𦉰𦍌𦍍𦍎𦑒𦝤𦠍𦢂𦥈𦥭𦥾𦫄𦱳𦲍𦲸𧄀𧆲𧊜𧘂𧙮𧯸𧸋𧼧𨂝𨂞𨐐𨜶𨤓𨩳𨪯𨴮𨿄𩀙𩁥𩆈𩒋𩕆𩢁𩦕𩱁𩵉𩹁𪨌𪬐𪭆𪶤𪼫𫅎𫝐𫟈𫭒𫯟𬐭𬗷𬚛𬠙𬺧𬺸𭁄𭃱𭅊𭅒𭉙𭋘𭎙𭐎𭐱𭑏𭑢𭔸𭘺𭛏𭪀𭭥𭲉𭳨𭵝𭹲𭾂𭿓𮇰𮊢𮎦𮎿𮏖𮐾𮞍𮡂𮵣𰀆𰃝𰉗𰎵𰎶𰚁𰚊𰚷𰜾𰡮𰥅𰥼𰰝𰰣𰰦𰱋𰶮𱋧𱏴𱓎𱗭𱜢𱤐𱧤𱮁𱳷𱵴𱹙𲅫𲊝𲋷𲚱𲱎𳈂
䒔	䓗䕥芬莌葐𠦪𦬉𦬘𦮀𦰠𦳷𦼏𨨉
䒕	𡷺𦳗𬞎
䒙	茮𦭌
䒚	𦳗𩸌𪍋
䒜	苼茱𦮽
䒤	㫩䓍䓪募墓幕暮草莫菎菒菖葛蒀蕌蕞蟇謩驀𠻚𢠍𢶭𣋈𦬹𦯖𦰇𦱤𦳕𦳚𦳱𦵆𦵽𦶑𦷣𦷤𦸩𦸫𦹪𦻒𦽦𦾥𦾧𦿉𦿌𧁎𧅌𨝥𫈧𬑤𬝏𬞀𭥅𭮦𭳲𰲀𱾟𱿉
䒥	𠊃𤟓𫏛
䒧	蓋𡒹𣰛𨞨𩕭𰲋
䒩	㴕莠萎萫𡲷𦳽𫈗𬝔
䒱	䕄蒸𣺜𧗆𮩈𲼛
䒺	𦃝𬃶
䒼	蕽𱾧
䓁	𬠟𬵣𭊬
䓗	𣚜𣽫
䓧	𣾛𮐹
䓮	𦺒𧒚
䓵	蕚𦹛𦾆𦾈𦾊𧅧𫉞
䔘	𧂚𧗘
䔡	𣩷𧀦𨟂
䔥	𤂣𦇋
䔲	𡃻𡦮𤃥𨯷
䕌	𣟶𧄄
䕼	䖄𧆋
䖉	𢰵𦉄𨩜
䖍	𠢅𣖳𦂇𦞬𧇈𧛓𧪤𩺇𭳁𮀸
䖏	㩀𠼥𢟶𤩁𦸵𭄾
䖒	㱆戲覻𢨛𢶐𣛼𤬘𤮙𦟚𧇔𧇼𧈚𧰜𨞘𬋵𭽷𮓬𰴞𲮿
䖝	虱蚩風颭𠘦𠙬𡐬𢐩𥭥𧈫𧉉𧋚𧋰𧌝𧔗𧖍𧻽𧾶𨹤𨻦𩗝𩹑𪴓𬾓𭉕𭉹𭡀𮃅𮔃𮔏𮔒𮔭𮔸𮔺𮔽𮕄𮕅𮕕𰔻
䖟	𦳶𧕕𨨸
䖤	䗕𧐫
䖥	𧍟𧕑
䖭	螣𧑞𧑥
䖵	䗞䗣䗺䘀䘄䘅䘇䘉䘌䘍瓥蝨蝱螙螡螶螽蟁蟊蟲蟸蠚蠠蠡蠢蠤蠧蠫蠭蠯蠶蠺蠽蠿𠑴𠘦𠤋𠮕𢌆𢨜𢨡𢨣𤬤𤴂𤼖𤼜𤼠𥋅𥸢𦧽𧅪𧅮𧋜𧌣𧌦𧌾𧍀𧍸𧎆𧎪𧎮𧎱𧏊𧏼𧐏𧐘𧐧𧑉𧑖𧑢𧑤𧑨𧑴𧒂𧒃𧒈𧒎𧒏𧒒𧒔𧒙𧒛𧒝𧒟𧒡𧒢𧒧𧓂𧓊𧓎𧓑𧓕𧓖𧓚𧓟𧓢𧓨𧓫𧓱𧓵𧓹𧓿𧔁𧔂𧔄𧔆𧔏𧔐𧔑𧔔𧔞𧔡𧔧𧔩𧔭𧔮𧔯𧔰𧔲𧔳𧔴𧔵𧕈𧕌𧕎𧕐𧕑𧕔𧕙𧕛𧕜𧕝𧕠𧕢𧕣𧕦𧕧𧕰𧕱𧕲𧕵𧕶𧕷𧕽𧕾𧕿𧖀𧖄𧖅𧖉𧖊𧖌𧖎𧖏𧖑𧖚𧖛𧖟𧖡𧖢𧖤𧲟𨷷𫋒𬒣𬠤𬠷𬠸𬠹𭚏𮇀𮕉𮕑𮕛𰳐𰳖𰳝𲀑𲀔𳀃
䗍	𦪶𨣰𭬧𱱯
䘚	𠵒𢜙𩣰
䙔	䉱𧞨
䙲	䙴遷𢖎𢳍𦒘𧟧𨗆𩆙𪄷𪮸𫎾𫾔𬎚𮂗𮗁𱨋𲵁
䙳	樮𢱾𣺗𤌪
䙴	䉦僊櫏褼蹮躚遷𡼟𢕖𢳍𣘝𣻝𥱺𦸊𨝍𩌷𪄷𪝴𭗥𮉓𮖽𮧀𱥇𲸔𲿨𳁸
䙵	𠽥𰟜
䙷	𢔶𭱭
䚯	罰藅
䚴	𧫈𮘚
䚺	𧠂𭢖𰡣
䚻	㑾㨱䌛𢐬𣤍𤄧𧧙𧪬𨖈
䚿	𠪗𣣢
䛣	𠏬𢖊
䜌	㘘㝈㡩㪻㱍㽋卛圝奱孌孿巒彎戀攣曫欒灓矕羉臠蠻變鑾鸞𠙳𠠪𠣈𠨫𠮓𠮖𡤣𡤨𢌕𢍶𢺈𢺲𣀵𣦱𣱂𤅇𤓖𤫜𤼙𥀺𥽸𦇥𦇷𦣋𦣏𦣐𦦽𦫲𧄶𧟏𧮌𨇼𨊟𨏶𨏷𨷻𩏹𩙟𩪾𪈮𪈽𪭗𫴥𬯨𭓝𭯮𮎂𮜭𰫹𰭖𱟛𲆤
䜟	𧆂𨰸
䜭	𣽊𤩅
䝉	𪷟𬂔𭞾𰳞
䝨	𠍦𪬼𫎤𱏟𳂎
䝱	燲𡀺𣤥
䝿	𡃪𡓤𢤳𣟨𤃘𤼊𥌶𥤒𦇣𦘋𧂟𧭾𧸋𨇚𨘤𨷪𨽠𩉓𩍾𩟱𩪹𩯿𮚥𰅩
䟫	𥊰𧑽𬴞
䟯	𮛛𲃬
䟺	𨆎𰸠𰸭
䟽	𬄼𬞞𮋗
䠂	𥗈𨄬
䠣	𦍂𦍅
䠶	𣛘𣽜𧬄𪋧𫏰
䡎	䡢䡪軶𨌋
䡛	轟𢷦𨍙𨎑𨎓𨎼𨏆𨏟𨏬𨏰𨏲𨏿𫏿
䡞	𣞹𨏉
䢅	𪪸𬩚
䢉	𢥯𤅛𤣜𤼝𧟒𨤉𲟑
䢊	逊𳅁
䢍	䢟𨔆𫑉𰻔
䢶	㯁㰐椭樄橢郴𣗑𪳹𭬇𰘄𰘲𱣲
䢼	䣏𣨳𨜕
䣈	𫩌𫮳
䣕	䮛𨝭𨞲𩣾
䦌	䦙閨𨵉𮟥
䦔	𨵏𨵶
䦚	濶𡁡𲠺𲧋
䦧	㦦𢅰
䦨	欄蘭𣟬
䦲	𣡞𦇾
䧟	𢶽𦾩
䧹	噟應膺譍鷹鹰𡢦𢋗𢋩𥊹𦢻𧸛𩦵𩪠𫍑𬪚𭚑𮩕𲀌
䨇	𢥵𥸌𧰤𨈂𩇈
䨾	𢊎𢳁𲣿
䨿	㒎㗺㩑䙣䪞𡐥𦻅𧾁
䩋	𩉌𩉑𩉚
䩑	靷鞃𩊎𩌾
䩗	覇霸𧈉𩋒
䩭	羇覉𩆺𮒺
䩻	羈覊𬰕
䪞	𠎷𠿓𡒁𢶍𣜂𦠿𦼩𧞁𧬩𧾓𨆂𨷆𩆅
䫉	𢤧𧂀𨘷𨙁
䬕	飍𩙡
䭴	𤡹𩢧
䯮	𩬻𮫄
䯱	髬𩬴𩭍
䯳	𩭤𩮬
䰜	𢑋𩱸
䰟	𢣒𣝂
䱔	鰷𫙯
䲆	䲜鱻𪺚𬀤
䲨	鴻𬷉
䳆	𬟑𭀊
䳡	靍𪄼𪅧
䴡	𠐚𤂢𭒭𮍇𮠑𮪜
䵗	𤓜𤓞
一	⺊⺕⺝コユ㐀㐄㐆㒊㒨㒫㓘㓪㔐㔷㔿㕪㘴㚏㚔㜤㝉㞢㞬㞷㞿㠪㠯㢧㣇㤪㦯㦱㩸㪽㫐㰓㱏㱐㱲㲤㴑㵮㸑㹛㼂㽮䂗䆋䍏䐴䒑䒒䒠䒱䕝䕟䖝䗒䚊䚕䜁䜿䠪䢋䣨䤜䦔䨿䪞䫀䰃䰛䵡一丁丂七丄丅丆万三上下与丏丐丑丒丕世丗丘丙业丛东丝丞丟丠丣两严並丰丹为丽乌二亍于亏亐云互亓五井亖亘亙亚亜亞亟亠享亼仐佥倉兀兂元全兴典兼冃冉冊册再冡凡凵凸凹剆劂勆勺匓匕北匚匸十千卄卅升卌卍卐单単卝卫印即厂厎叀叁叄口可吞吾咓咢善單噩嚮囗土圶圼坐坒坓坖坙垂埀堇堽士壬壷壺夆夏夒夓大夨天夫央失夲夳夹奡奣女妛婁婯子孒字宇宐宑宒実寅尖尢尸尼屉屰岙島巠工己巳帀帆帶幰干平幵应底廄廌延廾廿开弌弍弎弐弓弖彐彑彧彲恶憲戌我或戸扉手扥拜拝掽摕擯攇斲斷旊无既日旦昋星昼晉晋晝曓曰朁朔朗本查梟槪橆檵櫭櫶欝欮欴正此武歹死段毋毌母毛毫氐气永沗洅洖浵湴湼瀗灭烏焉無熏熼爂爨爰爵爾牛牜牝犀獈玉玊王玍珁璺瓜瓦瓭瓵瓹瓾甀甂甈甉甊甋甐甔甘生画畐畢畫異畱疌疍疘疶疷疸発百皀皁皂皐皭皿益監睂睿碰示礻祦禸禹禺穻穽竽笙笨笪篾簔籈米类粤粵系繼纟羊羋羌羍羮考而聿肅肖肩臖臯臼舃與興舋舌舟艮良艹芊芋芌芏芓芖芙芼苤苯苼茋荁荃荢莑葬藼蘷虍虛虫蚕蝷蠁蠞蠲血衤衰裊裦褎襃襾西覀覧言諩豕貮賓踫身輿车辛辷逆遻邷郎郒郷酈酉釁里鉴鍳钅長长閂閆閏闕闩闰隹隺雇雘雨雮霊非靟革韭韮韯頁飠飮馬马髬鬬鬭鯽鰴鱀鱼鳥鳬鴌鵖鶢鷁麗黃黑黽鼎齀齔龍龜龵龶龷鿖鿗𠀀𠀁𠀂𠀃𠀅𠀆𠀇𠀈𠀉𠀌𠀍𠀎𠀏𠀐𠀒𠀓𠀔𠀛𠀡𠀢𠀣𠀤𠀦𠀭𠀯𠀸𠁁𠁅𠁈𠁉𠁖𠁗𠁘𠁣𠁥𠁧𠁮𠁱𠁾𠂁𠂂𠂇𠂉𠂋𠂏𠂕𠂜𠂦𠂨𠂯𠂴𠂶𠂿𠃈𠃎𠃒𠃛𠃞𠃠𠃢𠃤𠄞𠄟𠄠𠄡𠄢𠄣𠄤𠄨𠄪𠄭𠄮𠄵𠄸𠄹𠅈𠅊𠅟𠅴𠆣𠆭𠆮𠇢𠇬𠇸𠈨𠉔𠊍𠊧𠌂𠌏𠌚𠎘𠎜𠎮𠏏𠏒𠏽𠐚𠐡𠑋𠑍𠑗𠑚𠑺𠒅𠒎𠓛𠓞𠓽𠔀𠔏𠔔𠔝𠔥𠔼𠔾𠕂𠕅𠕋𠗩𠘄𠘲𠙃𠙒𠙖𠙗𠙚𠙭𠙵𠙿𠚃𠚇𠚞𠚡𠛥𠛹𠝦𠝧𠝷𠟱𠟵𠠆𠠫𠡅𠡦𠢁𠢰𠣀𠣘𠤉𠤛𠤞𠤫𠥓𠥚𠥻𠥽𠦂𠦆𠦒𠦔𠦚𠦤𠦪𠦬𠦮𠦴𠦶𠨙𠨨𠨩𠨷𠩎𠩳𠩽𠪕𠪨𠫓𠫔𠫚𠫰𠫹𠬅𠬘𠬡𠬣𠬵𠭓𠭕𠭗𠭭𠭶𠭿𠮛𠮡𠮲𠯉𠯧𠰆𠰇𠰟𠰡𠰶𠱎𠱐𠱱𠲆𠳉𠳍𠴀𠴃𠶬𠶭𠷱𠸈𠸲𠹈𠺞𠽽𠾂𠿆𠿎𠿜𡁑𡁓𡂤𡂧𡃳𡄿𡅤𡆅𡆞𡆰𡇆𡈹𡈼𡈾𡉉𡉊𡉒𡉡𡉤𡉰𡊂𡊏𡊙𡊝𡊬𡊼𡋑𡋢𡋫𡋬𡋮𡋰𡌖𡌥𡍩𡍮𡍸𡍺𡏸𡑤𡒖𡒚𡔥𡔫𡔲𡔳𡔻𡔾𡕒𡕣𡕻𡖥𡗓𡗗𡗘𡗢𡗤𡗾𡘇𡘈𡘉𡘋𡘍𡘜𡘟𡘩𡘸𡘼𡙄𡙊𡙹𡚀𡚇𡛎𡜈𡞉𡞐𡟧𡟽𡡜𡡵𡣦𡣵𡤀𡤞𡤼𡤽𡥏𡦿𡧤𡧧𡧹𡨆𡨈𡨵𡩝𡩟𡩦𡩪𡩬𡪀𡪊𡪕𡫕𡫤𡬝𡬠𡭆𡭕𡭚𡭦𡭳𡮝𡯁𡯊𡰣𡰥𡰴𡱕𡲄𡲇𡳿𡴈𡴊𡴍𡴒𡴓𡴧𡵂𡵃𡵄𡵇𡵐𡵞𡵤𡵪𡶳𡷊𡸭𡹆𡻛𡼒𡿕𡿧𡿩𡿰𡿱𡿴𡿸𢀏𢀝𢀞𢀯𢀰𢀳𢁎𢁳𢂇𢂉𢂸𢃵𢄆𢆈𢆰𢆺𢇈𢇠𢈄𢊎𢊤𢌁𢌂𢌆𢌉𢌬𢌮𢌯𢍊𢍐𢍦𢍼𢎁𢎗𢎜𢎥𢎧𢎲𢏻𢏽𢐺𢑅𢑔𢑕𢑚𢑞𢒡𢒣𢒴𢕄𢕧𢕶𢗶𢘑𢙂𢙯𢙻𢚍𢚎𢚧𢛢𢛳𢜧𢝝𢝤𢞹𢠟𢡌𢡍𢡓𢡤𢢎𢣓𢤀𢤏𢤶𢥼𢦌𢦘𢦰𢦱𢧟𢧯𢨏𢨖𢨙𢨥𢨫𢨿𢩀𢩯𢩺𢪁𢪙𢪡𢬌𢭈𢭡𢮠𢮴𢰎𢱂𢳗𢴶𢶘𢸁𢸉𢺕𢺿𢻸𢼟𢼸𢾷𣀌𣀱𣀴𣀷𣁓𣁩𣂐𣂞𣂟𣂷𣂼𣃒𣃔𣃟𣃪𣃯𣄊𣄟𣄼𣄾𣅆𣅞𣅬𣆜𣆼𣇅𣇎𣇓𣇥𣈆𣈺𣊜𣋤𣌎𣌐𣌬𣍄𣍔𣍟𣍡𣍮𣎴𣎶𣏊𣏏𣏒𣏛𣏵𣐂𣐎𣐣𣐫𣑨𣑪𣑭𣒘𣒯𣔳𣔿𣖣𣗂𣗫𣙶𣚝𣚪𣝄𣝖𣝚𣝣𣝥𣝿𣞉𣞛𣞣𣞤𣞦𣞹𣟜𣠫𣡈𣡜𣡟𣡥𣡨𣡸𣢔𣢣𣢫𣣽𣤼𣤽𣥄𣥔𣥠𣥿𣦄𣦵𣦶𣩺𣫂𣫬𣬦𣮧𣯰𣰿𣱊𣱗𣱲𣱳𣱵𣲃𣲅𣳋𣳞𣴁𣵨𣶒𣶞𣷥𣷨𣷻𣸑𣹹𣺙𣺧𣻍𣻴𣼃𣽐𣿠𤀭𤀴𤁁𤁎𤁦𤂃𤂟𤃁𤄪𤅌𤆂𤆚𤇛𤇟𤈂𤈃𤈆𤉐𤉑𤉡𤉱𤊌𤌵𤎉𤏊𤏬𤐅𤐈𤐱𤐻𤒿𤓕𤔇𤔘𤔳𤔼𤕜𤕤𤕪𤕬𤖚𤖤𤗣𤘉𤘔𤘛𤙆𤙊𤚿𤜓𤜚𤜨𤞈𤞸𤟺𤠢𤡼𤣉𤣋𤣩𤤋𤥅𤦡𤧆𤧧𤧨𤧺𤨃𤨔𤨻𤩩𤫓𤫣𤬪𤬬𤬭𤬮𤬰𤬵𤬶𤬺𤬿𤭁𤭂𤭃𤭄𤭌𤭍𤭎𤭏𤭐𤭑𤭒𤭓𤭔𤭕𤭘𤭛𤭝𤭞𤭟𤭢𤭧𤭨𤭩𤭫𤭰𤭱𤭳𤭴𤭹𤭺𤭻𤭼𤭽𤮀𤮅𤮆𤮇𤮉𤮊𤮋𤮎𤮏𤮐𤮓𤮔𤮖𤮘𤮙𤮜𤮢𤮦𤮧𤮨𤮩𤮫𤮭𤮯𤮰𤮱𤮵𤮷𤮸𤮹𤮺𤯓𤯔𤯚𤯦𤯵𤰃𤰓𤰣𤰤𤰱𤰳𤰴𤱖𤱫𤱴𤲃𤲇𤳏𤳣𤳹𤴓𤴔𤴕𤵙𤷺𤸕𤹝𤹵𤺝𤺡𤻏𤼿𤽋𤽒𤽔𤽛𤽧𤾴𥀡𥄂𥄝𥄤𥅱𥆞𥈜𥈠𥉢𥊷𥍝𥎨𥏁𥐖𥓛𥕾𥖂𥘅𥘱𥙍𥙠𥙤𥙥𥚌𥛠𥛴𥝆𥝍𥝓𥝚𥟳𥡑𥢰𥣨𥤅𥤪𥤫𥤭𥥑𥥢𥦪𥦾𥧈𥨗𥩠𥪡𥪽𥫍𥫞𥫥𥫬𥬆𥬘𥬟𥬰𥭆𥮂𥮚𥮫𥰐𥱆𥲓𥲞𥳁𥳫𥴂𥶉𥶸𥷖𥷯𥸨𥸻𥹣𥺗𥼢𥽚𥾑𥾬𥾳𥿒𦀞𦀥𦁟𦁥𦂰𦂲𦂷𦄖𦄪𦅮𦅽𦆊𦆑𦇅𦇌𦇨𦈄𦈢𦈮𦉐𦉝𦉭𦉯𦉷𦉹𦊄𦊚𦊷𦋶𦍌𦍒𦍓𦍭𦍰𦎝𦏡𦐟𦐯𦑯𦑻𦑾𦒎𦓁𦓓𦔀𦔪𦕁𦖂𦖐𦘎𦘒𦘕𦘵𦚑𦛫𦝤𦞋𦟝𦟴𦡌𦡭𦢂𦢕𦢯𦣝𦣵𦣻𦤁𦤎𦤳𦤴𦥆𦥑𦥒𦥓𦥢𦥩𦥫𦥮𦥸𦥺𦥼𦥾𦦊𦦓𦦙𦦜𦦲𦦴𦧄𦧅𦧆𦧖𦧹𦨀𦨿𦩚𦩛𦩳𦪂𦪃𦪐𦪦𦪨𦪺𦪻𦪼𦫄𦫉𦫍𦫏𦫵𦫹𦬒𦬝𦬢𦬬𦬰𦬹𦬽𦭂𦭢𦭨𦭱𦮄𦮅𦮆𦮙𦮠𦯖𦯘𦯵𦰗𦱥𦱧𦱩𦱯𦱴𦱼𦲯𦳒𦴀𦴐𦴜𦴝𦴱𦵍𦷘𦷣𦸜𦸧𦸨𦸩𦹗𦺂𦻍𦻵𦻺𦼩𦽍𦽱𦾒𦾗𦾳𧀍𧁅𧁇𧁝𧁸𧂢𧃞𧃱𧄪𧅱𧆕𧆧𧆩𧆾𧉋𧎟𧏁𧑛𧒟𧓐𧓓𧓟𧓠𧓡𧔈𧕁𧗡𧗬𧘛𧘫𧘵𧘾𧜏𧝉𧞌𧞕𧞙𧞦𧟕𧟠𧟡𧟺𧟻𧟾𧠀𧠅𧠊𧡸𧢒𧢖𧣰𧥀𧥛𧥫𧥬𧥭𧦯𧧊𧧚𧨦𧩄𧩯𧩾𧪺𧫜𧬟𧬡𧬰𧭌𧭒𧭪𧮸𧰬𧰭𧰳𧱆𧱖𧲒𧳔𧳱𧴷𧶌𧶚𧷈𧹄𧹉𧼉𧼢𧼳𧾸𧿊𨀄𨀔𨁳𨂞𨂟𨂢𨇋𨇔𨇫𨈏𨈐𨈑𨊬𨊯𨌊𨍒𨎾𨏇𨏐𨏝𨏥𨐀𨐋𨐌𨐨𨑁𨑃𨑄𨑘𨑞𨓃𨓔𨔬𨕉𨕙𨕬𨖂𨖏𨖻𨗤𨗶𨘒𨘠𨘶𨙑𨙦𨙲𨚄𨛞𨜃𨜊𨜚𨜲𨜶𨞈𨞋𨞤𨟧𨢃𨣩𨤝𨤣𨤥𨤬𨤾𨥀𨪬𨭀𨮆𨯶𨱗𨱘𨱛𨲥𨳇𨳎𨳔𨴈𨵑𨵣𨷅𨷗𨹢𨺘𨺼𨻛𨻜𨽅𨽴𩁅𩁚𩁣𩁪𩁳𩁹𩂊𩂬𩃅𩃌𩄪𩄹𩆣𩆫𩆹𩇀𩇂𩇧𩈵𩉶𩊼𩌯𩍫𩐄𩐌𩐛𩑋𩒕𩒞𩒢𩒤𩒭𩓯𩔃𩕂𩖂𩗠𩙉𩙎𩙿𩚃𩚊𩛀𩛒𩛬𩜵𩜶𩜿𩞫𩠺𩡧𩣌𩤰𩤷𩤻𩥕𩦁𩨺𩫊𩫍𩫎𩬸𩮎𩮪𩰬𩰽𩲚𩲬𩵏𩹁𩼧𩼭𩼿𩾏𪀋𪀝𪁜𪂐𪂧𪅈𪆔𪈣𪉡𪋭𪋳𪍢𪎍𪎴𪐠𪑛𪓝𪔂𪚦𪚨𪚴𪚺𪛀𪛆𪜀𪜁𪜂𪜈𪜨𪝫𪞋𪟏𪟙𪟢𪠐𪡅𪢙𪥉𪨒𪪤𪬒𪭉𪳢𪳧𪴲𪼰𪽉𫂉𫂥𫃖𫃺𫅞𫊤𫌹𫍆𫎅𫑚𫖌𫗒𫙨𫚃𫜢𫜸𫜹𫜾𫝂𫝃𫝯𫞄𫟋𫟛𫠉𫠓𫠕𫠠𫠡𫠣𫠨𫠩𫠱𫡃𫡆𫡋𫡒𫡙𫡴𫡹𫢅𫢏𫢚𫢽𫤗𫤰𫤸𫥟𫥮𫦍𫦤𫦥𫨧𫩁𫩞𫬋𫭱𫯛𫰗𫰟𫲸𫳥𫵩𫷄𫷡𫹅𫹆𫹸𫹹𫺙𫽛𫾜𬂛𬂜𬅏𬅜𬅺𬆀𬇝𬋒𬋢𬍫𬍿𬎜𬎨𬏚𬐂𬐃𬓥𬓭𬔠𬔨𬔮𬕣𬘉𬙘𬛂𬜣𬜻𬝛𬟏𬦺𬱋𬲖𬴳𬹱𬺢𬺣𬺰𬺲𬺳𬺴𬺵𬺾𬻀𬻂𬻆𬻇𬻉𬻐𬻔𬻕𬻞𬻟𬻠𬻫𬻱𬼉𬼊𬼐𬼖𬼙𬼶𬼻𬼽𬼿𬽊𬽮𬽼𬿥𬿶𬿻𭁇𭁐𭁗𭁢𭁣𭂀𭂯𭂲𭂹𭃍𭃭𭄀𭄏𭄩𭅍𭅫𭅯𭅴𭅺𭆡𭆢𭆱𭆷𭇢𭇩𭇰𭉠𭊰𭍺𭎁𭎆𭎊𭐖𭐣𭐦𭐮𭐳𭑆𭑘𭑜𭑡𭒔𭓱𭓸𭔌𭔥𭔿𭕇𭕭𭕿𭖲𭖼𭗇𭗭𭗷𭘆𭘣𭘧𭘳𭙌𭙗𭙨𭙳𭚒𭚟𭚤𭚶𭛩𭜓𭜩𭜳𭜶𭞐𭞥𭞬𭟮𭟸𭟺𭟾𭠠𭢅𭣏𭣔𭣫𭣰𭤻𭥕𭥟𭦚𭦮𭩜𭩠𭪶𭫐𭫾𭬺𭭛𭭣𭮉𭮘𭮟𭮱𭳍𭳻𭴘𭴚𭴾𭵄𭶕𭸣𭸽𭹅𭹹𭺛𭺲𭻏𭻡𭼆𭽈𭽗𭽘𭾊𭾐𭾓𭾞𭾡𭾤𭿓𭿗𮀆𮀗𮁄𮁼𮂖𮆔𮆕𮇭𮇽𮉺𮉼𮊒𮎕𮎘𮎦𮎳𮏳𮏶𮐣𮑛𮑿𮓘𮓙𮓜𮓞𮓟𮓠𮓡𮓩𮓱𮕜𮕩𮕹𮗁𮗇𮗟𮘤𮘯𮙚𮙛𮙟𮙢𮙲𮚪𮛺𮜞𮞆𮞘𮞙𮞭𮞽𮟃𮠕𮡩𮥶𮦁𮦊𮦼𮧎𮩎𮩴𮩵𮩸𮫏𮫘𮫙𮬁𮭋𮭶𮭷𮮡𮮲𮮳𮮺𮯞𮯱𮯲𮲞𮵬𮷞𮷤𰀀𰀁𰀂𰀃𰀄𰀅𰀆𰀌𰀐𰀓𰀖𰀛𰁘𰁙𰂄𰂮𰃝𰅮𰆄𰆆𰈫𰉛𰉢𰋉𰋙𰌞𰍆𰍰𰎻𰏰𰔶𰙄𰙈𰙐𰚷𰛟𰜚𰟑𰡮𰢴𰣀𰣳𰥐𰦒𰨝𰭝𰭨𰯒𰯲𰰍𰰡𰶺𰸧𰹗𰼄𱀭𱁇𱄌𱈑𱉝𱍐𱍑𱍗𱍥𱍪𱎛𱏺𱐞𱑏𱖋𱙁𱝌𱝏𱞂𱢓𱣠𱤻𱥾𱦤𱦻𱧗𱧱𱧿𱨣𱨪𱩅𱩙𱩬𱩮𱩲𱪛𱪞𱪟𱪶𱪷𱪽𱫃𱫆𱫇𱫞𱫱𱬔𱬲𱬼𱭆𱭕𱭩𱭻𱮡𱮪𱮫𱯊𱯏𱯒𱯖𱯗𱯠𱯡𱯰𱰥𱰨𱰰𱱄𱱉𱲏𱳔𱳕𱳟𱳭𱳿𱴕𱴲𱵚𱵮𱵳𱶉𱶍𱷊𱷖𱹂𱹅𱻝𱻩𱻱𱼖𱼰𱼱𱽇𱽈𱽘𱽙𱽧𱽭𱾱𲁦𲁶𲅚𲅞𲅯𲅴𲆆𲆊𲆡𲆥𲈣𲉟𲋵𲋻𲌤𲌥𲌦𲍥𲍵𲎎𲎱𲎲𲏊𲐔𲑅𲓟𲓷𲕟𲗛𲜢𲞥𲟍𲡪𲤅𲤎𲨀𲨰𲬵𲯍𲰶𲵷𲷁𲸵𲹔𲻋𳏧𳐊𳐥𳐧𳐰𳐲𳐴𳐶𳐷𳐽𳑂𳑓𳑳
丁	㐉㓅㣔㼗䆑䟓䦺䰳亍于亭仃厅叮可圢奵宁寧帄庁忊成打朾汀灯玎町甼疔盯矴糽耓耵艼薴虰訂订邒酊釘钉閅靪頂顶飣饤𠀩𠀲𠀵𠁂𠄖𠄙𠄚𠅗𠅘𠕊𠚾𠤟𡕒𡗣𡧃𡨬𡭕𡰨𡴵𡷫𡹂𢀝𢆊𢗈𢧖𢧻𢬫𣄿𣴎𤆉𤔇𤘖𤱹𤴉𤿆𥑈𥞉𥫙𥸧𦉬𦒱𦘭𦙝𦨍𦬪𧌧𧌾𧖧𧢴𧪥𧯫𧰩𧵜𧹙𧹚𨊀𨊡𨺊𨺐𨼛𩁷𩒆𩠑𩡯𩨑𩾚𪛍𪟗𪥃𪵿𫔿𫜻𫞻𫟧𫠢𫯍𫵲𫸨𬋨𬺶𬺼𬻄𬻅𬻖𬻗𬻚𬻣𬻤𬻳𭇄𭇏𭒶𭓳𭔄𭕈𭙊𭥌𭩵𭴀𭷸𭽆𭿽𮈱𮐥𮛷𮤫𮥀𰎕𰏣𰒾𰗇𰙚𰙛𰤲𰫼𱂖𱅴𱍒𱍙𱍢𱓂𱤼𱥽𱦒𱱴𱺗𲀤𲃻𲓱𲾁𲾗𳉐𳎑
丂	㕺㰕㱙㽲䀎䒓䛣亏亐亟兮函凾号夸巧攷朽汅涄甹疞粤粵羲考芌𠀒𠂠𠄃𠄄𠄊𠄋𠄚𠄸𠋐𠔃𠡐𠫫𠮲𠵛𠷭𠻰𡌱𡎕𡐟𡞄𢀔𢔐𢗂𢩨𢽥𣅘𣑂𣓓𣔮𣘒𤈰𤑼𤓳𤓹𤙀𤣫𤲀𤵕𤼮𤽗𥀿𥇩𥝑𥬋𥭢𦉀𦏻𦔲𦖄𦖙𦖛𦘰𦥚𦭃𦰅𦰝𦹛𦻏𧆪𧔠𧖨𧢵𧩛𧭕𧽰𨉂𨉯𨦜𨸑𨿁𩂾𩶍𪋽𪐚𪦁𪵭𫀕𫀫𫢆𫨲𫩐𫯯𫹫𫻦𫾾𬵁𬺵𭂆𭭿𮓺𮰷𰀇𰕃𰕱𰚋𰢶𱈝𱋄𱥍𱭢𱽀𳁧𳅯
七	㐂㓒㔺㭍㲺乇切叱屯柒皂睿虍钅𠀣𠣺𠤩𠩔𠮈𠮟𡀱𡚨𢈤𢉯𢍺𢫅𣎽𣳃𣳊𣶠𣶾𣼀𤗕𤟀𤟝𤪻𥙤𥤥𥫥𥬻𥳁𥿴𦉱𦮇𧆬𧦏𧩅𧴶𨗋𨚤𨞰𨬦𨱶𨳍𨾅𨾙𩵐𩾔𩾙𪜃𪜈𪣞𪨌𬂥𬙞𬥔𬴽𬺽𬻎𬼘𭃃𭗺𭤴𭦁𮅗𮶛𰀋𰁕𰒷𰕴𱢾𲳉
丄	㒰㞢㬱上丵仝以円勤卫啚圗土坐堇士夐工式杢止片瓦疘眞睂耳謹靑黑龶𠀄𠀐𠀓𠂒𠒃𠒊𠔔𠛲𠤤𠨔𠪨𠫟𡉡𡊂𡊙𡋑𡋢𡧇𡮝𡰱𡲯𡲱𡳡𢒡𢜧𣀰𣎶𣣽𣩖𣳄𤀅𤍺𤐈𤑼𤓰𤛙𤯞𤻣𤼿𤽓𥄀𥊬𥊷𥎲𥦴𥧘𥬺𥭤𦆑𦙃𦰌𦴁𦻏𧠇𧡠𧫴𧷩𨘠𨮷𨷅𪨽𪩣𫀧𫈻𫝀𫢚𫳇𫴡𬘉𬙕𬮚𬻬𬾵𭚀𭥐𭽈𮌆𮤌𮧧𰀊𰉗𰝷𰥑𱎘𱥿𱩢𱯰𱰿𱼱𲞝𳇷
丅	㔿㷸䕝下丌丐丘兩可壽工帀干平憨敢斤斥曅汞滿爿片耳聼華蕐虍虛螎闞雨革韡饏鬫鬲鼎齾𠀞𠀺𠁅𠁈𠁘𠍘𠎘𠏞𠑺𠕲𠖙𠙚𠟵𠣽𠥃𠨔𠺞𠿎𡂤𡉐𡕋𡕒𡡽𡤀𡫉𡴌𡴶𢀔𢀘𢀛𢀪𢄀𢄉𢆈𢐝𢐶𢔸𢕎𢖨𢦀𢧎𢫶𢮮𢸻𢼘𢿮𣀋𣃪𣎴𣛉𣠨𤂝𤅾𤌦𤓯𤗕𤡎𤰒𤲃𤳾𤴫𥇑𥘅𥙥𥤅𥧘𥴂𥴋𦑅𦦝𦦞𦦡𦦧𦯤𦹆𦻋𧈫𧔽𧪺𨂮𨏬𨗌𨬀𨭂𨼆𩀝𩥾𩰬𩳮𪒸𪛜𪭃𪴅𪷎𫆯𫝂𫠦𫤧𫧹𫯟𫳇𫳥𫴡𬀽𬖧𬚦𬴘𬴴𬼽𭄏𭅍𭅰𭆐𭇢𭐙𭒤𭗕𭛅𭜳𭞐𭞥𭟾𭣕𭤟𭴃𭸣𭺪𭾐𮆔𮌆𮐣𮓘𮓙𮓜𮓞𮓟𮓠𮓡𮓩𮙟𮞙𮢂𮤜𮦄𮦆𮩎𮫛𰨑𱀭𱍕𱎦𱨎𱨪𱮪𱮫𱯊𱳿𱿖𲅱𲎰𲏂𲐕𲐬𲔙𲜍𲞟𳉃
丆	㡬㥑㦮䁞不夏寕干幾懲戋戞才旡更歹灰爿畿百石羊而臧豖面靣頁页鼎龍𠀅𠀑𠀗𠀫𠀶𠂖𠄭𠍩𠖧𠚑𠡀𠢊𠢘𠢨𠣐𠥓𠨦𠬷𠭝𠮕𠷡𡊮𡎄𡕒𡤀𡴍𢀝𢀩𢁓𢋣𢐝𢒣𢕶𢙯𢚧𢧻𢨂𢴕𢸹𢽃𢽠𣁨𣇓𣌲𣎱𣔸𣦞𣽀𤕫𤛽𤣙𤪫𤫘𤾓𥁫𥄾𥇮𥐖𥜚𥢈𥧜𦅜𦆧𦌖𦣻𦣽𦪮𦫺𦬁𦽍𧎶𧓣𧗇𧗒𧬑𧰙𧰧𨎯𨝔𨟃𨼘𩂚𩆹𩇂𩑋𩛥𩫒𩴆𪊁𪓝𪙼𪟊𪦗𫎄𫜧𫝆𫝉𫦍𫩑𫻶𫿎𬈿𬞊𬺷𬺻𬻃𬼐𬿲𭁡𭉿𭋨𭋿𭐥𭠍𭠠𭭓𭴺𭺜𭼧𮍐𮓅𮕜𮟚𰚷𰟠𰳀𱘤𱨺𱭿𱯺𲎲
万	䥿劢厉方杤栃疠砺虿趸迈𠒐𠡔𡆭𡧂𡧊𤽩𥅐𥒿𥸯𦑷𦒊𦥤𧊪𨒒𨨬𪜇𪹖𫔬𫖉𫠤𬇕𬜼𬮙𭆑𭆓𭎅𭔩𭜌𭦗𭦟𭮴𮍴𮫉𮯵𮲚𰊏𰒽𰝝𰞪𰿘𱆤𱒀𱘮𱚧𱝈𱪽𱻀𲈦𲘱𲰙
丈	㽴仗扙杖粀𠀋𠷱𡉋𡚹𢗆𣈡𤓾𤣸𤽩𧘓𨥅𭑢𭩻𭶾𭷹𮈌𮊨𮩟𰖊𰛳𱧦𱷓𱷖𲊃𲨶
三	㭅丰亖仨兰具叁叄実弎懸承直県眞真緞縣臯言閆闫非𠀧𠃻𠋜𠐡𠓽𠕲𠘹𠫰𠫽𠬄𠬴𠭊𠻰𠼛𡆨𡗗𡙄𡛋𡝕𡠡𡭚𡱄𢀚𢁚𢊎𢚮𢧻𣥩𣮟𣵊𤆜𤓸𤖚𤤃𤽫𥍙𥪻𧈵𧗭𧜏𧥛𧥜𧦂𧰞𨳔𨼺𩔤𩕨𪃷𪈉𪳧𬽈𭀡𭆻𭖁𭛖𭻋𮇅𮕋𮞁𮠕𮠚𮧻𮶜𰉐𰌴𰒼𰙼𱓀𱨥𲈣𲉥𲍥𲎳𲐃𲖅𲛑𲜴𲨵𳑳
上	㑅㠪㫔㫖䒙䶶仧仩卡圵尗忐惄戚督裻让錖𠀝𠆳𠑷𠛯𠜔𠡹𠦀𠦋𠧔𠧕𠧗𠧛𠭮𠮳𠮵𠯡𡒥𡗶𡘂𡚋𢆒𢓺𢙤𢧍𢧡𢮮𢸻𢹟𢼁𣑾𣢻𣣇𣥌𣦕𣾢𤟏𤧢𤨛𤩋𤰆𤼸𥆮𥉆𥌟𥐂𥓍𥛓𥛬𥜾𥡳𥨮𥬚𥬿𥺤𦅐𧇝𧘕𨑗𨑵𨓑𨕭𨨾𨽾𨾁𩑨𩜨𩲹𪥤𪱚𪱲𫇳𫒆𫝙𫠢𫠷𫠸𫠹𫠺𫠼𫠽𫠿𫯝𫵁𬂞𬅸𬉷𬨺𬮛𬴾𬻏𭆦𭆽𭋻𭌚𭒖𭗊𭞗𭫌𭭎𭷺𭺫𭼅𭾴𮁞𮌈𮙏𮛅𮠯𰀎𰀏𰀗𰃊𰐇𰙒𰛈𰷏𰼃𰽙𱅷𱍩𱜌𱝫𱥿𱦟𱨟𱩨𱭖𱱹𱵜𲎹𳁩
下	乤卞卡吓圷忑斥梺疜芐虾閇雫颪𠀝𠀨𠀳𠀴𠀿𠁄𠁎𠁑𠁚𠖈𠧗𠮴𡬈𢇗𢗄𢩹𣃟𣍋𣑎𣗱𣲉𤲂𥤲𥫫𥰊𧘔𧺒𨑜𨵰𪢱𪧍𪨢𪱱𪵩𫠧𫠪𫠮𫠯𫠰𫠳𫡲𫢵𫰈𫴋𬀧𬇭𬍏𬔋𬔗𬕹𬙖𬺗𬻁𬻊𬻓𬻙𬻡𬻨𬻩𬻰𬽥𬾂𭂳𭆼𭖄𭘃𭠏𭡍𭩙𮇊𮏱𮛃𮥌𮧉𰂖𰉌𰠠𰢆𰥌𰳤𱃣𱍔𱍖𱍜𱍝𱍠𱍧𱎜𱚃𱚲𱪥𱼂𲉓𲎴𲏳𲫏𲯞𲾂𳁨
丌	㚦䢋䪲䭶亓亣开畀畁賓顨鼻𠓡𠢂𢀘𢈷𣍠𣍣𣎳𤀤𤖄𥟞𥾎𦂢𧟦𧩸𧿄𩓯𩔅𩰗𫝁𰧮
不	㔻㞸㫘㳅㶨㶪䞜䬩䬪䯱丕伓吥否囨坏奀妚嫑孬怀抔杯歪炋环甭盃礻紑罘肧芣衃覔还鈈钚阫鴀𠀰𠀱𠀾𠁃𠁆𠁇𠁋𠁌𠁍𠁒𠁓𠁙𠁛𠁞𠂾𠘶𠤯𠮘𠲇𡀆𡈯𡉤𡍂𡥢𡬇𡮗𢆓𢑽𢗫𢞾𣈇𣎈𣘏𣦚𣨀𣲮𤒳𤖯𤘢𤘮𤬭𤯚𤰺𥄓𥐴𥚳𥝣𦈧𦕪𦙂𦤹𧉈𧖯𧗩𧶏𧿤𨖕𨚀𨟷𨱥𨳫𩂆𩑢𩓄𩖲𩫇𩵣𪜄𪟪𪧽𫐾𫛜𫠫𫠬𫠭𫠲𫠶𫠻𬦇𬴜𬻛𭇨𭯈𭯒𭾟𮅁𮰼𰀍𰀘𰀚𰀟𰀲𰄟𰆱𰌶𰑼𰒤𰚏𰥁𰫽𰮉𰴪𰿖𱃳𱍚𱍛𱍡𱍤𱎁𱏤𱖅𱚆𱩙𱫇𱰸𱵛𱵞𱷣𲁑𲃗𲙇𲝆𲤁𲤓𲭮𳂬
与	㝍写屿欤玙𠇐𠚻𡴃𢌱𢗓𢪓𢮠𥃋𥫣𨊮𨤒𪾟𫚈𫟋𫹮𬇵𭁉𭁕𭤰𮗜𮘊𮡤𮢃𰄒𰰠𰷱𱍟𱙄𱛇𱟩𱶟𱻷𲇮𲘲𳈤
丏	㴐䞛沔眄髩麪𡧍𢗔𣏜𥤵𥸴𥾝𦬛𧉄𨟺𩉣𩾳𫤫𬂷𬘔𬯛𮮄
丐	㴐鈣钙麫𠣣𠰁𡆸𡛔𡧎𢗙𢪪𣅰𥝽𧉝𧦉𧺪𩬆𪤺𫆄𫡔𬉻𮙴𰭵𰻢𱐒𱳩𲌱𲨹𲺇
丑	㺲䂇䏔䖡䚼䛝䶊侴吜妞峱忸扭杻橻沑炄狃粈紐纽羞衄鈕钮靵𠊣𠒉𠜋𠴾𡆴𡚽𡥆𡸆𢆗𢟄𢬆𢬟𢮢𣅴𣔖𣧊𤈓𤊛𤋨𤚄𤷨𤿥𤿮𤿿𥀞𥄨𥍳𥝦𥟷𥮢𥺣𥿲𦍟𦍮𦚲𦛑𦜻𦤊𦩙𦭍𦮊𦱪𧘥𧩖𧿔𨂓𨋀𨔚𨙺𨛄𨜈𨜉𨳞𨴘𨿊𩈇𩋓𩑧𩚖𩣿𩱂𪅠𪏲𪘴𪜫𫸀𬒰𬛢𬤽𭓓𭠖𮌾𮕩𮚔𮮬𰀞𰃤𰌢𰖀𰗫𰰪𰱪𱄜𱆧𱚴𱞆𱧂𱫕𱶮𲁳𲆘𲈸𲔉𲘷𳎔
丒	𫞈𭴥
专	䌸䏝传抟砖转𣏢𫁟𫑘𫚋𫭞𬇘𬦆𰄞𰇊𰇰𰋹𰍱𰑁𰩮𰪫𱉏𲅐𲇲
且	㚗㡹㸖㾴䏣䔘䖕䢐䢸䣯䪶䯶䱉亶伹俎冝刞助县咀唨坥姐宜岨徂怚悬抯柤査櫃殂沮爼狙珇疽皶砠祖租笡粗組组罝耝苴虘蛆袓詛诅豠趄跙鉏阻雎靻飷駔驵鴡麆齟龃𠁠𠁶𠌞𠍩𠔬𠜞𠢻𡎬𡭶𡲂𡲤𢂈𢄄𢉺𢒉𢨷𢰺𢸶𣛢𣹖𤇅𤇙𤔈𤕲𤖛𤱌𤿚𥕅𥘲𥛠𥜩𥢈𥥐𥩢𥺎𦊕𦊨𦊩𦣶𦳘𦸬𧇇𧇈𧇣𧇿𧠢𧣞𧻾𨂀𨜇𨨃𩒢𩗃𩱪𩲲𩳖𪐵𪗱𪟊𪧠𪩁𪽤𪿰𫊀𫏝𫝠𫞍𫨶𫸴𫽖𫿇𬁫𬅿𬌒𬫖𬬺𬲭𬾩𭁎𭄳𭒽𭖍𭛈𭝔𭢈𭦈𭦬𭭞𭵞𭶴𭷚𮀀𮁓𮗞𮜦𮣉𮧊𮧼𮨑𮮭𰀝𰡈𰭮𰮘𰷳𱉘𱑲𱚹𱯺𲉓𲐧𲔇𲙙𲛓𳁾𳋿
丕	㚰㺽䋔䪹䲹伾呸噽坯岯怌抷柸歪狉秠胚苤蚽豾邳鉟駓髬魾𠃂𢓖𣆏𣌹𣓺𣨀𣬾𣳎𤇨𤘹𤵛𥅊𥑜𥘻𥹂𦝽𨠙𨲐𨴈𨸹𨸿𩈓𩎜𩓭𩔌𩚼𪀇𪢩𫄞𫌶𫠫𬳵𭭪𰀜𰽧𱇝𱉖𱍨𱘡𲀨𲤓𳃋𳊙
世	㰥䄁伳呭屉屜怈抴朑枻枼泄玴疶笹紲绁袣詍貰贳跇迣鉪靾髰齛𠁀𠦴𡙻𡛶𢃄𢇸𢜨𢨏𢺿𣫸𤐼𤤙𥅋𥹑𦐕𦐞𦭓𧉺𧺿𨪇𩊈𪣅𫢫𬆑𬔛𬙚𬡽𭁫𭁯𮎉𮓽𰅲𰵔𱍦𱐬𱐭𱞉𱧋𲩍𲫔𲲐𳎫
丗	丗帯𡗿𢁎𣀰𣀱𣦏𣳘𤟬𤢋𥽒𪺲𭩠
丘	㚱㳋䂡䟬乒乓兵坵屔岳岴拞茊虗蚯邱駈𠇯𠔊𠤢𠬿𠰋𡊣𡘄𡙅𡲌𡶦𢇹𣉠𣢥𣧭𤞈𤵢𥅔𥏾𥙂𥙠𥬨𥿤𦦛𧟬𧣜𧦺𧲰𧻁𨈬𨐻𨚬𨿻𩚨𩨼𩬡𩴛𩿨𪖛𪚺𪟘𪯫𪲀𪽽𫒒𫘶𫠴𬮾𬰘𭗩𭟼𭭔𮎈𮨆𱀭𱛛𱭬𱻏𱿷𲫖
丙	㑂㔷㪅㶮䇤䋑寎怲抦昞昺柄氞炳病眪窉苪蛃邴鈵陃鞆𠅈𠇮𠒝𠚇𠛥𠨆𠫧𠰳𡛦𡠈𡭃𡯞𡱆𢏺𢨿𣍪𣧰𣺭𤑣𤖶𤤝𤯳𤼄𥅙𥠛𥣉𥧃𥱗𥹘𦳭𧦿𨋣𨜦𨳵𩛄𩬝𩱪𩶁𪣃𪥇𪥓𪪃𪪻𪹄𪽲𫐣𫚎𫠥𫥤𫷻𬇞𬈇𬍈𬙵𬝦𮩺𰀒𰀕𰂞𰙠𰞁𰣺𰬃𰽥𱌾𱒑𱥞𱳴𲍝𲙓𲠛𲳮
业	㫫㽔並丵亚凿壶壸對彂显業滿繊菐蒲虚邺鑿雚霊顕黹黺𠼁𡓙𢈀𢨼𢸻𢹠𣌽𣝢𣞞𣞧𣦄𣫞𣫩𤍬𤎀𥗢𥽲𥽿𦢂𦲸𧐦𧮙𨖐𨬚𩡟𩣌𩻅𪎲𪒸𪨂𪩾𪴯𫁺𫒣𫞔𫞜𫥺𫩤𫯌𫳃𬁝𬅆𬒆𬬼𬰺𬷛𭄈𭔾𭙰𭛁𭜝𭠙𭧗𭨏𭱩𭳖𮌌𮓡𮨽𮷬𰎑𰚊𰴔𱍞𱗭𱣇𱧺𱧽𱩴𱮡𱮧𱽛𲉬𲊥𲊿𲛃
丛	來傘坐𠁊𠍘𠎃𠑋𠚕𠠃𠦏𠼜𡋸𡍮𡙫𡙹𡚅𡨔𡷩𡽔𣊚𣦊𤈯𤈰𤍡𥙽𥦑𦡘𦶎𦹬𦺅𨣑𫞄𬝨𭘆𭙟𭫈𭫘𮒚𰄾𰏤𱄳𱣉𱰰𱽘𲞝𲼷
东	㑈冻岽栋胨陈鸫𣱝𪣆𫹼𬟽𬢈𭓎𭺻𮳣𮷅𰇎𰎏𰛒𰻨𱬝𲇷𲳓
丝	咝鸶𲾔
丞	㷥䇰䒱䡕卺巹拯洆烝脀𠄪𠜉𠱺𡶽𢀿𢏞𢓞𣑕𤇶𥒡𦚦𦛆𦴸𧊴𨀧𨋬𨚱𩊨𪎻𫴏𰖆𰞜𰴶𰼬
丟	銩𠲍𢫻𦴵𫟮𱽝
丠	埀𡷒𢂖𤤘𧆳𧎕𨛆𪨽𫡙𱄙𱅌𱧾
両	満輌𠈓𥈞
丢	銩铥𠲍𢫻𨛀𫡧𬻭𬻯𰀑𰣒𱍘𱍣𱪚𲎷
丣	䱖桺畱駵𠓴𡋲𡘣𢥍𣨇𤥗𤲢𥁶𥥹𦊿𦕼𦯄𧶝𨌡𨦰𪕚𪕢𭄘
两	俩唡辆魉𤂎𪠡𪭵𫦩𬜯𬰥𬾇𮉧𮔊𮖁𲇾𳍏
严	䴡俨酽𠪕𤞤𪇾𪨷𫥍𫪂𫭲𫿞𬇬𭴪𰎠𰖈𰦾𰵨𱙔𲍓
並	䗒䰃掽普椪湴潂碰諩踫𠁔𠁜𠁝𠁟𠊧𠵔𡌶𡖼𡚈𡴢𢛰𣤞𣮧𤣋𤯭𤽽𥐄𦆫𦝤𦫄𧡟𨂝𨂞𨏨𨟘𩤀𩹁𪢭𪻁𫡀𫡁𫡂𭀤𮈝𮕄𮨿𮰶𮵻𱺲𱻼𲄹𲢞𳑨
丨	⺊⺌〢〣リ㐃㐄㒳㒼㔿㟗㠯㡀㣠㼂㾩䆋䇂䊟䏖䑕䜚丄丅与丏丑丣丨丩个丫丬中丯丰丱串丳丹丽乍乐乔也书了亇亞亻介候养冂冉冓凣凵凸凹刂则剂剤劑北十升卌卍卐卜卝卩厂叏叟口叫吲唐囗在壺外夰奍婁婯存寯小尸屮山岀島嶲州巩巴巾巿幽廾弔引弗彳恐戢攸斤斲旧曱木朻枾梟棄此毋毌氘氵氺沠洲浵湼滿烏爿片牛牜瓜由甲申甴界畢畱皮眉睂禸竹粌粛紖繭耳肀肃臣臦臼與舟芈蒲薳虯蚓蟎衤裊襺豳車车鄋门阝隹隺雋雘非革靷頥飛馬鬥鬬鬭鬲鳬麗黺黽鼅鼎齊齐龜𠀀𠀆𠀣𠁁𠁡𠁢𠁥𠁧𠁮𠁳𠁴𠂁𠂂𠂆𠂔𠂜𠂦𠂮𠂵𠂶𠂼𠃉𠃎𠃒𠃛𠃜𠃢𠄓𠄫𠄷𠅂𠆉𠆪𠆭𠆰𠇁𠇇𠇉𠇥𠈧𠉀𠋛𠌙𠌚𠍞𠍩𠎖𠎗𠎜𠏇𠑂𠑌𠒎𠓪𠔇𠔜𠕄𠕒𠕗𠕢𠕯𠗀𠗩𠘀𠘹𠙖𠙴𠙿𠚆𠚙𠜰𠝷𠣘𠤛𠤞𠥑𠥓𠥡𠥲𠦆𠦏𠦐𠦒𠦙𠧳𠧺𠧻𠨉𠨷𠩍𠫟𠫱𠫸𠫼𠬩𠭳𠭻𠮁𠮝𠯧𠰀𠵓𠶭𠷽𡂣𡄚𡆓𡆞𡇋𡈹𡊐𡌖𡎸𡐪𡔲𡔾𡕒𡕓𡕽𡖀𡖈𡗔𡗘𡗾𡘼𡙝𡙹𡚇𡞉𡟽𡡄𡡋𡡼𡤀𡤞𡩝𡪷𡫕𡫤𡬝𡭔𡭳𡰣𡳘𡳟𡴈𡴧𡶓𡸭𡺛𡺳𡻾𡼀𡽔𡽼𡾍𢀈𢀯𢀰𢆯𢇆𢇈𢈏𢉫𢉼𢋄𢋦𢍐𢍖𢍴𢎉𢎜𢎟𢎠𢎱𢏄𢏻𢐳𢑚𢒃𢔜𢔩𢔵𢕦𢖃𢖛𢙧𢞢𢡌𢡍𢢎𢤏𢥼𢧟𢧹𢧼𢩀𢩰𢪉𢪡𢪽𢴞𢴶𢶁𢺃𢺬𢿅𣀺𣁒𣁓𣂱𣃘𣃯𣄟𣅞𣅩𣅯𣆜𣆪𣇅𣇑𣇓𣊅𣊆𣌐𣌡𣌲𣎳𣏖𣐤𣑞𣑪𣒘𣙡𣚝𣝄𣝋𣝥𣟷𣠌𣤼𣥂𣥑𣥓𣥠𣩖𣴁𣶒𣶔𣺏𣺙𣻴𣼝𣾩𤀴𤂒𤂛𤄪𤅌𤇟𤌵𤎏𤔘𤕈𤕋𤚿𤜓𤞹𤡼𤤃𤦠𤨫𤮷𤰃𤰆𤰔𤰞𤰶𤱖𤲃𤲥𤴫𤶅𤹝𤺻𤻏𤼽𤽆𥁖𥁪𥃜𥅀𥅱𥆞𥉀𥉢𥊬𥊽𥋀𥎅𥑓𥒩𥓦𥘅𥚪𥜭𥣨𥤈𥥼𥦪𥧀𥨣𥨥𥫇𥫧𥭸𥭿𥱏𥲈𥹺𥻔𥻪𥽒𥽲𦁚𦂷𦄖𦅎𦆐𦆧𦇡𦇵𦉭𦌹𦑲𦑶𦔪𦖂𦗉𦝠𦠃𦡌𦡭𦡳𦢣𦣝𦣞𦣩𦣺𦤋𦥓𦥔𦥗𦥚𦥢𦥫𦥮𦥸𦥼𦥾𦦊𦦓𦦧𦦲𦧹𦪴𦪻𦪼𦫉𦫳𦫵𦬁𦬌𦬝𦭅𦭇𦮃𦯵𦱼𦱿𦲅𦲐𦴱𦴲𦵺𦶎𦷣𦸩𦹗𦹚𦺅𦻋𦻷𦼱𦽍𦿐𧁥𧁧𧅆𧅇𧅱𧅶𧆕𧏝𧐘𧑶𧓟𧔽𧘷𧛥𧠅𧥞𧪟𧮋𧰶𧱊𧱸𧳱𧵫𧷤𧷧𨁳𨈧𨑃𨑄𨑝𨔕𨕙𨖂𨖻𨗔𨘒𨛞𨣑𨤝𨤨𨦷𨬧𨱶𨳇𨷅𨼺𩀚𩅎𩆹𩇂𩇦𩇧𩇨𩌔𩍫𩑎𩗠𩙱𩛥𩝨𩡧𩢏𩤷𩫖𩫗𩰊𩰋𩰬𩱀𩹵𪀋𪂧𪆔𪉷𪓝𪔂𪗄𪗒𪗓𪙯𪚦𪚴𪚺𪛀𪛄𪛆𪛗𪛘𪜀𪜈𪝇𪟭𪥮𪦧𪩲𪪦𪭑𪯠𪰞𪲈𪵰𪽯𫁉𫂱𫃺𫐞𫔘𫝯𫞓𫞘𫠉𫠓𫠕𫠡𫡃𫡄𫤗𫤰𫩏𫩥𫬋𫯟𫶋𫶧𫺙𫺼𫻴𫿎𬂛𬂷𬋢𬋤𬎝𬗋𬗷𬘆𬚳𬜺𬝂𬟏𬫮𬴘𬴳𬷪𬹱𬺶𬻂𬻆𬻈𬻑𬻒𬻘𬻞𬻟𬻥𬻱𬼐𬼺𬼽𬽋𬽌𬾱𬿃𬿔𬿗𬿵𬿾𭁇𭁕𭁠𭁭𭁲𭄧𭄩𭅫𭆄𭆣𭆪𭇩𭍻𭐳𭓇𭓕𭖥𭖲𭙧𭛕𭛹𭜤𭝲𭞬𭢅𭣢𭦦𭩠𭩩𭪗𭫐𭬡𭮙𭱽𭲣𭴚𭵸𭶜𭶠𭹅𭹲𭺒𭻹𭽒𭾊𮁄𮁶𮁼𮂢𮅏𮆺𮉰𮉺𮌁𮎳𮎼𮏩𮏳𮒆𮕹𮗛𮙢𮙸𮞽𮥶𮥹𮧰𮩴𮩵𮩸𮫘𮬿𮮡𮮻𮯰𰀁𰀉𰀋𰁖𰂈𰃬𰅰𰆄𰆊𰉞𰔻𰗐𰟑𰟓𰢛𰨎𰨹𰪰𰺦𰿥𱍐𱏹𱘳𱟞𱡹𱣠𱥾𱦎𱦤𱦺𱦻𱧙𱧽𱧿𱨟𱨩𱨶𱨼𱪷𱪽𱫇𱭅𱭋𱭩𱮭𱯭𱳕𱵵𱷊𱽓𱾍𲀅𲆡𲉟𲉡𲋻𲌘𲎺𲐜𲒞𲓟𲥌𲦵𲨱𲭫𳏧𳑓
丩	㔿㧃㸨㺩㽱䡂䤛丱卑収叫嘂收朻糾纠舏虯覃觓訆赳鼼𠁫𠙝𠚨𠠳𠬞𡕒𡳿𡴝𢀙𢊵𢒥𢒾𢫃𣐲𣳋𤜟𤰞𥃧𥘊𦈮𦫶𦬥𦭢𦭺𧆢𧆮𧌟𧴷𧾻𨦀𪓓𫈍𫡅𫵜𬀀𬔅𬻲𭁄𭔬𰀣𰀧𰤞𰵊𱷚𲏊𳈚
个	仐伞傘𠁭𠆏𠌂𠑋𠤈𠮶𡗟𡙫𢐴𣃘𣎴𤔹𤰒𤳋𥙏𥾓𦅮𦣿𧱤𨽴𩁲𩠟𪈵𪬪𫠡𫢊𫢚𫨼𬦡𬻹𬽨𭨦𭩭𮈷𰎈𱍼𱪧𲅯𲐙𲹓
丫	䐡劑吖韲齊𠆈𠆋𠆗𠆜𠎗𠥛𡅁𡅓𡷉𣍄𣏎𤁜𦠃𦠕𦦏𦺅𧅠𧅱𧷔𨢞𨼻𩐐𩐓𩝦𩫾𩹵𪔉𪗎𪗐𪗒𪗓𪙔𪚎𬹲𮋡𮔰𮨸𮬨𮮼𰿛𱑣𱥰𱲀𱽋𲍫
丬	凞壮奖妆寝将桨氺浆状酱𠃡𠖮𠗎𠬧𡳙𣃞𤎹𥒩𥧌𨨼𩙱𭘀𭣖𭣣𭵲𭶿𭷀𭷃𮄙𮄦𰠗𰠘𱌌𱭗𱭘𱷕𲭊𲾝
中	㕜㞲㲴䆔䦿串仲冲妕忠忡沖狆盅祌种翀肿舯虫蚛衶衷訲迚鈡钟革馽𠀐𠁦𠁨𠁪𠁯𠁵𠁶𠁹𠂝𠅊𠇭𠔈𠛸𠥅𠫩𠫺𠳴𠶷𠻭𡁉𡂥𡆒𡉥𡒒𡖌𡝤𡞐𡞔𡡼𡧥𡧲𡨌𡲇𡴑𢡃𢪠𣆊𣐄𣥷𣫻𣶴𤁘𤆪𤌻𥄡𥪝𥫯𦌭𦌯𦌱𦑬𦕏𦬕𧔁𧜑𨉂𨌼𨵓𩁣𩁤𩡥𩪩𩵵𩶍𩿀𪚚𪜉𪞑𪤵𪫏𪯡𪳱𫃞𫑢𫔚𫙄𫠬𫡇𫡉𫩘𫯞𫲹𫻳𬇧𬈅𬈴𬩵𬻳𬻶𬻸𭁽𭅢𭚹𭚼𭜅𭤋𭤫𭮘𮊹𮕪𮩸𮴄𰇪𰕍𰣣𰫿𱅁𱝙𱡳𱩚𱯐𱻈𲎼𲎽𲑭𲠧𲩃𲰚𳐄𳑹
丮	谻𠯎𡎐𡔊𡖊𡙕𡙺𡡘𡢁𢀜𢙷𢡶𢦚𣊮𤎮𤜾𥠫𦘣𦟀𧋳𧬓𨑽𨧎𨬝𩛥𩦻𪜆𪡘𫊈𫡋𫡖𫡗𫡳𫢐𫤱𫧫𫭤𫭳𫳏𫳶𫷂𫷖𬂤𬂴𬐙𬐭𬒯𬓣𬔧𬛣𬢠𬨀𬹧𮊷𮌩𮒫𱙲
丯	㓞㦥䂮䘆䧮幰憲攇瀗砉藼𠓆𠪏𡕗𡘢𢖘𢞩𤉟𤼂𧒡𧾨𨏥𫲸𭇈𮅳
丰	㓞㕩㗉㛃㭋㸷㼤䂜䂮䒠䘆䛚䛶䰷仹夆契妦害寿幚彗恝拜拝挈暳栔沣洯炐玤盽瞎砉絜耒肨臯艳蚌蛪襷觢邦邫鎋麦齧𠁳𠂖𠂙𠂴𠎇𠎧𠓆𠕛𠙾𠛉𠜵𠨵𠪏𠫢𠬻𠱬𠱰𠲱𠿆𡉘𡊷𡘢𡘱𡝾𡬨𡲓𡴇𡵞𡻇𢀄𢉋𢍆𢖁𢗒𢜎𢪋𢭥𢰰𢶬𢸕𢸽𣁮𣇑𣈝𣉄𣍈𣐇𣓵𣟣𣭭𣮝𤉟𤋒𤏆𤑥𤔒𤟐𤠵𤤵𤩦𤫬𤾐𥢪𥪲𥾫𥿙𦄜𦕥𦚨𦛥𦤿𦥆𦦙𦷑𦾅𧑨𧒡𧓞𧟷𧥹𧯮𧯽𧻘𧿣𨔉𨛙𨛟𨪭𨴒𨴦𩈈𩉧𩑚𩓕𩮁𩲗𪀡𪎎𪔍𪢽𪬇𪭲𪮉𪽂𫂶𫊠𫒊𫜑𫡗𫣘𫤛𫧡𫪙𫲸𫳿𫻩𫽛𬁓𬁣𬆴𬈃𬏆𬓥𬡈𬶆𬼐𭂅𭆇𭆌𭉠𭎷𭚔𭝢𭦐𭦮𮋉𮤐𮤑𮬬𮷷𱧓𲚢𲞅𲞥𲩖𳂄
丱	䗒䰃䲕业並壣掽晋湴潽碰虛諩譜踫𠇿𠊧𡁖𡅭𢇇𢌕𣠸𣦄𣮧𤆽𤣋𥝄𥳁𦝤𦫄𧝉𧰍𨂝𨂞𨥥𨳹𩑄𩢓𩣌𩹁𪋳𪦾𫧼𫷛𬁧𬐧𬥟𬲖𭄀𮀑𮓩𱽭
串	患梙窜賗鋛𠁖𠁷𠁸𠁺𠁻𠍔𠳡𡩪𡮕𢈢𢖀𤊌𤠢𤶱𥣽𥭾𦀵𦵋𨭳𩁣𩁬𩁲𪭶𫆩𫍁𫔢𫡌𫡍𫡎𫩊𬊑𬟳𬥸𬲤𬵓𮦰𰀨𰤻𰧁𱦝𱳔𲎾𲹥𳃹
丳	𣛫𤢁𨔂
丵	䕺叢業𡭊𢄁𢥓𣪲𤀾𤃊𤃙𤎀𥽿𧆁𧎲𲆇
丶	⺀⺌ス㐃㐅㐔㐧㓪㕙㕚㕱㕻㖜㙶㝍㝐㝝㝟㝠㝡㝳㞑㞩㡬㡯㡳㡴㡸㡿㢆㢈㢙㢛㢴㣺㣼㦮㦿㧁㧂㧋㩸㫐㬰㭪㭸㱐㲾㳤㸦㺷㾏㾖䂖䆔䆬䆵䈧䋀䎠䏮䑉䒞䘐䚕䧹䨲䨾䫀䭾䰛䳁䳺丈下专丮临丶丷丸丹为主丼丽乂乄义之乓书亠亡亣亥亦亨亩亮人亽仒令以伏倉兆兎兔入八六冖冫冭凡凫函刄刅刱剆剙剶办勆勺匁匆匓卜卞卟卥卪即厎厯厶叀又叉及发史吏吠启咓囪図圡堍塁塺夊夕夜夨太奿妭婏婯宀宂宄安宋完宍宐宗宙宛宜宠宣宥宩宸宼寃寄寇富寑寔寘寫寰寵寸寿尃小尤尨尺岛巩市帍帝幾广庀庁庂庄庇庈庋庌庎庒库底庘庛庝庞庠庡庢庣座庫庬庭庮庯庰庲庳庴庼庿廀廁廂廄廅廇廈廉廋廍廏廐廑廒廙廚廛廜廝廞廠廣廦廨廬廳弋弘彲心忄必忉忺怵怸恋恐惟憲戈戉戊戋戍户戹戽扂扄扅扆扉承拔摂攍敷斥方旊既更曵朗朚朮术杗枤枭梥梵楽櫭欴歩氐气氵氶永氺求汱沭沷洲添渋滿灬炢為爫犬犮玄率珁瓜瓦瓭瓵瓹瓾甀甂甈甉甊甋甐甔甫畗畿疂疒疢疷癶皀皭盋盏監禸禹禺秫穴穻穼突窐窧立笀篾簆籈糹絉羕者肩脊舟艮良芃芄芍茋荗萈蔑薳藈虫蛮蝷蠁衤袅袚覧言訃訧讠豖豙象赤赱軣辶邷郎郒郷酈鉥鍳长门隶雇雨颾飛飞飠飮高鬼鮁鯽鳸鵉鵖鵺鶺鸟鹡麗麻默齀龐龙龴𠀋𠀕𠀖𠀪𠁖𠁥𠁼𠁾𠁿𠂀𠂂𠂐𠂑𠂭𠅈𠅏𠅴𠆊𠆋𠆱𠇇𠇞𠇲𠉨𠍋𠎘𠑻𠒘𠔁𠕇𠕉𠕍𠕒𠕘𠕵𠖦𠖱𠗟𠗩𠘀𠘄𠙦𠚚𠚤𠛦𠟐𠠫𠣘𠤞𠤶𠦂𠦑𠦸𠨅𠩌𠪱𠫓𠫨𠬊𠭧𠮁𠮈𠮚𠮺𠯁𠰲𠱗𠱪𠲁𠲙𠳜𠿜𡁓𡂧𡅓𡇋𡈽𡉡𡉩𡊍𡋶𡌾𡍣𡎓𡒖𡕌𡖍𡖗𡖥𡖵𡗃𡘁𡙪𡙼𡚦𡟧𡠁𡢦𡥏𡦹𡧉𡧓𡧗𡧸𡨇𡨕𡨤𡨥𡩕𡩠𡩲𡩵𡪀𡪂𡪉𡫚𡫠𡫻𡬅𡬝𡬠𡯮𡰓𡰜𡱀𡱄𡱕𡲇𡷉𡷊𡻾𡿕𡿦𢀏𢂋𢄕𢅃𢇚𢇛𢇤𢇨𢇩𢇪𢇭𢇻𢇿𢈈𢈊𢈙𢈲𢈳𢉅𢉌𢉒𢉞𢉩𢉳𢉿𢊆𢊊𢊍𢊨𢊰𢋇𢋐𢋗𢋦𢋨𢌭𢌮𢍺𢎐𢎚𢎛𢎬𢐭𢕉𢖩𢘚𢚕𢜇𢜜𢟭𢠮𢡷𢣓𢣽𢦍𢦑𢦣𢧟𢨂𢨦𢨧𢨨𢨩𢨴𢨶𢨿𢩀𢩁𢩇𢩈𢩉𢩊𢩌𢩔𢩖𢪢𢬠𢬪𢮞𢯂𢯪𢳌𢳻𢴜𢻬𢽯𢿷𣀷𣁩𣂞𣃯𣅀𣅤𣇈𣈌𣍫𣏋𣐂𣐎𣐧𣓙𣔳𣔿𣗫𣘚𣝚𣝥𣟜𣠫𣡜𣡟𣡨𣢣𣥑𣦳𣨃𣪋𣪘𣯕𣰐𣰿𣱒𣱵𣳌𣷷𣸼𣻎𣼠𣼦𣽵𤁦𤆧𤇍𤊰𤐎𤐱𤓰𤓳𤓷𤘞𤘲𤚶𤜧𤝇𤝞𤝟𤠢𤠩𤠸𤡎𤥟𤦡𤧨𤧬𤪫𤫒𤫣𤬪𤬬𤬭𤬮𤬰𤬵𤬶𤬺𤬿𤭁𤭂𤭃𤭄𤭌𤭍𤭎𤭏𤭐𤭑𤭒𤭓𤭔𤭕𤭘𤭛𤭝𤭞𤭟𤭢𤭧𤭨𤭩𤭫𤭰𤭱𤭳𤭴𤭹𤭺𤭻𤭼𤭽𤮀𤮅𤮆𤮇𤮉𤮊𤮋𤮎𤮏𤮐𤮓𤮔𤮖𤮘𤮙𤮜𤮢𤮦𤮧𤮨𤮩𤮫𤮭𤮯𤮰𤮱𤮵𤮷𤮸𤮹𤯎𤶉𤷿𤹵𤺆𤺟𤻤𤽕𥁫𥂭𥃚𥃛𥃜𥄵𥄽𥆴𥒩𥖡𥘍𥙤𥝆𥞯𥤢𥤱𥥐𥥢𥦍𥧐𥨫𥫗𥫵𥫹𥫻𥮧𥰐𥳁𥳏𥶕𥶸𥷖𥷷𥼘𥽊𥾠𦁹𦂳𦂵𦂷𦃂𦅬𦉐𦉹𦌖𦍑𦍛𦍭𦒎𦓓𦔀𦖶𦝠𦠄𦨚𦩚𦩛𦩳𦪂𦪃𦪐𦪦𦪨𦫍𦫏𦭊𦮞𦮟𦯧𦲛𦳰𦴱𦵤𦶷𦷣𦽗𦾳𧀈𧁶𧂶𧉱𧎉𧎟𧎶𧏃𧑔𧒟𧒫𧓐𧔶𧗇𧗒𧗷𧘇𧘵𧚍𧞕𧞙𧟕𧟧𧡉𧢉𧥛𧥜𧥯𧦂𧩾𧬖𧬰𧭌𧰙𧰞𧰨𧲷𧸛𧻐𧿗𧿡𨀄𨂺𨄛𨄮𨈏𨌊𨌝𨍒𨑝𨒳𨖏𨖼𨘑𨙖𨜊𨝎𨟧𨢒𨤅𨥀𨥪𨦏𨦐𨫕𨬁𨬝𨯶𨱘𨱛𨳥𨷭𨾳𨿤𩄩𩄹𩆣𩆫𩇨𩈵𩌯𩍹𩎐𩐔𩐛𩓲𩔅𩙱𩛖𩡷𩣮𩤗𩫼𩬼𩱘𩴆𩵥𩶄𩸃𩹦𩼭𩾅𩾦𩿁𪁜𪄺𪋭𪍅𪎗𪒡𪙯𪙱𪛝𪜅𪜊𪜠𪝴𪞋𪟙𪟵𪤵𪧨𪨂𪨢𪨿𪬒𪸻𪺙𫂉𫅞𫆖𫊙𫐨𫒣𫗒𫜵𫝂𫝇𫝓𫝢𫝣𫝲𫞓𫞕𫞖𫞙𫟱𫤬𫥮𫧔𫩁𫪾𫯌𫰋𫱎𫲺𫲿𫳄𫳗𫴘𫵎𫷬𫷸𫸅𫼏𫽕𫾰𬃕𬆰𬌩𬌪𬍏𬍿𬎨𬖔𬛻𬜺𬟶𬠽𬪖𬮽𬷛𬺿𬻋𬻑𬻔𬻘𬻷𬻺𬻼𬻿𬼀𬼁𬼄𬼫𬼷𬽄𬽅𬽇𬽥𬽼𬾘𬿻𭀖𭀗𭀣𭁭𭂫𭂬𭃭𭃲𭄐𭅍𭅲𭅳𭅺𭇰𭐳𭐸𭑿𭓞𭓢𭓱𭓶𭓽𭔀𭕄𭕭𭕴𭕿𭙎𭙐𭙑𭙒𭙓𭙔𭙕𭙢𭙣𭙭𭙵𭙿𭚄𭚇𭚋𭚒𭚗𭚠𭚥𭜰𭟶𭟷𭠁𭠠𭡏𭢠𭣔𭣪𭦃𭨘𭫾𭮖𭲾𭳍𭴑𭼧𭽁𭽂𭽓𭾉𮁓𮁡𮂔𮂪𮄓𮅂𮅇𮇓𮊫𮋀𮌁𮌔𮍒𮎘𮏞𮐪𮑛𮓰𮔃𮔇𮗇𮙥𮛎𮞃𮡧𮤔𮥴𮥹𮨇𮫳𮬁𮬩𮭶𮭷𮱜𮹔𰀠𰀢𰁜𰃝𰄜𰅽𰆭𰇟𰇳𰋵𰍨𰎘𰏲𰏼𰐃𰚷𰞭𰟠𰦍𰯲𰲱𰻌𱉝𱍪𱍸𱍹𱏧𱏵𱘩𱚏𱚭𱛺𱜟𱜣𱝃𱝄𱝿𱟴𱠀𱥌𱥨𱥴𱥻𱦛𱦹𱧙𱧱𱧼𱨤𱨵𱨼𱩝𱪬𱪺𱪻𱫏𱫣𱬎𱬴𱬵𱭝𱮦𱯠𱲋𱲩𱳔𱵇𱵊𱵛𱵞𱶘𱶾𱸳𱸿𱹂𱹜𱹟𱻂𱼃𱼑𱼱𱽌𱽍𱽡𱾓𱿀𲄳𲅔𲅚𲅟𲅯𲅾𲇅𲊋𲋷𲍿𲏀𲏇𲑅𲑡𲕕𲗋𲗛𲜡𲜸𲞹𲟀𲟃𲟄𲟆𲟒𲥗𲦪𲩘𲰹𲳌𲹨𲽄𲽿𳁆𳁪𳃲𳄱𳌖
丷	⺌㒸㴱㸏䒑䝉䥥业严並丧丫乊亊亚产享倂兑兯兰关兹兾半单商啇啬善夔嬂宻尊崟幟并弚弟従总恙戠旁旘普曽曾柬樴滿濓火灭灾熏熾猶竒織羌美羙職膱臼苂菳蟙識軄酋金釒釜鍫鑿雚養首鬼鯗黑龰𠀺𠁘𠂴𠆘𠉓𠊍𠋐𠐚𠒀𠒇𠔃𠔄𠞑𠢄𠥛𠩖𠪕𠪨𠫄𠬠𠬴𠭶𠮦𠯁𠱫𠴣𡇤𡇷𡈘𡈤𡌙𡏳𡐁𡗜𡘆𡘔𡙨𡚏𡝾𡢧𡣣𡭞𡮝𡰤𡲞𡳗𡴌𡵖𢀝𢁰𢂇𢄰𢆉𢇈𢍋𢕎𢛹𢜧𢝑𢞹𢧂𢨒𢨙𢨞𢭣𢮪𢽑𢿪𣄞𣅑𣉊𣎘𣓲𣕙𣚱𣟻𣣔𣫞𣯰𣳍𣴎𣹿𣺨𣽚𣾌𤆂𤆲𤇇𤇝𤇫𤋌𤌰𤎚𤎷𤏡𤐈𤙺𤞄𤣙𤧪𤰐𤰒𥊷𥋏𥍌𥏛𥜼𥟆𥟨𥢧𥥍𥩎𥪈𥫈𥯀𥽿𥿿𦁋𦆇𦆑𦌖𦍌𦍍𦣚𦤐𦯺𦳒𦹆𦺿𦼘𦾗𦿴𧌶𧒠𧔑𧔓𧔭𧔶𧝊𧢚𧢪𧨺𧬣𧮙𧶜𧷞𧷭𧸕𧹹𨂚𨂮𨔬𨘶𨣠𨤾𨥄𨧂𨪲𨭉𨰛𨱘𨴇𨶼𨷅𩁘𩄪𩑿𩞡𩢣𩪩𩯈𩱁𪄇𪄋𪇠𪎲𪒸𪗲𪝫𪦖𪪰𪬐𪯙𫃨𫊛𫊫𫎇𫟈𫢊𫤳𫯟𫯯𫽩𬀊𬂄𬆫𬆲𬈃𬉘𬋒𬋾𬌟𬎿𬔨𬘉𬙬𬪐𬺧𬻕𬼸𬼺𬾹𭁄𭄫𭅐𭅝𭅟𭉠𭉵𭎙𭑏𭒔𭕄𭘊𭟱𭟹𭪒𭪗𭪯𭫓𭬢𭱎𭱪𭱽𭲞𭲬𭳖𭼅𭼽𭽶𮈕𮌏𮍹𮎧𮎪𮐗𮖟𮗖𮘤𮙞𮚘𮛙𮞧𮢿𮣝𮦄𮯜𰂸𰆨𰑑𰙪𰝀𱈬𱐏𱜢𱧥𱧰𱨫𱨹𱩭𱬋𱬌𱬛𱮎𱮪𱮫𱲭𱵂𱵧𱵲𱶢𲅱𲌤𲌦𲑾𲚱𲢴
丸	㙯㝷㞍㿪䀓䃞䆒䎠䒯䞇䴟勢埶執奿孰执汍熟熱犱秇笂紈纨肒芄藝訙釻骫𠂃𠂅𠅩𠅶𠌁𠌢𠌷𠪑𠫷𠮫𠮬𠷏𠽃𡂞𡉕𡕞𡘺𡚺𡠦𡦦𡧄𡪐𡴿𡵎𢍠𢎫𢓃𢟯𢣞𢦗𢩾𢬋𢳊𢻝𣊎𣏒𣙀𣞕𣡊𣯭𣼳𤍽𤎒𤒆𤒒𤮅𤴯𥊝𥐠𥡩𦄌𦎃𦗙𦘾𦽓𦿳𧁈𧈮𧒦𧝚𧮭𨄧𨎐𨫔𨫦𨬇𨮲𨶝𩉝𩑖𩚐𩪿𩻉𩾞𪈢𪐟𪜂𪟵𪢰𪣖𪦝𫂏𫉵𫑳𫕣𫡬𫷿𬗵𬯸𬵄𬽦𭏼𭐓𭓔𭺳𮂼𮘰𮜿𮩳𮫰𰀅𰺥𱩈𱪟𱫡𱫹𲁊𲂀𲣒𲶷𲺖
丹	㥖㳩䒟䢷䵊刐坍彤旃枬栴炿玬砃蚒袇雘鴅鿕𠂄𠌚𠣝𡔤𡛓𡜫𡵕𢭛𣪂𣲥𤘪𤯞𤿔𥘘𥙡𥝳𥫼𥸻𦕃𧿜𨈝𨱪𩔣𩕇𩬅𪗤𪚘𪚫𪲌𫛝𫢌𫨳𫼘𬉾𭋉𭜗𭠭𮕾𮘍𮷼𰇋𰇙𰣤𱆥𱴝𱴫𲔓𲻑𳅰
为	㧑伪妫沩𠯠𧹑𫇭𬬶𮷓𰌷𰣦𰦨𰲲𰵑𰻦𰿫𱞅𱡼𱣄𱪯𳄙𳎓
主	㗟㴤㹥䇠䝬䪒乼住妵宔嵀往拄暀柱殶注炷疰砫紸罜蛀註跓軴迬鉒霔飳駐驻麈黈𠉫𠣕𠩈𠰍𠴦𠸈𡊲𡙃𡷜𡸌𢛛𢦴𢨸𣶂𤔕𤖸𤤛𤪉𤽞𥅖𥆜𥘭𥦠𥩣𦊝𦒼𦗊𦙴𦭦𧉶𧏼𧡗𧣓𧻄𨈫𨝇𨲢𨲣𨳳𨾨𩒊𩨻𩱌𩶃𩿢𪌘𪏜𪐴𪚹𪜋𪨚𪫬𫇕𫼠𬃯𬚶𬣣𬷗𬻻𬻽𬻾𭅘𭈴𭐨𭖒𭻙𭿊𮀒𮂿𮇐𮏼𮙘𮚜𮢉𮢔𮮏𰀩𰠳𰬇𰽯𰿓𱋍𱑳𱒷𱡽𱯁𲓸𲨉
丼	㣋𠛜𤍧𦓮𨚢
丽	㛤俪彨逦郦酾骊鲡鹂𣶇𪲔𫀌𫄥𫪃𫾲𬕄𮴠𰄭𰓬𰥢𰳼𰴗𰸐𲾢𳏀
举	榉𫽥𲛡
丿	⺆⺈リ㐅㐆㐧㒊㒨㔫㕪㕿㚖㝺㞑㡀㢴㣇㣎㤤㥻㪠㪵㬰㱾㲊㷗㻀㻄㿡䂊䂗䇖䈧䊨䎹䏮䒞䖝䘶䛕䝉䝦䧭䨿䫡䶹丆丌丢丣丩丬丰丳丷丸丿乂乃久乇么乊乌乎乏乐乑乒乔九亓亦人亻介儿兂兆免兎兔兜入八养兼冘农几凢凫函刀判剂剤剰劑力勹勿匁匆匕千半卑卝卥卬印厂及叐发受叛史向呂呑囟囪囱塁壬夂変夭夰奍奕奥奧女妥季孪寕小少尢尸尹屮屲岙岛峦島嵰川巾币帟帶并幷幾延廾弈弗弟弯彡彣彦彳恋息悉悤愛戉戊我戶才承挀摂斲昋曳枭栾梟楽槪歉此歩毋氏氕氘氦氶永氺求泉渋湚湼為炿烏爫爱爲片牙牝犭率瓈甉甪甶界番疂疈白皀皁皂皇皐皭皮盉眞眾睂睾矛禾秉穱粛粤粵系罙羊羽考聚肃胤脊脔自臬臭臯臼舌舜舟艮茅茰萅蒧薳虍虛蛮螫血衆衤袅裊裦褎襃见豕豖象赤趹身軣迹釆銮鎫长閁隶隹隺雃雨雺非頃飛飞餩香鬬鬼鯽鳬鴄鶺鹡黍黺齊齐齔龙龜龵𠀆𠀉𠀔𠀗𠀚𠀽𠁁𠁅𠁡𠁮𠁱𠂁𠂆𠂇𠂈𠂉𠂊𠂌𠂎𠂓𠂔𠂕𠂖𠂗𠂙𠂚𠂛𠂜𠂝𠂞𠂠𠂢𠂤𠂥𠂦𠂧𠂨𠂲𠂵𠂶𠂷𠂸𠂻𠂼𠂽𠂿𠃁𠃓𠃔𠃕𠃢𠃤𠄄𠄒𠄓𠄘𠄛𠄫𠄷𠅂𠅑𠆢𠆥𠇓𠇬𠉨𠋰𠌐𠌚𠌞𠌤𠌶𠍩𠍸𠎗𠑹𠑼𠒂𠒇𠒍𠒎𠔇𠔔𠔙𠔲𠔾𠕒𠖣𠖦𠘦𠘧𠘨𠙊𠙚𠚙𠚚𠚟𠚡𠚣𠚾𠛦𠝉𠝷𠞔𠟲𠟵𠠲𠣐𠤎𠤣𠤺𠥲𠦂𠦨𠦸𠧊𠧘𠨅𠨟𠨨𠩌𠩐𠩯𠩳𠪌𠪏𠫱𠫼𠬞𠬦𠬵𠭗𠭡𠭧𠮈𠮮𠮺𠰗𠰜𠰨𠱫𠲁𠲲𠳜𠴿𠵓𠶵𠻏𡂣𡆞𡆧𡇋𡈼𡉍𡊂𡊥𡋧𡋸𡌯𡍴𡍺𡏍𡐍𡒃𡒍𡒏𡒖𡒠𡒴𡔝𡕓𡕩𡕼𡕽𡖀𡗒𡗠𡗾𡘁𡘎𡘠𡘥𡘸𡘻𡙏𡙩𡙪𡙼𡛷𡜞𡞉𡞟𡞼𡟉𡢛𡥇𡥋𡥞𡦾𡨿𡭔𡭡𡯁𡯃𡰣𡰹𡱕𡴓𡴝𡷊𡺒𡻾𡿦𡿻𢀝𢀯𢁏𢁞𢁤𢂨𢂸𢃁𢃂𢃵𢆺𢆾𢈔𢋐𢌍𢌜𢍂𢍃𢍉𢍏𢍒𢍖𢍘𢍙𢍢𢎨𢎯𢎱𢏐𢏒𢐺𢑗𢑘𢑚𢒢𢖬𢗩𢘗𢘚𢘣𢘳𢝏𢠮𢦣𢧝𢧟𢧥𢨾𢩥𢩶𢩺𢪐𢪢𢪺𢫢𢭇𢭡𢭥𢰛𢱂𢴜𢴞𢶁𢶢𢼋𢼡𢾢𢾦𢿔𢿬𢿷𢿹𣁍𣁓𣂬𣄯𣅞𣅬𣅲𣆢𣆼𣆾𣇑𣉭𣊜𣌤𣍝𣏒𣏮𣐈𣐗𣐧𣐩𣓡𣔬𣕺𣗨𣗫𣗷𣘚𣚪𣡫𣢔𣤝𣥂𣥆𣥋𣦳𣧨𣪋𣬃𣬇𣬌𣯕𣰐𣱒𣱱𣱵𣲑𣳛𣴁𣴂𣴎𣶒𣶔𣶧𣷖𣹀𣹃𣺏𣼠𣽳𣿼𤀈𤀴𤁌𤁦𤃕𤄋𤆇𤆒𤇕𤇫𤈚𤈯𤈰𤉝𤉱𤊝𤋅𤋛𤌵𤍡𤎏𤎞𤒐𤓾𤔆𤔓𤔘𤔤𤕈𤕋𤗕𤙋𤚞𤛿𤜩𤞹𤠸𤤋𤥱𤦠𤧜𤧧𤧯𤪒𤬣𤰃𤰆𤰞𤱚𤱜𤱫𤱮𤵮𤵵𤷞𤺝𤻏𤽃𤽄𤽅𤽈𤽎𤽏𤽕𤽟𤽢𤽮𥁖𥂂𥃚𥃛𥃜𥄤𥅀𥅉𥅱𥆞𥇨𥇫𥈠𥎀𥎞𥑓𥑚𥑨𥒏𥒩𥔝𥗸𥘇𥘍𥚪𥚽𥛄𥜻𥝍𥝓𥝚𥝢𥝮𥝸𥞆𥟃𥟯𥠎𥠐𥠗𥠤𥡆𥢄𥤢𥧈𥪄𥫹𥬽𥮂𥯯𥳁𥳏𥴎𥸫𥹐𥼘𥾔𥿙𥿢𦀣𦀩𦂷𦄓𦅳𦈤𦈾𦌖𦌹𦒢𦓐𦓤𦕮𦖶𦙍𦚯𦠃𦠄𦣵𦣾𦤀𦥑𦥓𦥙𦥢𦥫𦥮𦥺𦥾𦦊𦦓𦧮𦨊𦩚𦩛𦩳𦪂𦪃𦪐𦪦𦪨𦪴𦪻𦪼𦫺𦬌𦬐𦬲𦭂𦭄𦭺𦭾𦯵𦱠𦱼𦲢𦳅𦳸𦴱𦶃𦶷𦷑𦷘𦹰𦺅𦽗𦽱𦿐𧅱𧆧𧆩𧆬𧇩𧈁𧉕𧉷𧏁𧏇𧏝𧑔𧑵𧑺𧒫𧓟𧔶𧕠𧖧𧖨𧖴𧗷𧘇𧘧𧘰𧘵𧚍𧚎𧚡𧛲𧠆𧠥𧠳𧢉𧤬𧤸𧦎𧦖𧦶𧦻𧮸𧰧𧰨𧱌𧲶𧳱𧴷𧴺𧵁𧷢𧹘𧺆𧾫𧿗𨀶𨁓𨄮𨈏𨈐𨈑𨏅𨑄𨑝𨓍𨓱𨔹𨕙𨕛𨕶𨖂𨖼𨗔𨘑𨙑𨙖𨙪𨚄𨚚𨚛𨜚𨜲𨝎𨞣𨞮𨣩𨤒𨤘𨤙𨤚𨤽𨥳𨦏𨩁𨫶𨬀𨭲𨱗𨱘𨱳𨳥𨸏𨸴𨺀𨺘𨽁𨽷𨾳𩂚𩃀𩄗𩄩𩅎𩅧𩇀𩇦𩇧𩇨𩈠𩊤𩎐𩑎𩓯𩔿𩖝𩙣𩙱𩞝𩠺𩡨𩡬𩢁𩢏𩢶𩣛𩥨𩧞𩨶𩫒𩬛𩬼𩯙𩱘𩶳𩹵𩺐𩻐𩻴𩾑𪀋𪂧𪅚𪆔𪇺𪏯𪒡𪒺𪓑𪓝𪔂𪗄𪗒𪗓𪙖𪙯𪛛𪛝𪜀𪟵𪤵𪥌𪥲𪦂𪩲𪩽𪬑𪭃𪭞𪶺𪸰𪺔𪽆𪽋𪽐𪽾𫀖𫀦𫀧𫀰𫂱𫃛𫃺𫊕𫋉𫌃𫏹𫒀𫙡𫜵𫜸𫝂𫝄𫝓𫝕𫞓𫞕𫞘𫞟𫠓𫠕𫡏𫡒𫡓𫡕𫢤𫤘𫤬𫤭𫥮𫬯𫭣𫵎𫸬𬂟𬅌𬆣𬊓𬋩𬍏𬍿𬐃𬐅𬐇𬐌𬓡𬖁𬗷𬞎𬥁𬫋𬫧𬮽𬵼𬷪𬹱𬺱𬺷𬻂𬻍𬻼𬼀𬼂𬼃𬼌𬼐𬼗𬼞𬼺𬼿𬽆𬾘𬾤𭀃𭀣𭀥𭁗𭁭𭂪𭂫𭃔𭃡𭃨𭃲𭄩𭅍𭅓𭆣𭌉𭍻𭎊𭎕𭐝𭐫𭐵𭐸𭑚𭑿𭓕𭔡𭕇𭕾𭕿𭖥𭖮𭖾𭘑𭙙𭙫𭚖𭛄𭝢𭝰𭟶𭠅𭠍𭢴𭣕𭤮𭥬𭦁𭦃𭦢𭧮𭩩𭩲𭪗𭪼𭫗𭬍𭭾𭮍𭮖𭱐𭲾𭴑𭴺𭷵𭹲𭹻𭺛𭺽𭻊𭼾𭽒𭽜𭽽𭽾𭾉𭾛𭾜𭾩𭾽𭿓𭿵𭿶𭿼𮁓𮁡𮁶𮄒𮄓𮅏𮆔𮇚𮉼𮊒𮊫𮋀𮌂𮍬𮐪𮑛𮓓𮓗𮓝𮓟𮓢𮓩𮓱𮓼𮔈𮔔𮕕𮙥𮙯𮛎𮜟𮞽𮡎𮡘𮡦𮤔𮥴𮥶𮥹𮨈𮩎𮬧𮮻𮶖𮷄𮹔𰀁𰀠𰀪𰀫𰀹𰂸𰃦𰆄𰇳𰍧𰎘𰚷𰛅𰛆𰛕𰢖𰤒𰤔𰤴𰭰𰶚𰺦𰻌𱀭𱋵𱍓𱍸𱏧𱏵𱙨𱚞𱜟𱜱𱞜𱟴𱣔𱣠𱤪𱥮𱥽𱦗𱦟𱦤𱦺𱧙𱧼𱧽𱨟𱨤𱨪𱨱𱨼𱩜𱩝𱩦𱩰𱫵𱫶𱫿𱬎𱬚𱬩𱬴𱬵𱭃𱭑𱭕𱮦𱯊𱯫𱯬𱲨𱲻𱵆𱵽𱶉𱶮𱶾𱷘𱸳𱹜𱹪𱻂𱻑𱻱𱻶𱼃𱼧𱼰𱽈𱽓𱽔𱾜𱾲𱿀𱿄𲀑𲅄𲇆𲇉𲉒𲉛𲊂𲋻𲎺𲏅𲏆𲓚𲓵𲓷𲘟𲙱𲜸𲝍𲟝𲢯𲩘𲰹𲹨𳁆𳄱
乀	ス㤤㬰㸦㻀䘶䘸䛕䜁䝉丈乀乂之乑人伬入八刄匁匆卜又史吏呎夊外夜夨孓尐尺廴彣彦憏承挀攵更氶永氺求沢洖焲瓜癶祦聚艮茰蚇訳詧豕豖象趹辶长隶龰龴𠁱𠂂𠂢𠄓𠄘𠄷𠅗𠅱𠆋𠆓𠆕𠆙𠆢𠔁𠔂𠔇𠖁𠚟𠤺𠥓𠧛𠩐𠭶𠮺𠮼𠯁𠱐𠲲𡅓𡆡𡒍𡖺𡗒𡝄𡥇𡫮𡺒𢀯𢆣𢈔𢎡𢏽𢑘𢠮𢣼𢫂𢶢𣊜𣏛𣐧𣠀𣧖𣨜𣱵𣲡𣴎𤓰𤕈𤥿𤦡𤵵𤾤𥇫𥒏𥬽𥯯𦥺𦧁𦳅𧌊𧏁𧒟𧖴𧘇𧦮𧰧𧰨𧵐𨑃𨑄𨞮𨦏𨱗𨳉𨳥𨽁𨽆𨾳𨿤𩂚𩂜𩆫𩇧𩡬𩢶𩶳𪅚𪎎𪛛𫈻𫝕𫞴𫯛𬞂𬥁𬹱𬻌𬻼𬻿𬼂𬼌𬼿𬽆𬾤𭀃𭓕𭔙𭙫𭛕𭣔𭭛𭴺𭻊𭾽𮋀𮓼𮕋𮙥𮛷𮜟𮜨𮤌𮥴𰀠𰂸𰍨𰛕𰢛𰺦𱍸𱥽𱦍𱨥𱩨𱬴𱯣𱶰𱻑𱾜𲇆𲇉𲋻𲙱𲢯
乁	乁亪几厾𡆡𦽍𨳉
乂	㕼㝔㞿㠩㣻㤵㥿㧞㲼㳇㷺㸚㺬䁈䃦䖊䘠䢃䢟䢩䦯䫨䳱丮义交冈凶刃刈匈区卂叐図夐巩希彣愍慗慜慦憗憨懯懲攵攸放敄敖敝敫敬文斍旻曷杀棨榝檠気汛沤瀪煞熃父爻犮班盩盭窔筊网罓肴艾茭豖赵軐遨遫邀邍鐅鐜闙闝闞阚风飐饏鬫鴱龜龱𠀠𠀼𠂐𠂭𠄡𠄹𠅨𠅴𠆥𠒘𠔝𠘮𠘰𠚙𠜽𠢕𠣽𠩌𠩺𠫤𠭷𠮁𠮣𠯌𠵪𡒠𡖘𡗏𡘅𡙐𡙥𡝶𡠧𡥉𡦤𡧬𡴷𢂞𢄕𢈒𢋪𢌦𢌰𢍗𢍙𢍛𢎓𢑓𢚐𢛮𢞽𢞾𢟻𢡑𢢌𢢡𢣮𢥲𢧴𢨓𢩩𢪣𢭇𢳓𢶢𢶱𢹗𢺧𢼁𢼠𢼫𢼬𢾘𢾵𣀴𣁝𣅎𣅐𣊁𣊥𣋤𣌎𣏂𣏠𣏯𣓰𣘢𣘼𣜧𣝽𣠨𣡅𣥇𣪩𣬲𣮖𣮙𣯛𣰒𣰓𣰟𣰪𣱂𣲢𣷙𣸗𣺶𣻊𤁁𤃏𤄋𤄞𤅾𤉰𤋥𤎅𤏆𤏺𤐳𤒥𤕐𤕜𤕢𤕧𤘞𤚓𤜢𤞠𤞮𤢝𤥘𤨣𤭶𤰑𤴧𤼲𤼹𤽠𥂚𥂦𥃊𥃴𥄁𥑪𥜄𥦲𥫜𥭰𥷶𥸏𥹛𥹦𥼅𥿔𦁯𦂷𦅬𦙹𦜞𦝠𦤴𦥓𦥼𦪐𦱹𦴁𦼧𦿯𧅐𧒫𧝗𧝟𧞠𧢒𧢠𧢡𧢤𧦷𧩥𧫣𧫬𧭁𧲳𧽾𧾘𧾣𧿅𨖟𨝟𨟃𨢀𨥸𨧋𨪣𨪧𨬝𨯍𨰩𨱩𨷋𨷣𨿆𩈞𩉶𩎮𩕀𩕣𩙉𩛀𩛙𩜢𩞕𩞤𩨟𩴇𩴰𩾘𪅙𪅷𪆝𪉑𪍾𪘻𪚦𪛇𪜧𪠣𪠲𪠴𪬒𪵺𫂷𫇬𫋑𫎜𫎣𫒺𫒽𫓓𫔵𫞪𫞯𫞰𫪟𫫎𫭟𫺮𫻍𫻙𫻱𫿿𬀫𬂇𬆰𬉑𬉫𬊇𬋴𬖊𬚪𬝴𬟏𬟚𬠆𬩊𬫁𬬘𬬝𬮋𬼆𬼎𬼑𭁵𭑄𭑯𭠮𭥘𭼾𭽃𭿆𮃘𮚭𮚮𮩊𮲱𰋜𰞭𰪦𰰝𰰞𱃋𱉪𱒋𱒍𱓎𱘄𱦘𱫶𱬆𱮨𱮭𱯗𱰀𱳕𱴫𱷦𱹣𱺴𲁯𲄸𲉭𲎿𲓞𲕚𲠽𲠿𲸜𳁆𳁘𳉚𳊱𳍚𳏊𳏹
乃	㚉㝦㞧㭁㭆㲌䄧䚮䯮仍呄夃奶孕尕屷扔朶氖疓盁礽秀艿莠辸釢隽鼐𠂏𠂪𠂫𠂱𠛘𠮨𠯷𡉁𡕔𡥗𡦺𡧿𡩍𡭘𡻎𢒀𢒁𢖱𣅅𣏻𣐨𣕼𣤃𣫉𣱽𤆄𤆈𤜠𥙯𥚣𥟄𥾋𦏁𦙕𦞾𦨋𧁅𧈣𧈦𧘌𧤢𧤪𨨍𨸐𨾫𩀟𩜒𩾖𪜌𪣍𪥑𫂲𫞰𫡄𫡐𫡝𫴟𫶵𫹭𬊅𬔬𬝡𬤻𬦠𬩄𬼅𭑩𭺹𮂁𮋣𮥸𰀬𰀯𰃋𰅮𰎯𰝄𱍹𱒼𱲐𱲑𱼁𲀚𲉰𲏁𲐖𲙀𲛼𲰧𲱜𲲚𲷵𳀭𳂑
久	㝌㡱匛奺杦汣灸玖畂畝疚粂羐羑镹𠇉𠇧𠖮𠝙𠥂𠥾𠨠𠮻𠺖𡉌𡚮𡚰𢆩𣖈𣬨𣿤𤆐𥏑𥤯𥹰𦇥𦤷𦮖𦲃𧰫𧺓𨥆𨾉𩐗𪔼𪖓𪦉𫘹𫡠𫹅𫼖𬀨𬗎𬜢𬽧𭅥𭐕𭖃𭧟𮄴𮊣𮠘𮱿𮵉𰝺𰸃𰿙𱍾𱍿𱵼𱹇𲉬𲏄𲏉𲛥𲼌𳂛
乆	𠃰𠅺𠔨𢱿𣲄𤯖𤱑𥤳𨕜𮀌𮩶𰀬𰃭𰞆𱳸
乇	㡯䅊䨋亳仛侂厇吒圫奼宅托杔毛汑灹矺秅籷虴託讬飥饦馲魠𠅢𠣔𡊾𡨉𢏒𢖲𢩷𢯀𣅒𣓽𣧃𣳥𤜤𤣯𤫪𤰦𤴱𦘴𦨎𦬃𧘐𧯝𧲢𧿌𨀟𩑒𩨛𩱾𩸼𩹣𪀥𪌂𪐞𪣓𪺩𫒇𫾧𬦛𬼇𭆿𭽉𮃸𮤹𰌝𰑛𰹊𱂠𱄽𱇏𱝾𲕺𲟠𳊘
么	䶸仫嚒嬷庅懡簒麽𠂓𡚸𢩻𣋟𣏈𤙋𤣵𤱔𥃼𥝠𥽓𧀋𩑑𩾮𬁲𬌫𬑼𭄢𭜍𭢹𭯷𮐋𰓥𰗩𰦺𰭳𰲪𰿋𲧒𲭚𲯇
义	㳗仪紁肞舣芆蚁议𡵌𢕉𢣊𢭒𤜥𥆶𥐟𦛥𨟳𩉠𩑐𭇀𭒻𭩚𮋬𮰸𮲛𮳃𮴂𮵅𮶝𮷶𰆕𰹵𱉌𱝿𱞥𲁤𲍇𳐁
乊	乥𣲛𥞉
之	㝎㞫乏椘芝𠯣𡘕𡭿𢾘𦥧𦮩𧉌𧩰𨪯𩖳𪢇𪦆𫡛𫩝𬔱𬼛𭓆𭾣𮗧𰇝𰓇𰞀𰢪𰶮𰶸𱍻𱍽𱤿𱺻𲔨𳁬
乌	呜坞邬钨鸟𠆿𠛆𤆡𫲻𬮻𰏓𰓆𰙋𰲟𱍼𱣂𱳳𲠗𲻲𳀰
乍	㡸㸲䋏䝫䞢䟭䩆作厏咋妰岝岞怍怎拃昨柞泎炸痄砟祚秨窄笮胙舴苲蚱詐诈迮酢鈼阼飵鮓鲊齚𠈨𠔫𠖽𠛢𠹨𡗸𢂃𢓓𢼎𣧫𣬿𤱴𥅁𥹁𦥬𧙓𧣝𧯤𧲮𨋘𨤎𨴃𩂖𩢐𩬟𩿞𪌟𪫗𫗢𫽏𫾩𬆢𬍚𬬽𭎌𮉣𮒏𮥏𰆺𰜘𰭭𰰂𱀈𱌬𱐗𱔧𱗑𱰻𲍱𲭷𳎮
乎	㭔䉿䤣䴣乯呼垀泘烀苸虖軤轷雽𠇼𠏸𠓧𡛚𢨽𣧯𤇠𤝘𤵡𥬏𧦝𩄗𩶈𪏹𪕉𪩀𫊯𫍞𫗶𫚶𫼞𬏃𬼔𬼡𮎇𮓦𰨣𱿕𲎶
乏	㞏㴀䍇䒦䟪姂抸柉泛疺眨砭窆覂貶贬鴔𠇖𠍥𠰏𠸾𠹰𠻅𡶉𢇫𢵉𣆅𣭛𤇮𤝑𥁔𦚖𧊉𧒅𧦟𨥧𩚮𩬪𩶟𪀐𪣇𪥻𫛡𫣱𫦧𫱑𫸿𬎣𬐆𬜆𬨵𭛦𭤱𮎊𰏖𱭚𱶀𲰻𲷭
乐	㧰䀥栎泺烁砾跞轹铄𪠸𬍛𬏤𬼏𮰽𮲃𮷇𰋗𰤕𰩈𰴢𰷴𱛙𱜨𱱦𱽚
乑	㔌㵵䝒䝦䠫聚衆驟𠏭𠹩𣽍𤄓𤲄𥣙𥵫𦆜𧓏𧭍𨽁𩂢𩼦𪿼𬽕𭮚𲄾𲥈𲥖𳂗
乒	𰏨𱣓
乔	㤭㳢侨娇峤挢桥矫硚荞轿鞒骄𥁢𪜎𪡀𪨗𪪑𪵑𪺭𫊸𫌯𫍤𫏋𫓱𫥽𬮄𮱵𮳧𮴓𰉩𰕈𰡊𰩸𰬐𰷶𱇩𱉬𱋑𲄶
乕	逓𧚜𪁦𭈹𭖤
乖	㔞㪓㾩䂷䓙乘剩埀𠝍𡇸𡏕𡮓𡹁𢝤𢮿𢾽𣒧𣔪𣪜𨛽𨝄𨧰𨵞𪞳𪬁𫏓𫟽𫡙𬠕𰀭𰂓𱓅𲒻𲛗𲫬𳀽
乗	剰𡹴𢜼𢾦𭼜𰹛𱄥
乘	剩塖嵊溗騬𢟊𤳁𦟇𦶝𧪝𨍱𪳕𬟯𬨾𬼒𭡽𮶄𱅢
乙	㐇㐈㐉㐊㐋㐍㐎㐏㐐㐑㐒㐓㐔㐕㐗㐘㐙㐚㐛㐝㐞㐟㐠㐢㐣㐥㐦㧖㲸䎲乙乞乤乥乧乪乫乬乭乮乯乲乴乶乷乺乻乼乽亿呝忆戹朰氹砨穵肊艺軶釔钇鳦𠀂𠃉𠃐𠃗𠃘𠃝𠃡𠃣𠃮𠃯𠃷𠃺𠃻𠄈𠒍𠘷𠧒𠫕𠮙𠮞𠯡𠰆𡆠𡴄𡴭𡴯𡶃𢒼𢖮𢩧𢪞𢼁𣄻𣄽𣎷𣐖𤓱𤤜𤴥𥘆𥝎𦨇𦱼𦴱𧈝𧰦𧿎𨑵𨦤𨸵𩁶𩑨𪐘𪜐𪜑𪜒𪜓𪵖𪸍𫘸𫚮𫡢𫡣𫡥𫡨𫡫𫤾𫭖𫰆𬖋𬨖𬸺𬼛𬼝𬼟𬼢𬼤𬼥𬼦𬼬𬼯𬼱𬼳𭆁𭆂𭤪𮚲𮛁𰀫𰀲𰀴𰀶𰀹𰀽𰀿𰁁𰁂𰁃𰁄𰁅𰁆𰁉𰁊𰁍𰁎𰁷𰍴𰏇𰐺𰹈𰹯𱉇𱎄𱎅𱎆𱎊𱎎𱎐𱑢𲏇𲏈𲏉𲏋𲏍𲏎𲏏𲏐𲏑𲏓𲏔𲏕𲏖𲏗𲏙𲏚𲏛𲏜𲏝𲏞𲏟𲏠𲏡𲏢𲏣𲏤𲏥𲏦𲏧𲏨𲏩𲏪𲏫𲏬𲏭𲏮𲏯𲏰𲏱𲏲𲏴𲏵𲏶𲏹𲏺𲏻𲏼𲏾𲘞𲜲
乚	㐖㑙㔞㔾㕀㞑㡃㣧㭯㳐㳧䆋䐴䯆䰲䵝七乚乜也乢乣乨乩乱乳乵乹乿亂亃亄亡儿兂免兎兔冘劜匕化匚厯圠奄孔尢己已巳帶心扎摕旡札朼櫭湚玌甩电癿眞礼竃竜糺縄耴胤臫虬蝿蠁蠞见踂軋輒轧酈釓銸錷钆電頃鬼鱀黽黾鼅齓龍龜龟𠀑𠃏𠃒𠃔𠃕𠃖𠃞𠃟𠃡𠃦𠃪𠃭𠃱𠃲𠃴𠃵𠃶𠃸𠃹𠃼𠃽𠃾𠃿𠄂𠄅𠄇𠄉𠄑𠄲𠆦𠆹𠉒𠉗𠉥𠊋𠋃𠑸𠑼𠒞𠔲𠖬𠜰𠝉𠞒𠤎𠨰𠪱𠫖𠫱𠬜𠮜𠲷𠵣𠻌𡀋𡁗𡁥𡆰𡉵𡊥𡋸𡐃𡔻𡘁𡘤𡘹𡛆𡛋𡜯𡢧𡤞𡦶𡮈𡮒𡯁𡯸𡱕𡳟𡳾𡸗𡹽𢀀𢀒𢁎𢂸𢆺𢇖𢇼𢈗𢉓𢒽𢖩𢖪𢨤𢩺𢫄𢬴𢮊𢳌𣀴𣃢𣃿𣆍𣋔𣎹𣑌𣒘𣕺𣥃𣦷𣦾𣧇𣯠𤄡𤆺𤈨𤈯𤍡𤐅𤐇𤔞𤕣𤖨𤗅𤜓𤦄𤧜𤳍𤵦𤸿𤼾𤽪𥃤𥄀𥆍𥆎𥋁𥎲𥐕𥑯𥕠𥘷𥙒𥙧𥚅𥚇𥚯𥛭𥝏𥟯𥠎𥡌𥣨𥤛𥦣𥧄𥪖𥭙𥾴𦂬𦊣𦋍𦋙𦋸𦍛𦏳𦔮𦕿𦘳𦙌𦚯𦛖𦟭𦣵𦦁𦧿𦨊𦫉𦯍𦱉𦹕𧉹𧋖𧑴𧑵𧓟𧘷𧚊𧜐𧟛𧢳𧫜𧬰𧲠𧳿𧹧𧺇𧾹𨁓𨂢𨏝𨐐𨛽𨡦𨥼𨦂𨱶𨴄𨷍𩂬𩃓𩄀𩅐𩆇𩆈𩈠𩚂𩣘𩦳𩷋𩾐𩿌𪓕𪓝𪓤𪖐𪚦𪚧𪚨𪚫𪚴𪚺𪚽𪚾𪚿𪛀𪛃𪛄𪛆𪛇𪛉𪜕𪟨𪠈𪾬𪿬𫃨𫄙𫦐𫩙𬋢𬒒𬗆𬟏𬦃𬧠𬮽𬷻𬺾𬼗𬼙𬼡𬼧𬼫𬽃𬿄𭀠𭀣𭀥𭀯𭀱𭈅𭔌𭚒𭡃𭮝𭲤𭳿𭷓𭷺𭽇𮂪𮄁𮌂𮑩𮒮𮔑𮔔𮕤𮚨𮛛𮥖𮧂𮯛𮯜𮯝𮯞𮯟𮯲𰀷𰀺𰀻𰁑𰎘𰤏𰭧𰭾𱇍𱪋𱫞𱫣𱭅𱯰𱰜𱰨𱵳𱶩𱶴𱺾𱻩𱼖𱼨𱽔𱾦𲅞𲌤𲌥𲌦𲌭𲍵𲎎𲏅𲐔𲓟𲟉𲯍𲴭𳉚𳐥𳐧𳐰𳐲𳐴𳐶𳐷𳐽𳑂𳑳
乛	⺈㐧㲊㽕乛乜也买了冖壽夀慶爲疋皮虍虛龴𠀄𠁅𠄐𠋾𠌀𠙚𠚔𠝌𠟵𠧘𠩳𠭗𠭶𠮈𡁥𡐍𡔂𡔽𡠕𡥋𡧝𢦢𢧝𣐱𣤝𣿼𤋛𤐭𤗕𥁪𥇨𥈠𥖂𥟃𥟙𥟞𥢃𥳁𥵯𥹐𦈾𦴱𧆬𧇩𧑺𧮸𨣥𨫶𨬀𨭲𩎐𩬽𪛗𪛘𪛚𪛜𪤳𪩽𪭃𫇧𫑭𬻒𬼺𭄧𭐙𭗇𭛄𭣕𭦁𭩩𭬍𭱐𮅏𮆔𮓗𮓝𮓟𮓢𮓩𮩎𰠆𰺦𱀭𱥽𱨪𱩦𱩨𱯊𱰿𱻑𲉛
乜	𠬫𤘗𦘮𭑫𭴂𮓲𰒹𰥟𰫥𰰟𱑿𲃔𲍆
九	㐇㐜㐡㐤㔲㕤㭝㶢䊵䜪䧱䲥丸亴仇勼卆厹叴宄尻扏旭旮旯朹杂氿泦犰究肍艽虓訄訅軌轨釚頄馗骩鳩鸠鼽𠃙𠃩𠃳𠄁𠄆𠆷𠕴𠖂𠘪𠠵𠤙𠫗𠬚𠱞𠲙𡚪𡱧𡴴𡵐𢈑𢎩𢒂𢔞𢦎𢮴𣉑𣘑𣱍𣲶𣷾𤕛𤣬𤰙𤰚𤴦𤾋𥐜𥑅𥟵𥹛𦎚𦓏𦓑𦔱𦘵𦭉𦳹𧆟𧆬𧈤𧓛𧗝𧥠𧥭𧺎𨑍𨳊𨸒𨹡𨼡𩒟𩚻𩠒𩨔𩫴𩱼𩵍𩾛𪊌𪓒𪖒𪜔𪜗𪜙𪽇𫝲𫟲𫡤𫡦𫡰𫦬𫷥𬖚𬚉𬱓𬼃𬼣𬾘𭆸𭇍𭐸𭑂𭮖𭰏𭾭𮁝𮇃𮉠𮏆𮛂𮶈𰁇𰆞𰋐𰏉𰡭𰯺𰲩𰴋𱎂𱚍𱶋𱼊𲉨𲫎𲭁𳄖
乞	㩿㫓䇄䎢䒗䞘䢀䦍䩐䬣䰴乾亁仡刉吃圪屹忔扢杚汔漧犵疙盵矻籺紇纥肐虼訖讫趷迄釳阣麧齕龁𠀸𠄃𠄄𠄊𠄋𠓟𠖯𠚮𠠶𢇓𢖴𢭖𣢆𤑓𤣮𤰢𤱘𥝖𦨏𧆦𧆫𨊰𨰿𩑔𩛪𩠓𩨘𩰌𩾥𪐜𪟴𪨣𪸏𫎐𫖪𫷔𬼠𬼪𬼲𭆀𭙐𭥡𮍵𮸱𰦛𰫱𱃱𱋇𱤾𲊕𳉁
也	㐌㦾䄬䊶䪧䶔乸他匜吔地她弛彵忚扡施杝毑池灺牠祂竾肔虵衪訑貤迆酏釶阤馳驰髢𠇜𠨱𡖐𡧀𢇚𢻫𢻱𣸚𤕮𤖪𤜣𤱡𥃸𥐨𥒃𥝀𥹗𦍔𦏸𦐁𦧇𦬎𧠉𧦩𧺏𧿇𨤤𩚉𩵔𪨥𫂴𫍙𫡩𬮆𬺼𬼜𬼨𬼩𬼭𬼮𬼰𬽓𬾍𬾡𬾥𬿊𭀍𭀎𭅤𭆰𭇠𭈽𭍽𭔞𭔳𭕗𭕟𭘬𭝔𭞱𭢽𭤮𭰿𭻠𮋭𮌊𮏡𮜮𮟉𮮶𮴃𰀸𰓩𰷠𱂏𱎏𱬶𱱚𱶄𲎿𲏷𲔞𲤜𲰼𳋁
习	挧羽翀𠁨𡰳𧢯𩙣𪸪𮳜𱟬
乡	㢕㿈䔨䦳嚮曏芗薌蚃蠁郷鄉鄊鄕雍響飨鱜𡄐𢛭𣍑𤔕𤩬𥃍𥖡𦭚𧬰𨙵𨜕𨝅𨷿𨿄𩞠𬁠𬼴𭅼𮞀𰥆𰮅𱁈𱩁𱼤𲆘
书	𰁈𱕸𱮵
买	卖荬𢙑𪡃𫰨𬻽𰱐𱉳
乱	𠉗𦯠𪾬𭈅𭡃𮔑𮛛
乳	㐠㳶啂𠄀𠄇𠄉𡇲𡔵𡝦𡨻𡭾𡮈𡮑𡲐𢆡𢉚𢯚𣈃𤭤𥇽𥯇𦎞𦜘𨨜𨼼𩸐𪜛𪞺𬋲𬌢𱵙𲏳𲏽𲏿𲐀𲱠𳉕
乹	𭅓𰋮
乾	㨴墘漧𠼳𢠥𤍯𨝌𨝝𨫬𨼃𫙱𭢇𲈕𲍘𲯲
亀	䆴䦰䰗穐𠼓𦅥𦿷𩰘𪚲𪳥𫝰𫠝𫣒𭒗𭧛
亂	薍𠏢𥂽𲢼
亅	㐧䚯丁东乎乐亅了亇亍刂宁寜寧小成我才朩未氺添爭甼疔眔米肀艼苧閅鬥𠂿𠄍𠄐𠄑𠄷𠅂𠅠𠆤𠮧𠯃𠰜𠰤𡇋𡨬𡨴𡬝𡰨𢀗𢑘𢠮𢫂𢵎𣃞𣄿𣅲𣏛𣧨𤔹𤞹𤰃𤰆𤺟𥇫𥩬𥫘𥾒𦀱𦌤𦲢𦷣𧄀𧿗𪟗𫟱𫰩𬺰𬼸𬼺𭨱𭩲𭺽𮋀𮐥𮤫𮷌𰍧𰍨𰑀𰛄𰥼𱒭𱶹𱷖𱷘𲉒𲉛𲏂
了	㝋䄦䑠䘶亨函凾叾子孑孒孓承氶焏爳疗辽釕钌𠄏𠄕𠄗𠄘𠆨𠆼𠊻𠖭𠗙𠙶𠚚𠮩𡐄𡤼𡥀𡧖𡭖𢆳𢙎𢚣𢞳𢩪𣎸𣬝𣱾𣵊𤁁𤆒𤴔𤽀𥁝𥤣𥾇𥾼𦋣𦛫𦥖𦥗𦨿𦫼𦬽𦶷𧘈𧾿𩍱𩜿𩫶𩵌𩾒𪌀𪜜𪞠𪟽𫘵𬈚𬚊𬶼𬷽𬹱𬻺𬼶𬼷𬼹𬽉𬽒𭇘𭙏𭢰𭣡𭨥𭨲𭬹𭾙𮵫𰁒𰍉𰒻𰝶𱉉𱛆𱦓𱨊𱩜𱷻𱺑𲐁𲑾𲽧
亇	亇争尓尔竹𠗭𠩄𥫧𥫮𩵜𪝪𪝱𪞀𪟳𪠉𪡉𪡍𪣱𪤲𪤸𪥥𪥯𪥾𪩬𪫓𪫶𪬫𪮯𪯊𪰇𪰰𪱕𪲣𪶏𪸄𪾆𪿸𫁞𫆡𫉼𫋶𫎑𫎚𫕸𫠦𫡐𫡔𫢖𫧣𫧦𫴬𫶜𬂆𬂨𬆒𬋆𬋫𬋱𬌣𬎻𬎽𬐸𬑅𬓗𬕳𬕺𬖩𬞮𬢞𬨻𬪄𬪽𬬃𬾫𱞵
予	㐨㘧㜿㮊㶦䂛䦽伃垿妤序忬抒杼汿沀矛紓纾舒芧豫野預预魣𠄔𠄛𠄝𠰄𡆹𡍳𡜾𢄮𢎻𢡴𢭸𣏗𣖦𣝰𣼫𤝉𤤂𤰩𤵈𥄛𥝱𥩧𦍗𧠐𧦃𧶃𧺥𨋋𨑦𨥤𨱢𨹘𩿎𩿗𪐧𪜝𪴟𫕃𬜓𬯺𬼻𬼼𭌗𭛞𮓪𮬛𮰕𮷽𰀥𰘃𰦍𱎻𲾐𳑕
争	㬹䋫䍵䦛䦶䱢净埩婙峥挣棦浄瀞狰琤睁碀竫筝諍诤踭錚铮静鬇鿇𠲜𡸵𢂰𢏰𦓺𦱊𧬦𧶄𨌢𨛰𨲌𩓞𩗲𪰭𬥷𬻗𮱙𰁓𰁔𰈞𰏎𰬑𱐲𲊖
事	䭄倳剚𠄜𠡯𠡸𠶝𡠑𡸪𢜝𣓊𧨴𨧫𫻋𫻐𬭑𱎑𱠉𲐀𲷿𳃅
二	⺝㔞㞑㞷㥑㦮㪵㯿㱏㷸㾚㾩䁽䃳䉭䏻䑓䒠䜌䜲䝓䪉三专且丰乍亍亏云亖亗些亝享仁儠元兰其冃冄冡判剤劑勻匀北半叁叚叛口嚮囬囲壽夫夳崋巤弍弎忈戞戢拜擸斉月未梆次段氺滿潵爉犣獵甚甫畐畢皐目示竺羍羽耳聿脊臘臯芈芙華萕蕐蠟言訁豪趑躐身辰邋那鑞長镸閆闫雨霊非饜髙鬛鬣鱲鶺鷛黶鼠齊龵龶龹𠀪𠀫𠁦𠁩𠂀𠂯𠃈𠃻𠄘𠄤𠄦𠄧𠄩𠄪𠄬𠄰𠄳𠄷𠄽𠄾𠄿𠅈𠅘𠅙𠅢𠅿𠆉𠆭𠇇𠇙𠍈𠎜𠐡𠑿𠓞𠓽𠔉𠔐𠔩𠔰𠕅𠕋𠕒𠕢𠖵𠗮𠙘𠚒𠚧𠛷𠛹𠟵𠠗𠢊𠢘𠢨𠤂𠤝𠥻𠦸𠧥𠨦𠩐𠫼𠭌𠭳𠮕𠮡𠳠𡂏𡂶𡆤𡆰𡌖𡍙𡐃𡐪𡓍𡕣𡖗𡗗𡗢𡘼𡙄𡚬𡞟𡢌𡣹𡤾𡦋𡦦𡭚𡰥𡱕𡴀𡵂𡵞𡶂𡼀𡿴𢇖𢉮𢊎𢎐𢎥𢔵𢕶𢡍𢡤𢦺𢨑𢨧𢩥𢬕𢭥𢰿𢱯𢱵𢱿𢵎𢷥𢻀𢼖𣁨𣄾𣋰𣋲𣌃𣍔𣍝𣐂𣕓𣘺𣣬𣣽𣤀𣥋𣦋𣦞𣦲𣩌𣫛𣬛𣭌𣯠𣰫𣱵𣴎𣵋𣹨𣽐𤁯𤄪𤅌𤆜𤊚𤌰𤍞𤏑𤑻𤔘𤖚𤚿𤛽𤜓𤞹𤢪𤢱𤣙𤦨𤫘𤬣𤮺𤯉𤱫𤲃𤲯𤳣𤴕𤹛𤽓𥀰𥁫𥃉𥄽𥅭𥊇𥊬𥐃𥐘𥝝𥟌𥦴𥨬𥬟𥱏𥲓𥵒𥵭𥻔𥾒𦂰𦄪𦆻𦍋𦍛𦐃𦐯𦒦𦒩𦖶𦗉𦚑𦜤𦟭𦣹𦣼𦥑𦥢𦥫𦥷𦥾𦦊𦦓𦧄𦧹𦨃𦫽𦯤𦵍𦸩𦼤𧀨𧂪𧆅𧊨𧎂𧑰𧒤𧓚𧔁𧖁𧘧𧘯𧙒𧜏𧞘𧞪𧠇𧥛𧥜𧥽𧦂𧧛𧩽𧪸𧪺𧫲𧭞𧰠𧴳𧵶𧵸𧹘𨈑𨐌𨑃𨑄𨒎𨕉𨕶𨖞𨘅𨚚𨛟𨛽𨢒𨤝𨭀𨱛𨱶𨳎𨳏𨴙𨶄𨹿𨻛𨻯𨼘𨼛𨽴𩇀𩇦𩉉𩍫𩐐𩙑𩚾𩝘𩥡𩧆𩰽𪇹𪋃𪑤𪔀𪗄𪗲𪙷𪠪𪢙𪦗𪦧𪭃𪯆𪱞𪲆𪳧𪴅𪵷𫓕𫕕𫖼𫖿𫗀𫗁𫗃𫙨𫞎𫞏𫞪𫡋𫡱𫡶𫡸𫢁𫤰𫨻𫬋𫬯𫲷𫵩𫷡𫹊𫿕𫿭𬆣𬏵𬐜𬖧𬘆𬙸𬚦𬞹𬨜𬫖𬱶𬱹𬲁𬲂𬲄𬴖𬴘𬵘𬷪𬹱𬺵𬺹𬻜𬻝𬻪𬻷𬼐𬼽𬼾𬽒𬾵𬿬𬿲𭁕𭁠𭁡𭃂𭄡𭉿𭋨𭏍𭏕𭏩𭏬𭐙𭐥𭓕𭓘𭕡𭕯𭖥𭗭𭘾𭜎𭜦𭟖𭠠𭢅𭦃𭫍𭭓𭭡𭵧𭺏𭺜𭺺𭽇𭾋𮇭𮊖𮊜𮊷𮌂𮎷𮏩𮗘𮘎𮜛𮟚𮠙𮦊𮫖𮫙𮮻𮶜𮷤𰀁𰁕𰁗𰂮𰇇𰌞𰌴𰘖𰝚𰟑𰤯𰩱𰩽𰳀𰺦𰻌𰻜𱍐𱍻𱎒𱎓𱎕𱏹𱐘𱓄𱘤𱟤𱠍𱡔𱡴𱡵𱣔𱣩𱥹𱥽𱦛𱧋𱧫𱩢𱪀𱪍𱫔𱫖𱬔𱬰𱭕𱭿𱮎𱯰𱰃𱵏𱵳𱶈𱶉𱶛𱷺𱸈𱸸𱹅𱻓𱻕𱻰𱼩𱼲𱾦𱿬𲁱𲁹𲅱𲈣𲋄𲎓𲐂𲐃𲐆𲐊𲔂𲔑𲔼𲜬𲥌𲦵𲨀𲨲𲬿𲹢𳉃
亍	䵹示行衏衕衙衚衛衜衡衢𠷢𠼫𡧃𣲇𤁰𥐡𥸰𦈥𧁠𧗦𧗪𧗴𧗶𧗸𧗿𧘂𧘅𧺗𨊫𨏎𨮣𨽇𩶷𫋮𫋱𫝿𫠢𬍐𬗃𬼴𬽣𬿭𭛰𭟨𭱤𭱸𭲸𭹊𰤲𰳬𲥯𲩝𳀘𳀛𳀜𳑮
于	㐵㚥㝼㡰㪀㽳䄨䍂䏏䖉䩒吁圩宇弙徐扜旴杅汙玗盂盱穻竽紆纡芋虶衧訏趶迂邘酑釪骬𠃗𠄀𠕮𠯊𠳲𡋌𡖏𢊢𢖳𣕓𣦿𤕎𤰤𤿍𥎿𦏴𦭨𧘘𨊱𨕓𨾌𩁹𪪬𫉞𫎏𫡚𫤿𫧙𫯣𬅞𬇢𬉶𬐟𬙗𬙘𬣙𬱀𬲨𬹥𭅕𭑃𭖂𮧶𮳚𰑇𰖨𰫹𰭨𰼒𰽗𱃡𱲭𲁱𲄸𲅊𲶶𳈛
亏	㟧㠋㢪㺮䊸䔢咢圬夸扝杇污疞粵肟芌荂蕚虧迃釫雩𠄯𠌶𠟲𠣻𠮱𠮲𡘆𡚯𡟂𡩭𡩱𡶹𡹻𡼙𡾀𢁢𢇡𢗃𢘢𢣧𣂭𣅘𣅙𣋓𣧁𣪔𤂥𤆏𤔧𤬄𥀿𥁄𥃖𥃳𥅎𥏦𥏴𥏼𥏾𥐃𥝜𥫡𥿐𦈣𦏻𦕞𦦫𦫐𧆜𧇊𧈃𧈯𧘎𧘚𧥦𧿉𨈲𨍘𨑛𨙱𨚤𨜆𨢰𩉞𩑕𩨗𪟉𪥚𪻖𫅀𫒑𬚵𬬨𬲧𭜋𭨙𮘛𰢡𱃢𱳤𲉹𲚰𲝄𲤕
亐	㠋咢夸摦汚綔肟芌蕚虧迃雩𠄥𠆬𠌶𠮲𡘆𡚯𡧈𡶹𢁢𢎰𢚹𣂭𣏓𤆏𤔧𥁄𥃖𥃳𥏾𥫡𦈣𦉿𦖓𦘼𦯟𦴾𧆜𧆶𧇊𧈯𧥦𧨄𧿉𨚛𨜆𨠱𨢰𨹯𩉞𩏬𩑕𩢣𩨗𫏲𬚒𬝷𬺵𭧝𭧮𭨯𮒦𮦁𰲓𰸝𱰇𱷫𲅤𲐗𲤛
云	㙯䢵䰟䲰会伝侌凨动叆叇呍囩坛夽妘尝层忶抎昙枟沄眃秐紜纭耘耺芸荟藝転运酝雲魂𠄴𠅀𠇌𠣓𠦊𡂞𡙿𡛍𢆹𢍞𢶳𣐂𣡊𣫱𣱉𣸮𤱂𤷜𤽎𥐯𥘟𥢘𥬀𦤆𦱚𦾆𧥼𧴳𧶀𧶊𨥕𨲑𨾜𩃬𩄈𩇒𩏁𩲑𪉂𪔎𪜞𪜟𪲡𪵣𫝚𫡶𬁴𬆽𬍒𬨿𬼾𬽀𬽁𬽂𭁪𭆳𭌵𭐻𭑆𭑇𭠢𭥓𭨨𭱋𭴈𭴉𮂳𮒛𮡒𮦖𮧄𮨀𮲐𮶘𮷎𮷹𰁛𰄠𰌟𰏶𰔵𰚸𰚼𰟋𰷦𱄎𱛈𱯀𱰦𱺱𲂀𲂄𲋓𲐄𲐅𲐈𲟡𲟯𲶺𳈜
互	䇘䊺仾冱坘枑沍魱𠀕𠈝𠯞𡗨𢎸𢗝𢪔𣅥𤙆𤜷𥘡𦊂𦊍𦍞𦙁𦨝𦬚𦯥𧘢𧥮𧺳𧿟𨋆𨚎𨠂𨥛𨱀𨸧𩉱𩚢𩿍𪏳𪥦𪸒𫄚𫰟𮊧𮫵𰦧𱇓𳁝
亓	㫅䟚䭼𠓡𡉝𡉨𢗏𣂕𣔔𥘕𥟝𥫶𥾟𥾦𦨘𦬟𨉅𩵧𪊔𪗞𰁖𰑴𰜥𰭞𱥳
五	㐏㕶伍吾忢鿉𠄲𠄶𠄻𠄼𠬷𠵥𡟿𡨓𢛤𣌃𣍲𥄪𥄬𥐳𥥫𦙗𫇩𫡲𫡵𫰌𬁶𬂡𬂽𬃂𬪷𭈔𭘣𭜐𭨐𭱷𮏓𮐌𮛉𮡨𮤴𱎖𲆮𲐉𲐋𲔡𲝭𲡜𳉂
井	㐩㓝㘫㴁䎴䨍丼刱囲坓妌宑汫汬畊穽耕肼讲进阱𠁲𠄺𠚎𠛝𠜚𠝆𠦈𠭗𠭘𠭢𠭮𠯤𠵡𡖚𢒈𢪝𢰎𣂗𣊼𣏨𣡜𣥞𣥟𣲜𣸕𤌌𤦨𤮖𥅶𥐹𥝷𥨗𥬆𦕡𦧏𧶥𧶩𨐨𨙷𨥙𨳩𨸥𩾺𪔏𪜅𪪁𪰉𪱶𫎁𫡋𫡳𬆓𬑽𬙍𬜣𬟷𬪦𭃎𭅆𭾞𭾠𮈃𮗻𰃖𰅉𰅑𰠂𰼗𰽟𱎠𱙲𱳭𱶍𱶷𲅦𲟱𲧲
亖	寿𡆨𩇦𮌁
亗	𡵧𢅢𢽠𣹨𦠠𧢡𨝔𨷣𪳢𰥙𱖔
亘	䚙䱎刯咺垣姮宣峘恒晅晝桓洹烜狟絙荁貆車𠈗𠖑𠖚𠠊𠣙𡘍𡱌𡷆𢂡𢬎𤌓𥅨𥥣𥹚𦆍𦍼𦚸𧊳𧱂𧻚𨋧𩍻𩎨𩒢𩫡𩫧𩰵𩺏𪊥𪴶𪻘𫄠𫠱𫧑𬨤𬴠𭁴𭜩𮀂𮁭𮟷𰏃𰦶𰴮𰼧𱅻𱅾𱇥𱢡𲅅𲉎𲒺𲟚𲦛𲱖𳉌
亙	㮓䱍堩恆揯絚緪𠡚𡩃𢫮𣈶𣎄𦚹𧙸𨀿𫰟𰬌
亚	㫫䅉並哑垩垭壸娅恶挜晋桠氩痖铔霊𢧫𣌽𤖥𥐄𩂳𩤼𩬾𪨂𪿊𫒣𫥼𫯌𫳃𬁺𬅮𬷛𭭈𭯋𭻍𮇔𮳅𮴏𰌦𰡉𰦴𰲸𱉨𱍰𱎫𱒭𱙎𱛝𱽛𲂉𲐇𲰫𳃵𳅒
些	㾚祡𠉃𢧲𣒄𨧥𭈐𰓿𱸈𱺤𲡓𲮎𲸁
亜	䛩唖悪𡏍𢳩𣊰𣱌𤉁𤩖𪰥𫰫𬂲𰤐
亝	㴉䠁𠜸𠫰𠴧𥓗𨹶
亞	㝞㰳䃁䛩䢝俹啞埡堊壼婭孲惡掗斵椏氬琧瘂稏蝁錏閸鵶𠁏𠁐𠁕𠜲𠠇𠨣𠼞𡈀𡱻𡹄𡹅𢑹𢛟𢩔𣂪𣇩𣉩𣛽𣤼𣵾𤊗𤦩𤲢𤲾𥏝𥦳𥮳𥺼𦜖𦩒𦲕𧓥𧢗𨁶𩓩𩗽𩜄𩤃𩩤𩭯𩸇𩸋𩸖𫡷𬘃𬪿𰁚𰖐𰡓𱡙𲾫
亟	㥛䓧䩯極殛𠔠𡹪𢉗𢔔𣶬𣷉𤊅𤷉𥈂𦎢𧛘𧩦𩏊𫇐𫽄𬍪𬤅𬨲𬫡𭂤𭈫𭬛𮩙𰂟𰔅𰧐𱣵𱹩𲙡𲛜𳍠
亠	㐔㐪㐫㐬㐭㐯㖜㙶㡉㫄㱾㲤䐡䘸䙝䜌䥆䯧主亠亡亢交亦产亨亩享京亭亮亯亰亱亳亴亹侫充兖兗六劑卒卞吝商啇圗変夜奕嬂孪峦崪市帟幟弃弈弯彣忞恋恴懐戅戠摿文斍方旁旘曺栾椉樴殶毅氦渷濓焲熾玄率畆畒畝稁立竎竒織羕職育脔膏膱蛮蟙衣裁裒裹襄言訁識豙豪蹵軄辛迹銮隹隺雍雜韲音顡餩饔高髙鵉鵺鷲齊𠂁𠅁𠅂𠅃𠅄𠅅𠅆𠅈𠅉𠅊𠅌𠅏𠅑𠅓𠅔𠅖𠅗𠅘𠅙𠅚𠅛𠅜𠅝𠅞𠅟𠅠𠅢𠅤𠅥𠅦𠅧𠅨𠅫𠅬𠅭𠅰𠅱𠅲𠅴𠅵𠅷𠅸𠅺𠅿𠆀𠆁𠆂𠆃𠆅𠆆𠆇𠆈𠆋𠆍𠆎𠆏𠆐𠆑𠆒𠆓𠆕𠆖𠆗𠆙𠆚𠆛𠆜𠆝𠆟𠆠𠆡𠆼𠎗𠐜𠑻𠑽𠒋𠕑𠖥𠗥𠘘𠘺𠚔𠜇𠜡𠝌𠟇𠟼𠡌𠢻𠣐𠣸𠤇𠦸𠪌𠫓𠭇𠮸𠱗𠱫𠲯𠲲𠴽𠵷𠾃𠿕𡁗𡃀𡃬𡄐𡄚𡅁𡅓𡅟𡍠𡍣𡎲𡐁𡓩𡕨𡕩𡖍𡖵𡖺𡙩𡡫𡢧𡣹𡣼𡦦𡧵𡫪𡰔𡰗𡱀𡷮𡸝𡺒𢂋𢄕𢆏𢆣𢌓𢌮𢍓𢑸𢒲𢕎𢛫𢜖𢜚𢟰𢡃𢢦𢧂𢨒𢨞𢮯𢰍𢰜𢽒𢽮𢽯𢽺𢿪𣁝𣃢𣄆𣄞𣅀𣅂𣋿𣎘𣏋𣐂𣐽𣓧𣓲𣕏𣖇𣖈𣘚𣚏𣚪𣟐𣟻𣡥𣨜𣨻𣫛𣫭𣰐𣱵𣳍𣵉𣷖𣷷𣹿𣺓𣼅𣼆𣼠𣽚𣾌𤀮𤁁𤁜𤅅𤅣𤆴𤇯𤈅𤊰𤋋𤍍𤎷𤒆𤓥𤓳𤕚𤙫𤙺𤡎𤢢𤣥𤥥𤥿𤪅𤫓𤫹𤬥𤲾𤽕𥀏𥂡𥂬𥂶𥃀𥃐𥃚𥃛𥃰𥆕𥋏𥎥𥏉𥏛𥗧𥜘𥟆𥠤𥢧𥪈𥫈𥮧𥯲𥵭𥷛𥸊𥾻𥾼𥿿𦁋𦁙𦁹𦆌𦇨𦏎𦏝𦕺𦚍𦚫𦚾𦛄𦟨𦠃𦠕𦦏𦧨𦯧𦯺𦺅𦺿𦻫𦽡𦿗𧂕𧃥𧅙𧅠𧅱𧆅𧋲𧌊𧍐𧏹𧐛𧓂𧓚𧖁𧘂𧙬𧙴𧚕𧚝𧚱𧚾𧛦𧜊𧜏𧜰𧝊𧝹𧞂𧞚𧞥𧥛𧥜𧦂𧦣𧨺𧩽𧬣𧱘𧱳𧴨𧶜𧷔𧷞𧹹𨀶𨂺𨄮𨌤𨎡𨎱𨏅𨏯𨏸𨐋𨐌𨘛𨘰𨘿𨙖𨚃𨝣𨟐𨡤𨢞𨣑𨤫𨦤𨪣𨫚𨬇𨮲𨶼𨺊𨻎𨼛𨼻𨽷𨾨𨿤𩀻𩁛𩇊𩇰𩏈𩏉𩐐𩐓𩕆𩘍𩝦𩞡𩡥𩥤𩪩𩫀𩫃𩫎𩫏𩫖𩬽𩯈𩶞𩹵𩺽𩺿𪁚𪂗𪆾𪈋𪍅𪏜𪔉𪗎𪗐𪗒𪗓𪙔𪙯𪚎𪚹𪜠𪜢𪜣𪜤𪝂𪢃𪦖𪨂𪭛𪯙𪲌𪳄𪶺𫆥𫉿𫋉𫋔𫌹𫒜𫒣𫓕𫔪𫝅𫟯𫡺𫢁𫧦𫭏𫯌𫲯𫵜𫻘𫽕𬀊𬀫𬁌𬂄𬆫𬆲𬈟𬉘𬋜𬌟𬍏𬎊𬔖𬙸𬝴𬞹𬠧𬡭𬴔𬴖𬴘𬷛𬹱𬹲𬺤𬺥𬺦𬽃𬽄𬽆𬽇𬽈𬽊𬽋𬽌𬽍𬽎𬽐𬽑𬽒𬽕𬽘𬽚𬽜𬽝𬽠𬾗𭀚𭃌𭄴𭎳𭐤𭒑𭓢𭕐𭜘𭟖𭢠𭤧𭦑𭫳𭬹𭮐𭯬𭱰𭳧𭳩𭵜𭶥𭺏𭻑𭿪𮄓𮅂𮋡𮌔𮍁𮎵𮏻𮐀𮐛𮒨𮔯𮔰𮖟𮘎𮘯𮙆𮚘𮛩𮢿𮥶𮥹𮥿𮦤𮧻𮭐𮮺𮮻𮮼𮯳𰁜𰁞𰉢𰗭𰙙𰙪𰚁𰜛𰢾𰥱𰧄𰯩𰻜𱀰𱈧𱈬𱎦𱒷𱘩𱜱𱡔𱦂𱧥𱨇𱨛𱨜𱨟𱨠𱨼𱩙𱩚𱩜𱩝𱩨𱪍𱪕𱪛𱪞𱪟𱫹𱬎𱬩𱭝𱯃𱯯𱲚𱶫𱸉𱹈𱹌𱹓𱹙𱹝𱹟𱹡𱹨𱹾𱺌𱼤𱼥𱾉𲁅𲁱𲁹𲄅𲌘𲍂𲍿𲐌𲐍𲐎𲐐𲐓𲑠𲒁𲔔𲕕𲡋𲢴𲬿𳇌𳌞𳍖
亡	㠵㬻㼹䀮䅒䐠䖟䗈䰶匄吂妄巟忘忙恾朚望杗杧氓汒牤甿盲盳硭笀罔肓芒荒虻蝱衁邙釯鋩𠅇𠅍𠅎𠅐𠅒𠅳𠅻𠅼𠅽𠕃𠨑𠨛𠸶𠺯𡂧𡆲𡔞𡚏𡜋𡞙𡦽𡴧𡵀𡵍𡶍𡷢𡿫𢁣𢂠𢂩𢂪𢂾𢇜𢗺𢟚𢺧𢻬𣃢𣅇𣅖𣆖𣆬𣎆𣞣𣠮𣢅𣥊𣱅𣳁𣵅𣺬𤄞𤜪𤟂𤣴𤭉𤰡𤶼𤷐𥁃𥇀𥇋𥉂𥐞𥝕𥤩𥩿𥭎𥲠𥿺𦃑𦉸𦉺𦉽𦉾𦊀𦐀𦘻𦟁𦦦𦦭𦫋𦭆𦮋𦱋𦱺𦹑𦻯𧊷𧕕𧠰𧧄𧧮𧨉𧨔𧫢𨌶𨑑𨚳𨛌𨳑𨸁𩣇𩣐𩱿𩲉𪀞𪌁𪜡𪢷𪱮𪱯𫙜𫡟𫡻𫡾𫩔𫲓𫼳𬆞𬇮𬉑𬪶𬲹𬽐𬾃𭋕𭑬𭪑𭪭𭰻𭳘𭴆𭶿𮈘𮊌𮊤𮊵𮕗𮚨𮛇𮝲𮣭𮨉𮪛𰁝𰁟𰣡𰥲𰫘𰱄𰶕𰶲𱆸𱎝𱒛𱦇𱦡𱪅𱪊𱪋𱪙𱪜𱪠𱲼𱳶𱶥𱺶𱻕𲁣𲍈𲐑𲐔𲗮𲜹𲫝𲶸𲺆𲽱
亢	㰠㼚㽘䋁䘕䟘䡉䭺䲳䴚䶳伉劥匟吭囥坑妔忼抗杭沆炕牨犺砊秔笐粇肮航苀蚢貥迒邟鈧钪閌闶阬頏颃骯髚魧𠅣𠅪𠿕𡕧𡕬𡮎𡵻𣃚𤒀𥄦𥒳𦐄𦶢𧇠𧦑𧲪𨀫𨈢𨟼𨾒𩲋𪎵𪐦𪕇𪗜𪜎𪜠𪻑𫆥𬹽𭉥𭥙𮭰𰏔𱇘𲤃
交	㘐㝔㬵㼎㿰䂭䉰䍊䕧䘨䢒䴔佼効咬姣峧恔挍效晈校洨烄狡珓皎礮窔筊絞绞胶茭虠蛟詨賋跤較较郊鉸铰頝餃饺駮骹鮫鲛鵁齩𠅕𠙇𠜅𠸀𡋟𡥡𢯴𢲷𢳼𤟞𤶀𥅟𥹜𦺏𧠭𧠷𧣦𧯺𧻨𨠦𨹍𩊔𩎦𩐟𩗒𩲻𪁉𪏁𪿫𫜪𫡽𫥿𫻱𬇍𬽟𭃠𭉁𭗟𭭉𭷑𭺡𮋂𰎜𰚄𰞙𰩤𰭫𰳛𰵦𱅐𳋃𳎌
亥	㚊㤥㧡㱾䀭䠹䤤䬵侅刻劾咳垓奒姟孩峐晐核欬氦烗畡痎硋絯胲荄該该豥賅賌赅輆郂閡阂陔頦颏餩駭骇骸𠛳𠜨𡀲𡭹𡱍𡲼𢱙𢻉𢼵𣴃𥞨𥩲𦈲𦐤𧊏𨀖𨒨𨠳𨽷𩐰𩠚𩰶𪠠𪻞𫟺𫠄𬨇𭈯𮁷𮌑𮖀𮧙𮨫𰤗𰬓𰮵𱃽𱌎𱭺𲼩
亦	㑊亪変奕峦帟弈弯恋挛栾洂硛脔蛮跡迹銮鵉𠅯𠋈𠲔𠸠𡙩𢙕𢣫𢼜𣖞𣚪𣷖𤥂𥿹𦃳𦮰𧊤𧙡𧧩𨀶𨏅𨩌𩎭𩷉𪁂𪊳𪬜𫑆𫒚𫔱𫼬𬀳𬖛𭐦𭥼𭴢𮰟𱏨𱑎𱒢𱣗𲄁𲘣𲢆
产	䥥亷剷彥彦浐產産萨铲𠔳𠠟𡶴𢅳𢾬𤎉𥩧𧧑𩓲𩩷𪬸𫄔𫝸𫧷𫼪𬺅𮆴𰗡𰞚𰪼𰴵𰸎𱐙𱽤𲙆𲥧
亨	㧸享哼悙梈涥烹脝𢚟𣨉𤈽𦨾𧨑𨠺𨧤𪻥𫭸𫰳𬼭𲛁
亩	曺畆畒畝𠅤𠅥𠆁𠭇𡜿𣢿𤢢𤱈𤱔𤱶𤲾𫡼𭈈𮲕𰡑
享	㝄㝇㨃㬀䃞䃦䇏䧐䵍亸啍嚲埻孰崞弴惇敦朜椁淳焞熟犉稕綧蜳諄谆郭醇錞鐜鞟韕鯙鶉鹑𠆓𠆔𠆞𠩭𡥹𡦚𡦛𡦟𡦡𡦦𡦨𡭅𢨊𢻓𣋄𣮢𤭞𤰎𥂦𥇜𥚠𧅐𧝗𧩽𧰄𨟞𨶝𨿡𩞤𪂎𪆝𪏆𪑒𪦝𪧃𪸿𪹱𫢷𫣬𫨿𫬛𬍳𬘯𬝇𬭚𬴻𭂓𭣸𮋈𰼁𱀟𱙛𱬉𳎜
京	㹁䁁䃄䝶䣼倞凉剠勍婛就弶惊掠景晾椋涼猄琼稤綡翞諒谅輬辌鍄鯨鲸鶁麖黥𠅮𠅽𠆃𠒨𠬇𠶛𡌿𡬱𡮎𡰗𡹞𡹡𡼩𢈴𣄴𣄵𣨣𣮘𤪁𤷦𦌦𧌬𧤀𨂙𨱉𩗬𩘁𪆩𪬧𪵔𪸉𫖎𫟅𫢁𫢂𫿀𬊣𬊧𬳮𬽙𭛵𭤼𮇪𰗉𰻯𱜬𲌈𲌮𲜯𲟜𳈥𳌤𳐶
亭	㷚䁎停婷嵉揨楟渟碠聤葶蝏諪𠅹𠆙𠏦𠷥𡅄𡺣𢝜𢾊𢾛𣂳𣂴𣪢𤗞𤧟𤸥𥠣𥢿𥪜𥯢𦂃𦝞𧶺𧷭𨉬𨪃𨺱𩐴𩤙𩨆𩹇𪑬𪜦𪞨𪣹𪩧𬑯𬽓𬽗𬽛𬽞𭁙𭘭𭝵𭞇𭣙𮊯𮡢𮲥𰸥𱥄𲈏
亮	喨湸煷𢝋𤦻𨩎𩹗𪱧𪳄𫮌𫱍𬾻𭀴𭦾𭧓𭿏𭿧𮎝𮖞𮛽𮸘𰁠𰎭𰪎𰫯𱎙𱠜𲐒𳂜
亯	㥫㪟䈞湻醕𠅩𠆌𡃥𡓑𡔊𡔋𢤈𢥦𢥲𤑴𤮩𥜭𥲮𦎧𦎫𦏧𦤘𦴒𩋻𫩂𬃬𲦹𳆙𳏔
亰	㬌䅫鿌𠡽𢱊𣄶𣄷𤚒𥈘𦂠𧤚𨍡𪋔𪴡𫮎𬷦𭕒𮔥𰐞
亲	媇新榇親𠋆𡩁𢾉𣕟𣮭𤗟𧃫𨐻𫎪𫥔𮄾𮩇𰈍𰜜𲁗𲨥𲵲𳁀
亳	毫𪯒
亶	㔊㣶䁴䃪䄠䆄䉡䕊䡀儃勯壇嬗憻擅旜檀氈氊澶灗璮皽繵羶膻蟺襢譠邅顫颤饘驙鱣鳣鸇鹯𠆞𠘐𠿞𡅹𡆎𢅒𢋃𢐹𢷆𣋊𤢏𤮜𤺺𥼷𦏭𦒜𧾍𨆁𨣚𨭖𨲵𨲷𩁉𩉊𩍕𩙼𩯤𩽱𪓼𪙵𫔑𫗴𫘰𬙉𭥆𰶉𲌒
亷	䥥濓臁𡫐𢅖𢶧𤅃𧒲𧸜𩼖
亹	𤅣𭯯𱡔
人	㐪㐱㑒㒪㒺㓿㔮㔱㕥㘴㚓㞤㠍㠩㡃㫃㬧㬰㭉㱾㲊㳁㴝㹾㽗䁧䇣䇬䍒䎯䏋䒩䒹䖄䖋䖙䗏䛮䤇䬒䭆䮟䳺䶾个乆乐乗乘亲亼亽亾仄今介仌从仐仑仒仓仚仝令以仧仺企众会佘余佱來倃倉倝倹傼僰全内剩勽匃及叜合咎喿嘆囚处大夫夬央失夹夾尒崪巣幾庂庚徐摿斞昝暵木朩未末朱朲朶朿杀杂束来東杲枈枼柬栾桌桼欒欠歎氦氼氽汄漢火熯珡甚畒畣異眾睿禽禾秂策米粛綹罙羲耒肉脊臥臾舍舎艱苿茦茱菒葉虎认谷贝込金釒閃閄閼闪队隂集雜難食飠飤飮養餋餐餩魜鯦鶺鸁鹡麥黎齿龪龰鿗鿯𠀔𠀟𠀬𠁥𠁮𠁽𠅆𠆏𠆝𠆣𠆤𠆥𠆧𠆪𠆭𠆳𠆴𠆹𠇃𠇄𠇋𠇌𠇍𠇎𠇏𠇚𠇜𠇠𠇨𠇫𠇮𠇯𠇰𠇿𠈏𠈑𠈒𠈘𠈛𠈣𠈮𠈽𠈾𠉅𠉓𠉭𠊆𠊋𠊌𠊍𠊛𠊤𠊯𠊺𠋁𠋅𠋓𠋔𠋕𠌌𠌓𠍘𠍸𠎘𠎶𠏏𠐂𠐰𠐱𠑂𠑮𠑳𠒡𠔉𠔎𠔗𠔥𠔲𠔿𠕈𠕎𠘄𠙠𠛮𠜇𠜋𠝀𠝠𠞘𠟴𠠓𠢯𠤈𠤭𠥗𠥛𠥸𠦍𠦙𠦵𠧑𠧖𠨉𠩣𠫙𠫡𠫥𠫩𠫪𠫯𠭡𠭲𠮈𠮏𠲇𠲈𠴃𠴅𠴰𠶸𠷃𠷔𠷽𠹧𠾃𡂊𡂤𡉇𡉡𡌜𡍑𡎸𡏳𡓓𡓵𡔂𡔡𡖍𡖗𡗕𡗗𡗚𡗾𡘈𡘜𡙊𡚅𡚟𡚶𡛐𡝡𡠑𡡽𡢔𡣣𡣿𡤿𡥀𡦼𡧖𡨙𡨝𡨳𡨷𡩁𡩪𡪼𡬴𡯈𡰦𡴌𡴏𡴑𡴖𡴜𡴧𡴨𡴩𡵬𡷳𡹒𡼘𡽼𡾍𡿬𢀇𢀊𢀐𢁃𢁰𢄕𢆑𢇈𢉫𢊈𢊎𢊐𢋐𢋫𢋬𢌯𢍫𢎁𢎢𢎦𢏀𢐏𢐴𢑲𢑺𢒃𢒜𢔍𢕽𢗅𢙅𢛃𢛪𢜥𢝑𢦳𢨨𢪅𢫐𢬛𢭧𢯱𢱠𢱣𢱴𢳕𢴁𢴞𢵂𢷥𢻲𢽇𢾓𢾽𢿹𣀱𣁁𣂹𣃶𣅁𣅦𣊻𣌣𣍄𣍞𣍢𣎴𣎵𣎶𣎺𣏃𣏻𣏼𣐥𣐩𣐺𣐽𣑦𣒚𣓌𣔱𣙇𣚉𣜈𣝖𣟒𣠬𣡰𣣕𣣽𣤂𣤗𣤝𣤧𣦲𣦳𣦸𣦹𣧇𣮒𣮬𣮯𣮵𣯁𣯺𣳁𣴭𣶠𣷖𣷦𣷬𣷵𣺏𣼕𤂃𤅅𤅽𤆅𤆋𤌵𤍼𤎏𤎚𤐬𤐮𤓽𤔮𤔹𤕨𤘻𤡶𤤽𤦠𤦣𤧯𤧰𤧲𤨝𤨢𤩃𤫆𤫍𤫓𤫹𤯒𤰒𤰵𤱫𤲞𤳉𤵨𤶊𤷑𤸌𤺟𥀏𥁪𥂝𥃀𥃦𥃱𥈃𥈚𥈸𥉡𥋜𥍅𥎇𥏀𥐤𥑚𥔆𥔉𥔚𥔫𥙻𥛕𥜺𥜼𥝍𥟅𥟨𥠌𥢩𥣃𥦥𥭊𥭷𥮈𥮫𥯺𥰖𥰽𥱩𥲩𥳸𥳹𥵌𥶗𥷄𥷯𥸨𥸪𥹺𥺋𥽁𥽧𥿐𦀱𦁒𦁓𦃚𦄳𦋟𦍎𦍏𦍐𦎅𦎙𦏁𦏶𦐯𦑔𦒅𦒈𦔴𦕦𦖏𦖪𦖴𦚙𦝅𦝴𦟫𦢡𦢢𦣚𦣷𦣹𦥓𦦼𦧳𦨈𦪁𦫒𦫸𦬆𦭗𦮞𦮟𦮵𦯴𦰩𦱺𦲢𦵃𦶗𦶝𦶨𦶫𦷞𦸸𦺋𦺌𦼂𦾐𧂴𧃊𧄂𧄢𧆩𧇋𧈁𧈃𧈎𧈛𧌢𧌭𧍑𧎃𧏕𧐂𧓀𧔠𧔭𧔶𧖼𧗒𧗟𧛄𧛛𧠬𧢕𧢚𧤫𧧴𧨭𧩐𧩮𧪺𧫀𧫬𧭔𧭩𧯉𧰙𧷀𧹉𧺣𧼥𧼭𧾋𧿍𨀇𨂑𨂮𨉅𨉇𨊤𨋼𨌕𨌝𨌺𨍓𨏤𨑟𨔱𨕦𨗌𨚐𨛈𨜛𨜪𨝄𨝒𨝥𨞢𨤾𨤿𨥀𨥄𨦓𨨿𨫂𨫪𨯡𨱗𨲼𨶟𨹈𨹉𨻰𨽯𨽷𨿶𩀑𩁘𩁮𩁲𩂙𩃪𩃲𩅏𩆈𩇰𩇿𩋱𩍲𩎴𩐰𩕞𩕵𩘨𩘸𩚃𩛅𩜯𩝯𩡮𩥾𩦻𩧁𩨧𩬳𩮃𩮽𩯵𩲹𩳰𩴓𩸈𩹑𩺒𩾸𪂸𪂾𪃪𪄐𪄳𪄿𪇠𪇽𪈓𪈕𪎫𪔬𪗖𪗣𪙧𪜅𪜬𪜱𪜽𪠩𪠶𪤱𪧗𪪕𪪫𪳙𪸖𪺳𪻖𪼈𫁍𫁴𫆯𫇹𫋉𫎀𫒑𫓂𫗝𫝄𫝅𫝉𫝹𫡑𫢉𫢍𫢚𫣍𫧏𫩊𫬯𫶾𫻰𫿷𬀟𬂞𬂫𬃅𬄕𬅅𬍟𬐗𬔩𬕈𬖌𬚵𬛱𬜀𬡀𬥮𬪢𬮘𬮥𬲦𬶁𬷏𬹄𬼇𬽌𬽤𬽽𬾇𬾕𬾽𬾾𭀃𭀟𭄞𭇥𭇩𭈌𭈬𭉽𭋅𭋸𭌔𭌴𭍞𭏩𭒚𭕡𭕴𭙟𭟸𭡗𭢐𭤏𭤤𭤹𭦃𭩟𭪀𭫈𭫘𭯰𭰅𭰣𭹲𮇬𮇵𮊞𮋀𮌩𮏦𮏩𮔈𮙯𮚃𮚒𮜛𮞃𮟞𮡉𮭿𮯆𮯉𰀘𰀭𰁤𰁩𰁮𰁯𰁰𰁺𰁻𰁿𰂄𰂑𰂧𰂵𰃤𰍩𰎈𰐼𰒨𰖃𰗐𰗣𰙓𰙘𰥼𰨑𰮄𰱅𰲚𰴿𰶐𰹎𱃽𱍕𱍨𱎚𱎛𱎜𱎠𱎣𱎥𱕞𱕭𱖦𱟘𱣟𱥯𱨓𱩊𱩰𱪷𱪺𱬔𱮠𱯐𱯓𱶛𱹙𱻫𱼱𱽓𱽠𱾲𲀥𲄟𲅊𲅍𲅏𲆙𲇚𲈣𲊎𲋾𲐖𲐗𲐙𲐚𲐟𲐢𲐰𲑏𲒄𲒻𲛳𲝅𲡪𲧃𲧑𲯧𲵿𲶈𲹗𲼠𲽗𲽩𲿮𳇫𳋯𳐏𳑅𳑆
亻	㐰㐲㐳㐴㐵㐶㐷㐸㐹㐺㐻㐼㐽㐾㐿㑀㑁㑂㑃㑄㑅㑆㑇㑈㑉㑊㑋㑌㑍㑎㑏㑐㑑㑓㑔㑕㑖㑗㑘㑙㑚㑛㑜㑝㑞㑟㑠㑡㑢㑣㑤㑥㑦㑧㑨㑩㑪㑫㑬㑭㑮㑯㑰㑱㑲㑳㑴㑵㑶㑷㑸㑺㑻㑼㑽㑾㑿㒀㒁㒂㒃㒄㒅㒆㒇㒈㒉㒊㒋㒌㒍㒎㒏㒐㒑㒒㒓㒔㒕㒖㒗㒘㒙㒚㒛㒜㒝㒞㒟㒠㒡㒢㒣㒤㒥㒦㒧㒨㒩㚢㥋㲻䘸䣏䳰乑亿什仁仂仃仅仆仇仈仉仍仏仔仕他仗付仙仛仜仞仟仠仡仢代仦仨仩仪仫们仭仮仯仰仱仲仳仴仵件价仸仹任仼份仾仿伀伂伃伄伅伆伇伈伉伊伋伌伍伎伏伐休伒伓伔伕伖优伙伛伜伝伟传伡伢伣伤伥伦伧伨伩伪伫伬伭伮伯估伱伲伳伴伵伶伷伸伹伺伻似伽伾伿佀佁佂佃佄佅但佇佈佉佊佋佌位低住佐佑佒体佔何佖佗佚佛作佝佞佟你佡佢佣佤佦佧佨佩佪佫佬佭佮佯佰佲佳佴併佶佷佸佹佺佻佼佽佾使侀侁侂侃侄侅侇侈侉侊例侍侎侏侐侑侒侓侔侕侗侘侙侚供侜依侞侟侠価侢侣侤侥侦侧侨侩侪侫侬侭侮侯侰侱侲侳侵侶侷侸侹侺侻侼侽侾便俀俁係促俄俅俆俇俈俉俊俋俌俍俏俐俑俒俓俔俕俖俗俘俙俚俛俜保俟俠信俢俣俤俥俦俧俨俩俪俫俬俭俯俰俱俲俳俴俵俶俷俸俹俺俻俼俽俾俿倀倁倂倃倄倅倆倇倈倊個倌倍倎們倒倓倔倕倖倗倘候倚倛倜倞借倠倡倢倣値倥倦倧倨倩倪倫倬倭倮倯倰倱倲倳倴倵倶倷倸倹债倻值倽倾倿偀偁偂偃偄偅偆假偈偉偊偋偌偍偎偏偐偑偒偓偔偕偖偗偘偙做偛停偝偞偟偠偡偢偣偤健偦偧偨偩偪偫偬偭偮偯偰偱偲偳側偵偶偷偸偺偻偼偽偾偿傀傁傂傃傄傅傆傇傈傉傊傋傌傍傎傏傐傑傒傓傔傕傖傗備傚傛傜傝傞傟傠傡傢傣傤傥傦傧储傩傪傫催傭傮傯傰傱傲傳傴債傶傷傸傹傺傻傼傽傾傿僀僁僂僃僄僅僆僇僈僊僋僌働僎像僐僑僒僓僔僕僖僗僘僙僚僛僜僝僞僟僠僡僢僣僤僥僦僧僨僩僪僫僬僭僮僯僱僲僳僴僵僶僷僸價僺僻僼僽僾僿儀儁儂儃億儅儆儇儈儉儊儋儌儍儎儏儐儑儒儓儔儕儖儗儘儙儚儛儜儝儞償儠儡儢儣儤儥儦儧儨儩優儫儬儭儮儯儰儱儲儳儴儶儷儸儹儺儻儼儽儾兎化千夜崪币彳恷您攸潨烋焲眾禾羲聚臮隹鵂鵺鸺鿇𠂝𠂯𠂹𠅗𠅱𠆓𠆕𠆙𠆧𠆨𠆩𠆫𠆬𠆮𠆯𠆰𠆱𠆲𠆵𠆶𠆸𠆺𠆻𠆼𠆽𠆾𠆿𠇁𠇂𠇅𠇆𠇇𠇈𠇉𠇊𠇐𠇑𠇒𠇓𠇔𠇕𠇖𠇗𠇘𠇙𠇛𠇝𠇟𠇡𠇢𠇣𠇤𠇥𠇦𠇩𠇪𠇫𠇱𠇲𠇳𠇴𠇵𠇶𠇷𠇸𠇹𠇺𠇻𠇼𠇽𠇾𠈀𠈁𠈃𠈄𠈅𠈆𠈇𠈈𠈉𠈊𠈋𠈍𠈎𠈐𠈓𠈕𠈖𠈗𠈙𠈚𠈜𠈝𠈞𠈟𠈠𠈡𠈤𠈥𠈦𠈧𠈨𠈩𠈪𠈫𠈬𠈭𠈯𠈰𠈱𠈲𠈳𠈴𠈵𠈶𠈷𠈸𠈹𠈺𠈻𠈼𠈿𠉀𠉂𠉃𠉄𠉅𠉆𠉇𠉈𠉉𠉊𠉋𠉌𠉍𠉎𠉏𠉐𠉑𠉔𠉕𠉖𠉗𠉘𠉚𠉛𠉜𠉝𠉟𠉠𠉡𠉢𠉣𠉤𠉥𠉦𠉧𠉨𠉩𠉪𠉫𠉬𠉮𠉯𠉰𠉱𠉳𠉴𠉵𠉶𠉷𠉸𠉹𠉺𠉻𠉾𠊀𠊁𠊂𠊃𠊄𠊅𠊆𠊇𠊈𠊎𠊏𠊐𠊑𠊒𠊓𠊔𠊕𠊖𠊗𠊘𠊙𠊚𠊜𠊞𠊟𠊠𠊡𠊢𠊣𠊤𠊥𠊦𠊧𠊨𠊩𠊪𠊫𠊬𠊭𠊮𠊯𠊰𠊱𠊲𠊳𠊴𠊵𠊶𠊷𠊸𠊹𠊻𠊼𠊽𠊾𠊿𠋀𠋂𠋃𠋄𠋆𠋇𠋈𠋉𠋊𠋋𠋌𠋍𠋎𠋏𠋐𠋕𠋖𠋗𠋘𠋙𠋚𠋛𠋜𠋝𠋞𠋟𠋠𠋡𠋢𠋣𠋤𠋥𠋦𠋧𠋨𠋩𠋪𠋫𠋬𠋭𠋮𠋯𠋰𠋱𠋲𠋳𠋴𠋵𠋶𠋷𠋸𠋹𠋺𠋻𠋼𠋽𠋾𠋿𠌀𠌃𠌄𠌅𠌇𠌋𠌌𠌍𠌎𠌏𠌐𠌒𠌔𠌖𠌗𠌘𠌙𠌚𠌛𠌜𠌝𠌞𠌟𠌠𠌡𠌢𠌣𠌤𠌥𠌦𠌧𠌨𠌩𠌫𠌬𠌭𠌮𠌯𠌰𠌱𠌲𠌳𠌴𠌵𠌷𠌸𠌹𠌻𠌼𠌽𠌾𠌿𠍀𠍁𠍂𠍃𠍄𠍅𠍆𠍇𠍈𠍉𠍊𠍋𠍌𠍍𠍎𠍏𠍑𠍒𠍓𠍔𠍕𠍖𠍙𠍚𠍛𠍝𠍞𠍠𠍡𠍢𠍣𠍤𠍥𠍦𠍧𠍨𠍩𠍪𠍫𠍬𠍮𠍯𠍰𠍱𠍲𠍴𠍵𠍶𠍷𠍸𠍹𠍻𠍼𠍽𠍾𠍿𠎀𠎁𠎂𠎄𠎅𠎆𠎇𠎉𠎊𠎋𠎌𠎎𠎐𠎑𠎒𠎓𠎔𠎖𠎗𠎝𠎞𠎟𠎠𠎡𠎢𠎣𠎥𠎦𠎧𠎨𠎩𠎪𠎫𠎬𠎭𠎮𠎯𠎰𠎱𠎲𠎴𠎵𠎷𠎸𠎹𠎺𠎻𠎼𠎽𠎾𠎿𠏀𠏁𠏂𠏃𠏄𠏅𠏆𠏈𠏊𠏋𠏌𠏍𠏐𠏑𠏒𠏔𠏕𠏖𠏗𠏘𠏙𠏚𠏛𠏜𠏝𠏞𠏟𠏠𠏡𠏢𠏣𠏤𠏦𠏨𠏩𠏪𠏫𠏬𠏭𠏮𠏯𠏰𠏱𠏲𠏴𠏵𠏶𠏷𠏹𠏺𠏻𠏼𠏽𠏾𠏿𠐀𠐁𠐄𠐆𠐈𠐉𠐊𠐋𠐌𠐍𠐎𠐏𠐐𠐑𠐒𠐓𠐔𠐕𠐘𠐚𠐛𠐜𠐝𠐞𠐟𠐠𠐡𠐢𠐣𠐤𠐥𠐦𠐧𠐨𠐩𠐪𠐫𠐬𠐭𠐮𠐯𠐲𠐳𠐴𠐵𠐶𠐷𠐹𠐺𠐻𠐼𠐽𠐾𠐿𠑀𠑁𠑃𠑄𠑅𠑆𠑇𠑈𠑉𠑊𠑌𠑍𠑎𠑏𠑑𠑒𠑓𠑔𠑗𠑘𠑙𠑚𠑛𠑞𠑟𠑠𠑡𠑢𠑣𠑤𠑥𠑦𠑧𠑨𠑩𠑪𠑫𠑬𠑭𠑯𠑵𠛷𠝓𠝦𠡬𠥑𠱦𠲉𡅴𡈖𡖵𡖺𡫪𡴤𡸌𢆍𢆣𢈄𢉔𢎣𢘢𢞋𢣍𢭣𢰑𢻺𢿅𣁙𣋓𣐗𣐾𣢉𣣢𣦛𣨜𣭩𣴾𣶚𣼝𤂛𤃙𤈢𤎏𤏹𤑅𤖿𤝧𤥿𥆉𥣾𥭸𥰉𦁹𦅽𦏁𦐶𦫻𦬴𦮩𦲮𦲴𦴱𦵋𦹿𧌊𧑄𧔠𧗞𧗡𧙾𧡞𧧹𧬑𧭨𧵰𧶣𨍙𨎯𨏇𨔮𨕩𨕪𨕼𨖼𨙛𨝈𨣩𨤓𨤨𨦷𨴟𨴧𨴳𨵸𨸇𨿂𨿤𩀕𩂢𩄸𩎵𩗆𩢮𩲏𩳇𩵑𪀢𪀼𪂄𪅬𪍅𪘗𪜧𪜨𪜩𪜪𪜫𪜭𪜮𪜯𪜰𪜲𪜳𪜴𪜵𪜶𪜷𪜸𪜹𪜺𪜻𪜼𪜾𪜿𪝀𪝂𪝄𪝅𪝆𪝇𪝈𪝉𪝊𪝋𪝌𪝍𪝎𪝏𪝐𪝑𪝒𪝓𪝔𪝕𪝖𪝘𪝙𪝚𪝛𪝜𪝝𪝞𪝟𪝠𪝡𪝢𪝣𪝤𪝥𪝦𪝧𪝨𪝫𪝬𪝭𪝰𪝳𪝴𪝵𪝷𪝸𪝺𪝼𪝽𪝾𪢋𪦣𪪦𪶤𪹍𪿰𫇹𫈾𫝈𫝊𫝋𫡑𫢅𫢆𫢇𫢈𫢋𫢌𫢎𫢏𫢐𫢑𫢒𫢓𫢔𫢕𫢗𫢘𫢙𫢛𫢜𫢝𫢞𫢟𫢠𫢡𫢢𫢣𫢤𫢥𫢦𫢧𫢨𫢪𫢬𫢭𫢮𫢯𫢰𫢱𫢲𫢳𫢴𫢶𫢷𫢸𫢹𫢺𫢻𫢽𫢾𫣀𫣁𫣂𫣄𫣅𫣆𫣉𫣊𫣋𫣌𫣎𫣏𫣐𫣑𫣒𫣓𫣔𫣕𫣖𫣗𫣜𫣞𫣟𫣠𫣡𫣢𫣣𫣤𫣥𫣦𫣧𫣨𫣩𫣫𫣬𫣲𫣳𫣴𫣶𫣷𫣺𫣻𫣼𫣾𫤀𫤁𫤂𫤃𫤇𫤌𫤐𫤔𫤖𫴊𬋒𬌇𬨽𬫅𬫜𬷉𬷗𬻱𬽢𬽣𬽥𬽦𬽧𬽨𬽩𬽪𬽫𬽬𬽭𬽮𬽯𬽰𬽱𬽲𬽳𬽴𬽵𬽶𬽷𬽸𬽹𬽺𬽻𬽼𬽾𬽿𬾀𬾁𬾃𬾄𬾅𬾆𬾈𬾉𬾋𬾌𬾎𬾏𬾐𬾑𬾒𬾓𬾔𬾖𬾗𬾘𬾙𬾛𬾜𬾝𬾞𬾟𬾠𬾢𬾣𬾤𬾥𬾦𬾧𬾨𬾩𬾫𬾬𬾭𬾯𬾰𬾱𬾲𬾳𬾴𬾶𬾷𬾸𬾹𬾻𬾼𬾿𬿀𬿁𬿂𬿃𬿄𬿅𬿆𬿇𬿈𬿉𬿊𬿌𬿍𬿏𬿑𬿓𬿔𬿕𬿖𬿗𬿘𬿙𬿚𬿛𬿜𬿝𬿞𬿟𬿡𬿢𬿤𬿥𬿦𬿨𬿪𬿫𬿬𬿯𬿰𬿱𬿲𬿳𬿴𬿵𬿶𬿸𬿹𬿺𬿻𬿼𬿽𬿾𬿿𭀀𭀁𭀂𭀄𭀅𭀆𭀇𭀈𭀉𭀊𭀋𭀌𭀏𭀑𭀒𭀓𭀔𭁕𭆈𭋕𭋨𭐣𭔁𭝲𭣢𭲣𭶠𭿪𮅛𮅴𮆺𮍙𮏻𮏼𮕵𮜉𮯴𮯵𮯶𮯷𮯸𮯹𮯺𮯻𮯼𮯽𮯾𮰀𮰁𰁖𰁡𰁢𰁣𰁥𰁦𰁧𰁨𰁪𰁫𰁬𰁭𰁱𰁲𰁳𰁴𰁵𰁶𰁸𰁹𰁼𰁾𰂀𰂁𰂂𰂃𰂄𰂆𰂇𰂈𰂉𰂊𰂋𰂌𰂍𰂎𰂏𰂐𰂒𰂓𰂔𰂗𰂘𰂛𰂜𰂞𰂟𰂠𰂡𰂢𰂣𰂥𰂦𰂨𰂩𰂪𰂫𰂬𰂭𰂮𰂯𰂰𰂱𰂲𰂳𰂴𰂶𰂷𰂸𰂹𰂻𰂼𰂾𰃀𰃁𰃂𰃅𰃆𰃇𰃉𰥱𰶕𰶛𱄺𱎝𱎞𱎟𱎡𱎢𱎤𱎦𱎧𱎨𱎩𱎪𱎫𱎬𱎭𱎮𱎯𱎰𱎱𱎳𱎴𱎵𱎶𱎸𱎹𱎺𱎼𱎽𱎾𱎿𱏀𱏁𱏂𱏃𱏄𱏅𱏆𱏇𱏈𱏊𱏋𱏌𱏍𱏐𱏑𱏒𱏓𱏔𱏕𱏖𱏚𱏜𱏝𱏞𱏠𱏡𱏢𱏣𱘩𱘳𱜜𱨶𱶼𱷔𱾅𲊃𲍿𲐕𲐘𲐛𲐜𲐝𲐞𲐠𲐡𲐤𲐥𲐨𲐪𲐫𲐭𲐯𲐰𲐱𲐲𲐳𲐴𲐵𲐷𲐸𲐹𲐺𲐻𲐽𲐾𲐿𲑀𲑁𲑂𲑆𲑇𲑈𲑊𲑋𲑌𲑍𲑐𲑑𲑒𲑓𲑔𲑕𲑗𲑘𲑙𲑛𲑜𲑞𲑟𲑠𲑡𲑤𲑥𲑦𲑧𲑪𲔀𲸗𲼬𳐃
亼	㑒㑹㓱㿯䞮䣄䳜今仝令会佘余佥佱侖侴俞倉倹僉全兪叙合命塗嵞弇悆拿敍敘斜曓會本歈畬盒舍苯覦觎途逾鄃雓食飠餋鷋龠鿖𠆦𠆭𠇄𠇋𠇭𠇮𠈢𠉙𠉲𠉽𠊊𠋁𠋑𠋒𠌈𠌑𠌺𠍺𠎃𠎘𠎚𠎛𠎤𠎳𠏇𠏉𠐸𠑝𠖸𠛛𠛲𠝀𠞼𠠆𡇳𡍺𡍼𡑘𡒟𡗓𡥏𡥫𡴡𢁭𢎮𢎶𢗁𢘈𢘔𢙅𢛪𢜒𢧅𢰖𢶖𢾄𣁏𣂮𣌭𣑠𣘻𣤏𣤔𣫨𤆂𤇟𤐻𤓀𤫿𤺠𤻍𥃟𥅽𥌟𥜫𥤖𥱟𥵋𦊚𦏾𦙐𦚶𦚷𦝵𦻍𧇵𧊧𧙳𧪺𧾏𧾠𧿍𨂮𨄫𨈿𨗤𨝙𨝛𨡡𨴩𨵦𨹩𨼶𨽭𩌒𩙿𩚀𩚁𩛖𩜵𩜶𩤼𩿌𪂤𪃎𪇝𪈍𪛗𪝃𪦻𪵍𪼔𫗒𫛬𫝆𫝉𫢉𫢕𫢿𫤆𫧗𫶨𬈝𬕈𬝧𬪏𬾊𭃟𭇥𭖺𭭖𭺈𭼂𮃍𮃰𮜌𮧭𮯿𮲞𰂙𰂚𰕑𰖗𰟗𱃞𱊠𱍊𱎜𱎻𱘧𱦕𱧃𱬔𱮹𱰖𲀬𲐗𲾆
亽	今仒令倉罖食養餐𠇰𠊺𠋑𡣊𡥏𡷉𤸐𤻰𦱺𨺴𫝉𱃤
亾	㤀詤𠷔𡿬𣌩𥒴𥞙𥠸𦁒𦏶𦬆𩦻𮌎𮌩𰤯𳄋
什	𠯰𦬯𨑮𪭡𱑐
仁	佽芢𠣒𡛉𣏴𣲚𥄰𦓍𫴮𬿎𭸹𮰛𮵘𰩡𱒊
仂	伽𣲒
仃	𠯼𣫲𪺓𮎡
仄	㕉㳁庂昃𠩸𠪈𫨎𭜔𲔐𲝅
仅	𢇯𣏘𩢇𲾎
仆	䇚𢪗𥾾𦬙𨳢𱐸𱥸
仇	㖌𠯾𦬖𨥐𭴍𮇈𰣥𰫜𲏏𲭜
仉	𡇩𡔟
今	㕂㜝㪁㱃㲐䑤䨄䩂䪩䫈䰼䶃䶖仱侌吟含坅妗岑岒庈忴念扲敜昑枔棽欦汵玪琴矜砛笒紟耹肣芩蚙衾衿訡貪贪赺趻軡酓鈐钤雂霒霠靲韽頷鳹鹶黅黔𠇀𠇏𠉞𠤮𠤾𡣔𡻡𡼘𢁮𢐫𢦟𢩐𢻶𣙄𣜓𣢬𣢲𣢺𣢽𣣈𣤉𣲎𣵴𤘡𤘨𤜰𤪊𤬯𤬰𤴽𥁌𥄯𥘞𦊃𦖎𦧈𦧎𧘭𧮰𨙽𨛣𨟹𨡢𨡳𩂇𩃬𩎖𩑟𩒣𩒥𩒯𩒻𩔝𩖦𩚕𩚜𩠻𪁏𪁟𪚕𪚬𪝶𪞘𪱗𪱼𫄛𫐡𫑸𫖑𫢩𫺐𫾿𬓢𬖳𬪓𬮞𬱣𭇾𭌘𭒙𭘈𭠔𭨛𭪥𮃲𮊀𮭦𮵄𰃬𰉍𰉜𰥂𰰘𱊣𱊸𱠹𱡻𱣼𱽳𲂘𲋁𲐏𲐣𲐩𲶼
介	㖋㖎㜾㝏㠹㰡䚸䦏䯰䲸价养吤圿妎尬岕庎忦扴斺炌玠界畍疥砎祄紒芥蚧衸阶骱魀魪齘𠆷𠇧𠌕𠝹𠨴𡈅𡗦𡯓𡯗𡵚𢌯𢗊𢚻𣃭𣓴𣬫𣲤𣽀𤘦𥄍𥝵𧣋𧱘𧿩𨑸𩇁𩈋𩉡𩟑𩡺𩧦𩾴𪐱𪽐𫈨𫒌𬂣𬶇𬹼𬿋𬿷𭀐𭍲𭨫𭷼𭺝𮭡𰁽𰏥𰕷𰬀𰭱𰲑𰲙𰷔𱶱𲏎𲡸𲵴𲺜𳇩
仌	㮚俎卻睂𠂹𠅓𠆏𠇨𠈌𠑉𠕎𠚄𠟮𠤽𠦍𠧪𠩛𡙫𡜰𡫙𡫜𡫮𡫾𡴤𡸋𢎂𢐑𢪽𢺦𣂹𣈩𣊂𣊜𣋓𣎎𣎐𣔸𣲝𤉯𤋳𤽬𥃐𥇮𥏂𥔆𥪐𦃚𦃛𦅪𦅽𦆰𦖏𦠗𦢻𦯯𧂗𧋚𧜸𧬑𧭨𧮫𨈦𨍁𨎯𨏇𨜪𨣩𩿕𪟔𫦆𫰱𫻰𬃄𭬡𭰐𮎯𰖋𰢁𰴿𱎣𱜠𱼾𲊝𲐢𳈘
仍	㺱芿𠯹𧥰𪝁𪽩𫢖𫰕𰗗𱖌𱙉𱛌𲐦𲐧𲐼
从	㒼㓨㥷㦰㧿㪎㰰㻜㼪㿓䊟䘮䧪䬊丛两众來傘僉兩函匧卒嗇夾巫庻從怂枞滿潨疭瘱眾筮筴緃纵耸聚臮苁莢蟎賫赍踨郟閦雜頰鵊麥𠁈𠁮𠅃𠆂𠈌𠉒𠉭𠌈𠌺𠍘𠍳𠑋𠑏𠒃𠔥𠕞𠚏𠚕𠝴𠞦𠟴𠩟𠭡𠱦𠴯𠼄𡈍𡍮𡔡𡖳𡘖𡙩𡙫𡙹𡡌𡣀𡣼𡱲𡲜𡲯𡲱𡳡𡵝𡼀𡽔𡾍𢂯𢆑𢊿𢋌𢋦𢍦𢍩𢐾𢒑𢓅𢔩𢦜𢦺𢩟𢪐𢫹𢬕𣃨𣊚𣙉𣤬𣥐𣦁𣦊𣬱𣭶𣷚𤋋𤍡𤎏𤗠𤣈𤦴𤨜𤮩𥀏𥊃𥏀𥟰𥠞𥬈𥱅𥱣𥲈𥾺𦉺𦌤𦌽𦑅𦕦𦖏𦖴𦟬𦡘𦢡𦢢𦣷𦤈𦧳𦶎𦹬𦻃𧅇𧑄𧜸𧭁𧮀𧲒𧶐𧶦𧺣𧻵𧾏𧿛𨌰𨑢𨑹𨙛𨜁𨞢𨣑𨤫𨥎𨪺𨺭𨺶𩁰𩂢𩈧𩌔𩔯𩠣𩤪𩥾𩧁𩮟𪂐𪄳𪅣𪈣𪙒𪨊𪭢𪲧𪻐𪽚𫆊𫆯𫎆𫓩𫕚𫙴𫞄𫡑𫢴𫦟𫧏𫩛𫮇𫮰𫰽𫷃𬎧𬝨𬞈𬟺𬢘𬮥𬲪𬷿𬸿𬹄𬽋𭄉𭎂𭝠𭟲𭢲𭫈𭱽𭻰𮏳𮑽𮒂𮖚𮜉𮜕𮟾𮢂𮧌𮲭𮷲𰁧𰆿𰋦𰎌𰏤𰐒𰑅𰒬𰕔𰖃𰛏𰣋𰥒𰲯𱈺𱍕𱎷𱐘𱖦𱙼𱦻𱧙𱳖𱻶𱾜𲈢𲊎𲑏𲒄𲞝𲼷𳁲𳂕𳑅𳑆
仐	舎𠈘𠌉𠦍𠦪𠦵𡷶𡻆𢙋𤡶𥊊𥝺𥮈𦥴𦦓𨥞𩝃𩞳𪉢𪜬𱊶𱎛𲐙
仑	㓆伦囵抡沦瘪纶芲论轮𤆢𧹄𪠵𪨧𫭢𬑆𬦧𬬭𮴅𮵙𰇠𰑄𰗖𰰨𰲰𱇗𱙇𱙺𱛍𱳯𲉉𲺉
仒	唹扵於栆棜淤瘀菸鯲𠗀𠗁𡌧𡗭𡺎𢛨𢮁𢾓𣨝𤂷𤉪𤥽𥝨𥾪𨔆𨨡𩜏𩩘𩩦𩺒𪞟𪱸𪶳𫥎𭤹𮌠𰂔𰡳𱗬𱰪𲕓𲝀𲫑
仓	䲝伧创呛怆戗抢枪沧炝玱疮舱苍跄鸧𠨤𪺷𬁸𬥳𬬰𭍜𮠞𮱤𰃷𱎲𱖏𲝈
仔	𥁙𫁻𫇱𲟷
仕	茌𠱊𢫟𣐴𤇧𤵴𥿥𦙰𦚘𨀋𨦁𪀆𪐾𪧸𫎔𫪣𱦁𲭹𳑍
他	咃怹𢫌𤵩𥅂𥿞𦭟𧦭𫴞𬣢𭩬𭰃𮅅𮕴𰨢𱄕𱌝𱲬𲡤𳃍𳅷
付	㖚㤔㾈䂤䑧䠵䮛䵾俯咐坿姇府弣怤拊捬柎泭祔符紨胕苻蚹袝詂跗軵鉜附駙驸鮒鲋𡧛𢂆𤝔𤤕𥑧𥞂𥹃𦝗𧊆𧨽𨁵𨒕𨾪𩂛𩎠𩚭𩬙𩷺𩿧𪐻𫙆𬌀𬔪𬛤𬠙𬫰𬰴𬽵𬿐𮙨𮙼𮧖𰬅𰹿𰽮𱉜𱧀𲐚𲕏𲙝𲾹𳐢
仙	苮𣳈𥬍𬏣𰂛𳉈
仚	佡𠉚𢊞𭇔𭖜𭖲𱖙
仛	𡧜𮸁
仜	佂佢
仝	全砼𠳥𢀰𢘐𤱝𥳸𥳹𪝓𫢿𬾮𭩫𮎥𰽪𱎨
仞	𪫫𮅄
仟	𦭛𫰙𬫊
代	㭖䒫垈岱帒柋牮玳笩蚮袋貸贷鮘鴏黛𠁀𠊝𠍜𠰰𠰺𠳙𡛲𡥖𢂌𢎌𢘋𢫙𤱢𥩦𥰒𥱢𥿝𦙯𦨮𧊇𨠍𨥶𩂠𩃷𩶕𪜣𪭩𫆛𫌸𫔟𫢫𫢼𫣭𬶌𬷈𬾚𮆋𮏠𮱧𮹕𰳴𱹮𲏚𲐮𲘽𲲔
令	㡵㩕㬡㱓㲆㸳㾉䌢䍅䎆䙥䠲䯍䳥䴫伶冷刢呤囹坽姈岭岺彾怜拎旍昤朎柃泠炩狑玲瓴皊矝砱秢竛笭紷羚翎聆舲苓蛉衑袊詅跉軨邻鈴铃閝阾零領领駖魿鴒鸰鹷齡齢龄𠄖𠍐𠎜𠏧𠖝𠫄𠻠𠾥𡅐𡦈𡴒𢂂𣃠𣕯𣢝𣬹𣭔𣸮𣼢𤕵𤧂𤫲𤬻𥅍𥢴𥥋𥵝𥹕𦊓𦌣𧆺𧫹𧰻𧰾𧱢𧻋𨗜𨠎𨣖𨥷𨧌𨾠𩁎𩄈𩆖𩇙𩈖𩊂𩓒𩖵𩙳𩚹𩡁𩪥𩬔𩲩𩻆𪋪𪋭𪐸𪕌𪗲𪚙𪞠𪞧𪟹𪡎𪲕𪲥𪷶𪽏𪾧𫅜𫅤𫐉𫑅𫠂𫣃𫤚𫥕𫥖𫥘𫥜𫥻𫩧𫺽𬖜𬗪𬙽𬡌𬤲𬹴𬻴𬾂𬾺𭌿𭘘𭚾𭠉𭦝𭭭𭷊𮁣𮍶𮖿𮙒𮙿𮞊𮟀𮨨𰌤𰵚𰶾𱊪𱘣𱢸𱰮𱵹𲌅𲒀𲓦𲖈𲣪𲩢𳁷𳈋𳎕𳐣𳑩
以	㕽䎣䬮似姒拟泤笖苡鉯𠀳𢜁𤤳𥙩𫠪𬿠𭂄𭔈𭙪𮲯𲤩𳃌
仰	𠑕𦯒𨦪𩣍𫤋𬚣𬳖𰉫𱒟𲝙𲟼𳃐
仲	㑖㣡㳞筗茽𠉿𭼌𲭾
仴	俷倗𠐋𪝝
件	𠲟𡋚𣴓𤞗𪁃𪜓
仺	𦭠𦭫
任	㤛㳝㶵䇮䋕䛘䣸凭姙恁拰栠栣秹絍荏袵賃赁銋餁鵀𠄶𠲏𡜟𢂧𤇲𤞘𤶄𥆂𥙛𦚮𦣨𦴷𧙨𨉃𨋶𨠲𨿂𨿃𩄸𩷀𪀼𫏊𫕤𫟃𫶭𬓧𬣯𬸊𭴞𭹆𰽻𱖤𱭥𲈻𲌛𲝗𳇺𳐉
份	𦮪𪫱
仿	倣𬂬𰂔
企	㖉峜𠐰𢬖𦕫𦮳𨀣𨕲𪗖𫿸𬆍𬽾𬾍𰂝𰌃𰸍𱀏𱣕𲩈
伇	𥆉𩳇𪨍
伊	咿洢蛜鿗鿘鿙鿚𡜬𢙠𢙬𤝳𦭽𧊰𪑁𮡖𮡶𰓡𲕈
伎	𠇞𩛑𲩆
伏	䟮垘栿洑絥茯袱覄鮲𢫯𣭩𤝯𧳂𨋩𨦛𩊙𩎧𩢰𪕟𫄢𭃜𰅞𰇛𱅎𲉶𲍶𲐶𲝘𲳚𲵸
伐	㘺䣹䤦垡栰浌筏茷薎閥阀𠲎𢑟𢨖𢬩𣑡𤇰𥅩𥑼𥩱𦨷𦹋𧑬𨀳𨎡𨠰𫼂𭃝𭭣𭾬𮆘𰀿𰁚𲉷
休	㳜㹯㾋䏫䛙䮌咻庥恘恷烋烌茠貅銝髹鮴𠁫𠇲𠉟𡜨𢫩𣐾𤈢𩂯𩗆𪀪𪘆𪻜𫃢𫜽𭓭𭥶𮔄𮔏𰩣𳂇𳑘
伒	俽𦮬
众	閦𨹊𪭮𬾀𱦏
优	𠈵𥙜
伙	𩶻𱲳
会	㻅侩刽哙桧浍烩狯絵绘脍荟郐鲙𠀾𠊉𡋗𡳃𢙓𤶊𥁧𥭉𧐬𨻔𩠠𩩈𩷆𪑅𪭯𫊹𫋻𫘽𫞷𫠴𫧃𫰢𬒊𬭇𰎛𰏶𰕭𰧻𰺭𱐹𱸾𲃟𲛚𲰜𳁤
伝	𫢙𬾪𰓠𲫙
伞	𮎘𮦎
伢	𦭿𬾈
伩	𬔻𳍍
伯	𠩡𢍑𣨔𣵁𦀪𦪥𦯉𦼑𦿛𧇚𧑲𨘐𨵁𩥥𪡈𪥷𪧐𫼻𬂺𬡹𭀊𮅓𮘓𳀶𳅿
估	做𪝍𱒴
伴	𠴞𡖱𢭬𣵲𦁂𪨠
伶	𠴒𦰐𬍦
伸	敒𥆓𦕽𨁬𫣰𭈁𰁷
似	娰𠏳𠳎𩛮𫈄𫣵𬠊
伽	𫈆𭇿
佃	㑼𭀈
但	亱𠜬𢭱𣵤𨧝𨵀𩊹𭈂𮃿𮏈𲐼𲑄
佉	㑢𠉨𠳷𨴿𬾆
佊	𠳩𥭪𱦧
位	涖莅𠑖𠴖𡸏𡾵𪝯𬕅𭂏𭠿𲅛
低	𠴓𡌠𦰣𩃐𫢵𬺙𱻍𲑨𲞨
住	𡸌𣁑𥇁𪝲𭰠𰍀𲓼𲡖
佐	𪘓𪘡𬺇𰛰
佑	㐛𫈈𫳌𭹐
体	𥮋𧡊𫌠𬌕𭈄𭰟𰷓𱲺
佔	𩃅𲫠
何	哬荷𢚨𢬲𣒍𣵣𥮆𧨂𨵅𪱊𫱖𫳵𬄋𭨸𮴛𰚚𱱖𲑎𲕦𳀵
佗	𪘕𬵕
佘	畲賒赊𡝙𢚒𦯬𪞡𪶅𰢌𱭋𱵜
余	㻌䋡䍱䞮䟻䩣䳜俆凃唋塗峹嵞庩徐悆悇捈梌涂滁狳畬畭硢稌筡艅荼蜍賖途酴除餘馀駼鮽鵌𠄜𠎳𠏉𠐸𠕨𡌆𡌘𡍼𡝐𡨀𡷣𡸂𢲢𣇞𣥳𤙛𤫿𤬀𤶠𥌟𥚤𥥸𥺌𦛝𦾠𧧶𨌎𨴩𪊸𪑏𪡷𪱡𫀟𫒟𫣮𬳿𬹡𭋱𭋻𭐘𭣒𭫧𭭳𭴯𮀉𮌵𮸋𰃃𰞩𰨂𱉸𱏏𱑅𱑷𱒱𱕴𱝸𱢆𱼬𲏤𲑵𲘀𲪠𲫾𳑜
佛	梻𠲽𡌅𩎵𰂖𰂽𰃈𱏎
作	㤰宱筰莋𠴚𢌣𢭢𣨐𤉔𤶙𧚙𧧻𧼄𨁔𨓕𨴰𪯕𫯧𫸋𬆖𬫛𭁀𭦎𭪌𭫇𮀟𮚈𰥺𰫦𱺠
你	您𪡇𱿥𲠄𲰰
佥	俭剑崄捡敛检殓猃睑硷签脸莶裣险验𡸃𤈷𪡋𪫺𫎨𫑷𫣛𫰰𬘪𮷪𰆚𰉱𰙎𰛲𰼳𱂫𱌵𲈀
佦	𦰒𪝬𫣣
佩	𤦍𩃥𮶧
佫	倃𪟰𪧒
佰	宿𧟸𩃫𲄉
佳	㚝龿𡨱𧡞𩋔𪟦𪠐𪶔𫦺𮄂𱓊
佴	㑙倻𠉧𠐅𫁓
佶	𩸔𪝦𭀂
佸	𠉗𮢍
使	𠅚𣔤𣷱𦲺𧍅𧍇𧳡𩸲𪮈𫤄𭈓𮦙𰜇𱗆𲜄
侃	諐𣵿𨓲𩱡𫺛𰜅𱗁
來	㯤㾢䂾䅘䋱䚅䚞䧒倈勑唻嘜婡崍庲徠憖憗斄棶淶猌猍琜睞箂萊誺賚逨郲錸顂騋鯠鶆麥麳𠌊𠎙𠐇𠩬𠻮𠽳𠾂𢆠𢑬𢜞𢠗𢯦𢴙𢽟𣀗𣍿𣓚𣖤𣗅𣛌𣛤𣝿𣦨𣬀𣮉𤀛𤦃𤲓𤲝𤳆𤳇𥃌𥏳𥓜𥚒𦓹𦠘𦩑𧍍𧡛𧡽𧯲𧳟𧶛𧼛𨂐𨝖𨤭𨤺𨮽𩍔𩭷𩳳𪍇𪍊𪍝𪍣𪍴𪍷𪍻𪑚𪒁𪘨𪙤𪝗𪧳𪩭𪰪𪴺𫇏𫑹𫨬𫯓𬆵𬑴𬓡𬛕𬛶𬛷𬣆𬩥𬽖𭍐𭐽𭱁𮋳𮒩𮒻𮦕𮩩𮭮𮭽𮮀𮮁𰂤𰂿𰃄𰌩𰎄𰙬𰛾𰝣𰠁𰦣𰱷𰻎𱀬𱋰𱐥𱖹𱱁𱱮𱷅𲄣𲉖𲎐𲕾𲬄𳅎𳈱𳊛𳑅
侈	㢋𠝓𣔢𦰿𧚤𧩀𧳤𩳲𪂄𪵌𫒬𫪥𫽎
例	𠅜𡂲𣈙𥵘𫜗𫶸𭈖𭪪𱘷𲙛
侌	陰𠽛𣸊𤷜𦁌𦜲
侍	㣥𤲔𦱎𨂄
侎	𠋇𬊞
侖	㖮㫻㷍䈁䎾䑳倫嗧圇埨婨崘崙惀掄棆淪癟睔碖稐綸耣腀菕蜦論踚輪錀陯鯩𠁄𠓹𠓻𠗣𡃋𡃝𡈺𡑘𢀧𢜒𢿗𣄇𣗾𣘈𣛌𤦎𤲕𤷔𤻋𤼇𥚗𥺽𥽐𦤢𦧣𧛈𧣵𧱜𧷺𧹪𩤇𪳔𪵅𪿏𪿽𫁛𫐮𫠳𫣝𫭕𫷓𬀿𬄍𬤳𭋳𭓌𭛴𮊬𮒇𮪮𰄐𰡛𰿡𱜘𱜙𱭓𲋚𲓛𲘮𲘯𲸞𳂡𳋵𳐵
供	䣏𥯏𧨻𱓋
依	㥋𠵱𤷴𦲤𱞣𱤪𲑖
侠	㮉𱮧
侣	𫣇𫣈
侯	㢿㬋㮢䂉䗔䙈䞀䫛䳧喉堠帿猴瘊睺篌糇緱缑翭葔鄇鍭餱鯸𠋫𡗁𡟑𡹵𢜵𢰡𣣠𤧝𤬈𥀃𦑤𦞈𧇹𧩨𧯁𨂸𩃺𩋴𩘋𩩵𪃶𪈱𪑻𪹍𫗯𫛺𬥽𬭤𱈄𱴞
侵	䈜寑葠蘉𠸬𣋨𣷽𨃏𩤨𩮕𭁾𮄊𱆷𱷘𱾯
便	㛹楩箯緶缏鞭鯾𠷊𣸇𦳄𧍲𧍻𧱩𨂯𨩫𫚣𬢷𬿒𭸝𮩅𲤄
係	喺𦵠𨵺
促	𮚼𱓠
俊	䈗葰𪡟𪶠𭏓𭵘
俎	葅𫦡𱏉
俐	𬝒𭁁
俗	𠌢𠸘𫤈
俚	𠸨𥈯
保	㨐㷛䭋䳰堡堢媬椺湺煲緥葆褒褓賲𠆅𠸒𢉣𣯂𤦸𤭭𧛱𨩚𩭼𪃁𫣯𭝱𭫄𮀮𮅡𮘧𱏘𱏙𱏛𱏟𲃄𲄅𲐍𲴯𲾿𳄊
俞	㡏㢏㺄㼶䃋䄖䜽䠼䤅䩱䬔䵉偷匬喻堬媮崳嵛愈愉揄榆毹毺渝瀭牏瑜瘉睮窬緰羭腧萮蝓褕諭谕貐踰輸输逾鍮隃騟𠐙𠕦𡩗𢔢𣈥𣈯𤚎𤭷𥠕𦈕𦋢𦖭𦩞𧱬𧼯𨱎𨵦𨽙𩜶𩨈𪉰𪍍𪎨𪟺𪱎𪹊𫖾𫥓𬉦𬰅𬲂𭌁𭌋𭵙𭼄𮄶𰿵𱄁𱋠𲋇𲋈𲣲𳋊𳍤
俟	𢉡𢰇𬾴
信	㜃傠儲𠏬𠒷𣣢𦴩𧪄𩀕𪝮𪲼𫠻𬒘𬦿𭀑𭡩𰟁𱓞𳆗𳆘
俥	僌𠌲𨍙𪝠𫣑
俨	𠏊𫤌
修	㹋蓚鎀𡟞𡪇𢟅𣘀𣺫𤪱𥈌𥱤𦤜𩝧𫙯𫝽𬗲𬠡𭉫𰳑𱄅
俱	𣯒𱷒𲕶
俸	𠺭𣻈𩄴𩺨𪫊𫠷𱫷𲺪
俻	𤌈𩌎𪍞𱋦
俼	𠋃𬿮
倉	䅮䢢䤌䱽傖凔創嗆嵢愴戧搶槍滄熗牄獊瑲瘡篬艙蒼螥謒賶蹌鎗鶬𠏓𠏧𠑐𠑜𠞴𠟐𠠈𠥐𣯙𤚬𤺨𤾙𥎄𥏲𥻲𦃹𦞛𧽜𨜾𨶆𩀞𩕹𩝞𩮩𪙎𪤇𪦔𪰻𪼧𫀞𬔎𬚤𬡧𰧕𱏗𱚚𱝷𱭟𲉝𲊶
個	嗰𬚅
倍	蓓𠍭𡏧𡻓𣻃𦟋𪬽𫂕𫏚𫑒𬯑𬱎𭉩𱤆𲑍𲑚𲑫𲡁
倒	𨃫𪝻𰂺𰃄
倗	𦷛𫮙
倘	僘𣦛𫤁𬆈𲆸𲧴𲲵
候	𤠣𥱌𦃺𩌖𩺟𬑟𬫺𭏑𭏒𮌧𲑣
倚	𣺈𥰧𦟑𧱺𱓺𱤄𱮕
倛	㒋僛𠎞𠐾
倝	㲦䮧幹斡榦翰螒雗鶾𢒨𢧢𣉙𤃬𤌹𥀐𥉏𧹳𩙶𩹼𬫶𮍿𱅠𳐑
借	𠺦𡩤𮇴𲦣
倠	䧹雁𠥔𡠓𣾀𤸰𨶊𨿳𪜤𪴳𬒡𮥸
倩	儬篟蒨𣹥𫣺𫷝𬿣𰘍
倫	溣𠹹𦷉𨫅𳃛
倭	䔀𬕥𳆟
倶	𣯒𭁃𭌀𭌛𭌷𭔺𭬫𮜅𮥬
偃	𠼸𩻖𪅬
假	𠽙𣘟𦹜𪝪𫖄
偉	𠑒𫉔𬎉𬿭
偎	𱔎𱸠
偏	𪝹𫣪𫣱𫤑𲑩
偒	𨫖𮐲
偘	𣼞𰻑
健	𨫡𩅋𮅿𮧨
偶	𠽀𢠉𢠙𣼱𦸲
偷	𢠚𦸄
偹	𢢑𳉿
傅	𦺉𭗚
傕	𡑗𤏥𬈼
傘	𦅮𬠮
備	㷶憊𡀠𤏛𬣈𭢨𮉹𮣆𮧫𮧳𲠪
催	𡀰𨮑𪝱
傳	𡀯𡈬𧓆𫮯𬣋𬩘
債	𡢻𮑫𱤣𲖽𲛴𲧞
傾	𫤉𫤎𫤏𫤒𫤓𫤕𲖾𲠵𲣀
僃	𢣍𤏹
僄	𠎼𠐆
僉	㢛㷿㿌䌞䩎䲓䶨儉劍劎劒劔匳厱噞嬐嶮憸撿斂檢歛殮澰獫瞼礆簽羷臉薟襝譣醶鐱險顩驗鹼𠐖𠑲𠠬𡑯𡽗𢅐𢅸𢌃𢨔𣄝𣜟𣞘𣫍𣫢𤒡𤒥𥃡𥜋𥣂𥽋𦗹𦗼𧸘𧾏𨆘𨗦𨘰𩅼𩏩𩕿𩖄𩖆𩟅𪇇𪒫𪜇𬜐𭀕𭍴𭕻𭭶𭯆𭳮𭺷𮜼𰖲𰟩𰟸𱕤𲚻𲭩𲵖𲿾
僕	㙸㯷濮纀襥𡂈𢷏𤪟𥣜𥵜𦿍𧭎𨆯𨮓𨽂𩍩𫶟𫸆𰬿𲯄
僭	𠠭𧹿
僺	𢤁𧁫
億	𨯑𬟆
儉	𢸟𨇓𨯘𰯥𰸶𱕚
儒	𡃽𮒯
儞	𭀍𭀎𭌞
儵	㶖䨹虪𡤥
儿	㒻㓁㕙㕣㚇㝶㝸㫕㬱㯶㳇㹛䁓䏘䔔䙽䞭䦎䦧䨘䫄䬇䰧䶷䶿亮伔傻儍兀允元兄充兆兇先兊克兌免兎児兑兒兔兕兖兗党兜兠冗匹噡四圥坈売夋夐夒夓奐宂寏寛尣嵕幨廛惾敓敻朡杀椶渷灮烉父猣甚畟皃皴禿稯穨穴竞竟笎筧箆糉糭緵繌罙羌翪艐芫莧萖薝虎蝬螎見覍覓覔覮覺詹谷逡鄽鍐鎫頹騣鬉鬷鬼鴄鴧鵕鵚𠁤𠂧𠅙𠅣𠇵𠊂𠋍𠋻𠑍𠑚𠑶𠑷𠑸𠑹𠑺𠑻𠑾𠒀𠒁𠒂𠒃𠒅𠒆𠒇𠒊𠒋𠒌𠒎𠒟𠒧𠒩𠒱𠒹𠓆𠕢𠖡𠗮𠜞𠜧𠞅𠣑𠣟𠥄𠧶𠨆𠨈𠫱𠭌𠭠𠯔𠯕𠴶𠿎𠿕𡀱𡅨𡆶𡈌𡒠𡓻𡕡𡕦𡕩𡕫𡕬𡕰𡗽𡛘𡟉𡡽𡧉𡨍𡩖𡬩𡭪𡮧𡴸𡵧𡶣𡽀𢂮𢃹𢇰𢉮𢉲𢌬𢍅𢑓𢔸𢗑𢛹𢝕𢞌𢡤𢧇𢪚𢪢𢱩𢹄𢺕𢻄𢼀𢿌𣀋𣁽𣅏𣅷𣆧𣉀𣌬𣎳𣏝𣖓𣛉𣠳𣦋𣬜𣰓𣴕𣴹𣷨𣽃𤁄𤁫𤌦𤙸𤠎𤡎𤢃𤣪𤧯𤨺𤩞𤭀𤯉𤰯𤱦𤲋𤴰𤴺𤵻𤶻𤽅𤽇𤽕𤿫𥊙𥑓𥓣𥕦𥘅𥞕𥞷𥠎𥤒𥤢𥦀𥪐𥪑𥪰𥭨𥰖𥾳𦁱𦉪𦉭𦉿𦑨𦔎𦗯𦚃𦦧𦧕𦫝𦬂𦬮𦬺𦮀𦯜𦯵𦰋𦴅𦴓𦶴𦹿𧃰𧆧𧆬𧊫𧌺𧏧𧏩𧑵𧓋𧔽𧙮𧝉𧠆𧠇𧠩𧢂𧢍𧢓𧢦𧫘𧰍𧰏𧰼𧳱𧷞𧷨𧸇𧼬𨅧𨈉𨎊𨏝𨏬𨔩𨔫𨕟𨚐𨛐𨡛𨢄𨦸𨪭𨬚𨮴𨴼𨷅𨻎𨽰𨿓𩈠𩏈𩑋𩒘𩓀𩘍𩩇𩱅𩲆𩲇𩴫𩴰𩺿𩼵𪁑𪃊𪆻𪇮𪏍𪒧𪕞𪕿𪖃𪛑𪛘𪝿𪟟𪳧𪽑𪿔𫆥𫌤𫍺𫒯𫒸𫚲𫡶𫢤𫤗𫤘𫦘𫶧𫹊𫹲𫿶𫿿𬀌𬄒𬈟𬘉𬝂𬠧𬴴𬴾𬵀𬵙𬷼𬺧𬽘𭀡𭀢𭀤𭀯𭀸𭁶𭒷𭔊𭔷𭕯𭖡𭡏𭣭𭥖𭥨𭦑𭧬𭬍𭱬𭿆𮅂𮅷𮐀𮐰𮑩𮒈𮕋𮘐𮩬𮫜𮫢𮫥𮫧𮯴𰃊𰆮𰇳𰏯𰡷𰤺𰩴𰭍𰱁𰴎𱍐𱏥𱏧𱏫𱗐𱙂𱦎𱦤𱦺𱧙𱳐𱺿𱻁𱻬𱿖𲁎𲅫𲌭𲐻𲚪𲜳𳁓𳁔𳌱
兀	㐳㒫㫁㫕㫯䑢䦎䪲䲫元光卼圥堯完尧尫尭尶屼扤杌矹芫莞虺豗軏阢靰髡鼿𠀒𠀘𠃈𠋨𠌐𠎛𠑷𠑻𠑿𠒄𠒌𠕶𠚯𠡕𠤐𠨜𠮾𠱩𠳠𡆒𡈘𡉊𡕡𡖴𡚲𡧉𡯅𡯓𡯝𡰁𡰅𡰈𡰏𡰞𡱂𡵉𡹃𢂮𢇟𢝏𢻞𣁋𣆧𣎳𣔛𣰒𣱎𣲍𣾃𣾮𤍆𤖊𤙀𤣪𤮾𤮿𤴰𤼫𤽅𤽕𥃺𥘅𥚋𥩗𥾕𦀄𦣾𦬂𦯲𧆪𧈭𧗬𧢒𧢤𧧲𧾘𧿁𨓢𨣩𨱷𨷋𨻪𩁢𩁬𩂁𩇲𩚌𩱽𩳂𩴰𪇼𪨇𫐄𫝔𫠫𫳹𫵐𬀸𬺧𭀖𭀝𭀟𭕎𭕏𭕑𭘄𭥖𮅂𮊦𮬦𮱣𮴀𰆮𰍭𰲜𰺰𰿨𱖈𱚯𱠏𱦎𱪤𱼮𲚨𲜳𲧛𳁘𳃑𳄨
允	㕙㭇㽙䆓䝜䞭䦾充兊兖吮夋抁沇狁玧皴稄荾萒逡鈗阭馻鵕𠒕𠒳𠣟𠤥𠨢𡇰𡇺𡍵𡕧𡕬𡕶𡱥𡲲𡴞𡹿𡻏𢁲𢆋𢇰𢏤𣖱𤵔𥍬𥐸𥝲𦧊𦫝𦮀𦳽𦶬𦾹𧉃𧚉𨋍𨌘𨐑𨛐𨢽𨣪𨻅𨿓𩆑𩈥𩊻𩓀𩬌𩭕𪊴𪕞𪘑𪝗𪣁𪥬𪫤𪸗𫀙𫟵𫢎𫧨𫿪𭀛𭃧𭘁𭥠𭷙𮇾𮔖𮕯𮠠𮬯𰉿𰎍𲶿
兂	兓𠎱𢛭𱀲
元	㐾㒬㒮㓂㝴㪴䏓䛃䡇䦎䨌䬧䯈䲮䲶兘冦刓园坃坖妧完岏忨抏朊杬沅玩盶窛笎翫芫蚖衏貦远邧酛鈨阮頑顽髨魭鵍黿鼋𠀻𠅮𠒉𠒏𠒑𠒓𠒖𠒜𠒞𠒢𠒴𠒺𠒻𠓕𠕻𠠺𠣑𠰂𠳟𠴉𠹬𠿻𡨥𡵧𢒇𢓆𢕋𢭫𢽉𣁯𣉊𣍎𣾊𤁚𤝌𥤸𥦲𦍘𦨞𦽞𧇳𧉗𧕜𧘁𧲦𧸮𧿙𨈤𩇖𩇲𩉯𩐘𩢄𩵶𪎹𪐬𪓣𪕀𪞒𪧍𪰈𪸑𪽊𪿑𫅣𫗟𫝔𫠫𫤙𫤞𫴁𫶺𫹵𬐍𬞪𭀞𭀩𭀪𭀫𭁵𭓾𭥖𭦨𭦩𭭅𭶌𭽋𮓸𮝦𮫎𮷸𰁤𰃏𰆖𰆮𰐠𰙂𰤪𰫾𰷡𰹷𰻬𰿨𱇐𱍐𱏽𱺼𱺽𲁋𲍉𲙍𲜳𲞭𲨕𲭒𲯛𳂒𳌰
兄	㑆㒭㚾㫛克兌兑兗党况呪岲怳拀柷況渷炾痥眖祝竞競莌詋貺贶軦𠆃𠑽𠓆𠩣𠬓𡥺𡬣𡶢𢼙𣅷𣍦𣬙𤔓𥘱𥞏𥧐𦙿𦬺𦳆𩏈𩒇𩚶𪋃𪥚𪺎𪾂𪾍𫀖𫌝𫤜𫤝𫤟𫧕𫪨𫳸𬆁𬎢𬑂𬞁𬴔𭀢𭖡𭯊𮋢𮞈𰂼𰃋𰩴𰭉𰱁𱏨𱏬𱮸𱱎𱶾𱻁𳂊𳅶𳍇
充	㓍㤝㧤㳘䘪䟲珫統统茺銃铳𠒨𠡜𡊿𡎭𣑁𤞀𥅻𥒝𥬱𦚳𩩁𩩇𪁇𪎽𪗯𪞅𪡁𪽒𫸊𬓦𬪲𬾁𭐤𭴤𱍮𱷋𲌗𲛊𲜷𲺔𲾛
兆	㸠㿡䂪䄻䍮䑬䖴䠷佻咷垗姚宨庣恌挑旐晀晁朓桃洮烑狣珧眺祧窕筄絩繉罀聎脁覜誂趒跳逃銚铫雿鞉頫餆駣鮡鴵鼗𠒮𠛪𠡲𠧞𠩓𡋮𡐸𡭰𡱜𡳏𢊙𢓝𢰫𣁶𣂀𣂁𣂥𣑯𣗮𣴝𤕷𤙔𤭈𤱩𤶃𤸨𥎺𥩼𨋫𨢙𨱵𨴡𨾾𩁧𩌿𩡂𩬱𪌪𪔛𪘈𪜍𪨱𫀰𫅄𫋺𫍥𫑜𫖁𫖯𬢋𬢖𬶐𭪜𮎮𮧤𮰲𮵐𰆧𰇃𰕨𱅏𱐃𱲄𱲈𱷥𱸉𱸢𲑮𲽹
兇	㚇㟅䣴堫朡𠒋𡆅𡞧𣳸𤵻𥍺𥓻𥞝𦑨𦖸𧛝𧧗𧱭𧵮𧼬𨔩𨲔𨺡𩋯𩰷𩱅𩷇𪃊𫤧𮨼𰒌𰗟𱏪
先	㧥㪇㭠㰫㱡㾌䊁䚚䢾侁兟冼姺宪毨洗烍珗筅詵诜贊跣选酇酰銑铣駪𠀡𠅨𠅬𠈣𠒑𠒒𠒛𠒣𠒷𠓀𠓙𠜎𠸛𠸜𡖬𡨷𡬃𢈇𢏡𢓠𢔬𢙝𣀶𣀹𣭟𣭡𤄳𤍹𤞓𥏋𥏌𥑻𥙝𥦥𦀈𦭶𦹞𧠺𧱀𨴐𨾷𩇜𩒙𩛔𩣂𩶤𪀷𪝮𪞄𫌦𫤠𫤢𫩱𫪕𬇶𬚬𬳽𭀲𭀳𭀵𭀷𭀺𭦞𭽧𮲫𮶌𰀐𰖅𰥅𰨥𰺧𰼀𱏯𱛥𱥜𱨣𲍏𲑸𲒷𲓏𲘢𲟻𲫸𲾚
光	㒯㘢㹰㿠䆪䨔䯑侊兤咣垙姯尡恍挄晃晄桄洸珖皝硄絖耀胱茪觥輄輝辉銧靗韑駫黋𠈑𠒗𠒝𠒡𠒥𠒦𠒪𠒫𠒬𠒵𠒸𠒼𠒽𠒿𠓁𠓂𠓃𠓅𠓇𠓉𠓊𠓋𠓌𠓐𠓑𠓒𠓓𠓖𠓚𠥳𠵗𠵰𡱘𡷀𡾡𢓥𢩊𢼯𢼴𣄙𣆤𣆥𤈛𤱳𤶏𤾗𥆄𥍄𥍕𥙑𦊫𦒉𦕤𦥰𦥿𦨻𦵽𧇲𧇺𧗯𧧯𧵦𧹍𨉁𨏆𨐈𨒺𨠵𨮠𨹂𩊠𩐣𩒚𩭂𩳁𩶸𪀯𪕓𪕗𪞀𪞃𪞆𪦉𪦍𪫗𫊶𫏈𫘡𫤚𫤡𫤤𫤥𫤦𫤨𫪨𫵰𫽶𬘢𬯬𭀦𭀨𭀬𭀮𭀴𭀶𭓪𭖙𭗂𭘜𭙛𭚙𭪬𭮋𭲄𭽄𮊮𮋚𮤎𰃌𰃍𰃐𰃑𰃒𰃔𰃕𰏵𰽵𱃧𱎙𱏤𱏦𱏩𱏭𱏮𱏰𱑇𱔛𲈺𲋓𲎷𲑬𲑭𲑯𲑱𲑲𲑳𲑴𲑵𲑷𲝕𲤱𲱃𲹂𲼫
兊	㣞䆓兖恱毤𠱕𠵷𡜎𡷋𢬁𤁫𦁙𦮀𦲮𧣥𨦣𩒬𭽦𮣽𲣬
克	㳳兙兛兝兞兡兢兣剋勀勊娔尅殑氪鋴鿙鿣𠒐𠒘𠒙𠒚𠒠𠒭𠒲𠓈𠓎𠓏𠗌𠳭𢚛𢭪𣒖𤙥𤥣𪣕𫀲𫎵𫐦𫧱𫶶𬀌𬇾𬱆𬾅𭓃𭖡𭠳𭴨𮀚𮈒𮋃𮙓𰅣𰍛𰖇𰙇𰱁𰸑𱄝𱐰𱿣𲌆𲐒𲮁𲰝
兌	㙂㟋䂱䫄䬇䬈䬽侻兗哾娧帨悅挩敓梲涗渷痥祱稅綐脫莌蛻裞說銳閱駾鮵𠜑𠮄𡁾𢴎𤿫𥆟𥧐𥹲𧀲𧇓𧭚𨁑𨉋𩊭𩎰𩘍𪁑𪡜𪷄𫲦𭊕𭭌𮆬𰭉
免	㝃㝹㡈㻊䅋俛兔冕凂勉娩悗挽晚晩梚浼睌絻脕莬輓逸鋔鞔鮸𠋂𠒾𠓄𠓍𠠤𠢖𠬍𠲶𡢎𡤎𡤳𡨚𡷭𡸊𡽏𡿢𢥋𣆶𣚻𣻖𤲈𤿯𥃢𥇅𥙵𥦙𥱃𦇿𧖵𧚇𧨕𨁙𨉏𨌜𨓜𨞭𨬋𨳂𨵃𨽺𩆊𩈦𩛟𩣦𩾃𪒣𪞁𪞂𪳟𪼚𪽿𪾐𫙁𫥎𫰲𬊕𬘇𬞎𬨈𬷖𭀰𭐅𭓛𭔑𭗹𭭼𮒉𮚻𮥊𮭵𮳪𰅈𰉲𰛂𰫌𰬜𰭍𰰃𱕷𲁰𲑶𲒊𲡅𲥜𲹖𲹮𳐯
兎	莵𡨘𫟏𮏸𮡺𰎘𱑯
児	𥆩𭸍𰃎𳇾
兑	㙂㟋䂱䌼䫄䬇䬈䬽侻哾娧帨悦捝敚棁涚痥祱税綐脱莌蜕裞説说鋭锐閲阅駾鮵𠜑𠮄𡣛𢴎𣇋𣮆𤿫𥆟𥡉𥹲𦆳𦦳𦩃𧀲𧇓𧭚𨁑𨉋𨌔𨓚𨹪𩊭𩎰𪁑𫎙𫚛𫤛𬚜𬸑𭀧𭣳𰂼𰈥𱅙𱛯𳂋𳂼𳃟
兒	㪒䋩䍲䘽䦧䮘倪唲堄婗掜晲棿淣猊睨聣腉萖蜺觬誽貎輗郳阋霓鬩鯢鲵鶂鶃麑齯𠆔𠒯𠒰𠓔𠩫𡥲𡮅𡸢𡸣𢏱𣣉𤊓𤦤𤷅𤾆𤾇𥓋𦋌𦦃𦦿𦩊𧡎𨺙𩩢𪓬𪕨𫀗𫐐𫐰𫒪𫠜𫻻𬎸𭀹𭘉𭙢𮅙𮍜𮍩𮰏𰃓𰵵𱊄𱊈𱌅𲃇𲊲𲑹𲜆𲰳𳀃
兓	朁灊鬵𠎱𠓸𢑋𣾤𤂯𤾶𥣶𥸢𧌩𧕽𧖛𨅔𩀿𩅨𩱠𪂫𬸓𮆪𮚋𰉸𰌊𱀲𲤎
兔	㕙㝹㭸䖘䨲冤堍婏寃毚菟蒬逸鵵𠒢𠓗𠕤𠗟𠠥𠣄𡅛𡇹𡙖𡤺𢉕𢯂𣃅𣬚𤟛𥋥𥦱𧇢𧈒𧥒𧼧𨿮𩆟𩣮𩸃𩾅𪆆𪫐𫴧𫺜𫿔𬌍𭭼𮔛𰇳𱊆𱭒𱴒
兖	萒𠵷𡇰𦁙𧍄
兗	渷𢯻𦳆𨺥𩏈𩘍
党	傥谠鎲镋𣗋𣺼𧫆𪤅𫽮𬊵𭉧𭧋𰃔𰄆𰑿𰟊𰥹𰳏𲄪𳁄𳃚
兜	㨮篼蔸𣘛𦄓𩮷𮰪𱔍𲝻𲞵
兟	㬱贊赞𠐷𡬃𤄳𤫨𥳱𦺷𧑯𧖟𧮖𩱕𩱩𫌦𭭁𮣄
兢	𡕁𣋢𰒗𱘋𲪝
入	㐈㒰㒱㒲㒳㒴㞥㠳䓥䨀兦內全叺圦尒屳扖杁毺汆籴糴肏込釞魞鳰𠁥𠇒𠓛𠓜𠓝𠓞𠓟𠓠𠓡𠓢𠓣𠓤𠓦𠓧𠓨𠓩𠓪𠓫𠓬𠓭𠓮𠓯𠓰𠓱𠓲𠓵𠓶𠓷𠓸𠓺𠓼𠓽𠓾𠓿𠕳𠖧𠖪𠛮𠯱𡆣𡝙𡭗𡯈𢞥𢬝𣐍𣔕𣤗𣱸𣱿𤆋𤱭𤴘𥃮𥃱𥛓𥻳𥽧𦎚𦔵𦘲𦝵𦧖𦼂𦿻𧂴𧦁𧪃𧹉𧹳𧺌𧾺𨌝𨍻𨕽𨛈𨞤𨾁𩀝𩚆𪞇𫀂𫨙𫩿𬡂𭀼𭀽𭀾𭀿𭁀𭆹𭍺𭣞𮨦𮰃𰁡𰃖𰃘𰃙𰃚𰃛𰃜𰃬𰄑𰑎𰟓𰫗𰹰𱅶𱌒𱏱𱏲𱦑𱪡𱺐𱽀𲑬𲑺𲑻𲑽𲥛𲩒𳂘
兦	㤀𡢔𥒴
內	㐻㕯㘨㶧䄲䟜䪏䶺吶妠抐枘氝汭笍納肭芮蚋衲訥豽軜鈉靹魶𠅈𠋮𠙙𠛥𠥮𠫣𡜴𡭇𢁩𢓇𢗉𢧿𢨿𢬷𣅚𣓃𣧍𤜽𤣼𤱅𤿏𤿒𥄋𥍲𦛚𧺬𨑧𨦳𨧨𨬺𨳙𩃠𩐇𩖯𩚛𩬀𪌅𪗝𪞗𫀃𭀻𲓳𲶻
全	㓌㻇䀬佺姾峑恮拴栓洤烇牷痊硂筌絟荃詮诠跧輇辁酫醛金銓铨駩𠌆𠓰𠓳𠓴𠓹𠓻𠓾𠗎𠛮𠤹𠥞𠱴𡋄𢂘𢆀𣁦𣄀𣷒𦓰𦦮𦷅𦼂𧊲𧻤𨇎𨨼𨩳𨭻𨹑𩧴𪰡𪼈𫆂𫗐𫗽𫣝𫤍𫤪𬘥𬣎𮁵𮱶𮳁𰙾𰷄𲑼𳇒
兩	㒼㔝䐽䓣䠃䩫倆啢掚滿緉脼蜽裲輛魎𠬙𢎏𣍷𣓈𣼣𥇑𥮩𦑅𧶪𧸕𨨄𩀝𩗾𩭫𩳮𭝏𭲞𰂑𱝰
兪	㡏㢏㺄㼶䄖䜽䠼䤅䩱䬔䵉偸匬喩堬婾崳愈愉揄楡歈毹毺渝牏瑜瘉睮窬緰羭腧萮蕍蝓褕覦諭貐踰輸逾鄃鍮隃騟𠕦𡫞𢆂𢔢𢾄𣂮𣈥𤚎𦋢𦩞𧱬𧼯𨵦𨽙𩜶𪃎𪉰𪍍𪎨𪹊𭶖𲌐
八	㒨㒵㒶㒸㓁㕣㚇㝺㞕㡀㡶㥞㪠㪵㮸㱲㴑㴚䃍䈯䌘䏌䑆䒔䕝䕫䖫䚊䠔䡵䤇䥥䦇䩀䫡䬋䬒䭥䮟䯎䯟䰅东並乐亷仈佾兊兌公六兮共兲关兴兵其具典兺养兼兾分判劂半厧叛叜只叭員囧囶圀圙圥坴塡墜夋夌夒夓奐嬘宗寅小尒尓尔尣屓屰岔峹嵰弊弚徐忩忿扒掽搤撆敝旞昗曽曾朔木朩未朳枀栆梥櫃欮歉汃洕澻濓濵烉煫熼燧爫父獈玐璲甉甚界畟異盆益眔眞真睿碰示禭穟穴筫簴米糸綤肃肸與興蔶蕢蘷虁虌虡蝷蠲襚詹谷貝貧貭貲貴貵買費賓賔賢賸賽贀贄趴輿送逆遂遻邃邊鄽酋釟釡鎫鐅鐆閴闕隊頁養鬂鯗鷁黃黄黺鼀齾𠀜𠁒𠆝𠈂𠈝𠉚𠊧𠊬𠍩𠎮𠏊𠑗𠑚𠔀𠔁𠔂𠔅𠔆𠔇𠔈𠔉𠔊𠔋𠔌𠔍𠔎𠔏𠔐𠔒𠔔𠔝𠔟𠔥𠔧𠔪𠔬𠔭𠔯𠔲𠕉𠖋𠚖𠛶𠜫𠝠𠞅𠡭𠣡𠤤𠦎𠦪𠧑𠧿𠨆𠨈𠨨𠪕𠪨𠫥𠬬𠬰𠬹𠭦𠭱𠮈𠮏𠯨𠯵𠼟𠾟𡂥𡄫𡆒𡆦𡇕𡇡𡇣𡈌𡉀𡉊𡌙𡍩𡍬𡐑𡑞𡒚𡔴𡕡𡕦𡕩𡕫𡕰𡕼𡖷𡖸𡗍𡗕𡘂𡚭𡞟𡟝𡡨𡡼𡢌𡣕𡣣𡣿𡥀𡥐𡧆𡧐𡧖𡧢𡨄𡨋𡨕𡩂𡬜𡬦𡭔𡭕𡭖𡭩𡮧𡯂𡯔𡰿𡳦𡴜𡴟𡴪𡶣𡹒𡺊𡻗𡿟𡿤𢃹𢄖𢅕𢅷𢆃𢇃𢈏𢈘𢈮𢉭𢊋𢋪𢌉𢌍𢌬𢌻𢎬𢎲𢑛𢑞𢒦𢒭𢔍𢙋𢝏𢝕𢞢𢢝𢤀𢤋𢤪𢦶𢧇𢧥𢯱𢰐𢰺𢲍𢳕𢸁𢹄𢻁𢼠𢿌𣀰𣂹𣄚𣅆𣅝𣅭𣈩𣉩𣉮𣊂𣌞𣌼𣍮𣎴𣎵𣐱𣑼𣒧𣔱𣔳𣔾𣚞𣝛𣞹𣟯𣢲𣣋𣣼𣤝𣤶𣥝𣦄𣦋𣮩𣮬𣱑𣱺𣴸𣶒𣼂𣼪𣽃𣽳𣿼𤁦𤂓𤂡𤄴𤋃𤎩𤏬𤑥𤑾𤒭𤓯𤓹𤓽𤕤𤘝𤚈𤜞𤡶𤢃𤧯𤨜𤪬𤪻𤫒𤫹𤰯𤱒𤲁𤴭𤸉𤺂𤻄𤼳𤽄𤽔𥄖𥄘𥅎𥅵𥈃𥈜𥈠𥉏𥊉𥊊𥋂𥋜𥌗𥌪𥐄𥐙𥐤𥔉𥖶𥜱𥜷𥠂𥠠𥢁𥢄𥦎𥦕𥦬𥦴𥨏𥨡𥪢𥪧𥫍𥬺𥭣𥴦𥵲𥵸𥵼𥶉𥶑𥶼𥸅𥹺𥺋𥺎𥻋𥻖𥽲𥾈𥾜𥾻𦁃𦁓𦂁𦄪𦅽𦇅𦉪𦉵𦉿𦌖𦏡𦑨𦓧𦔯𦕞𦗥𦗯𦘩𦙕𦙝𦜒𦜱𦣶𦥓𦦂𦦋𦦴𦦼𦧕𦨶𦪲𦪺𦫒𦬽𦭅𦭇𦭜𦮷𦲍𦴄𦴅𦴓𦴠𦷇𦸧𦸨𦸬𦹆𦹰𦹿𦺋𦺌𦻍𦼯𧀍𧀳𧀾𧁂𧃍𧃞𧃥𧃰𧆾𧇀𧇋𧇖𧈁𧈃𧈢𧌤𧌶𧓤𧓲𧔈𧔭𧘋𧘳𧙦𧙰𧙵𧝒𧞌𧞼𧟿𧢍𧤸𧥐𧥽𧧡𧨦𧩮𧩯𧯚𧱈𧲁𧴨𧴩𧴪𧴴𧵁𧵍𧵏𧵭𧵿𧶌𧶡𧶼𧷀𧷁𧷍𧷏𧷨𧷫𧷽𧸁𧸇𧸙𧸛𧸥𧹘𧺍𧻾𧼔𧼜𧼬𧼳𨅧𨆏𨇫𨈲𨍨𨏐𨐂𨑁𨑷𨓸𨔎𨔩𨔫𨕚𨕟𨕦𨗕𨗮𨚂𨚚𨜛𨜪𨜶𨞀𨞬𨟛𨣢𨨉𨩵𨩻𨬴𨮗𨰎𨱘𨱹𨲥𨵣𨷃𨷅𨺵𨼧𨽫𩁣𩁪𩁲𩁳𩃲𩅲𩆫𩌕𩍚𩎲𩐌𩒕𩒭𩔀𩕵𩙢𩛬𩜒𩜯𩜿𩝌𩞝𩞫𩞳𩡩𩤰𩦸𩨪𩪴𩫊𩫵𩬫𩬸𩮃𩯭𩰕𩰗𩱁𩱅𩳖𩴽𩵉𩵊𩵒𩷲𩻐𩼵𩿈𪀝𪂟𪂸𪃊𪅋𪇮𪉢𪊻𪏍𪑫𪒧𪖜𪗐𪗔𪞄𪞈𪞉𪞊𪟢𪥆𪧗𪩾𪪜𪪳𪬸𪭆𪴉𪴕𪼰𪽱𪾝𪿰𫁊𫁽𫇁𫎘𫐴𫓥𫘓𫙈𫙭𫚃𫝖𫟋𫠣𫣎𫤫𫤬𫤮𫤯𫤲𫥮𫬯𫭒𫭗𫳤𫹆𫺅𫼦𫽛𫾜𬇝𬈑𬌙𬐭𬔨𬖍𬗷𬟡𬟫𬢻𬲖𬺢𬻵𬾷𬾹𬿩𭁆𭁇𭁊𭁏𭁐𭁒𭁗𭁭𭂾𭄀𭅂𭆘𭉵𭎎𭑉𭑨𭔿𭘺𭜙𭢅𭦈𭦚𭦬𭨯𭩧𭩺𭪚𭬭𭲑𭲯𭲷𭵒𭶻𭼑𭼸𭾓𭾘𮆍𮆔𮈠𮊍𮊗𮍪𮎧𮏊𮏏𮐖𮖋𮘤𮙶𮙷𮙸𮙹𮙺𮙿𮚂𮚃𮚭𮜠𮞙𮟚𮟦𮢼𮣉𮦄𮦒𮦼𮧼𮨽𮩂𮪑𮭹𮱫𰃟𰃡𰄙𰅛𰅭𰌞𰏘𰔶𰖱𰚊𰥅𰦍𰭂𰮀𰮡𰰍𰶱𰶲𰶶𰷎𰼎𱁅𱁗𱃃𱆣𱉆𱊸𱋾𱑏𱖻𱗉𱘥𱚇𱠳𱦟𱧗𱧰𱧺𱨎𱨐𱨨𱨵𱨽𱩕𱮹𱯰𱯸𱯺𱲯𱵐𱵠𱶕𱶺𱷮𱹂𱽭𱾷𱿄𲀖𲅊𲆊𲆕𲆘𲈣𲌓𲑿𲒁𲒇𲒊𲓋𲓝𲝃𲡎𲤕𲨅𲱎𲲴𲴁𲻋𳂔
公	㕬㙥㝐㳂䇗䙛䚗䡆䯳䰸䲲伀兊妐彸忩忪昖松枀枩梥滚炂玜瓮翁舩蚣衮衳訟讼鈆頌颂鶲鹟𠃽𠇜𠈂𠔘𠔲𠕺𠚅𠛀𠞬𠤰𡆾𡇛𡓌𡔴𡗳𡩥𡵴𡹀𢁷𢚔𢨱𢪌𣌶𣙚𤁫𤝅𤲋𤷥𥝶𥣍𦒥𦤉𦫫𦬘𧆷𧗺𧧡𧺭𨑪𨜺𨱛𨳗𩉭𩔚𪌥𪙅𪜣𪤫𪪳𪴱𫓪𫖻𫶫𬐟𬛉𬺤𭁅𭁍𭁎𭁓𭁜𭉽𭣭𮃐𮏉𮛌𮟭𮮊𰃠𰆈𱀄𱏸𱖍𱝚𱝛𲆩𲍜𲨖𲭝𲲏𲹤𲺈𳈽
六	㐮䧶交兖兗冥宍昗𠅾𠆄𠆾𠇸𠔔𠕜𠕼𠢖𠧝𠯿𠲩𡉽𡖷𡪴𡴆𡴫𢌸𢓌𢗻𢦥𢩡𣅶𣇴𣏥𣒕𣼗𤫹𥄈𥌍𥥀𥫰𥾻𦊇𦒹𦬩𦶧𧘳𧫀𨖰𨻎𨻪𩋛𩎮𩕧𩕴𪓖𪦸𪷙𫋴𫼚𬙩𬟻𬡄𬧡𬺤𬻅𭁖𭁘𭁛𭇊𭠁𭹾𮁶𮎄𮑐𮖋𮝄𮝳𮟮𮥿𮬭𮭣𰃞𰃣𰃥𰍡𰍲𰗄𰡁𰳱𰸆𰹌𰽉𰿝𱎂𱏳𱦪𱨻𱲪𱵩𱻓𲂽𲉊𲌲𲍋𲓠𲔔𲘶𲳑𳂓𳅲
兮	㿽䒊䚷枍盻肹𠀒𠂞𠆵𠣤𠣬𠯋𠰗𡆽𡕵𡷬𢇱𢕊𢗴𢞛𢪆𣊅𣓚𣖼𣢍𣹯𤵕𥍠𥬋𥰴𦏡𦕎𦭃𧇾𧟯𧦻𧪱𧿝𨝁𨥟𨳣𩨦𪏱𪐭𫓫𫜜𭃈𭗩𮏫𮓬𰃢𱿓𲤐
兰	㳕拦栏烂𫩪𬒇𭓀𭓨𭢐𭥪𭰣𮛔𮰾𮴌𮶟𰃤𰑐𰬊𰵟𱍖𱶳𱿞
共	㓋㟟㤨㬴㭟㳟䀧䔬䜤䢼䢽䧆䱋䳍供兾哄垬娂巷巽廙恭戴拱拲晎栱洪港烘烡珙異硔粠粪糞舼蕻蛬衖謈谼輁輂選鉷閧闀霬髸鬨龔龚鿁𠄫𠏛𠐜𠔚𠔣𠔤𠔷𠔹𠪤𠭨𠮂𡋍𡯯𡱒𡶵𢀼𢁀𢁉𢂔𢈎𢕵𢙄𢛖𢨇𢩉𢮪𢼦𢼭𣊴𣡋𣺙𤄤𤈈𤈉𤞒𤱨𤱺𤲅𤳓𥆇𥙖𥥡𥫆𥫈𥬹𥼉𦃙𦓳𦕠𦚴𦜞𦭃𦮎𦸧𦸨𦹕𦻍𧃢𧆾𧇽𧋄𧠩𧡥𧮖𧶯𧶼𨂚𨒱𨓟𨕊𨤬𨻘𨾂𩁂𩃽𩐠𩒓𩗄𩛘𩛛𩞔𩼮𪒕𪞉𪞋𪧑𪭍𪮵𫏇𫑖𫞙𫟹𫱏𫼌𬒸𬩺𬮢𬹂𬹆𬼴𭁚𭁝𭍖𭘎𭘐𭱄𭷄𭼊𭽥𮆢𮈍𮊾𮌱𮏐𮙆𮚸𮜲𮭥𮲡𰅟𰆨𰋑𰚖𰟎𰟑𰣎𰪝𰷋𰸝𰺄𰺅𱏴𱏷𱩧𱩾𱹖𱾙𲍎𲝸𲟉𲦥𲱍𲵕𲺬
兲	養鯗𧌶𩱁
关	㮳㴨咲朕栚浂烪眹联送郑関𠈪𠹻𡗺𢕠𢜂𢬈𢲂𢵑𤌯𥒆𦨶𧧤𨃵𨈽𨫇𪝝𪠫𪲿𪵜𫕀𫞘𫮗𬀲𬮦𭏘𭑹𭰼𰣌𱌌𱕼𱨞𱭘𱮟𲑆𲒓𲙰𲭿𳎆𳎵
兴	举挙誉﨔𪿝𬠇𭥽𮰡𰣫𱉰𱣖𱫄𱰶
兵	㑟㙃娦宾捠梹浜鋲鬂𠓫𠔦𠡥𠴇𡇥𦛼𦷇𧇀𨛪𨴴𪻤𭜾𭼑𮀠𮆔𮇡𮏊𮔐𮝶𮫽𮱫𰁃𰴀𰷒𱢄𲇿
其	㐞㙋㠱㥍㪸㫷㯦䃆䑴䫏䳢䶞倛剘唭基娸帺惎掑斯旗朞期棊棋櫀欺淇猉琪碁祺稘箕粸綦綨萁蜝蜞褀諅諆踑錤騏骐魌鯕鲯鶀麒𠔡𠔫𠔴𠔵𠔶𠔸𠥊𠥩𠴩𠼻𡖾𡠧𡢁𡮴𡸷𢁂𢃛𢤵𢮜𣄃𣇳𣈒𣗍𣗠𣤘𤊄𤦢𤭣𤭦𤷍𤻓𤿺𥛏𥪓𥱕𥲲𥶺𥷕𦋊𦒙𦓿𦝁𦣫𦥄𦫡𦸆𧇫𧯯𨅤𨛺𨡨𨺌𨿣𪅾𪆁𪍀𪜝𪿋𫑇𫓹𫔥𫛰𫤱𫤴𫦮𫯔𫯘𬌋𬙡𬚌𬛛𬱦𬲽𬸒𬸨𬹊𭁞𭄭𭅌𭰭𮫡𰈑𰌪𰢪𰵲𱃪𱅱𱏪𱝌𱻛𲀉𲊸𲑳𲒀𲘦𲟬𲡇𲥡𲧮𲹦𳃺𳐳
具	㖵㮂䋰䡞俱倶埧惧椇犋真蒖颶飓𠁒𠤤𠺍𡻗𢮭𣉮𤦚𤷢𥟭𦩛𦼨𧌪𨁺𨍄𨨣𨵙𩜃𪼻𫓃𫕄𫼐𫾝𬄖𬝬𭁷𭉦𭔽𭫕𭿜𮂀𰁄𰡗𰩑𰭐𰮬𰴼𱏶𱦵𲒂𲼋
典	㙉㥏䐌䓦䠄倎唺婰捵敟晪椣淟猠琠痶睓碘腆覥觍賟錪𠗘𠢣𠩷𠽝𡥳𣇺𤿶𥦟𥮏𥵶𥶚𦖌𦥃𧌎𧡝𧨸𧹖𨡏𨹻𩣲𪯦𪸸𬒿𬧦𬭓𮎒𮪖𰻁𲀵
兹	㽧䈘嗞孳嵫慈滋甆磁禌稵糍螆鎡镃鰦鶿鷀鹚𡙛𡞰𢰩𣕜𣜑𤀟𤂇𤍏𤧹𤮀𤲸𥖃𥣏𦔒𦖺𧛏𩝐𩼑𪑿𫚤𬗭𬝘𭵝𰊊𲍧𲪓𲭣𲱦
养	𡏆𤸜𦍰𫺪𭃻𮊨𮲸𰜝𱏂𱓧𱙟𱴠𲒃
兼	㝺㡘㪠㺌㻩㼓㽐㾾䁠䆂䈴䫡䭑䯡傔凲劆嗛嫌嬚尲嵰廉慊搛槏歉溓濂熑燫甉磏稴縑缣膁蒹螊蠊謙谦豏賺赚鎌镰隒馦鬑魐鰜鳒鶼鹣鹻鼸𠁟𠓌𠔨𠔮𠔳𠔺𠗳𠠟𠪊𠿳𡄫𡏊𡗄𡡫𡰉𢅳𢌍𢐎𢧥𣀃𣀊𣍙𣟚𣤤𣽳𤑃𤬓𥖝𥻧𥽎𦋰𦖾𦩵𧈁𧰋𨃰𨐩𨢑𨮄𩄡𪐋𪕼𪖳𪙊𪞍𫄔𫇗𫍓𫗱𫘕𫡁𫡂𫥣𬁛𮖨𰬾𰾮𱍵𱘉𱝀𱷙𲤲𲭥
兾	𥣕𦾲𩦸
冀	䆊䙫懻驥骥𢋸𥜥𧃞𨷨𪴗𬵷𭿮𱩿𲎎𲰏𳎤
冂	⺝㒨㒳㒼㓱㜤㡀㡏㢏㥑㸑㺄㼶䃋䊟䌘䍏䕆䕝䕟䕥䚕䟜丙两丹丽乕內兩兪具典冃冄内円冇冈冉冋册冎冏制前南同啇囘囧夐奂奐奥奧婯寏巾巿帀币帇帛弊彲戞撆敝敻朿枘汭滿潵烉爂爨爾璺用甫甬直眞真禸禹禺竊箆粤粵縣繭网罓罔罙臖舋芾虋虌螎蟎衲襺襾见訥豽贝身酈釁鐅饜鷛麗黶黺齾𠀃𠀑𠀛𠀸𠁐𠁖𠁾𠂰𠂴𠃾𠄛𠆈𠆏𠈕𠌚𠍛𠎘𠔙𠔩𠔰𠔼𠔽𠔿𠕀𠕁𠕂𠕃𠕇𠕈𠕉𠕋𠕌𠕍𠕎𠕏𠕐𠕑𠕒𠕕𠕗𠕘𠕛𠕞𠕡𠕢𠕨𠕪𠕲𠚙𠛹𠜌𠜦𠝴𠞜𠞤𠟲𠠫𠢊𠢘𠢨𠤫𠥃𠧖𠧜𠧲𠧿𠨁𠨆𠨇𠨈𠨌𠨦𠨨𠨩𠬘𠬸𠭠𠭽𠮀𠮍𠮕𠮘𠯧𠱩𠾃𠿎𠿧𡁑𡂦𡃬𡃳𡄅𡆨𡈌𡈘𡉅𡒃𡗚𡗠𡗭𡘠𡘴𡙪𡙼𡛷𡠡𡡽𡢌𡲇𡸿𡻾𢀏𢁰𢁺𢃁𢃹𢄀𢄁𢄉𢅇𢅷𢆈𢊔𢌞𢌡𢍅𢍢𢐭𢐳𢐶𢑅𢔸𢕶𢜖𢝯𢡤𢤀𢤶𢧻𢩀𢱿𢲍𢸁𢺃𢺊𢻁𢻦𢿌𢿝𢿮𣀷𣀺𣁨𣅚𣇢𣌩𣍟𣍸𣎻𣐈𣐶𣔲𣙡𣛉𣝿𣟷𣠴𣡈𣡥𣥑𣦞𣨏𣩺𣰿𣶞𣷤𣹿𣺏𣺙𣽐𣾌𤀉𤁌𤂝𤆙𤉯𤊝𤌦𤒐𤓕𤕨𤛽𤡎𤢃𤣉𤣙𤤢𤧯𤧱𤩋𤫘𤭄𤲥𤴒𤻍𥂶𥃐𥇑𥏟𥑯𥝆𥥏𥦴𥦹𥧀𥫆𥫐𥫚𥬺𥱁𥲈𥳫𥵒𥵲𥷞𥹣𥼇𥽲𥾔𦁒𦆐𦇂𦇵𦉝𦉪𦉫𦉰𦉳𦉺𦉻𦉿𦊖𦊤𦌤𦑅𦖶𦗥𦘎𦘝𦘡𦙛𦛂𦛎𦝓𦠟𦢣𦢯𦥷𦦝𦦞𦦧𦧅𦭄𦮅𦮆𦮏𦮙𦲅𦲐𦹚𦺃𦻷𦼣𦽗𧁡𧁥𧁧𧃭𧄋𧅆𧅇𧅾𧊨𧌽𧐘𧐬𧒤𧔰𧔽𧘉𧚞𧚡𧛲𧜸𧝉𧟺𧟾𧟿𧠇𧠊𧢍𧥛𧦏𧦸𧧚𧧛𧨋𧭒𧮼𧰏𧰼𧷧𧸁𧻮𨀔𨀩𨃒𨇫𨈏𨈑𨏬𨐄𨑁𨔄𨗃𨜤𨥳𨪖𨬚𨭀𨲼𨼘𩍲𩒌𩓔𩡟𩰽𩶠𪂟𪃷𪋭𪍢𪔀𪔃𪦗𪦧𪭑𫁉𫆊𫈂𫋭𫝃𫞎𫡒𫭒𫯜𫯱𫰗𫵩𫶩𫷃𬂷𬃄𬅶𬆀𬍿𬓭𬔩𬖬𬘆𬴴𬻔𬻱𬿥𬿲𭁟𭁠𭁢𭁦𭁨𭁭𭁱𭁲𭃥𭃭𭉿𭋨𭑅𭒙𭓸𭕔𭕭𭛅𭛕𭛖𭢠𭣮𭫐𭫾𭬅𭬡𭬽𭭓𭰯𭰲𭱎𭱪𭱽𭵙𭺏𮁄𮂢𮊗𮊜𮊞𮌄𮌆𮍬𮎧𮒆𮓭𮞙𮟚𮟞𮠕𮠚𮦄𮦆𮫙𮭶𮭷𮮺𮯞𰀃𰀊𰃦𰃧𰃨𰃩𰃪𰃫𰃬𰃭𰇟𰋙𰔻𰛬𰟓𰠱𰢂𰯴𰳀𰸗𱁇𱍪𱏹𱏺𱏻𱘤𱜟𱡔𱤂𱥌𱦤𱧼𱧽𱩲𱬰𱬲𱭋𱭿𱮩𱮪𱯭𱯰𱰃𱰨𱱄𱳔𱵳𱵹𱶢𱷞𱷪𱷭𱺴𱺿𱼰𱿖𲅱𲇚𲉙𲉡𲎲𲐻𲒄𲒆𲓜𲛳𲟝𲷁𲽗𳁫𳉃
冃	㒻㒽㒾㒿㬅䟂冃冐冑冒冔冕勗曼最鄤𠕖𠕝𠕠𠕣𠕤𠕥𠕦𠕭𠕮𠕰𢸻𢽵𢿕𣁜𣉛𣌅𤣽𤭼𥀗𥪳𦀒𦄡𦐇𨏀𨐀𨞼𨬋𩉉𩮺𬎝𬡿𭦗𭦟𰟀𱨮
冄	㚩䑙䒣䕝䛁䫇冉冓枏構耼蚦衻髥𠕅𠯍𠱗𡉱𡖔𢓏𢔵𢪈𣅧𣩖𣬭𣲕𣵢𣹼𤘟𤱋𤴿𥲙𥾢𦐎𦙇𧛥𧡔𨈜𨔸𨙻𨚉𨱸𨸨𨽝𩑞𩒹𪓘𪚮𪚳𫠵𭁡𭁣𭁩𭁫𭩺𭫛𭶪𮕫𰧱𰩱𱍄
内	㐻㕯㘨㶧䄲䈫䟜䪏丙呐呙央妠抐昺枘氝汭病笍納纳肉肭芮苪莴蚋衲訥讷豽軜鈉钠靹魶𠇮𠋮𠙙𠚇𠥮𠫣𠮂𠽆𡂗𡜴𡭇𡱆𡶀𢁩𢌷𢑶𢑻𢓇𢗉𢡭𢧿𢬷𣃰𣅚𣧍𤜽𤣼𤬲𤱅𤿏𤿒𥃀𥄋𥍲𥪞𦀼𦐯𦓠𦛚𨑧𨔒𨦳𨪣𨳙𨳵𩃠𩄵𩏼𩐇𩓷𩖯𩚛𩟿𩣁𩬀𪌅𪗝𪞗𪥓𪧿𫀃𫐇𫤩𫧯𫴹𫴻𫵓𬹻𭁋𭁧𭁮𭅾𭦷𭪣𭽼𮤯𮦈𮶿𰃠𰟾𰡱𰱤𱇔𱙸𱛋𱯅𱽡𲒅𲜒𲪞𲱒𲺖𳑴
円	靑𣪗𤯞𦱫
冇	𪢹𭁤𭁬𱥲
冈	㧏㭎䋄䍕刚嫓岗瓊纲鎫钢鬲𠤣𡒏𡕫𡧝𡨿𡴓𢨍𣔬𣬉𣬌𤢪𤥱𥐻𥑨𥗸𥘝𥜽𥮣𥲓𥵭𦆢𦉮𦊋𦊕𦊖𦊣𦊦𦊬𦋇𦋱𦋵𦌆𦌓𦌼𦍅𦦝𧈿𨊾𨐄𨳠𩇀𩰬𪦂𫇪𫚅𫤭𫩚𬚰𬵼𭬺𮊄𮊎𮊓𮊔𰁺𰉙𰑂𰠫𰣢𰪑𰭒𰭓𱥵𱮴𱺽𱻀𱾲𱿄𲀑
冉	㘱㫋㴂㾆䎃䏥䤡䶲偁再冓呥姌寗抩柟洅爯珃畘聃舑苒蚺袡髯𠇦𠕟𡖝𡩋𢓒𢳞𣅾𣆀𣑜𣒰𣕛𣣀𣲹𣶞𣼚𤘼𤝫𤱣𥅆𥚳𥬕𥯿𥱎𥱏𥼉𥿛𦐘𦱲𦱶𧛥𧦦𧪸𧵘𨀅𨈭𨚗𨪇𨭅𨸱𩏎𩑺𩓾𩓿𩔋𩢡𩧬𩶎𪓚𪦣𪺲𫇶𫜳𫮩𬊁𬷆𬷇𭚳𭱋𮣿𰍆𰣂𰨋𰵘𱏼𱢷𲂤𲖁𳄄𳉸
冊	䈛刪姍柵珊笧粣翤跚銏𠂨𠕋𣌧𣧱𣫳𥲖𥿑𦙱𩒄𪑃𭇒𮟰
冋	㢠㺾䌹䯧卨向咼喬坰尙尚扃泂炯絅苘詗诇迥駉高髙𠇶𠕕𠕧𠖷𠡋𠨄𠳮𡐫𡒼𡔮𡢠𡶝𡹫𢄗𢇺𢾠𣅻𣐒𣕄𣘺𤍔𤏕𥑎𥡺𥦮𥨷𥩓𥭩𧺸𨌩𨓺𨥽𨩮𨴀𨻛𨻠𩕴𩚱𩤬𩫌𪕍𪫪𫁋𫁝𫋊𫘍𫞎𫞏𫧒𬗶𬳶𬴛𭑳𭓸𭛡𭟳𭥤𭫥𭵚𭿷𮖟𮚘𮝫𮞜𮟱𰈳𱧥𱵤𱷟
册	㹪删姗栅珊笧粣跚銏𠕋𠛹𡊢𢦫𣆑𣑨𣑭𤇒𤽛𥑬𥣃𥮚𥵋𦙽𧱆𧵡𩒄𩬥𪨪𪭪𫁠𫚷𫟶𫣮𫵡𬅡𬋶𬎲𬕉𬨡𮁧𮤊𮱹𮶁𰇑𰛚𲝌𳉇
再	侢洅𠕱𠱻𢈖𤞕𤥆𦆷𦛍𦦍𧋁𫁌𫇶𫰝𫳬𭁥𭠣𭶭𮟸𮵏𱎒𱖝𱾇𲌴
冎	咼骨𠈥𠕩𠛰𣑍𤓑𤼑𨀩𨒵𬟬𮠊
冏	㓏㤯㩦㵝䕍䢛䮐儶商埛巂浻烱矞綗裔雟霱𠕨𠜛𠱛𠸲𠻭𡂗𡄚𡅟𡖛𡝆𡸀𢂶𣚹𣡐𤐟𤔦𤳬𥱁𥺂𦯶𦺖𧃥𧓠𧔸𧚞𧞥𧨝𩛯𪕥𪻣𫕕𬚽𬰏𬽘𭖣𭬥𮒣𮕘𮝣𮥼𮱠𰵪𱤞𱰢𲐤𲑖𲳢𳇕𳊂
冐	㡌䑵厭焨猒饜黶𡝭𢛡𢵤𢺫𢽢𢽵𣓍𣶀𤦛𥀦𥀬𦑉𦠡𩉂𩉇𩎂𩐯𪱑𫦱𬂋𬪕𭆕𭈭𭎯𭚐𭻝𭼪𮑨𮔙𮚐𮛥𱈯𱱨𲤰
冒	㒻㪞㴘勖媢帽毷瑁艒萺蝐賵赗𡕳𢝌𢯾𣎇𣔺𣯀𤊻𤲰𥅉𥈆𧛕𧴴𨩩𩐲𪃑𭡣𭸛𰌬𰟀𰩦𱢕𲊣𳏌
冓	㗕㝤㡚䃓䐟傋媾搆斠構溝煹篝簼耩褠覯觏講購遘鞲韝顜𠞣𠢉𠨊𡄧𡏞𡻉𢔵𢞡𢲱𤠰𥉇𥠾𥧒𥵡𥻰𦃪𦩷𦵷𦾼𧃛𧪿𧽝𨤚𨪋𨽩𩄢𪃺𪺱𫖕𬿗𭔝𮜂𰾨𱀪𱂴𱿼𲬶
冕	𨬋𭲀𮃦𱜳𱺂
冖	㓀㓁㓂㓃㕪㝲㥑㯱㯻㰆㸑㼂䑓䑝䒞䝉䝴䠢䯧亭亮亳亴伔冎冗冘写冚军农冝冞冟冠冡冢冣冤冥冦冧冨冩冪受嘠囊坈塚夢夣孛宀帚带帯帶彙彚愛戞掌摕敹斚斝旁橐櫜欎爂爱牵牽璺疉疐睿瞢稁索肎膏臺舜舝薎薨蘉虋蟗蠹豪賞賫賷赍軍辤釁閿隺雨頁高鬰鬱鷪鼅鼏龸𠁏𠁕𠅘𠅙𠅝𠅢𠅸𠅿𠆀𠆃𠆒𠆠𠊸𠎹𠏒𠐫𠑛𠑺𠒽𠔿𠕳𠕴𠕵𠕶𠕷𠕸𠕹𠕺𠕻𠕼𠕽𠕾𠕿𠖀𠖁𠖂𠖃𠖄𠖅𠖆𠖇𠖉𠖊𠖋𠖌𠖍𠖎𠖏𠖐𠖓𠖔𠖕𠖖𠖗𠖘𠖚𠖛𠖜𠖟𠖠𠖢𠖣𠖥𠖦𠖧𠖩𠖪𠖫𠚟𠜘𠟗𠢘𠢮𠤟𠤣𠤫𠥚𠧶𠫦𠬂𠬶𠭈𠭟𠭩𠮕𠰇𠺞𡁥𡉅𡋭𡌝𡌬𡎄𡎲𡐄𡑧𡒩𡔼𡕃𡕉𡕊𡖴𡖸𡗺𡚀𡜈𡜌𡨊𡪷𡫔𡫧𡬇𡬊𡬋𡬑𡬒𡬓𡬖𡬙𡴄𡶮𡹂𡹨𢂇𢃄𢄀𢄆𢄬𢄿𢋣𢍚𢏃𢏐𢑟𢑤𢑥𢑦𢑭𢑷𢑸𢑿𢒳𢒻𢕨𢕶𢗑𢘚𢚞𢜤𢧻𢪚𢭨𢮟𢮴𢳻𢺱𢼀𢼐𢽑𢽖𢿓𢿪𣀍𣀚𣀴𣁍𣁨𣁩𣃟𣄟𣈎𣉰𣍟𣎤𣎾𣏝𣐷𣑪𣓑𣓝𣓲𣓼𣕣𣕿𣗞𣘯𣚇𣜺𣝄𣝐𣝪𣞉𣞌𣞦𣟃𣟏𣟘𣟻𣠀𣠈𣠔𣠧𣠫𣠵𣠻𣡈𣡑𣡖𣡜𣡟𣡡𣡪𣡱𣣙𣦞𣦵𣧢𣨻𣩺𣪴𣪺𣫂𣫋𣫛𣫠𣬌𣰸𣴄𣴦𣺧𣼗𣽲𤃈𤇾𤈚𤈭𤋚𤏷𤑇𤒐𤓄𤓕𤓥𤓾𤔐𤔓𤔠𤔤𤕃𤕉𤕐𤙋𤛉𤛽𤢧𤣁𤣉𤣙𤤚𤨍𤨺𤩃𤪆𤪞𤪭𤪻𤫘𤬦𤱿𤲥𤴉𤴋𤴡𤴺𤾜𤿃𥃘𥆕𥈷𥊃𥋁𥋡𥌗𥌱𥎢𥑯𥓣𥕗𥖥𥖯𥗑𥗤𥗧𥙻𥛛𥜏𥜚𥩒𥫹𥮮𥮶𥯼𥴸𥵒𥵸𥸅𥹄𥽳𥿢𥿿𦃦𦇪𦉝𦉠𦉤𦐳𦑿𦒃𦕺𦗶𦘫𦙎𦠖𦤿𦥂𦥈𦥯𦦥𦦴𦦻𦦼𦧁𦲅𦴃𦴋𦸑𦻞𦽡𦾋𦿗𦿛𧀆𧀧𧁌𧁎𧁣𧂕𧂝𧄢𧄯𧄼𧅾𧆔𧋌𧏋𧑠𧒤𧒳𧓂𧓚𧕰𧖁𧖥𧚐𧛁𧜩𧞢𧠊𧭒𧮲𧰺𧱌𧶌𧷞𧷨𨂬𨓝𨖱𨘚𨙤𨟁𨤐𨬨𨭂𨯜𨰷𨺊𨺐𨼘𨽅𩀝𩃅𩉉𩏴𩒸𩖉𩖎𩠮𩠰𩡒𩪩𩫀𩬒𩰣𩰩𩰪𩱬𩲛𩳮𪁚𪅇𪆉𪇈𪈘𪒵𪓤𪕿𪞏𪞒𪞓𪞕𪦖𪩨𪪹𪯙𪱔𪳚𪸖𪺮𫂝𫇓𫇦𫈬𫉐𫒸𫓓𫚲𫜾𫝯𫣎𫤸𫤹𫤺𫤻𫤼𫤽𫪠𫬌𫬰𫬴𫸬𫹆𫹊𬃖𬃭𬅏𬅔𬅶𬆇𬆲𬉘𬋟𬋩𬋪𬋴𬌟𬗐𬛻𬜀𬜃𬜄𬩝𬮂𬯫𬰸𬴔𬴖𬴘𬻫𬽎𬿲𭁳𭁴𭁵𭁷𭁸𭁺𭁻𭁼𭁽𭁾𭁿𭂀𭂁𭂃𭂅𭂦𭆰𭇖𭈰𭉇𭉿𭋛𭋨𭌌𭏕𭏛𭐍𭐫𭒑𭓇𭓕𭓗𭓘𭘧𭜲𭞌𭟁𭟆𭟖𭡁𭣂𭤍𭬟𭬺𭭓𭱢𭱰𭲧𭲾𭵦𭷣𭷤𭹣𭺏𭺒𭺭𭻸𭿃𮁡𮁸𮆋𮆘𮈓𮈖𮈱𮉺𮊜𮍛𮍤𮍲𮒆𮒽𮓏𮔯𮕈𮕚𮗓𮗖𮗜𮚮𮞾𮟔𮟚𮦄𮩗𮪞𮫘𮯛𮰄𮵳𰃮𰃯𰃰𰃱𰃲𰃳𰃴𰏆𰖦𰙪𰭉𰯼𰳀𰽓𱆕𱆿𱏫𱏽𱏾𱑖𱑼𱔆𱘬𱙼𱞑𱟴𱡧𱤦𱧉𱧪𱧿𱨎𱨘𱩰𱬩𱬰𱬲𱭂𱭃𱭿𱰃𱴕𱶼𱷓𱷖𱷩𱼫𱾭𱾺𲁃𲅮𲅵𲈢𲉙𲉡𲊃𲌤𲒇𲒈𲒉𲒊𲓦𲙈𲡰𲢴𲩘𲬹𲯬𳉣𳌞𳌮𳍖𳏧
冗	㕴㚮䢆䤟亮伔坈壳宂慤棾殻沉焭𠅙𠕵𠖍𠖒𠙐𠙭𠨦𡊬𡔧𡔿𢀈𢅘𢗑𢪨𢼀𣏝𣝝𣳞𤆤𤇛𤠼𤤌𤴺𤾒𥐱𥫺𥾚𥿒𦎼𦕍𧐜𧣍𨊶𨠁𨱤𩈌𩑜𩚗𩣤𩵨𪉛𪍥𪎸𪐨𪕁𪕿𪞱𪳄𫘻𬋤𬭒𭭆𭱅𭷻𮎃𮙧𰊙𰮐𱁲
冘	㓄㕪㱽㴷㶩㼉㽎㽸䏙䒞䧵䪴䶻妉帎忱抌枕沈沊瓭眈紞耽衴訦躭邥酖醓鈂馾髧魫鴆鸩黆黕𠆶𠖑𠖙𠛌𠠹𠹆𡖓𢇧𢑝𢗐𢲠𢻼𢼈𣅟𣜣𣢌𤘣𤜴𤫯𥑀𥝴𥤷𥫹𦥟𧏰𧣁𧴸𧺟𧿒𨄁𨋄𨑻𩈉𩨥𩵫𩻕𪔽𪠟𪻔𫍈𫖫𫭃𫸬𬘘𬬵𭎃𭖉𭻄𮁡𮓻𮔃𮙌𮬮𰵒𱇙𱢓𲜬𲶾
写	㝍䥾泻𰗚
冚	峃嵤𢫏𫶋𭓞
军	恽挥晕晖毂浑珲皲翚荤裈诨辉郓𣍯𦈉𩧰𩽼𪣒𪸩𫗥𫝈𫝨𫷅𬏫𬑕𬤖𬱢𮱩𮸈𰎝𰗢𰡋𱂈𱉱𱌏𱌳𲃡
农	㶶䙶侬哝浓秾脓𢙐𪣑𪺻𫄣𫇽𫍦𫔖𫯒𫼮𬂰𬪩𬴩𬹖𭑸𮅎𰎞𰧾𰳺𰿍𱌖𱕽𱥡𲃣𲈥𲋥𲳜
冝	叠宜曡畳疂疊舋𡀉𡐁𣁪𣆹𤒭𤶢𧣬𧨏𧴢𪑎𫊜𫞵𬈑𬻧𬿽𭈸𭳧𭿣𮔎𰇆𰣖𱖴𱡔𳏶
冞	宩𠣁𡬍𥺠𭰹𭹘
冟	𡨇𬈒𬝙
冠	蒄𠖡𥔒𦵤𨩶𪑪𫱌𬃧𬏸𲐽𲜡𲩩𳏓
冡	䥂䴿塜溕蒙霥𡺪𢄐𤧽𥉕𦪃𨢊𩝬𩥃𩮡𫎇𬂓𰪓𰭒𱅥𱞿𲬥
冢	塚𡻑𣹞𪳘𬥥
冤	寃蒬𡟰𣍍𣹠𩌑𩝸𪑲𪡶𰔚
冥	㝠㟰㨠䄙䈿䏃䒌䫤凕塓嫇幎慏暝榠溟熐猽瞑蓂螟覭鄍鼆𠋶𣩆𤣘𥌏𥻩𦃼𧇻𧔲𧜀𧱴𨎁𨢎𩈹𪒄𫶍𫸏𬂊𬢒𭂄𭉳𮃠𱌆𲍤
冦	寇蔻
冧	㝝檾𣓼𣘑𣡥𣺉𤏷𪒍𫫋𫮚𭂃𰘓
冨	䒄富𠔸𫣕𫲮𭏨𰈵
冩	㵼寫
冫	⺼㓅㓆㓇㓈㓉㓊㓋㓌㓍㓎㓏㓐㓑㓒㓓㓔㓕㓖㓗㫽㭍㯟䏮䘶丬习仒兆冬冭冮冯冰冱冲决冴况冶冷冸冹冺冻冼冽冾冿净凁凂凃凄凅准凇凈凉凊凋凌凍凎减凐凑凒凓凔凕凗凘凙凚凛凜凝凞凟函匀塁寒弱摂次氵氺求渋滿率疂疒脊臧軣邍隶雨飡馮鶺鹡鿑𠕒𠖬𠖭𠖮𠖯𠖰𠖱𠖲𠖳𠖴𠖵𠖶𠖷𠖸𠖹𠖺𠖻𠖽𠖾𠖿𠗂𠗃𠗄𠗅𠗆𠗇𠗈𠗉𠗊𠗋𠗌𠗍𠗏𠗐𠗑𠗒𠗓𠗔𠗕𠗖𠗗𠗘𠗙𠗚𠗛𠗜𠗝𠗞𠗟𠗠𠗡𠗢𠗣𠗤𠗥𠗦𠗧𠗨𠗩𠗪𠗫𠗬𠗭𠗮𠗯𠗰𠗱𠗲𠗳𠗴𠗵𠗶𠗷𠗸𠗹𠗺𠗻𠗼𠗽𠗾𠗿𠘁𠘂𠘃𠘄𠘅𠘆𠘇𠘈𠘉𠘊𠘋𠘌𠘍𠘎𠘏𠘐𠘑𠘓𠘕𠘖𠘘𠘙𠘚𠘛𠘜𠘝𠘞𠘟𠘠𠘡𠘢𠘣𠘥𠘦𠙖𠛷𠣺𠦂𠦥𠦸𠯺𡇋𡋇𡍼𡙨𡙪𡙼𡣂𡻾𢋐𢏒𢏽𢐢𢑘𢞾𢠮𢦬𢧞𢱣𢿷𣃞𣒝𣗫𣘚𣠅𣦳𣪋𣯕𣰐𣱖𣴎𣼠𤈀𤐅𤟘𤺆𥪐𥪑𦸹𦽗𧂪𧑔𧔶𧗠𧗷𧚍𧣚𧤩𧩏𨄮𨔯𨘑𨙖𨝎𨝭𩇝𩇟𩇨𩱘𩿴𪄄𪅯𪒡𪞖𪞗𪞘𪞙𪞚𪞛𪞜𪞝𪞞𪞠𪞡𪞢𪞣𪞤𪞥𪞦𪞧𪞨𪞩𪞪𪞫𪞬𪞭𪞮𪞯𪞰𪤵𫁴𫙇𫝎𫝏𫝓𫤬𫤾𫤿𫥀𫥁𫥂𫥃𫥄𫥅𫥆𫥇𫥈𫥉𫥊𫥋𫥌𫥍𫥎𫥏𫥐𫥑𫥒𫥓𫥔𫥕𫥖𫥗𫥘𫥙𫥚𫥛𫥜𫥝𫥮𫸼𫺩𬃩𬍏𬼌𭁭𭂆𭂇𭂈𭂉𭂊𭂋𭂌𭂍𭂎𭂏𭂐𭂑𭂒𭂓𭂔𭂕𭂖𭂗𭂘𭂙𭂚𭂛𭂜𭂝𭂞𭂟𭂠𭂡𭂢𭂣𭂥𭂦𭂧𭃲𭑋𭛌𭜚𭟹𭦃𭩮𭲾𭴑𭾉𭿀𮁓𮂷𮄓𮍒𮐪𮐻𮒮𮓼𮙢𮛎𮤔𮥴𮰆𮰇𮰈𰃨𰃵𰃶𰃷𰃸𰃹𰃺𰃻𰃼𰃽𰃾𰃿𰄀𰄁𰄂𰄃𰄄𰄅𰄆𰄈𰄊𰄌𰄍𰄏𰘖𰟠𰻌𱏵𱏿𱐀𱐁𱐂𱐃𱐄𱐅𱐆𱐇𱐈𱐉𱐊𱐋𱐌𱨤𱩝𱫫𱬎𱰬𱹜𱼀𱽏𲁰𲒋𲒌𲒍𲒎𲒏𲒐𲒑𲒒𲒓𲒔𲒕𲒗𲒘𲒙𲒚𲒜𲓥𲜸𲡏𲢯𲻾𳁆𳄱𳈋
冬	㐑㚵㠽㣠㤏㫡㲇㹣䂢䈺䧷䳉䶱佟咚图峂庝昸柊氡泈炵疼笗終终苳蔠螽鉖鮗鴤鼕鼨鿴𠩁𡈡𡶞𢃠𢓘𢛾𢫝𣁲𣧩𤤮𤱞𦂟𦙭𧆼𧈆𧊂𧚕𧲴𧹝𨀐𨒟𨚟𨠌𩂓𩢦𪚽𫈍𫔠𭡯𭽸𮂽𮗀𮵦𰄓𰉡𰋋𰒦𰯇𱌂𱍇𲸞𲻝𳁭
冭	𠘀𦄖𫥎𬇜𬙛𰛔𲸎
冯	𣳆𮰉𱞎
冰	栤𢬄𣑏𥒜𦀋𦚝𨀰𨋲𭜯𳄴
冲	𠁨𮶍𰄉𰄋𱖧
决	𦛇𪁠𪟅𪭱𲔩𲡭
况	𪋃𲎴𲔶𲔷𲱀
冷	唥𣇝𪨺𪲜𫭶𭂤𮶣𰄇𱑊𱠃𲒖𲨌𲮈𳀷
冾	𣓫𥁿𪧹
凃	𡍼𭞢
准	㕠凖𤌞𪳙𫙇𲳽
凊	𠘒𩇝𩇟
凋	𦶌𪄄
凌	蓤鿛
凍	𢟞𱓾
减	𢠔𣙤𦸮
凖	𪳙𲁸
凝	𠘤𭗰
几	㓘㔯㕣㞦㫟㲹㶡䑕䕠䘛䚨䛇䡄䢇䢳䥚亢仉冗凡凢凣凤凥処凧凨凩凪凫凬凭凮凯凰凱凲凳凴匓叽咒壳夙媺宂巬帆役投撥斻朵机槃橃殳段殷殺殻殼殿毁毅沿潑焭玑痜癓矶秃穨竌籶羸肌股船芁虎處虮襏設讥蹳釠鉛鑿铅霺頽颓風风飢饥髠鱍鳧鳬鳯鳳鴧鵚麂𠀣𠀺𠁈𠁘𠂡𠂸𠅞𠅟𠅫𠅭𠅽𠆰𠇳𠇵𠈡𠈽𠉘𠔣𠖵𠘩𠘪𠘫𠘬𠘭𠘮𠘯𠘰𠘱𠘲𠘳𠘴𠘵𠘶𠘷𠘸𠘹𠘺𠘼𠘽𠘾𠘿𠙀𠙁𠙂𠙃𠙄𠙅𠙆𠙇𠙈𠙉𠙊𠙋𠙌𠙍𠙎𠙏𠙑𠙒𠙓𠙔𠙕𠙖𠙗𠙘𠙙𠙚𠙛𠙝𠙞𠙟𠙠𠙡𠙢𠙣𠙤𠙥𠙧𠙨𠙪𠙫𠙬𠙯𠙲𠙳𠚹𠝪𠠌𠣈𠦕𠧋𠧽𠫗𠫞𠫮𠰾𠱰𠾄𡄒𡌖𡏷𡑤𡒏𡒑𡔈𡕀𡕼𡕿𡖀𡖆𡖢𡙚𡚫𡠸𡦹𡮖𡯂𡱂𡱓𡲞𡲵𡵂𡵹𡿳𢀂𢀃𢀇𢀐𢁒𢂨𢅃𢆆𢆻𢈐𢎪𢒝𢕧𢖯𢗟𢠺𢡱𢩫𢩰𢪁𢭥𢮲𢰑𢴜𢼸𢽆𢽈𢽘𣃪𣃯𣃲𣄯𣋰𣌎𣑪𣑽𣝥𣣰𣥪𣦽𣪊𣪍𣪠𣫞𣫠𣬠𣱻𣲻𣵸𣶘𣼠𣽳𣾮𤈋𤊚𤕄𤗕𤙍𤜝𤤲𤫘𤬳𤬽𤴪𤵎𤹈𤺝𤻢𥂟𥃯𥏈𥖈𥘌𥟹𥟺𥠢𥤒𥤤𥨥𥨼𥩕𥬑𥳨𥶢𥸫𥾊𦄓𦈄𦈩𦍶𦏂𦒲𦔘𦕓𦙉𦡑𦡳𦪑𦵌𦻯𦽏𧃰𧆡𧆬𧇔𧈖𧉨𧊃𧋶𧗬𧘊𧙮𧟣𧢒𧢛𧥬𧦔𧦕𧦬𧬋𧮙𧶹𧺋𧾾𧿊𧿦𨈨𨍻𨏝𨏵𨒁𨒆𨚂𨡳𨥩𨥲𨭾𨱙𨳋𨸔𨽱𨿖𩁸𩂑𩄩𩉜𩉳𩊸𩍋𩍫𩑏𩙉𩚺𩜧𩞽𩡫𩥡𩨒𩨺𩬛𩲧𩵸𪉍𪉡𪊋𪎑𪎲𪏍𪑍𪖆𪗎𪗗𪞲𪞳𪞴𪞵𪣈𪥪𪧩𪳴𪵌𪶟𫇔𫖡𫖼𫖿𫗀𫗁𫗃𫚯𫥞𫥟𫥡𫥢𫵳𫽑𫽱𬇮𬏱𬓠𬓼𬔸𬖫𬚷𬱶𬱹𬲁𬲂𬲄𬺲𬻃𬽶𭂩𭂪𭂬𭂭𭂰𭂱𭂲𭂴𭂵𭂶𭂷𭂸𭂹𭂺𭅠𭆄𭍚𭔫𭘤𭙍𭤡𭥥𭦁𭩥𭪲𭭙𭯆𭰆𭹥𭹯𮃖𮊵𮓀𮓙𮓟𮗸𮨅𮨔𮬥𮰉𮰊𮰋𮷖𮷤𰀓𰀔𰀛𰀷𰄐𰆆𰆈𰐻𰡿𰭗𰽕𱁜𱅵𱆖𱏽𱣔𱥖𱥹𱦖𱨡𱨩𱪊𱻓𱻧𱻨𲆥𲊝𲋄𲒞𲔝𲖛𲨀𲮣𲰷𲶁𳉖
凡	㕨㝷㞩㺬䏎䒮䖠䭵䴟巩帆忛杋梵汎矾竼舤芃訉軓釩钒骪鸁𠆩𠔮𠕵𠘻𠙜𠙦𠙩𠙮𠙰𠥷𠫨𠺱𡠧𡢔𡴉𢔫𢺧𢼐𣋰𣒾𣔗𤆘𤈺𤖫𤜦𤬨𤰑𤳚𤼘𥃵𦢗𦢱𦣔𧆉𧕺𨈔𨑙𨙮𨝻𨟱𨥵𩖛𩚑𩫼𩶞𩾨𪎒𪜠𪞖𪢵𫰉𫲓𫷵𬗄𬷥𬹐𭂫𭂬𭂮𭃓𭒺𭴄𮁼𮊵𮕗𮚝𮸫𮸴𰆭𰐽𰣇𰹴𱝡𱝬𱥋𱪞𱸴𲂂𲴥𳅥𳉥
凢	㠶𡱲𢂨𢖾𢦕𣏆𥃶𥐥𥸱𧥬𪳃𪵬𪸎𫥠𫥣𫩓𫼕𬜕𬟵𭂫𮍉𱦻𱻕𲟘
凤	𧘺𮯹𮰻𮱦𮳡𮴇
凥	𠰾𡲞𣪍𣲻𦭀𨍻𪑍𰕾
処	拠處𠙚𠝪𦍶𭆔
凧	𥦻𬽳
凬	𧩠𫵽
凭	𠶉𢀫𬊠
凮	𧩠𫵽𬇺𭂒
凰	𠁉𬄑𲩾
凱	𣾚𤩑𦻻𨬫𮸢
凴	𣰜𥖬𦡻𦿅𨆱
凵	㐪㓙㚇㚎㜤㞢㟗㧄䘶䶹世両凶凷出击凼函凾凿厒喦屉屮屯山帶幽廿画疶窀缶芚襾豳齿𠁳𠃨𠄤𠅉𠅟𠅠𠋓𠒔𠔛𠗙𠘽𠙄𠙵𠙶𠙷𠙸𠙹𠙺𠙻𠙼𠙽𠙾𠚀𠚁𠚂𠚄𠚅𠚇𠚈𠚉𠚊𠚌𠚍𠚎𠚏𠚒𠚓𠚔𠚕𠚘𠚚𠚝𠚠𠜇𠦔𠦟𠨀𠩀𠷭𠼨𠾃𡃬𡄚𡅟𡉆𡍑𡎕𡐪𡔌𡔘𡔥𡖸𡗖𡗾𡥢𡧰𡨑𡰮𡳘𡳾𡴌𡴨𡴩𡴬𡴳𡷩𡸁𡺳𢀄𢀺𢂸𢄕𢐺𢑘𢕽𢢟𢨏𢫂𢺬𢺿𢽆𢿔𣂚𣖣𣞤𣣯𣥼𣦋𣵊𣼏𤄪𤎚𤎸𤗠𤞍𤮺𤰒𤲃𤲱𥂶𥃬𥜭𥠞𥷯𥺗𥻔𥼈𦇡𦋣𦘙𦘚𦛴𦣵𦣹𦣼𦤴𦥒𦥓𦮍𦮒𦰗𦱳𦶷𦸩𧀈𧛳𧟻𧡠𧥜𧦆𧦙𧪸𧬿𧯽𧰍𨇔𨊥𨑿𨜚𨜲𨤝𨥢𨧵𨩹𨩻𨫘𨶼𨺞𨺭𩄥𩤪𪉷𪝿𪞶𪤵𫁯𫃪𫅎𫧋𫰩𫴴𫷄𬜪𬻂𬼈𬽋𬽍𬽘𭂻𭂼𭂾𭃔𭆫𭖈𭖛𭘧𭚹𭚼𭥝𭱩𭸂𮃘𮉰𮙘𮙚𮫖𮬿𮮩𰑉𰢵𰮨𱐍𱐎𱐏𱞐𱭕𱯕𱷱𱼲𲦵
凶	㐫㕳㚃㚇䁓兇匈嵕忷悩惾朡椶汹猣稯糉緵翪脳艐蝬訩讻酗鍐騣鬉鬷𠂳𠙭𠵶𠷛𡉰𡕂𡕃𢗮𢝿𢽌𣌇𣍶𣧑𣶧𤵅𥅢𥜾𥟛𥾜𦑨𦙄𦙞𦥓𦭪𦻤𧘮𧼬𧿖𨔩𨥍𨧵𩱅𩴭𪃊𫤧𫥦𬤼𬥑𭂿𭑄𭗾𮂬𮇦𮇩𮏇𰅱𰮎𰹜𱄦𱄻𱌮𱸏𲒡
凷	屆𠚛𠫻𧆣𧇏
凸	𠱂𢫋𫥷𰄓𰄖𰄗𱖖𲥴
凹	㾎兕垇𠈿𠕄𠚆𠚖𠚜𠚡𠱃𢍭𤉡𧀍𧰽𧱃𧱣𩡿𪵲𰄑𰄒𱈢𱐐𱛗𲐣𲺌
出	㑁㒴㔘㤕㽾䂐䖓䖦䠳䢺䪼䭯倔咄啒屈拙昢朏柮欪泏淈炪础祟窋笜粜絀绌聉胐茁蟗袦詘誳诎貀趉鈯韷飿饳黜𠀴𠒄𠕐𠘼𠚐𠚢𠥱𠩃𠩉𠪭𠭴𠰕𠲫𡈫𡈱𡌜𡕜𡖴𡛛𡣼𡧨𡭧𡭱𡭲𡮖𡰇𡲒𡲗𡲬𡲶𡴈𡶏𡹏𢅇𢇿𢋱𢝿𢢡𢭧𢰛𢶗𢼍𢽅𢽘𢾈𢾍𢾕𢿆𣀎𣂯𣅽𣍧𣐯𣕿𣦧𣦬𣧪𣪹𣭑𣽶𣿗𤉐𤏺𤝒𤢝𤬷𤬼𤱟𥎐𥙋𥚋𥚢𥛁𥞃𥣼𥪃𥺋𦋦𦍦𦗷𦛳𦤙𦨥𦪰𦵛𦸶𦽠𧌑𧒥𧙉𧙦𧭁𧰹𧵠𧷓𧷲𧷵𧸞𧿺𨋡𨌗𨒞𨗯𨱄𨱦𨲶𩂗𩍽𩕣𩕵𩖷𩟜𩢎𩨳𩨸𩬢𩶌𩼡𩿩𪍾𪏫𪐽𪓾𪗊𪗨𪛐𪞷𪞹𪞺𪨀𪨕𪫜𪲵𫜼𫥤𫥧𫥨𫥫𫥬𫥭𬁹𬑎𬦕𬩐𬮉𬾚𭂽𭃀𭃁𭍨𭞔𭣩𮄬𮇑𮋚𮧋𮴍𰄔𰄕𰄘𰌚𰝘𰥜𱁐𱂢𱐑𱙹𱚤𱛪𱦄𱶮𲆛𲎯𲒠𲒢𲒣
击	陆𡌷𥅅𫅎𱬗𱯖𱯗
凼	𬢩𳁽
函	㖤㮀䈄䘶䤴䨡崡涵菡蜬顄𠗙𢃗𢔈𣣖𣼇𥓞𥲌𦜆𧖾𨺂𪻱𫱂𬢲𭄃𭡝𮯾𱂰𲫯
凾	㴠𠚗𡎕𡞿𢞊𤠀𦋣𦴻𫀛𫒶𮅮𮪔𰯀𱀩
凿	𥽦𦦹𨬭𨯳
刀	㓛㓜㓞㓪㔃㔎㔑㗉㛃㧅㸷㼤䐡䛚䫸䬢兔刄分切刕初刧券剓剪剺劈劉劎劑勇卯叧叨召契屶忉恝挈斵旫朷栔沏洯灱留砌糿絜羽臽舠色芀芬虭蛪觢負貿贸辧辺那釖韲魛鱽鳭齊齧𠅄𠆈𠆗𠆜𠉅𠎇𠎗𠎧𠕕𠚥𠚦𠚨𠚪𠚬𠚮𠚱𠚲𠛈𠛞𠛤𠛳𠛺𠛽𠜓𠜞𠜡𠜣𠜥𠜦𠜧𠜬𠜭𠜰𠜵𠝅𠝈𠝋𠝏𠝔𠝕𠝖𠝗𠝸𠝼𠝽𠞠𠞢𠞧𠞪𠞰𠞲𠞻𠟀𠟄𠟈𠟯𠟹𠟿𠠇𠠔𠠢𠠪𠥭𠨣𠬛𠯉𠯦𠱛𠶪𡅁𡊂𡊷𡌇𡔛𡙼𡧋𡬨𡰺𡲡𡴻𡵳𡶳𢍆𢖫𢘰𢦓𢪃𢪅𢵠𣃃𣃋𣃗𣐆𣔘𣗣𣥬𣦃𣬇𣬞𣭭𣱕𣱼𣳱𣷋𣹃𤁜𤃄𤃻𤎘𤛺𤟐𤤊𤤻𤦆𤩦𤭀𤰄𤴬𤿇𥁀𥁏𥁚𥐛𥘉𥢪𥪲𥲫𥾞𥿚𦄜𦋬𦐃𦚨𦛵𦠃𦠕𦦏𦦖𦦟𦰑𦺅𦽜𦾅𧅠𧅱𧋤𧌣𧑨𧚶𧡽𧢗𧵪𧷔𧻘𨀦𨂹𨃒𨒀𨕙𨞌𨢞𨦝𨴒𨸓𨼻𩉛𩐐𩐓𩙣𩝦𩬉𩲿𩹵𩿋𪀡𪆱𪐛𪔉𪔹𪖱𪗎𪗐𪗒𪗓𪙔𪚎𪟀𪟂𪟓𪠤𪥂𫀭𫙪𫢈𫢕𫥰𫥱𫥲𫥴𫥸𫥿𫦋𫦌𫦍𫦑𫦓𫦔𫦘𫸰𫼔𫼡𫽬𫾌𬀶𬅷𬇉𬌼𬰼𬰿𬹱𬹲𬺳𬽒𬽺𭃂𭃃𭃄𭃇𭃈𭃉𭃋𭃌𭃐𭃑𭃕𭃖𭃘𭃙𭃛𭃜𭃝𭃟𭃠𭃢𭃦𭃩𭃫𭃮𭃼𭃽𭄂𭄄𭄇𭄌𭄍𭄎𭄐𭄒𭄝𭆡𭇌𭈋𭌂𭌻𭑪𭕳𭚘𭬹𭷔𭸵𮋡𮔔𮔰𮕝𮝉𮡦𮮻𰄛𰄠𰄡𰄢𰄣𰄤𰄦𰄧𰄪𰄫𰄮𰄳𰄴𰄵𰄶𰄷𰄸𰄹𰄽𰄿𰅀𰅁𰅇𰆦𰏑𰐳𰜌𰨛𰭍𰮁𰴟𰴩𰸁𱉈𱐓𱐕𱐖𱐗𱐞𱐡𱘦𱩛𱪰𱰵𲉧𲒧𲒨𲒩𲒪𲒮𲒱𲒾𲞅𲭴𲰸𲵥𲶇𳁤𳂴𳐖𳑈
刁	䒒叼欤汈𠚻𢆵𨾆𩾗𪔸𬺴𭃊𮠗𰄚𰒺𰥋𱿘𳐀
刂	㓚㓝㓟㓠㓡㓢㓣㓤㓥㓦㓧㓨㓩㓫㓬㓭㓮㓯㓰㓱㓲㓳㓴㓵㓶㓷㓸㓹㓺㓻㓼㓽㓾㓿㔀㔁㔂㔄㔅㔆㔇㔈㔉㔊㔋㔌㔍㔏㔐㔒㘌㠒㣜㤡㨽㭢㭭㺫䃗䈀䉧䌃䖌䚯䥷䬟䵞亦侀侧侴側刈刉刊刋刌刎刏刐刑划刓刔刖列刘则刚创刜刞刟删刡刢刣判別刦刨利刪别刬刭刮刯到刲刳刴刵制刷刹刺刻刽刾刿剀剁剂剃剄剅剆則剈剉削剋剌前剎剐剑剒剔剕剖剗剘剚剛剜剝剞剟剠剡剢剣剤剥剦剧剨剩剫剬剭剮副剰割剳剴創剶剷剸剹剻剼剽剾剿劀劁劂劃劄劅劆劇劉劊劋劌劍劏劐劑劓劕劖劗劘劙劚咧嬼恻惻挒捌栵檦洌测渆渕測灲煭矵硎罚罰荆蒯藰赤趔迾釗鉶鍘钊铏铡鞩魝鵥𠉳𠎼𠗗𠗧𠚥𠚧𠚩𠚫𠚭𠚯𠚰𠚳𠚴𠚵𠚶𠚷𠚸𠚹𠚺𠚻𠚼𠚽𠚾𠚿𠛀𠛁𠛂𠛃𠛄𠛅𠛆𠛉𠛊𠛋𠛌𠛍𠛎𠛏𠛐𠛑𠛒𠛓𠛔𠛕𠛖𠛗𠛘𠛙𠛚𠛛𠛜𠛟𠛠𠛡𠛢𠛣𠛥𠛦𠛧𠛨𠛩𠛪𠛫𠛬𠛭𠛮𠛯𠛰𠛱𠛲𠛴𠛵𠛶𠛷𠛹𠛻𠛼𠛾𠛿𠜀𠜁𠜂𠜃𠜄𠜅𠜆𠜇𠜈𠜉𠜊𠜋𠜍𠜎𠜏𠜐𠜑𠜒𠜔𠜕𠜖𠜗𠜘𠜙𠜚𠜛𠜜𠜝𠜟𠜠𠜢𠜩𠜪𠜫𠜮𠜯𠜱𠜲𠜳𠜴𠜶𠜷𠜸𠜹𠜺𠜻𠜼𠜽𠜾𠜿𠝀𠝁𠝃𠝄𠝆𠝇𠝉𠝌𠝍𠝐𠝑𠝒𠝓𠝘𠝙𠝚𠝛𠝜𠝝𠝞𠝟𠝠𠝡𠝢𠝣𠝤𠝥𠝦𠝩𠝪𠝫𠝬𠝭𠝮𠝱𠝲𠝳𠝴𠝶𠝹𠝺𠝻𠝾𠝿𠞀𠞁𠞂𠞃𠞄𠞅𠞆𠞇𠞈𠞉𠞊𠞋𠞌𠞍𠞎𠞏𠞐𠞑𠞒𠞓𠞔𠞖𠞘𠞙𠞚𠞛𠞜𠞝𠞞𠞟𠞡𠞣𠞤𠞥𠞦𠞨𠞩𠞫𠞬𠞭𠞮𠞯𠞱𠞳𠞵𠞶𠞷𠞸𠞹𠞼𠞿𠟁𠟂𠟃𠟅𠟆𠟇𠟉𠟊𠟋𠟌𠟍𠟎𠟏𠟑𠟒𠟓𠟔𠟕𠟖𠟗𠟘𠟙𠟚𠟛𠟜𠟝𠟞𠟟𠟠𠟡𠟢𠟣𠟤𠟦𠟧𠟨𠟩𠟪𠟫𠟬𠟭𠟮𠟰𠟱𠟲𠟴𠟵𠟶𠟷𠟸𠟺𠟻𠟼𠟽𠟾𠠀𠠁𠠂𠠃𠠄𠠅𠠆𠠇𠠈𠠉𠠌𠠍𠠎𠠏𠠑𠠒𠠓𠠕𠠖𠠗𠠘𠠙𠠚𠠛𠠜𠠝𠠞𠠟𠠡𠠣𠠤𠠥𠠧𠠨𠠫𠠬𠠮𠠯𠠰𠠱𠪕𠮧𠰙𠵯𠷌𠸑𡌀𡍫𡎗𡜇𡞢𡠡𡢱𡥁𡯇𡶭𡺢𢅚𢆂𢛋𢢼𢤐𢥍𢩬𢮰𢯔𢯩𢱦𢳐𢴴𢵷𢶏𢷚𢷶𣈛𣉇𣏀𣔜𣖊𣖡𣞗𣧿𣨸𣬟𣲈𣴈𣵃𣷨𣷬𣸛𣸟𣹨𣺤𣺳𣿖𤁴𤂄𤋴𤎁𤎾𤏬𤑯𤛜𤟆𤠧𤢾𤳝𤺨𥇮𥋠𥟻𥢫𥦹𥧂𥮚𥮻𥲮𥳩𦒕𦓎𦨉𦭣𦱰𦳲𦴟𦺧𧁄𧊞𧍡𧍼𧏇𧙮𧛵𧝼𧺈𧼕𧿀𨄩𨔭𨦕𨧂𨧢𨨬𨪑𨭚𨮸𨲞𩗌𩗦𩘊𩘛𩙔𩝖𩦠𩹒𪞾𪞿𪟁𪟃𪟄𪟅𪟆𪟇𪟈𪟉𪟋𪟌𪟍𪟎𪟏𪟒𪟔𪟕𪟖𪣫𪱢𪴝𪶃𪽯𫊽𫋉𫋖𫗛𫝐𫠌𫥳𫥵𫥶𫥷𫥹𫥺𫥻𫥼𫥽𫥾𫦀𫦁𫦂𫦃𫦄𫦅𫦉𫦊𫦎𫦏𫦐𫦒𫦕𫦖𫦙𫦚𫦛𫦜𫦝𫦞𫦟𫦡𫦣𫨖𫭮𫮘𫰘𫰞𫺥𫼤𬁦𬂖𬃙𬌧𬜱𬨼𬩒𬭺𬶀𬽰𬾊𬾋𬾑𬾮𭃅𭃆𭃏𭃒𭃗𭃞𭃣𭃤𭃥𭃧𭃪𭃬𭃭𭃯𭃰𭃲𭃳𭃴𭃵𭃶𭃸𭃺𭃻𭃾𭄁𭄅𭄆𭄈𭄉𭄊𭄋𭄏𭄑𭄒𭄓𭄔𭄕𭄖𭄗𭄘𭄙𭄚𭄛𭄜𭇞𭍹𭞶𭠤𭠩𭡺𭨱𭯿𭰐𭱆𭱐𭵎𭵙𮁜𮄉𮄢𮑊𮕥𮘉𮡼𮢎𮢏𮢪𮣔𮥨𮰌𰄙𰄚𰄜𰄝𰄞𰄟𰄨𰄩𰄬𰄭𰄯𰄰𰄺𰄻𰄾𰅂𰅄𰅈𰇘𰔂𰡟𰮸𰸌𰸠𰹡𰻝𰻞𰿇𰿞𱃙𱌌𱐒𱐘𱐙𱐚𱐛𱐜𱐝𱐟𱐠𱐢𱐣𱐤𱐥𱐦𱔣𱚎𱞤𱣐𱧗𱨋𱨳𱪼𱭂𱺼𱺽𱾉𲃬𲒓𲒕𲒤𲒥𲒦𲒫𲒬𲒭𲒯𲒲𲒳𲒴𲒶𲒹𲒻𲒼𲒿𲓀𲔤𲕜𲘰𲙂𲩁𲩞𲪈𲶡𳆶𳇬𳎈
刃	㒊㠴㣼㥘㲽䀔䵑丒仞刅刼剏剱劒契屻岃忍扨杒澀牣籾紉纫肕衂訒譅讱軔轫釰靭韌韧𠉨𠛇𠛝𠜤𠜨𠝵𠞕𠞴𠠐𠠠𠧓𠯄𠽼𡉔𡵑𢍆𢢍𣅉𣏉𣑗𣑧𤆕𤉟𤟁𥍞𥧈𥿷𦨔𦬄𧈳𧳺𧴬𨧶𩈄𩚒𩡲𩵕𪔺𪖔𪸐𫲶𫽅𬃩𬝰𬫎𭃅𭃚𭃱𭃷𭄀𭆌𭨐𭩮𭱟𮅳𮈑𮯝𰄥𰙜𱐔𱩇𲇰𲎤𳀸
刄	䑒仭刼剏剱劔扨籾衂釼靱𤇎𧘖𫦈𬻲𭂮𭃅𭃔𭃱𭌝𮈛𮓵
刅	䘐刱剙𠛂𠟐𥾠𪲠𫿼𬂾𬃒𬔚𬧪𮸓𱥻
分	㞣㟗㤋㸮䭻份兝兺吩哛坋坌妢岎岔帉弅彜忿扮掰攽昐朌枌棻棼椕氛汾炃玢瓫瓰盆盼砏秎竕粉紛纷羒翂聁肦芬虋蚠蚡衯訜貧贫躮邠酚釁鈖雰頒颁馚魵鳻麄黺鼢𠈀𠔑𠔕𠔠𠔡𠔢𠖲𠚼𠛸𠝂𠝷𠪺𠬰𠯨𡇇𡋇𡗯𡚋𡛑𡧋𡭅𡯕𡴚𡵳𡸐𢁥𢈑𢪘𢯌𢺹𢺺𣁺𣊆𣌥𣏰𣗰𣛊𣢏𣥝𣬄𣬩𣸜𣹁𤆶𤓼𤖭𤘝𤟳𤦦𤫗𤫫𤰪𤵇𤽉𥄟𥘶𥥄𥽡𦐈𦣡𦦑𧘠𧠚𧮱𧷐𧷟𧺮𧿚𨋂𨐯𨐰𨐳𨘳𨚇𨳚𨴶𨸣𩇴𩉵𩔌𩔫𩬉𩰏𩲝𩿈𩿉𪂽𪄏𪋨𪎕𪞇𪟊𪟐𪟑𪯗𫍛𫚍𫟴𫡇𫦇𫽂𬏔𬥏𬦁𬨟𬱇𬲍𭁋𭂭𭃓𭃹𭃿𭄃𭇱𭠓𭻃𮀎𮊺𮋤𮍔𮍲𮕮𮛍𮮔𮲴𰂐𰄱𰅃𰚑𰠿𰪇𰫌𰼡𰿌𰿪𱉑𱌜𱐓𱔳𱚝𱝘𱥷𱲕𱲗𱺺𱽰𲊽𲑮𲒰𲒸𲓡𲓢𲕣𲩥𲫘𳆣
切	䀙䟙彻沏砌窃苆袃𠯦𢗠𢗧𢪃𣐆𤆻𥾛𦕀𨥓𨥔𩚦𫊧𬍔𭎄𮅀𮤺𰎊𰹹𱏉𲐘𲡛
刈	苅𭃅𱺹
刊	𠛬𠰙𬽰𭯿
刋	𠰙𫹑𲡥
刍	㑇㛀㤘䋓急煞皱绉诌趋邹雏驺𢎍𢎓𢨓𤋣𤍹𤵰𥬠𩿿𪹉𪺸𫀬𫇴𫓮𫩩𫼝𬊂𬊹𬌝𬑍𬖖𬡎𬦩𬸅𭣦𭣰𰄲𰗙𰮙𰰌𱆍𱌭
刑	㣜㭢侀型硎荊鉶铏𠝊𡜇𡶭𤏾𦡅𧊞𨢏𨢹𩺄𬏄𭠩𮘉𱃥𲙂𲝔
划	𭇞𭠤𰓛𰰲𲩁
刕	脋茘𠦢𣴀𣹣𣻭𥒢𥞮𦚰𦴘𩗅𩣒𩷂𭜴𭠱𭪁𱧬
刖	㓱㢏俞偷前堬媮榆歈渝窬緰羭腧蝓褕覦觎逾鄃隃騟𠈛𠜳𠟖𡠔𢾄𣂮𣤔𥦹𦮯𧫌𨵦𪃎𪠰𭭖𰎗𰸌𱃞𱨃𱳟𲾆
列	㡂㤠㤡㽝㾐䅀䮋䴕䶛例冽劽咧姴峛峢挒栵洌烈烮茢蛚裂趔迾銐颲鮤鴷鿞𠞺𠶘𡊻𡏫𢂥𣧿𣸠𤈘𤖺𤞊𤧮𤳓𥁟𥅮𥆁𥒂𥞥𥬭𦀎𧊿𧍐𧒈𧙩𧙷𧧋𨀺𨃮𨦙𨾸𩂶𩊡𩢾𩧮𩶽𪗿𪙂𪩤𫚓𫰞𬀰𬆒𬆓𬠼𭃖𭑔𭠧𭩶𭻎𮉥𮕠𰄧𰅅𰐊𰳨𰶓𱃘𱸻𲇹𲋗𲒛
刘	浏𠡖𦀑𩗌𭇯𰂁𰇞𰑙𰰹𱃙
则	侧厕恻测荝铡鲗𫭮𫼤𮵛𰇘𰎖𱣐𱷸
刚	𡱸𱭭𲔤
初	𠠭𠸗𢮀𤙟𤯦𦁅𦠫𩷞𪁲𪯨𫋶𭝘𮷱𰈜𰠇𰪃𰱗𱓏𱓑𱓱𱢎𱮆𲉀𳈀
判	鵥𨧘𫆠𬇯𱜩𲼄𳐋
別	㭭䇷哵捌莂𡋾𡷘𥒻𥞲𥦂𧧸𨴾𩷤𪿍𫊽𲌝𳉓
刧	𢭋𧋤𭷠
利	㴝䂰䖽䬆䱘䵩俐唎娳峲悡悧梨梸浰犁猁琍痢筣脷莉蜊誗鋓鋫鬁鯏鿟鿠𠜣𠝯𠡩𡥬𡨖𡸉𢈱𢳽𣇘𣮀𣮂𤉉𤉌𤳝𥚥𥞿𥟦𥦉𩣫𩧸𪁐𪌱𪏭𪣛𪭼𪰬𫔣𫙋𫣯𫭴𬓪𬯼𬸎𭊵𭘢𭦏𮖇𮛝𮡗𮥉𮸊𰓶𰤩𰪽𰵭𱂂𲃎𲒰𲜛
别	㭭䇷哵捌莂𠣶𡋾𡌀𡷘𢃉𤿱𥇂𥞲𥦂𦖇𦛺𧧸𨡊𨧢𨴾𪶃𪺤𫊽𬩁𬾋𭠻𮐆𰃡𰓲𰵬𱐐𱜽𲠁𲡗𲨋𲲁𲳃𲷹
刮	𠟥𠵯𢯔𣈛𮢏𲃬
到	倒捯椡箌菿𠕥𠴼𥓫𥓬𧌼𧼤𨍀𪶌𬦶𭓴𲁪𳆅
制	㫼䎺䱥掣淛猘痸製鯯𠶜𡍘𡝧𢛁𢮓𤙲𥇕𦜋𦜗𦜾𦲟𧚳𧤊𧨰𨔈𨡐𨡘𨧳𨨪𪘥𪰮𫵨𬎭𭪨𭪩𰫬𱇹𱌸𱝱𲡺
刷	唰涮𢯍𤷯𲾻
券	㓬勝橳𫪤
刹	䓭𠝨𤟆𥓑𥤔𭈗𮢎𰄵𰄼𳀺𳇬
刺	䱨箣莿𠩪𤷫𦖝𧌐𧼕𪑟𪮁𭰩𮔗𰅆𰼶𲇐
刻	𢮰𪣫𱞤𲚬
刼	㥘𠉨𡮊𨧶𪠱𫽅𬐼𳀸
刾	𧌥𳆁
則	䈟䶡側厠崱廁惻測萴鍘鰂𠗧𠠋𠷌𡍫𡬂𡬙𡬷𡺢𢝔𢯩𣉇𣖡𥠉𧍡𩮆𫴯𬜊𭁒𭕤𭡤𭵎𰁊𰄸𰄹𰋰𰒭𰡟𰣷𰧌𰮸𰸠𲉘𲹀𳏍
削	䌃揱箾萷鞩𠠄𠸑𡹺𣕇𣸛𦂗𦋞𨨺𪃅𲒽𲩤
剋	𡞢𲕜𲨣𲪧
剌	㻝䏀䓶䱫喇揦揧楋溂瘌蝲鬎鯻𡇿𡞸𢃴𢉨𢔯𤀦𤊶𤟰𥈙𥚲𥰍𥻃𥻌𦖨𧩲𩋷𩘊𩤲𩨉𪘼𫥑𬶟𭝥𱗌𱿴
前	㡐㮍㷙偂剪媊揃椾湔煎瑐箭糋翦葥鎆騚鬋𠞽𠠩𠷁𡍽𢃬𣹅𤋎𦂒𦑦𧛯𧪈𩋳𩨊𪥗𫆨𬠝𭚿𭶊𮷜𰄄𰑹𰧏𱐨𲒷𲮞𳃙
剎	䓭𠝨𤟆
剔	𢱦𨲞𩮜
剖	𥰵𦵿
剛	𠠊𡬼𪮚𫅙𬌧𭡺𮢪𲒵𲒺𲓁𲜽𲧳
剝	䃗𭄄𰹡
剡	㓹𠋴𤸹𥰨𥵲𦃖𦆢𦋺𦌧𦵹𦿦
剥	䃗𠺣
剪	㨵彅謭谫𥲫𩌵𪷇
副	㨽𠠦𦸕𨄩𫋖
割	𢵷𥢫𦺧𫗛𫦢𬕲𰅁𱔣
創	𣋃𤏬𤺨𦼃𫤤𬰌𭞶𲪈
剽	㠒檦𠎼𠖟𡢱𢅚𢢼𢶏𣿖𥋠𦾑𧝼𨭚𩦠𫠌𬭺
劇	㘌𤁴𥗌
劉	䉧䬟嚠嬼懰瀏藰𢤐𢷶𣞗𨮸𩙔𪝵𭶣𱉄𳎇
劍	𠐘𡃍𣋽𤑯𤢾𧁴𱐧
劒	𧂆𭳤
力	㓞㔓㔕㔗㔘㔙㔚㔛㔜㔝㔞㔟㔠㔡㔢㔣㔤㔥㔦㔧㔹㘞㘦㛯㤼㫑㱝㽖䂮䂶䇟䏮䘈䡃䣦䯇䳱为仂劜劝办功加务劢劣劤劥劦劧动助努劫劬劭劮劯劰励劲劳労劵劶劷劸効劺劻劼劽劾势勀勁勂勃勄勅勆勇勈勉勊勋勌勍勎勏勐勑勒勓勔動勖勘勚勛勜勝勞募勠勡勢勣勤勥勦勧勨勩勪勫勬勭勮勯勱勳勴勵勶勷勸历另叻呦嘞坜墈夯契屴幼忇恸扐抛拗攰朂朸柪氻熃爋牞玏男磡穷竻糼聈肋艻莮蕂虏虜蜐觔赲辦边釛阞鳨𠆮𠘿𠠳𠠴𠠵𠠶𠠷𠠸𠠹𠠺𠠻𠠼𠠽𠠾𠠿𠡀𠡁𠡂𠡃𠡄𠡅𠡆𠡇𠡈𠡉𠡊𠡋𠡌𠡍𠡎𠡏𠡑𠡒𠡓𠡔𠡕𠡖𠡗𠡘𠡙𠡚𠡛𠡜𠡝𠡞𠡟𠡠𠡡𠡢𠡣𠡤𠡥𠡧𠡨𠡩𠡪𠡫𠡭𠡮𠡯𠡰𠡱𠡲𠡳𠡴𠡵𠡶𠡸𠡹𠡺𠡻𠡼𠡽𠡾𠡿𠢀𠢁𠢃𠢄𠢅𠢆𠢉𠢊𠢋𠢍𠢐𠢑𠢒𠢓𠢔𠢕𠢖𠢗𠢙𠢚𠢛𠢜𠢝𠢠𠢡𠢤𠢥𠢩𠢪𠢬𠢭𠢯𠢰𠢱𠢲𠢳𠢴𠢵𠢶𠢹𠢻𠢼𠢽𠢾𠢿𠣀𠣁𠣂𠣃𠣄𠣅𠣆𠣈𠣉𠣊𠣋𠫜𠲵𠷦𡅳𡉂𡖎𡘢𡧚𡫌𡫾𡯄𡴽𢆲𢍆𢖰𢙻𢛱𢬱𢮌𢱍𢳝𢽅𣂒𣃐𣏫𣓲𣓿𣡒𣢳𣦺𣪤𣱗𣷃𣼷𣾗𤄆𤇎𤈸𤉏𤋰𤏊𤑕𤓘𤙼𤜜𤠃𤠵𤧔𤨕𤯜𤰛𤸝𤺼𤼶𤽘𥅇𥗠𥘋𦀖𦂔𦂪𦂿𦔳𦕥𦕴𦘓𦛕𦞋𦟯𦯴𦻵𧖩𧲡𧴥𧴧𧼦𧾼𧿢𨃒𨋛𨍠𨘳𨚧𨦲𨩯𨭯𩋭𩖙𩛵𩢊𩢟𩥎𩫸𩮁𩮺𩱹𩵓𩶵𩷻𩾜𪋾𪏼𪑤𪟘𪟙𪟚𪟛𪟜𪟝𪟟𪟠𪟢𪟣𪟥𪥺𪧔𪭊𪯄𪴚𪵶𪽱𫃙𫄦𫆟𫉥𫓀𫛶𫜋𫝑𫝓𫢙𫦤𫦦𫦧𫦨𫦩𫦪𫦫𫦭𫦮𫦯𫦰𫦱𫦲𫦳𫦴𫦷𫦸𫦹𫦺𫦼𫦾𫻧𫾙𬂿𬋒𬏩𬓯𬜑𬟓𬩳𬮅𬸇𬾆𬾲𭂇𭄞𭄟𭄠𭄡𭄣𭄤𭄥𭄦𭄧𭄨𭄩𭄪𭄫𭄬𭄭𭄯𭄰𭄱𭄲𭄳𭄴𭄵𭄶𭄷𭄸𭄺𭄼𭄽𭄾𭄿𭅀𭅁𭅂𭅃𭐔𭒹𭖗𭚨𭜲𭞙𭤧𭦴𭫤𭰛𭰼𭱅𭱛𭱢𭶕𮅲𮍉𮞿𮠲𮧚𮰍𮰎𮷋𰀭𰃌𰅉𰅊𰅋𰅌𰅍𰅎𰅑𰅒𰅓𰅔𰅕𰅖𰅗𰇖𰋶𰐘𰒔𰕹𰛞𰜎𰜯𰞉𰦦𰪜𰮂𰽖𱁘𱐩𱐪𱐫𱐬𱐭𱐮𱐯𱐰𱐱𱐲𱐳𱐵𱐶𱒠𱘲𱦅𱪢𱫤𱬀𱱉𱲤𱺨𱿎𲌖𲑝𲓂𲓃𲓄𲓅𲓆𲓇𲓉𲓊𲓋𲓌𲓏𲓐𲝶𲠑𲦓𳉏𳋻𳍊𳎎
办	协胁苏𰓊𰣧
功	巭昮𠢈𥑙𥥙𧦪𨋝𪥺𭰀𮓾𲔚𳈝
加	㔔㔖㖙㚙㚳㠰㤎㧝㹢䂟䪪䴥乫伽咖哿嗧嘉妿拁架枷毠泇珈痂笳耞茄袈賀贺跏迦鉫駕驾鴐鿼𠡐𡊗𡶐𡶥𢉻𣭋𤇞𤙄𥑆𥝿𥡮𥹌𥿃𦙲𦙺𦨦𧉪𧊀𧦤𧦲𧻅𨔗𨔣𨚧𩊏𩶛𪀁𪗬𪟗𪨎𪰘𫉕𫛤𫦥𫦹𬸇𬻎𬾦𭄢𭄱𭄻𭐒𭐔𭖔𭛥𭮾𭴖𭽿𮁬𮇒𮛮𮜈𮝋𮟶𮤿𰅏𰅚𰇠𰳷𰹐𱅿𱐴𱚅𱚶𱞏𲑿𲓶𲧹
务	務雾𤖍𪴟𫯊𭩨𭰄𮙽𱒝𱛚𱞒𱭷𲻴
劣	㭞挘𠢣𠣇𨦒𨾻𩷈𬏩𱖢𲺄
劦	㶸䅄䝱䬅勰協姭恊拹栛珕脅脇荔蛠𠡷𠢂𠱿𢂐𢣢𣆕𣢩𣴚𤙒𤱷𧻒𫩻𬳫𭦀𮡷𱃚𲔾
动	恸𫢙𮲄𰁠𰇖𰞉𱦅𱪿
助	勗筯耡莇鋤锄𠢞𠢟𢃃𢄂𢚆𢭟𣵪𤞩𧱑𪊹𪜾𪳌𪾫𫦬𫦵𫯲𬀼𬂶𭓖𮍉𮘑𮫼𰁂𰅘𰳾𲓈𲓍𲔫𲛏𳑬
努	𠴂𢭵𲮊
劫	㤼䀷䂲䂶蜐𠄳𠲵𡝔𢬱𦀖𦛕𨦲𪁍𪘖𫄦𬾆𱘺
劬	𦮿𰞨𲝜
劭	𠢌𤉎𦀧
劯	𥑆𭰛
劳	唠崂捞涝痨耢铹鿲𣓿𤙯𦛨𫞧𫢬𫦰𫭼𫺘𬝃𬣿𬧤𬶗𭃪𭧻𮀤𮋫𮔚𰣔𰪿𰮮𰼋𱫊𱶐𱸇𱺣𲇃𲋦𲓎𲮑
労	𢭐𭼎
劵	勝椦橳蕂𠉮𠡶𠢧𠢺𢛗𢮙𤺩𥟎𩦜𩷼𬱋𮘞𱔟𳍁
効	俲𤟋𥇟
劼	𢮌𩷻
勁	葝𤠃𥯙
勃	愂渤葧𠷺𡍧𤊹𦂿𭚺𭵉𮛱𰑰𲡽𲷎
勅	鶒𠢦𪃠𪬈𫛶𫽘𬈆𳍢
勇	㗈䞻愑湧踴𠁜𠋀𢧙𢰭𤸝𧍛𨺳𩔘𩜳𪰵𪳆𫍃𬍺𭮛𮢛𱗚𱜀𲈑𲫶𳀡
勉	㛯葂𠅦𠣉𠷦𡩄𢱍𣈳𤧔𤸩𦂔𨍠𨩯𩋭𫁕𬾲𭦴𰑷𱺨𲠑𲦓
勑	䳵愸𠢷𡎼𤍂𧷖𪄪𪒅𰚨
勒	嘞簕鰳鳓𢳝𣼷𤨕𤨙𦟯𩊏𫓀𫕬𬧊𭫤𮞿𰃃𰅅𰟝𱬀𱾐
動	㗢㷲働勲慟憅𠘃𡼉𢳾𦹝𧜻𪥝𫦿𬈭𬡬𭜀𰅙𰫍𲙺
勗	𭞕𭞛𭵹𮩭
勘	墈磡𦤯𲝶𲶍
務	㜈䥐䳱奦熃蓩霧𡺱𡻒𣊃𣖶𥉠𥊦𦃤𦏃𧎻𧐙𧰈𨄝𩥎𩥦𩮼𬁒𬰞𭞤𱅨𱐷𲞶𲲾𲲿
勛	𤏩𪬩
勝	橳蕂𤺩𩦜𩻷𪓺𱔟𲶚𳍁
勞	䜎䲏僗嘮嶗憥憦撈朥橯澇癆磱簩耮蟧軂鐒髝𠢸𡑍𡡯𣟽𤎤𤏪𤛮𤩂𥢒𦺜𧯍𧰎𨣃𨲮𪱌𫁭𫃑𫦸𭜃𮭖𲮹𳃄𳋤
募	𡫌𲦽
勢	𫉥𫸾
勤	㢙懃懄𠪲𡀣𣝀𤐂𤯺𥵚𫦽𭏶𮜺𰔭𲑔𲱵𲿺
勲	𤑛𪮼𭨌
勳	爋蘍𡓕𡤂𫾙𬟓𳇛
勵	䘈𤄆𥗠𳎎
勸	𠑧𡅳𣡒𤓘𪯄𱘜𲡌
勹	㒊㔨㔩㔪㕼㡬㢤㦲㫄䀏䇖䉣䭇万兔勺勻勼勽勾勿匀匁匂匃匄包匆匇匈匉匊匋匌匍匎匐匑匒匓匔危厉句掲方旬昘曷渇灳焔瓈甸臽舄芻訇負𠄝𠍝𠍶𠏈𠐂𠚠𠠲𠣌𠣍𠣎𠣏𠣐𠣑𠣒𠣓𠣕𠣖𠣗𠣘𠣙𠣚𠣜𠣞𠣟𠣠𠣡𠣢𠣥𠣦𠣧𠣭𠣮𠣯𠣰𠣱𠣲𠣴𠣵𠣸𠣹𠣽𠣾𠣿𠤂𠤄𠤅𠤇𠤈𠤊𠤋𠤍𠦨𠬛𠮠𠶵𠼍𡇏𡉍𡋜𡎧𡎾𡏍𡕴𡗛𡘅𡘬𡘱𡙳𡚂𡛐𡢏𡦗𡧂𡧊𡯔𡷄𢁞𢊁𢒢𢕛𢡓𢩶𢪣𢱬𢴼𣂬𣏯𣐗𣑈𣖑𣖣𣚐𣡴𣣯𣲢𣽉𤆫𤉡𤉢𤊝𤊱𤌝𤚂𤛿𤜩𤥘𤭶𤰈𤵇𤵏𤹹𤿘𥂂𥂩𥂿𥄘𥑪𥚬𥝢𥣟𥦇𥧗𥪃𥬜𥬿𥰬𥲾𥵱𥼓𥼥𥾉𦁯𦃥𦃫𦄡𦅎𦉶𦍿𦐟𦔰𦛳𦛴𦥢𦥵𦪤𦮍𦵳𦿯𦿼𧃄𧅹𧍀𧝄𧞳𧦛𧦷𧲳𨉫𨓝𨚄𨡒𨤒𨤣𨥸𨹋𨹐𨺃𩋺𩍁𩍔𩍸𩏕𩑦𩖝𩛀𩜩𩤍𩧞𩨧𩨪𩷸𩼥𩽘𪆍𪇺𪈅𪈵𪏯𪒺𪓴𪗣𪠴𫇬𫗑𫝖𫠤𫢿𫧀𫧁𫧄𫧅𫧆𫬯𬂟𬖁𬜠𬝥𬢛𬫧𬮙𬲵𬳀𬼍𭃡𭃨𭅄𭅅𭅆𭅇𭅈𭅊𭅋𭅍𭜭𭥘𭦗𭬘𭮦𭴷𭵇𭵖𭵸𭷵𭿖𮊧𮌎𮌚𮎯𮞍𮡘𮩊𮭿𰅛𰋏𰓴𰘕𰸻𰹙𰿘𱄣𱆸𱋵𱑁𱓉𱤈𱧖𱨱𱨵𱨾𱪸𱯗𱻀𲎓𲓑𲔍𳁱𳂺𳊱𳎆
勺	㢩㣿䂆䄪䋤䔙䪨䵠䶂仢匀匄啲喲圴妁尥尦彴扚旳杓汋灼犳玓瓝畃瘹的礿箹約约肑芍菂虳訋豹趵酌釣钓靮馰魡𠘷𠚭𠣐𠣕𠣖𠣚𠣩𠣳𠣷𠤉𠮭𠹕𡋝𡖑𡚷𢁕𢯊𢻭𣧀𤝧𤿈𤿉𥐝𥩘𥪈𥫩𥲟𦆗𦉹𦝂𦨓𦱜𦳹𧘑𧺕𩖚𩚈𩭲𩲃𩾡𪪊𪾠𫃳𫍍𫒫𫧂𬏀𬶄𬿅𭅌𭇕𭘅𰄛𰅝𰹋𱐽𱚣𱷧𲆏𲓓𲳪
勻	㚬䏛䝧伨呁均抣昀枃汮畇盷笉蚐袀赹鈞韵𠣑𠣓𠣚𠣝𠣢𡉲𡖒𢓈𢗋𢻸𢼇𣆃𣌨𤆥𤙊𤜼𥐩𥪇𥾡𦁮𧣏𧥺𧥻𨊷𨟴𨥒𩿃𩿖𪻎𬐄𲻾
勼	䬨𥫷𦜛𧺤
勽	匌𨸤𪭠𰁘
勾	㘬䩓抅构沟芶购鈎钩𠅱𠚸𠣛𠣟𠯜𡖜𡵺𢄇𢐺𢗕𢼃𣧔𤖮𤵆𥐾𥡚𥩞𥬉𦔁𦨛𧘤𧰴𧵈𨊵𩚘𩵻𪐯𪖙𪚭𪚵𪜩𫚱𬘗𭷖𮗣𮮢𮱴𰆽𰥰𰫛𱍅𱪮𲅁𲭰𲰺𳃴
勿	㫚㬟䀛䀜䓪䝆䥼䴯伆刎匆匢吻囫圽岉忽昒易昜曶朆歾沕物甮痬瘍笏粅肳芴虝覅魩𠀵𠊉𠏑𠏦𠖳𠝄𠝯𠞍𠣔𠤀𠤆𠤌𠨂𠭿𠯳𠱎𠵞𡒒𡗃𡛁𡠍𡧤𡭥𡯖𡱿𡵶𡸑𢒓𢗘𢜕𢦠𢪥𢪱𢾈𣃦𣆄𣍐𣝻𣢊𣱏𣱢𣵓𣹒𣺅𤆞𤚶𤤅𤬱𤰿𤵐𥇯𥘨𥝤𥡓𥤽𥮬𥯕𥾸𦒶𦒸𦘨𦙑𦛦𦝸𦳝𧇂𧉚𧟰𧥲𧦍𧦯𨋊𨍂𨑥𨕨𨜗𨟸𨵶𩂂𩆲𩑮𩒶𩓬𩖨𩲐𩲬𩾲𪊖𪎧𪏵𪡕𪥸𪴵𫇅𫧃𫽌𬆿𬗣𬿶𭅉𭏍𭘫𭜹𭭩𭰴𭲧𭳴𮞥𰄡𰅜𰚽𰠐𰢰𰢻𰢽𰣓𰥓𰮱𰶶𰿜𱆘𱍘𱐹𱐺𱐼𱐾𱐿𱑀𱑂𱛎𱹸𲎡𲏐𲐅𲓒𲓔𲓕𲓖𲓗𲤧𲥱𲨈𳁔𳊫
匀	㚬䏛䝧伨呁均抣昀枃汮畇盷笉蚐袀赹鈞钧韵𡉲𡖒𢓈𢗋𢻸𣌨𤙊𤜼𥐩𥘩𥾡𧣏𧥺𨊷𨟴𨥒𩿃𩿖𪻎𬣝𭙋𮶏𮶪𮷏𮹁𰡀𰼙𱫧𱽏
匁	𠇢𢜓𢪤𥐷𥸼𮈅
匂	喝掲曷渇褐謁𪜪𭎀𭤥𭥅𭦹𭯻𮂵𮎠𮑥𮗳𮗽
匃	䈓䦪曷葛𠣣𤡡𤸎𦍨𩢛𭠝𮌍𮠤𰿴𲨤
包	㚿㯡䍖䎂䛌䮀䳈䶌佨刨匏咆垉孢庖怉抱枹泡炮炰爮狍玸瓟疱皰砲窇笣胞苞蚫袌袍跑軳鉋铇雹靤鞄颮飑飽饱骲髱鮑鲍麅麭齙龅𠌑𠓨𠣶𠣺𠣻𠣼𠤁𠤃𠷤𡂟𡯚𡯡𡶄𢁀𢄝𢵖𢶭𢼌𣁈𣕅𣖏𣚇𣭀𣭚𥄹𥓤𦊠𦠖𦰮𦼀𧙌𧙘𧛍𧮌𧲼𧵢𨚔𨠖𩇌𩋲𩎘𩐜𩤄𪀀𪊡𪏶𪐼𪓠𪭹𪮇𪵀𪽕𪿤𫀆𫃠𫉌𫎍𫒹𫙫𫯯𫹾𬤺𭅎𭅏𭠆𭣘𭷝𭸤𭻚𮐠𮮆𰄤𰅞𰅟𰅠𰈻𰢜𰤡𰵜𰶒𰺂𱂿𱐸𱐻𱑃𱕹𱷃𱸹𲊬𲓘𲓙𲪨𲱿𲵨
匆	㩀䖏怱茐𠁅𠏨𠰯𠱱𡟟𡧴𢝰𢫍𦓭𨠞𨣭𨬀𩂜𪦦𬖕𭂉𭄏𭙧𭞥𮩎𮶆𲘡
匇	𠣨𧻌𭱖𭼚𮌢𰠶
匈	哅恟洶胷胸詾𠴶𡏠𢫤𣑤𤈤𥒚𦭪𨠮𭮌𰮢
匊	㥌㹼㽤䗇䜯䪕䱡婅掬椈毱淗粷菊諊趜踘躹陱鞠驧鵴麴麹龾𢵁𣮕𣯲𤐋𤜔𥮗𧂲𧝮𨨠𨿥𩁴𩌽𩛺𩣽𪅞𬈵𭶡𮃌𮈜𮑦𮭀𰉺𰏮𰪨𰷈𱇽𱊇𲈈𲭠𳀻
匋	䛬啕掏淘祹綯绹萄蜪裪醄鋾陶騊𠊐𠏈𡍒𢔇𤕅𥂩𥓮𥮽𨂆𨌨𩋃𩛽𪌼𫑂𫘦𫱀𬤁𬯈𭹟𮌚𰾏𱛵𱞢𱠯𱳀𲌸𳈬
匍	葡𠣵𮛻𲼿
匐	蔔𨄑𫕑
匕	㔫㔬㔭㠲㩺㫐㲺㼠㾩䂗䖈䙾䚰䛏䣥䥝䲿仑伲匂化北匘匙呢塡壱它尼庀彘態掲旨朼欵此死比泥渇牝疑疕皀皍直眞老肄能芲蚭酈頃顷鬯麀齔𠁶𠅰𠆪𠈁𠒟𠖸𠘩𠛛𠝀𠣺𠤏𠤐𠤑𠤒𠤔𠤕𠤗𠤘𠤛𠤜𠤝𠤠𠤡𠤤𠤧𠤨𠤪𠧢𠨐𠨒𠨬𠩊𠩽𠭢𠯺𠱟𠽽𠾋𡄊𡇾𡏲𡕒𡖅𡘁𡙊𡚧𡜞𡧏𡧠𡭠𡱹𡲏𡳅𢁄𢈃𢍾𢒸𢓼𢖬𢨩𢬉𢮾𢳢𢺵𢼊𣅬𣌲𣒬𣓛𣕷𣙰𣡫𣢉𣢞𣢸𣢾𣣅𣣝𣤃𣥅𣳊𣶾𣼮𤁼𤅯𤆇𤆫𤏶𤐅𤕥𤘤𤪵𤫘𤰣𤶨𤶮𤾐𥀡𥃩𥆈𥋦𥋨𥎨𥏚𥏰𥏷𥖡𥘇𥘈𥛺𥜱𥜷𥝓𥤫𥧠𥪧𥬜𥭯𥱘𥶗𥷵𥻊𥻳𦂬𦂰𦉮𦎶𦏝𦙋𦟡𦮤𦱭𧃍𧇩𧎃𧴦𧺊𨃳𨏝𨑘𨓖𨓛𨕉𨚛𨜭𨝅𨤊𨤽𨦊𨫞𨫶𨰅𨰎𨶙𨶦𨽹𨽻𩒁𩒂𩒠𩓓𩣄𩣎𩣛𩨷𩲏𩵏𩷌𩻼𩾕𪀶𪋼𪗑𪗒𪝶𪟨𪟩𪨧𪩽𪴬𫇹𫈇𫉫𫊤𫕙𫖝𫚰𫜸𫞲𫥡𫥢𫧇𫧈𫧉𫧊𫭄𫱇𫸘𬃜𬅃𬐵𬐺𬗨𬝺𬞯𬢻𬴼𬹩𬼚𭅑𭅓𭅔𭇟𭋅𭋸𭋹𭍶𭐎𭭽𭭾𭴁𭺖𭺪𭿌𮂄𮅷𮎠𮐰𮓘𮓝𮧒𮩲𮬰𮮾𰅡𰅵𰚻𰛠𰤸𰦠𰰨𰲘𰳰𰶤𰿁𱁑𱆊𱋅𱑄𱑅𱚆𱝡𱠪𱥕𱰬𱻆𲣁𲭅𲱾𳌕
化	㗾㬸㳸傾华吪囮婲杹沎炛花訛讹貨货鈋靴魤𠇃𠉼𠕿𠯒𡳖𢪎𢶤𣕢𣢉𣾳𤆷𥄒𧢽𧿕𨱂𩑭𩤉𩲏𩲜𩾹𪜐𪢼𫅁𫔛𬍕𬖒𬟹𬦷𬧧𬩑𭼇𮕬𮙉𮱳𰆳𰢺𰧲𰰽𰻥𱖋𱞃𲂨𲅒𲊢𲳐𳉳𳌳𳎒
北	㘳㪓㷼㼱䉾䓙丠乖兠冀埀嬊燕背苝詹軰邶鉳驥鷰𠅭𠙨𠙩𠙯𠛙𠤖𠤢𠤣𠤥𠤦𠤫𠦞𠭼𡉵𡋭𡕶𡕸𢀇𢀈𢀉𢀐𢂖𢘠𢫣𢯀𣃿𣋅𣌫𣓽𣬏𤘿𤤘𤮤𤮪𤹢𤾐𥀅𥦚𥧐𥨏𦎶𦧕𦨆𦮃𦿵𧃞𧉥𧎕𧔀𧚹𧫯𧮃𧶙𨀈𨁓𨓖𨬪𨸾𩚾𩝨𩸼𩼍𩿻𪊠𪜜𪟪𫕡𫩡𬊴𬔶𬱹𬸧𭇑𭔑𭚀𭚊𭥣𭳨𮣪𮤱𮮨𰄣𰅋𰅣𰉟𰛗𰞃𰞆𰮔𱍥𱏫𱩷𱪂𱱍𱳉𱾲𲔱
匙	𣼮𨫞𱠪
匚	㐄㔯㔰㔱㔲㔳㔴㔵㔶㔷㔸㔿㥾㨤㿄䁥䏘䑉䑞䘌丣亡匄匛匜匝匞匟匠匡匢匣匤匥匦匧匨匩匪匫匬匭匮匯匰匱匲匳匴匵匶匷匹区医匼匽匾匿區叵嫟嬺巨惬戉戼攍朚杗櫃汇瓯笀箧臣臦鬭龨𠁁𠂼𠃬𠍾𠑹𠔄𠝀𠤭𠤮𠤯𠤰𠤱𠤲𠤳𠤴𠤵𠤶𠤷𠤸𠤹𠤺𠤻𠤼𠤽𠤾𠤿𠥀𠥁𠥂𠥃𠥅𠥆𠥇𠥈𠥉𠥊𠥋𠥌𠥍𠥎𠥏𠥐𠥑𠥒𠥔𠥕𠥖𠥗𠥘𠥙𠥚𠥛𠥜𠥞𠥠𠥡𠥢𠥣𠥥𠥦𠥨𠥭𠥮𠥯𠥰𠥱𠥴𠥶𠩐𠩽𠷍𡂧𡅛𡠷𢄛𢏚𢐉𢛀𢤉𢻬𢽇𢾺𣂱𣅲𣍄𣑙𣘗𣛈𣝽𣞘𤁟𤃕𤑅𤓫𤖋𤛒𤮖𤰣𤰴𤻢𥓟𥕇𥘈𥦪𥲅𥵽𦃷𦒞𦒫𦓆𦣝𦣞𦣩𦬀𦮙𧂌𧈟𧏔𧡸𧦩𨒎𨝇𨢫𨦑𨨙𨱗𩅎𩆫𩒥𩓴𩔿𩕿𩺱𪐌𪙛𪙯𪟬𪟭𪟰𪟱𪟲𪫯𫍁𫧋𫧌𫧍𫧎𫧏𫧐𫧑𫧒𫧓𫧖𫧗𫧘𫧙𫧚𫧛𫧝𫨼𫹖𫹲𬌄𬨭𬯅𬼖𬿤𭅔𭅕𭅖𭅗𭅘𭅙𭅚𭅛𭅜𭅝𭅞𭝐𭪜𮂪𮎼𮏕𮝝𮥛𰀂𰀄𰅤𰅥𰅦𰅧𰅨𰅩𰅪𰅫𰉖𰒯𰯒𰰊𱑉𱑋𱑌𱞝𱨷𱮨𱱄𱵵𲉞
匛	柩𢏉𪫨𰧴
匜	𧦩𳅳
匝	㧜咂砸鉔𠇽𣐝𣕸𣙐𦚗𦭧𪨞𫁹𫂸𫓬𬑚𬕣𬚴𬡋𮤼𱭪𲃚𲘺𲚶𲾑
匠	䞪𩣕𪀘𰁳𱑈𲥺𳐈
匡	㑌䒰䖱劻哐恇框洭眶筐誆诓軭邼𢬤𢼳𣃱𤝿𦊺𦚞𧻔𨀕𨦑𨴑𩒑𩢼𩬹𪥎𪯵𫁔𬮣𬳻𭖕𭥰𮀳𮜳𱑆𱑇𱖟𲇺𲓛𲷯𳐥
匣	㭱筪𨧄𪡄𭑻𭰙𮥇𰓫
匧	㥦㰼愜篋陿𡞡𢃫𤷾𭎻𲡾𲦍
匨	㮜𡍱𫧔
匩	𢝎𣶕
匪	㥱榧篚𠌨𠓿𢾺𢾻𣤆𥠶𦃄𦈗𦷁𨻃𪯭𪶬𰔒
匮	𫺹𰊛
匯	㒑擓𣿬
匱	㙺䕚櫃籄鑎𠏺𡣓𢷴𥎛𦆠𩍨𩏱𫻑𲴑
匸	㐄㔷㔸亡匄匧匲匹区医匼匽匾匿區叵甚𠍾𠑶𠑸𠔄𠗮𠤲𠥃𠥄𠥈𠥮𠥯𠥰𠥱𠥲𠥳𠥴𠥵𠥶𠥸𠯔𠯕𡗢𡛘𢉮𣂱𣕩𣚼𤯉𤰵𦬀𦱺𩲰𩳺𪟯𫞪𫡶𮏪𮨁𱑊𱥾𱩚𲚂𲢥𲦮𳅋
匹	䏘甚苉鴄𠥄𠯔𠯕𡛘𣛍𣬮𥐵𫘇𫨹𭔪𮋑𰒿𰩰𰺴𱟢𲓚𲦀𲨸𳎦𳐂
区	䝙伛呕奁妪岖怄抠枢欧殴沤瓯眍讴躯駆驱鴎鸥𠛅𥐰𧦅𨸟𪟮𫋲𫭟𫸩𬁵𬉼𬔯𬪧𭅟𭪈𮏞𮓹𮝀𰕅𰰤𰽜𱃲𳃇
医	㗨㙠䃜䗟嫛悘殹瑿瞖繄翳醫黳𡤖𢟇𣘦𣫥𣫫𤻢𥏏𦑄𧜤𧫦𨯍𩥯𩮵𫑝𫧕𬙟𭌱𭬢𮋺𮡟𮢶𰕉𰱃𱒨𱕧𲛢𲾡
匼	𠵏𫽆
匽	㰽䞁䤷偃堰愝揠椻蝘褗躽郾隁鰋鶠鼴𠸯𡹶𣈿𣯄𣹐𤦵𥈔𥍻𥔌𦖧𧓱𩀀𪦈𫚢𬥺𬸘𭲣𮈧𳑟
匾	𢴂𦄒𬄈𮰩𲶋
匿	㥾䁥䘌嫟慝暱𠥤𠽋𡠷𢴚𣘗𤎐𦟻𧏾𩺱𪐌𪙛𬳤𭱶𭸢𭼟𮀻𮚟𮡡𮪳𲿗𳅞
區	䆰䌔䙔䡱䧢䩽䳼傴剾嘔塸奩嫗嶇彄慪摳敺樞歐毆漚熰甌瞘膒蓲謳貙軀醧鏂饇驅鰸鷗𠄾𠢔𠥝𠥷𠥹𠥺𡩾𡬿𢄠𢋔𢕓𢷯𢿛𣂻𣉾𣎥𣞃𣩛𤛐𤠾𤹪𥕥𥱸𦉒𦓇𦗛𦟾𧏺𨄅𩀫𩔸𩪍𪛃𪠯𪴋𫑧𫧜𬇅𰢋𱑍𱟟𲟔𲰡
十	㐄㐋㔬㔹㔺㔻㔼㕝㚈㢑㢓㢤㥁㫩㾕䒖䓍䘚䥅䦹䭴䳒丑丩丰亁什仐來克兙凖卂千卆午卉卋华协卒卓協卖卙博卛厗去叀古叫叶哉啚土圥圭坴壊士壴夌夲夾妻孛宰尃尭屖峷崪巿干廾徳怘恚懐戢截戴才支斗早旪旱木朩未末本朻朿来東枽枾柬栆桒毕氒汁求準澍澎灻率瓧甫田畞疐疩瘴皁皋皐直真竍章筚筸籵索耂聴肸胾臯臷艹芉草荜莘蔁虯衷覃計计賁賊賫賷贲赍走車辛辜辡辻針针閈闬阜隼革麞麥鼀鼖龺𠀟𠁱𠂰𠃫𠄊𠅋𠅖𠅷𠆀𠆱𠈾𠍶𠐱𠒈𠒖𠓝𠔬𠙷𠟴𠢂𠢾𠤏𠥚𠥼𠥽𠥾𠥿𠦀𠦁𠦃𠦄𠦇𠦈𠦉𠦊𠦍𠦎𠦐𠦓𠦔𠦕𠦖𠦗𠦘𠦙𠦝𠦟𠦠𠦡𠦢𠦣𠦥𠦦𠦧𠦨𠦩𠦪𠦫𠦭𠦰𠦱𠦴𠦵𠦸𠦹𠦼𠦽𠦾𠧀𠧁𠧂𠧉𠧊𠧋𠧎𠧏𠧐𠩰𠫘𠮷𠵀𠵒𠷫𠸥𠸼𠿧𡁦𡈿𡉺𡊈𡊓𡊮𡌷𡍬𡑽𡕒𡘖𡘶𡛷𡜌𡜦𡝽𡥇𡦗𡧵𡨔𡨯𡩖𡩼𡪍𡴙𡴨𡴩𡸝𡸠𡺾𢁺𢂯𢄬𢆉𢆏𢇥𢈰𢈹𢌗𢌻𢍚𢍫𢎇𢛳𢞨𢡘𢦏𢦛𢦡𢦼𢧜𢧨𢧭𢨍𢨦𢩲𢪿𢱠𢱿𢶁𢷐𢻣𢾶𣀍𣁌𣁬𣂑𣆉𣇛𣇸𣎳𣎺𣏃𣏲𣐁𣐺𣑛𣓑𣓟𣓼𣔈𣔎𣕣𣕿𣘒𣘚𣚐𣟒𣟘𣣙𣪺𣫂𣫠𣲌𣳀𣳂𣳝𣳰𣶞𣷚𣹲𣽉𤃊𤐬𤔭𤕍𤕐𤗣𤗥𤛙𤡶𤣭𤫍𤫝𤬧𤰔𤰞𤰠𤱑𤱒𤱱𤱿𤲷𤴡𤹵𤽁𥃪𥃭𥄖𥈷𥈸𥎧𥏯𥓈𥔫𥙽𥜩𥡖𥤿𥥫𥦑𥭴𥮮𥯺𥲺𥾅𦃦𦈢𦉲𦉴𦋁𦌃𦍋𦍟𦎧𦐫𦑻𦒎𦘏𦚬𦝸𦟬𦧳𦬝𦬡𦭚𦭨𦭱𦮍𦮘𦯑𦰗𦱤𦲆𦸻𦽢𧆔𧗵𧗷𧝄𧞳𧠍𧡠𧴶𧵎𧶌𧶚𧷏𧾽𧿎𨀔𨂬𨃭𨄮𨐋𨑷𨑿𨒒𨓄𨓸𨔿𨗃𨘞𨙖𨙩𨞢𨞥𨠪𨣑𨥪𨨇𨩑𨪬𨴝𨴲𨶤𨺎𨺶𨻰𨾐𨾙𩃊𩃲𩅈𩎴𩐮𩐷𩒪𩖘𩗸𩞔𩞴𩡒𩡪𩣰𩫏𩫪𩬋𩬴𩿜𪄳𪆉𪉞𪉫𪊩𪔵𪗄𪗕𪜅𪞱𪟴𪟻𪢱𪭒𪯆𪶗𪿰𫀂𫂷𫖆𫖐𫙏𫝒𫝓𫝔𫡒𫡰𫢉𫧞𫧠𫧤𫧥𫧦𫭂𫵱𫷃𬁰𬃖𬅆𬍏𬓭𬙝𬡪𬹄𬺥𬺱𬻉𬻌𬻍𬽍𬿉𭁢𭂩𭃄𭃍𭄡𭄪𭅠𭅩𭅰𭆴𭋂𭌀𭌌𭏬𭐣𭑃𭙨𭙾𭜲𭝠𭟯𭣞𭦬𭧵𭪀𭫈𭫘𭱢𭲨𭹹𭺫𭾗𭿥𮁏𮂯𮄓𮄼𮈖𮈦𮉾𮊜𮍞𮒂𮗖𮗨𮘤𮙹𮣉𮧌𮧓𮧼𮨾𮪦𮰏𮰐𰀁𰀉𰃵𰅭𰅮𰅯𰅰𰅱𰅲𰅳𰅴𰅶𰅷𰅸𰆵𰉷𰍄𰕬𰚷𰛬𰠉𰠊𰧸𰭎𰰜𰶱𰷌𱋾𱐵𱑎𱑕𱙼𱚰𱣀𱣟𱧉𱧌𱨭𱩅𱩰𱬎𱬥𱳶𱳸𱳽𱵍𱶢𱶽𱷐𱷱𱻶𱽣𲀞𲂞𲄵𲅞𲈢𲊝𲌤𲌦𲎏𲓜𲓝𲓞𲓠𲓤𲓥𲓦𲓨𲓩𲓪𲟆𲟪𲥮𲫍𲬿𲷁𲹑𲼔𲾊𳂕𳐩𳑅𳑆
卂	㚨㧬㭄㷀䂬䅃䊄䑉䒖䭀厾巩扟攍汛煢篫籸茕蝨訊讯軐迅阠鳵𠌋𠎽𠫲𡈾𡊼𡢔𡢣𣈟𣔗𣥇𣽆𤜢𤣲𤬫𤽰𥃴𥝡𥭰𥯹𥰺𥳎𦝠𦧾𦵶𦶐𧈲𧏤𧮬𧿅𨾑𩑓𩖜𩡰𩡵𩢽𩨖𪀛𪜖𫲓𬾩𮌩𱟂𲋔
千	㔓㔞㧞㪓㾩䀒䄭䄹䊹䢴丢乖乗仟兛刋叐吀圱圲奷忎忏扦杄歼汘瓩禾秊竏粁纤臿舌芊谸迁釺钎阡龵𠃇𠄒𠉟𠌤𠘴𠙺𠚏𠚲𠛬𠛻𠜫𠦅𠦋𠦚𠦞𠦳𠬼𠮮𡈼𡍇𡣼𡶨𡷩𡸁𢂮𢆍𢌙𢕆𢨮𢳓𣅌𣑟𣗚𣥥𣱎𤗠𤣳𤾋𥠞𥭇𦓤𦥛𦥫𦴏𦼌𧖏𧗤𧘜𧧲𧬿𧮮𧺛𧿐𨓀𨛽𨪺𨱩𨱷𨹱𨺭𩕸𩡴𩤪𩳂𩵞𩾭𪍰𪙒𪜍𪬑𫇚𫡙𫡰𫧢𬆼𬑻𬔌𬗜𬼈𬼌𭅡𭐰𭛜𭾜𮃘𮎶𮎸𰅺𰝻𰠾𰤵𰵋𱀁𱪦𱫎𲁢𲏃𲐰𲓡𲓢𲓣𲾋𳃑
卅	丗带𠀍𠎰𠙭𠯢𡗿𢁎𢌽𢧯𢰎𣀰𣡅𤐻𤽒𦬢𦱴𨗤𪥙𫭜𭩠𱦛
卆	㳃伜忰杂枠疩砕粋紣翆酔𠯥𡉻𢇥𢪄𣅢𤝊𥄌𥘧𥤿𦙈𦬡𫰓𰙊𰨞𱂕
升	㐼䛂呏抍昇枡竔阩陹𠦑𠦲𠦿𠧌𠧍𡆼𡉧𡉼𡛈𢗢𣃬𣅮𤆭𥘥𥾷𦐒𦧌𦬱𦭊𦷼𧟨𧿘𨌝𨖲𨛘𨬁𨵒𩫆𪣪𪣿𫧧𫧪𬛲𬨠𬹦𭅧𭽎𭽓𮂶𮕭𮗤𮙶𮫳𮵋𰅾𰆁𰇌𰪮𰭰𰼄𱆗𱲟𱲡𲨼𲲝𳅱𳌡𳎩
午	㞰㬳仵吘啎忤旿杵汻滸玍玝缶許许迕𠉖𠖴𠨺𠵦𠼯𡉦𡗧𢆏𢓷𢕜𢠇𢦩𢨵𣛐𤡈𤵍𥄭𥐭𥘪𥾿𥿵𦥽𦬶𧺴𨕣𨖍𨳰𨳱𨾟𩑤𩵱𪞸𪟳𪭟𪷋𫀩𫏿𫒍𫔦𫠧𫧬𬆋𬑩𬝀𬩕𬮫𬶉𭅦𭓠𭘔𭘾𭠕𭬁𰆍𰕝𰝿𰭷𱑒𱑔𱙈𱵞𲅝𲆨𲇠𲭛𲿡𳈒
卉	䯵奔枿泋莾鼖𠛟𠱥𢍃𣮡𥑾𥮈𦯨𦳕𧫵𨒍𩚰𫦃𫷱𬜦𭯔𰌹𲡠𳇪
半	㪵㫠䉽䬳伴冸判叛坢姅怑拌柈泮溿牉畔眫秚絆绊胖衅袢詊跘鉡靽頖鵥𠦯𠦺𠦻𠰢𠲑𠵵𡛤𡞟𡭉𡶡𢏑𢘤𣫷𥐆𥑍𥘽𥙪𦚓𧉻𧸝𧺾𨒃𨚚𩢔𩲯𩶐𪟶𪟸𪧻𪰃𫃘𫕺𫟟𫧟𫾅𬅅𬑰𬑵𬥓𬱙𭁌𭁑𭁙𭅢𭕯𭝜𭤲𮄃𮟵𮶉𮷕𰅼𰅿𰮹𰽰𱃷𱓟𱩛𲂝𲃁𲲆𲳄𲸴𳂞𳂮
卋	枽𦐫𮅉
卌	带橆無舞𢦫𣞣𤽧𩆕𩡧𫉰𬻜𬻝𭴾𭴿𰙄𰙈𲓧
华	㟆哗晔桦烨铧骅𪉊𫖇𫚘𫰡𫺆𫼧𬑓𮕽𮧵𮳆𮳴𮴔𮵀𮵁𮸭𰅻𰉪𱏩𱖋𱼇𱼺𱽣𲂊
卑	㗗㪏㼰㽡䇑䚜䠋䡟䫌䰦䱝䴽俾啤埤婢崥庳捭朇椑渒焷牌猈琕痺睥碑禆稗箄粺綼聛脾萆蜱裨諀豍貏郫錍陴鞞顰颦髀鵯鹎鼙𠕩𠜱𠥉𠧃𠧅𠩲𠬈𡐕𡦆𡦟𡭼𡲎𢃍𢋜𢔌𢛞𢳋𣈢𣮐𤽹𤾁𤿾𥀷𥏠𥼊𦓸𦩖𦹽𧅵𧌠𧓎𧯿𧼠𨐜𨡕𨲋𨿵𩏂𩔹𩔾𩖓𩗫𩫝𩫪𩫫𩫮𩭧𪂃𪏒𪐄𫉹𫖓𫜔𬨌𭅤𭅮𭋐𭌢𭍔𭐼𭙅𭙆𭚽𭬞𭶲𮆰𮗆𮞱𰈿𰙮𰬤𰾎𱂮𱚋𱰾𱷈𲍕𲦼𲽷
卒	㰵㱖㲞䕜䘹䚝䯿䱣倅啐噿埣崒崪悴捽晬椊淬濢焠猝琗璻瘁睟碎祽稡窣箤粹綷翠脺萃蜶誶谇賥踤醉錊雜顇𠁸𠗚𠧆𠫏𠾹𡀬𡄰𡇻𡝵𡦧𡨧𡮇𡳝𢃒𢈼𢋳𢔙𢣃𣖛𣖢𣦮𣨛𤂭𤪛𤭢𤲠𥀏𦑋𦖒𦤖𧳚𧾉𨔊𨢅𨿼𩃣𩗶𩜘𩤏𩩠𩫛𪁽𪋌𪓌𪘧𪝬𪟼𪺨𫇈𫥜𫦈𫩅𫫑𫻣𬐎𬑮𬙼𬜈𬺋𭛐𭶈𭺣𮉬𰗣𰚡𰠄𰷤𱂯𱐟𱘠𱩌𲗔𲜮𲧃𲧑𳄾
卓	㦸㪕㹿䂽䈇䑲䓬䮓倬啅婥悼掉晫桌棹淖焯琸窧竨綽繛绰罩趠踔逴鋽鵫𠃵𠣳𠦲𠦷𠧄𠧇𡍎𡯴𢒛𢔄𢛂𢿭𣂣𣦖𣪙𣫜𤙴𤚷𤲤𤷘𥇍𥏥𥢔𦅕𦋇𦋐𦋚𦜰𦠰𧌸𧟻𧣺𧨳𧳝𨉔𨌬𨺑𨿧𩘀𩙩𩭟𩷹𪂱𪍈𪟷𪟿𫀑𫆶𫛱𫵑𫸍𭁸𭅭𭓶𭖭𰵳𱥏𲂰
单	䃅亸冁啴婵弹惮掸椫殚瘅禅箪蕲蝉褝觯郸阐𠽂𢠤𢧐𥠐𥩑𦈎𨡙𪩷𫛴𫟠𫢸𫮃𫰂𬂅𬈁𬊤𬠷𬭙𬶛𬹤𮱯𰅦𰡩𰰆𰹀𱁞𱅛𱋴
卖	㱩椟渎牍犊窦续觌读赎黩𪥿𪻨𫧿𬑙𬻦𬿋𰂏𰃿𰅥𰤫𰤬𰱐𰶔𰷸𰺌𱁷𱑑𱮀𲀟
南	㑲㓓㣮䈒䊖䋻䌾喃婻揇暔楠湳煵献罱腩萳蝻諵遖𠄼𡎜𡣤𢆥𢷁𥀇𥈶𥠮𦣰𨂾𨆕𨝿𨡯𨩇𨩧𨵴𩄑𩹞𪃢𪑮𪤟𪩂𪻳𫌢𫗕𫡫𫡵𫧣𫷜𬆩𬌹𬍍𬛈𬛩𬲁𬳄𭅥𭒬𮴼𰅆𰆀𰆂𰑳𰨵𰮶𱎖𱙬𱫠𲂐𲉯𲓫𲓯𲚎𲠮𲳭𲻅𳃾𳋇𳋈
単	巣弾惮戦禅箪蝉褝騨
博	簙𠽢𣽡𫓆𭧧𮑀𱚒𱠲𲱮
卛	欒𧟗𨏶
卜	㓀㹾㺪䃼䛮䟔下不仆倃卞卟卡卦卧咎啩圤处外小忄扑掛斥昝朴爪疜盀礻綹绺芐芣虲补訃讣赴迯釙钋閇鯦鳪𠀚𠀶𠄄𠅄𠚡𠚩𠚬𠧓𠧙𠧞𠧥𠧦𠧨𠧩𠧬𠧮𠨉𠴰𠷳𠹩𡆥𡆧𡦾𡭔𢍒𢛃𢜥𢫑𢿬𣅃𣓌𣱶𣲉𣳢𣵝𤆊𤝥𤰘𤱈𤴩𥃨𥐚𥝒𥩖𥻀𦓦𦘱𦜵𦭌𧈓𧕠𧖼𧘇𧴤𨈒𨊣𨒓𨖼𨾇𩚅𩡭𩨓𩱻𪋿𪎍𪐙𪟾𪟿𪢱𪭣𪱱𪽁𫁰𫃚𫇥𫊰𫧮𫧰𫨦𫶽𬀧𬲥𬵂𬽸𭁅𭅳𭅴𭆼𭎉𭑧𭭄𭶬𭶺𭻣𭽶𰀠𰇚𰋈𰓺𰦓𰯮𰺮𰿗𱇎𱇼𱈰𱌑𱎜𱏳𱐂𱑗𱚃𱚲𱝪𱣧𱭘𱱺𱱿𱺏𲌄𲓭𲥵𲨄𲨳𲩙𲭀𲭫𲳗𲶵𳋚
卝	㐀㩲䌯䑏䖹䙮䚭䝔䟒䠰哶嚾壦孉寛巏滿爟獾矔繭羐芈茍萈蒦虁蠸酄雈雚飌鱹𠆆𠇎𠈾𠐪𠐭𠑢𠑫𠒌𠟗𡖂𡚜𡠒𡠘𡣌𡰝𡴟𡿤𢅓𢅔𢇅𢈒𢐖𢐯𢐱𢐳𢐽𢑆𢠶𢦉𢳌𢴯𢵇𢵎𢽁𢾠𢾴𣀄𣀺𣂼𣋭𣌓𣡀𣵽𤀱𤂡𤖁𤙢𤛫𤜍𤞢𤨛𤬠𤮳𤰈𤻰𤼐𤼢𥄕𥋚𥍊𥐓𥐫𥢞𥤊𥧳𥪺𥷬𦆇𦆏𦆶𦍋𦍚𦍟𦍮𦎧𦏙𦏚𦏡𦤄𦫳𦭝𦰩𦰶𦲃𦲆𦲩𦲸𦹋𦻫𧃦𧅆𧆉𧏊𧔠𧟚𧢰𧤱𧨅𧨢𧭖𨍅𨕸𨙕𨟪𨥑𨳡𨶚𨽧𩁧𩁫𩕸𩙤𩛬𩝨𩧣𩪒𩪼𩱀𩵄𩺁𪅐𪈩𪈸𪈻𪓔𪙐𪼧𫉶𫉽𫉾𫉿𫊃𬄋𬈜𬈵𬔁𬚦𬞭𬞳𬞴𬞵𬞶𬞸𬞻𬞼𬞽𬫰𬵴𬵼𭵸𭺃𭺖𮁆𮑞𮒹𮟔𮤨𰰧𱅾𱍥𱧻𱧼𱩑𱩩𱮭𱳑𱴮𱾓𱾔𱿀𲇩𲠻𲧌𲩰𲼯𲽓𲽖𲽛𲽟𲽣
卞	忭抃汴炞犿玣笇苄飰𠂪𠂫𠯴𣏣𥑃𥾽𨳲𩡼𩰍𪨨𫆘𬽅𮗾𮡬𰆴𰕞𱃴𱖿𲏁
占	㓠㚲㣌㤐㸃䀡䍄䦓䩇䩞䪓䬯䴴䵿乩佔呫嚸坫奌岾帖店怗惦战扂拈掂敁枮梷毡沾炶点煔玷痁砧秥站笘粘胋苫蒧蛅袩覘觇詀貼贴趈跕踮迠酟鉆钻阽頕颭飐鮎鲇黇黏點𠕟𠛤𠧳𠧹𠶧𡌐𡌽𡖞𡖡𡖵𡱇𢒦𢓕𢧗𢵚𣈘𣢤𣩚𣷀𣿤𤋒𤑰𤘇𤝓𤿝𥇞𥎁𥺦𥿕𦒻𦒾𦕒𦧕𧍈𧮪𧲸𨦸𨱬𩄷𩌓𩬑𩲦𩳨𪀄𪉜𪎋𪕐𪖚𪗦𪞲𪟂𪦃𪯴𫀅𫚳𫢶𫥄𫥸𫧯𫧴𫼜𬜅𬩷𬰳𬱗𬲫𬸵𭅇𭓥𭙀𭮆𭴙𮃵𮡐𮦌𰉏𰒬𰔍𰨶𰮗𰸭𱂽𱐧𱴗𲓮𲡏𲢢𲤂𲤔𲥔𳄅𳆇𳋼
卡	佧咔拤胩鉲𠖺𡛨𡶛𣳓𤋈𤙐𦭌𪁯𫧱𫧲𫧳𫧵𫧶𭃏𭃐𭃑𭅱𭩦𭪍𮛑𰡶𰦯𰯽𰽩𱈡𱞊𱭶𲉋𲓣𲵵
卢	垆栌泸胪舻轳颅鲈鸬𠰷𢫘𣆐𨋤𩢬𪪏𪽮𪾦𫊮𫙔𬀭𬊐𬙎𬬻𮉡𰅏𰎐𰏧𰡄𰡵𰩲𰼥𱋶𱙋𱝜𱞋𱪵𱽗𲄴𳉆
卣	䚃逌𠧠𢈞𤈴𤨗𨛕𪾏𭴭𰗧𱒯
卤	硵禼鹾𠧟𠧤𠨄𠳱𫜊𫠗𫼵𬸵𬸶𬸷𬸸𬸹𮭰𰛮𱊺𱊻𱊼𱊽𲎊𳐜𳐝𳐞
卥	𠧱𠧾𡍏𡎱𣓨𣖴𣶓𣻶𥟫𧨼
卦	啩掛罫褂𥦛𥼎𦁊𨵗𩳴𫙌𬠎𬮯𰻀𱣧𲓰𲩙
卧	䖙䭆𠥸𢛶𦣰𬛦𬛩𰓺𱗾𱢊𲓯𲷾𲻄𲻅
卨	𡪝𪙚𪳣𮃥𮄑𰊞𲑊𳄩
卩	㑢㕁䖼䥮令卩卪卬卭卯印卲即却卶卸卹卻卽卾卿厀叩喞夘栁楖櫛皍節缷脚蠞踋鯽𠊬𠏣𠔽𠨍𠨏𠨐𠨑𠨒𠨘𠨚𠨛𠨝𠬝𠳞𠴷𠶸𡟧𡰰𡴹𡴺𢓦𢘈𢘖𢛠𢭙𢯃𣒂𣒗𣛺𣢀𣣝𤊵𤔴𥭫𥷉𦀩𦓥𦖐𦘝𦛪𦛶𦭙𦽱𧌞𧎙𨂢𨑏𩊎𩱺𩾓𪠁𪫸𫃖𫆀𫈩𫧹𫧺𫧽𫨁𫭘𬍨𬗞𬫅𭅵𭅶𭅺𭖻𭨤𭰚𭴦𭹌𮇄𮇍𮗷𮘏𮞲𮠣𮡯𮢄𰆋𰆍𰒸𰶥𱂾𱑘𱑙𱓵𱱒𱼃𲇆𲓱𲓲𲓷𲳟𲷷
卪	印卵𠨖𠨳𠬨𡖉𡥭𢓷𢕜𢘴𢚿𢻮𤓲𦘛𦘜𦘡𩲂𰆎𰆓𰦤
卫	𫁱𱎞
卬	䀚䒢䤝䩕䭹仰岇抑昂枊迎𡊁𡊂𡵙𢓋𢗾𥸾𦕅𧥴𨋕𨧞𩑝𩾱𫆗𬒉𭯹𮰺𱒌𱳲𲇳𲟂𲳎𲻚
卭	昻笻𤤑𦭎𩢗𩢞𪀃𰭸
卮	栀𠃃𦓚𧧊𨋜
卯	㗦㚹㡻㧕㶯䉧䬟乮奅嬼峁昴柳泖珋留窌笷聊茆藰貿鉚铆飹駠𠇩𠛓𠠇𠥰𠨡𠨣𠰭𡊎𡊧𡋫𡧙𡩰𢞭𢤐𢨺𢷶𣘪𣞗𣼾𤵠𥁚𥄸𥨚𦊑𧖰𧖱𨋖𨒖𨥫𨮸𨴅𩂞𩊅𩖴𩙔𩛁𪄽𪆱𪕋𪨫𫚵𫰸𬁬𬆆𬆱𬈢𬣌𭛍𮀐𮈯𮘃𮚧𱣊𲀗𳍈
印	䲟茚鮣𠈟𠲃𡊶𢂗𢬃𣦫𤥋𨒦𩊕𩬵𫀳𬏥𬗉𮡳𰖄𱦐𱭹
危	㧪㩻㫉䍯䣀䤥佹卼垝姽尯峗峞恑桅洈硊祪脆臲蛫觤詭诡跪陒頠鮠𠝰𠨜𠨢𠨪𠱓𡧭𡳀𢂕𢈌𢼨𢼮𣄲𣆡𣢪𣧼𤙙𤥕𤱯𤿡𥍨𥎾𥥠𦓛𦤞𦨹𧵥𧷪𧻜𨠥𨴓𨾼𩊛𩗜𩨾𪀗𪖡𪖤𫥊𫶺𬥣𬱟𬶏𭅻𭺠𭽩𭾯𮇙𮙍𰞒𰽺𱉭𱑡𲂵𲊭
卲	𫺕𫾸𬁤𬍨𬗞𱖵
即	㑡䐚䳭卿唧堲揤楖節莭蝍鯽鲫𠨞𠨠𡖖𡷦𡸎𣁚𣌸𣡑𣣝𣩃𣹜𤊵𥠈𨂢𪃹𪠂𪡰𪪗𪺜𫨀𬅔𬅖𭅼𭅽𭲝𮔕𮱍𱉼
却	㑢㾡䖼叝脚踋𠡺𠨙𠨦𠳞𢭙𣒗𦛶𨌞𪫸𭰚𭴦𭹌𮘏𲳟𲷷𳍷
卵	㤻㲉孵毈贕𠨫𠷞𣫘𧸷𪇄𫧼𫧾𫧿𬪁𬸬𮬺𰆔𰇬𱑚𱑛𱤦
卷	㒽㟡䅚䊎䱧倦勌啳圈埢婘惓捲棬淃犈睠箞綣绻腃菤蜷裷踡錈锩闂鬈𡸩𢃩𢆤𢍕𢔑𣜨𤉼𤙻𤦔𤲨𤷄𥁸𥏙𦋓𦝘𧼚𨌫𨲏𨹵𩎸𩓫𩜇𩠉𪐂𫃔𫚠𫡌𬤃𭦣𮫔𰴽𱠔𱻄
卸	啣御𦖐𧌋𨓴𨨶𪩆
卺	𦜕𲼛
卻	㮝腳𠊬𠶸𢔱𢜭𤷽𦃁𧍕𨍖
卽	䐚䳭喞堲揤楖節莭蝍鯽𠨠𡸎𣣝𤊵𥠈𨂢
卿	𣛬𤫈𦺄𬁋𮬐𲛤
厀	𣛺𦡩
厂	㐄㒫㓹㔸㕂㕃㕄㕅㕆㕇㕈㕉㕊㕋㕌㕍㕎㕏㕐㕑㕒㕓㕔㸢䂖䖙䣑严产仄兂劂厃厄厅历厇厈厉厊压厌厍厎厏厐厑厒厓厔厕厖厗厘厙厚厛厜厝厞原厠厡厢厤厥厦厧厨厩厪厫厬厭厮厰厱厲反嚴圧壓屵幾广彥愿懕戊戼旡暦濓灰爿牙犕產疒肅蒧辰長镸雁靨韛餍饜鳫鴈黶鼎龎𠀌𠀞𠁖𠁬𠃅𠉬𠎮𠐚𠞲𠡲𠦖𠧣𠨬𠨭𠨮𠨯𠨰𠨱𠨲𠨳𠨴𠨵𠨶𠨷𠨸𠨹𠨺𠨻𠨼𠨽𠨾𠨿𠩀𠩁𠩂𠩃𠩄𠩅𠩆𠩇𠩈𠩉𠩊𠩋𠩌𠩍𠩏𠩐𠩑𠩒𠩓𠩕𠩖𠩗𠩘𠩙𠩚𠩛𠩜𠩝𠩞𠩟𠩠𠩡𠩢𠩣𠩤𠩥𠩦𠩨𠩩𠩪𠩫𠩬𠩭𠩮𠩯𠩰𠩱𠩲𠩳𠩴𠩵𠩶𠩷𠩸𠩹𠩺𠩻𠩼𠩽𠩾𠩿𠪀𠪁𠪂𠪃𠪄𠪅𠪆𠪇𠪉𠪊𠪋𠪌𠪍𠪎𠪏𠪐𠪑𠪒𠪓𠪔𠪕𠪖𠪗𠪘𠪙𠪚𠪛𠪜𠪝𠪞𠪟𠪡𠪢𠪣𠪤𠪧𠪨𠪩𠪪𠪫𠪬𠪭𠪮𠪯𠪰𠪲𠪳𠪴𠪵𠪶𠪷𠪸𠪹𠪻𠪼𠪽𠪿𠫀𠫁𠫂𠫃𠫄𠫇𠫈𠫉𠫊𠫋𠫍𠫎𠫐𠫑𠫒𠬡𠭧𠭶𠮉𠰆𠰨𠳠𠻒𠼛𡀱𡅔𡅴𡅾𡆉𡆵𡉃𡕒𡕣𡗏𡙨𡙷𡛣𡞼𡢩𡵂𡶨𡸡𡹻𡿰𡿴𢀩𢀴𢎐𢑡𢒊𢛀𢡷𢪜𢪦𢸊𢾨𣂀𣂥𣃞𣅛𣅦𣇓𣇗𣊥𣍄𣐃𣒟𣗡𣝖𣠨𣢬𣢭𣣾𣤀𣤔𣯅𣯛𣯷𣱷𣶒𣸼𤃄𤅌𤈲𤉓𤉺𤎗𤑂𤕫𤚿𤜏𤟐𤯍𤰇𤶥𥀬𥇮𥋀𥎦𥐘𥜩𥮟𥳏𥸇𥼅𥼗𥼘𦃢𦅟𦆑𦇟𦑻𦟕𦠄𦪺𦯤𦯰𦱯𦱼𦲘𦲳𦴓𦴱𦷔𦸻𧂾𧋚𧑛𧓽𧔞𧖄𧞝𧠂𧡋𧢏𧧊𧩗𧫬𧬑𧭨𧰳𧷢𧹉𨐂𨑃𨑄𨛞𨜸𨝟𨞋𨣬𨤺𨤾𨪘𨬦𨭲𨱗𨱘𨱛𨻯𨽀𩆝𩒣𩓒𩔟𩕮𩕾𩖄𩣄𩥸𩻢𩾸𪊁𪊖𪠃𪠄𪠅𪠆𪠇𪠈𪠊𪠋𪠌𪠍𪠎𪠐𪠑𪠒𪠓𪠔𪠕𪠖𪠘𪠙𪠚𪠛𪯨𪱑𪲲𪵭𪷝𪹒𫀳𫃺𫄖𫚯𫝕𫝖𫝗𫞓𫨂𫨃𫨄𫨅𫨆𫨇𫨈𫨉𫨊𫨋𫨌𫨍𫨏𫨐𫨑𫨒𫨓𫨔𫨕𫨖𫨗𫨘𫨙𫨚𫨛𫨜𫨝𫨞𫨟𫨠𫨡𫨢𫨣𫸲𬂈𬅒𬆴𬑹𬔨𬘉𬡻𭀟𭁟𭄐𭅖𭆀𭆁𭆂𭆃𭆄𭆅𭆆𭆇𭆈𭆉𭆊𭆋𭆌𭆍𭆎𭆏𭆐𭆔𭆕𭆖𭉵𭋇𭌔𭑿𭖅𭚠𭛪𭞒𭞨𭟱𭣪𭤇𭤏𭮊𭯠𭯡𭷯𭷳𭸔𭽶𮉾𮍖𮍹𮐣𮓺𮘐𮚺𮝾𮨇𮪝𮭶𮭷𮭹𮰑𮰒𰆕𰆖𰆗𰆘𰆙𰆚𰆜𰆝𰆞𰆟𰆡𰆢𰆣𰆤𰆥𰆦𰆧𰆨𰆩𰆪𰚥𰚷𰟠𰦻𰴾𰷅𱐥𱑜𱑝𱑞𱑟𱑠𱤽𱥚𱪔𱮥𱰇𱳕𲄵𲓺𲓻𲓼𲓽𲔀𲔁𲨀𳎽𳏁𳏘𳐃𳑓
厃	危噡幨矦薝詹𡅨𡘓𣠳𣽃𤥕𥖷𥼡𦗯𦧕𧞟𧸸𨅧𨊗𨪭𨼧𪆻𪒧𫏸𭡔𭧬𮏘𰷜𱩷𱪂𱪒𱳎𱳐𱳙𲚪
厄	䝈伌危呃扼枙砈苊蚅軛轭鈪阨頋顾𡛖𣐃𣲣𤜸𥑉𥝂𦙜𦷖𧠏𧣂𧦠𩉴𩚚𩵡𬡉𬪾𬲩𭅻𭖆𭜒𭮨𮛊𮜯𰠪𰽞𱛉𱠟𱭣𲘴𲫐
厅	庁𠯸𮳞
历	呖坜枥沥疬苈雳𠠿𦍠𪫡𫎱𫐆𫥳𫵷𬦣𬫂𭄮𮯸𮳻𮷨𰕵𰦦𰽝𱪪𱷰𱿚𲄙𲡚
厇	㡯𥝾
厈	㟁岸𠰑𢆌𢇛𣳙𧦡𧻀𩭢𩿫𪣄𪴪𲘸
厉	励栃砺粝蛎𤇃𪵱𫟫𫥵𭎅𲁔𲡡𲲟
厊	庌𧧝𬣨
压	庒𰆛𰆠𰆫𰓗𱒔𲨚𲳙
厌	厣恹靥魇黡𢬍𣴇𪠏𫩫𰉧𰋽𰑕𰓙𰗜𰳹𱛟𱶂
厎	底𦰘𬢬
厏	㡸𠩎𧨊𬣶
厒	𠶲𢈊𧨵𩯾
厓	䝽啀堐娾崕崖捱涯睚𠊎𢛄𣔦𤦐𥯅𦁩𦲒𧍊𧡋𧢏𨂉𪘬𪞢𪺾𫨾𭕃𱌷𱗴𳊟𳍙
厔	庢𡲃
厖	庬𧎞𩤴
厗	𢔭𣖅𣸒𥔈𲟆
厘	㢆䣑䱳兣喱湹甅竰糎緾𠪨𠪩𡪸𡺉𢢳𦝟𧽆𨂷𨞬𨤳𨤸𪧳𪻵𫒄𫮈𬃗𬪿𬫁𬫭𭢧𮃱𮔠𮡟𮡠𮤗𮲌𰄃𰰇𰼚𱸑𱺦𲛝𲡼𳅫𳅮
厙	庫𣣭𨍃𨎯𨏇𪳽
厚	㴟㷞𠫅𠫆𠷋𡎋𢈲𣖔𨩿𪃱𪝐𪠗𪰲𪻶𫈢𬖦𭆗𭝡𮂆𮱎𰎩𰑱𱡞𱿳𲓿𲱤𳀾𳍞
厝	䥄庴𣯗𥕉𫠀𲢈
厞	䨾𣂇
原	㟲㟶㥳㷧㹉䝠䴨傆厵塬嫄愿榞源獂縓羱蒝螈謜豲願騵𠪥𠺿𡕊𡤍𧏐𧔞𨝂𨪛𨻣𩖒𪄁𪮢𪼆𫖸𫘪𬇒𬈛𭛔𮂋𰆬𰍏𰬲𰵺𱑡𲀻𲆂𳍫𳐻𳑎
厠	廁𬈦
厤	㷴㻺㽁曆歷磿𠟄𠠝𠪱𠪺𠪾𡐰𡓸𡙽𢊆𢹠𣀥𣙽𣦯𤡫𤯍𦏈𦠓𦠩𧝏𧬎𧯏𧽺𨬑𩅩𩞨𩱔𩴣𪅼𪙪𪠚𭶸𳌀
厥	㙭㜧㵐䙠劂噘嶡嶥憠撅橛橜獗蕨蟨蟩蹶蹷鐝镢鱖鳜鷢𠎮𠢤𠢭𡡕𢅅𢴺𤛦𤺤𥕲𥕳𦏅𦠑𦠒𦪘𧤼𧽸𨬐𩀾𩦒𩪗𩪜𪆙𭏪𰯖𱊧𱕵𱭡𱻥
厦	廈𡐯𨬜𲻉
厨	㡡橱蟵蹰𠾇𡐷𢊍𧒉𪷏𭞭𮖳𲜧
厪	廑𲚍
厭	㱘厴嚈壓嬮懕懨擪擫檿靨饜魘黶𡽣𢅠𢣽𣎩𣝓𤳪𥀬𥌅𥜒𥣘𧗖𧞣𨽀𩼴𫨥𭒦𭙵𭩏𮁑𰝜𱘬𲄊𲟭𲯂𳏷
厮	廝𨮭𱠾
厲	勵巁曞櫔濿爄犡矋礪禲糲蠣鱱𠠏𡂖𢤆𤢵𤪲𥣭𦆨𧓽𧖄𧞵𧢝𧭡𧸱𨇆𨞺𨯅𩧃𪙺𬩤𭙿𮩖𱙯𱡯𲣏
厳	巌𠑊
厶	㕕㕗㕙㝐㦯㧁㺨㾀㿝䇗䏍䏻䒧䞭䨶䯳䵽䶑丟丢么云仏允公勾厷厸厹厺去厼厽厾县叀叁参台嗴囜圗夋夽奙层幺広弁弘怠払拡昙昿枲桳毵泓溬牟獇瓜畆畚皴矣砿禸私竊篡紭罢羗舝芶芸貟貵贠軬逡鞃鬼鴾鵕𠂓𠅣𠇜𠍺𠘭𠘯𠙸𠚦𠛏𠛗𠢼𠣓𠣗𠩂𠩯𠫓𠫔𠫕𠫖𠫗𠫘𠫙𠫚𠫛𠫜𠫝𠫟𠫠𠫡𠫢𠫣𠫥𠫦𠫧𠫩𠫪𠫭𠫮𠫱𠫵𠫶𠫸𠫺𠫻𠫿𠬆𠬊𠬟𠮘𠯷𠰈𠿆𡈇𡈫𡈱𡊄𡊏𡓙𡕬𡘞𡙺𡜀𡜫𡟘𡠎𡢸𡩥𡮚𡮟𡯆𡱗𢁔𢋭𢏐𢏓𢓽𢘌𢚜𢨁𢩍𢫠𢷐𢿝𢿮𣃐𣇚𣈠𣉀𣌡𣐜𣓕𣔊𣕙𣝥𣢵𣮟𣽲𤂡𤆃𤇖𤔞𤙋𤛉𤭩𤮖𤰜𤱸𤲁𤲋𤲙𤳼𤴋𤴞𤴡𤸐𤻰𥀡𥁐𥁱𥂒𥏑𥒗𥔶𥚪𥠎𥨏𥪣𥫛𥬀𥬔𥱆𥱕𥹼𥿢𥿵𦌄𦍯𦏱𦘯𦩇𦫝𦬘𦯨𦲃𦺃𧀶𧄭𧈥𧈧𧌦𧏙𧏩𧑵𧫐𧵱𨊢𨏡𨐄𨛐𨝣𨠒𨢄𨢺𨪢𨲄𨴌𨴘𨸻𨺮𨾰𨿈𨿓𩓀𩛬𩝘𩞶𩟌𩬨𩰼𩳭𪄑𪌥𪕞𪜴𪞁𪠟𪠡𪡂𪤘𪧌𪨭𪵎𪵨𪶷𪼎𫊲𫐊𫒯𫒵𫝅𫟉𫣌𫦺𫨦𫨧𫨨𫨪𫨫𫰇𫶩𫹝𫹹𫿶𬃚𬄒𬎤𬖎𬢹𬨚𬱬𬺤𬽷𬾄𭀥𭆙𭆚𭆛𭆜𭆝𭆞𭆟𭆡𭉕𭌴𭍛𭒸𭔊𭖅𭢮𭤩𭥎𭥿𭨐𭩾𭯇𭰯𭸉𭼸𭿴𮀵𮊒𮊦𮎅𮎾𮡿𮤾𮫧𮮹𰀐𰂍𰆭𰆮𰑯𰔞𰙍𰴨𰸓𰼉𰼎𱀕𱀫𱄑𱄢𱊿𱌞𱏻𱐠𱐵𱑢𱑧𱑨𱝼𱦘𱧫𱨤𱨥𱫡𱵌𱵹𱷞𱷦𱷭𱽝𲉚𲏂𲐢𲔃𲢅𲵟𲹱𲼘
厷	㢬䆖䍔䡌䧀䫺吰宏汯竑紘纮翃耾肱谹鈜閎闳雄𠆽𠫤𠬗𡉞𡵓𡵦𢗞𣘯𣼄𣾲𤆠𤣦𤣾𤵄𥐪𥒣𥡋𥱘𦁷𦐌𧈽𧮯𧰯𨙿𨡿𨹠𩉦𩖢𩷃𩿅𫠖𫷧𬐋𭆠𮁟𮣳𰏊𰚐𱿏𲋎𲌌
厸	厽斚晉雚𠒊𠔩𠔰𠙃𠫞𠫨𠫬𠫱𠫸𠫹𠬂𠬋𠴃𠸲𡩝𢉖𢌹𢤚𣽱𤀮𤢚𤱊𥚪𦎅𦯩𦴅𦹿𧴵𨋿𨏛𩃃𩅏𭆝𭆢𭎆𭮄𭮊𭮐𮈖𮖠𮥿𮭶𱩲𱮭𱳕𲵹
厺	㳒篡𠍍𡗹𥡊𦚁𦢐𰡅𱩬
去	㧁㫢㭕㰦㹤㾀䏻䒧䖔䟩䪺䫦䮃䵽丟丢佉刦刧刼劫却厾叝呿唟弆怯抾朅法灋珐盍砝祛紶罢胠袪詓迲逺鉣阹魼麮鼁𠘾𠞗𠣗𠩂𠫳𠫴𠫾𠬃𠬇𠬈𠬉𠬑𠬒𠬕𠬖𠳊𠳌𡊛𡋡𡍊𡕮𡛠𡱅𡲨𢕿𢖡𢫀𢾩𣝒𣣹𤂠𤄝𤙏𤳖𤳗𤳛𤿜𥂇𥂊𥎰𥙒𥞋𥬔𥹓𦚒𦳰𧉧𧺷𨅫𨚫𨜴𩇘𩢧𩣴𩬨𩿟𩿹𪚸𪠝𪠞𪠢𪢳𪪕𪸘𫇤𫉵𫍜𫤷𫨬𫨭𫨮𫨯𫨰𫨱𫼒𬃚𬅻𬓞𬘛𬡺𬪻𬻛𬼝𭀼𭆛𭍝𭘿𭙽𭛟𭛰𭧑𭬔𭷣𭻈𭾖𮘮𮨶𰆯𰤟𰩌𰱯𱆐𱇜𱋋𱋻𱋿𱍑𱑣𱑤𱑥𱑦𱑩𱑪𱑫𱑬𱑭𱑮𱑰𱛔𱝎𱝐𱩮𱪄𱾓𲀡𲔄𲡰
厼	㢱㧠旀𠬆𡮟𣇚𦩇𩰼𬾥𭆣𮈢
厽	㕖㕘亝參叅垒絫𠫫𠫯𠫰𠫼𠬁𠬄𠬎𠬓𠬔𠬘𣕀𣦯𣯺𣳵𣸓𣺃𤯢𤸾𥔪𥕃𧏝𧵱𧾋𨒴𩕞𭆤𰹞𰼫𲵹
县	悬𮵢
叀	䦄囀塼專惠蓴𠵤𡞍𡭏𡸸𢡴𢮛𢮨𣓧𣚢𣶣𤴛𤴝𥮔𦁆𦑐𦝏𧈌𨄔𩃘𫦂𫩄𫸜𬘄𬨽𬹢𭤈𰐰𰺿𲰟
叁	惨𠫽𣮟𦩓𦲞𫃰𫌄𭈧
参	㟥㡎䅟惨掺椮毶渗瘆碜糁骖鯵鲹黪𠬊𡞋𡳔𥮾𦲞𨨕𩭹𫃰𫎺𫕨𫢺𫤯𫮅𫶅𬌷𬢳𬤄𬥞𬭝𬯊𬳯𮠳𰄁𰄶𰇁𰇼𰞷𰬪𰴂𰸙𱝳𱭞𱯆𲭢
參	㓄㜗㠁㺑㽩䟃䫩傪剼嘇墋嵾幓慘摻槮毿滲犙瘮磣穇篸糝縿蔘襂謲贂遪醦鏒驂鬖鰺黲𠔭𠗿𠬙𢕕𢹪𢿈𣪶𣯶𤍜𤗲𤨵𥊀𦌀𧑁𧗋𨝐𩅙𩈼𩌰𩞀𩫦𩴑𪅩𬛓𬯘𮜒𰿕𱑯𱝦𱡸𱻣𲹹𳄎
叄	𠬅𢠊𤡙
叅	㵕撡𡑐𡼶𢡖𣚈𤅒𤏟𤛤𤩨𤳒𤺑𥕺𥳋𦅒𦠨𦪜𦼒𧑫𧾋𨅶𨗘𨣔𨲱𩍑𩕞𩞼𩯑𩻦𭋁
又	㑴㔌㕛㕜㕝㕞㕟㕠㕡㕢㖩㘝㚇㛮㝊㝕㞋㠛㦜㵵㷅㸕㻓㽊䅓䈛䋜䕠䕺䗏䚨䝒䟂䠫䣤䤇䤹䨇䨥䪝䪟䪥䬒䬸䮟䯭䯴䱙仅伮俶凤刭剫劐劝匓叉友双反収叏叐发叒叓叔取受变叙叚叜叝叞叟叡叹呶圣坂坚夂夃奴娵婌嬳对度弢彠役怓惄戏投报捜掫撥支攴敲暩曼最服权梷棷棸椒槃橃欢歹殳段殷殺殻殿毁毅汉淑潑焣燮瓁瓯疫痩皮督矆矍穫篗籰緅耯聚股臒臤艔艰芟芰蒦蓃裻襏覌观設詉諏諔趣踧蹳輙辤邓郰鄋鄤鄹鋄鋷錖鑿閿陬隻难雙頚馭驟驭鯫鱍鱯鳮鸌鸡麦﨎𠆎𠇀𠈧𠈿𠉕𠉧𠉺𠊗𠊯𠎗𠏭𠐄𠔛𠕀𠖗𠘫𠙡𠚫𠚹𠛚𠜘𠝠𠝬𠟕𠡀𠡍𠡹𠧘𠨏𠩍𠩒𠬚𠬛𠬜𠬝𠬞𠬟𠬠𠬡𠬢𠬣𠬤𠬥𠬦𠬧𠬨𠬪𠬫𠬭𠬮𠬯𠬰𠬱𠬲𠬳𠬴𠬵𠬶𠬷𠬸𠬹𠬼𠬽𠬾𠭀𠭁𠭂𠭃𠭄𠭇𠭈𠭉𠭊𠭍𠭏𠭐𠭑𠭒𠭓𠭕𠭖𠭗𠭙𠭜𠭟𠭢𠭣𠭥𠭦𠭧𠭩𠭪𠭫𠭬𠭭𠭮𠭯𠭰𠭱𠭲𠭳𠭷𠭸𠭻𠭽𠭾𠭿𠮀𠮁𠮃𠮇𠮈𠮉𠮏𠮑𠮓𠮔𠮕𠮗𠮘𠮢𠳦𠴫𠵬𠷃𠸅𠹘𠻍𡄒𡄹𡅔𡅝𡊋𡍣𡎙𡎹𡏪𡐄𡐍𡘨𡙌𡙜𡚠𡚩𡝛𡝾𡞽𡧌𡧕𡨊𡨬𡩠𡫉𡫒𡫙𡮖𡯅𡯉𡰸𡰻𡲋𡲠𡴝𡸍𡸨𡹨𡺻𢄉𢆈𢆼𢇽𢊄𢋒𢋺𢎊𢎤𢒳𢖨𢚥𢚫𢛏𢜂𢟬𢠺𢦬𢪊𢫇𢫹𢫺𢯱𢯳𢱄𢱥𢱵𢳻𢸻𢻍𢻻𢽖𢾅𢾐𢾖𢿕𣁜𣅝𣆠𣆸𣇗𣇚𣉀𣍇𣎤𣐔𣐢𣑔𣒊𣒝𣔱𣕒𣕪𣖽𣗀𣚤𣛒𣜒𣜩𣟍𣠴𣡀𣤨𣤾𣥸𣦻𣦼𣨏𣨨𣩌𣪊𣪠𣫞𣫠𣮬𣮯𣮸𣳏𣳒𣴉𣴫𣶔𣷕𣷗𣷷𣷺𣸈𣹰𣺎𣻋𣿡𤁼𤅞𤅨𤅯𤆆𤆌𤈫𤈬𤈳𤉺𤊮𤊰𤋓𤍛𤎬𤏻𤐰𤓄𤓴𤓶𤓿𤔂𤔐𤔔𤔛𤔪𤕖𤕗𤕭𤕱𤖰𤚈𤚜𤚨𤚿𤟏𤟚𤡘𤥘𤥙𤥥𤥱𤦑𤦟𤪨𤫀𤰖𤰯𤴨𤵷𤶌𤶤𤶯𤷺𤹆𤹱𤻙𤻢𤼦𤼬𤼼𥀗𥂎𥃫𥅐𥅢𥆣𥇄𥈃𥉆𥊨𥊿𥋀𥋜𥋩𥌄𥒣𥒧𥓍𥔉𥖪𥙈𥛀𥛆𥛬𥛭𥝐𥣙𥣠𥣨𥣾𥤈𥤙𥤦𥥞𥥦𥧞𥨢𥵫𥸩𥹏𥺤𥻊𦀩𦂰𦃌𦆜𦌩𦒺𦔀𦖪𦖰𦘃𦘬𦙉𦚂𦛫𦛬𦜌𦝒𦟗𦤵𦩇𦪑𦫁𦫿𦬐𦭇𦮆𦯘𦰑𦰨𦱩𦲪𦳡𦴋𦵲𦹖𦺋𦺌𦻈𦻉𦻡𦻾𧀈𧁇𧄐𧄢𧅚𧅞𧅰𧆁𧆛𧆤𧇝𧈖𧈡𧋶𧌗𧍂𧎂𧓏𧚥𧚿𧛽𧜷𧠈𧠸𧡕𧢣𧢭𧦆𧦙𧦛𧧙𧧞𧨠𧩞𧩮𧬋𧭍𧮁𧮙𧮸𧰍𧱊𧱣𧱮𧱯𧵚𧷄𧷌𧷧𧺉𧻐𧼭𧽔𧾛𧾝𧾠𧾩𨏝𨓔𨓭𨔕𨕉𨘹𨙆𨚨𨛂𨛠𨛿𨜛𨝢𨝮𨞮𨞼𨤊𨤑𨥁𨥢𨦏𨦐𨧍𨧵𨧷𨨈𨨘𨨿𨩕𨩹𨩻𨲄𨴉𨴦𨸕𨸽𨹡𨺎𨽁𩆿𩇈𩋄𩍧𩍫𩍱𩎮𩏾𩑌𩑦𩒍𩒸𩓔𩔒𩕂𩙏𩙜𩚄𩛂𩜨𩜯𩞽𩟓𩤿𩧁𩧡𩪭𩮃𩯍𩰣𩰥𩰦𩰼𩲛𩳗𩳫𩵎𩷃𩼦𩼮𩾈𪁁𪂸𪃒𪄋𪇡𪈴𪋕𪌠𪎍𪎲𪎳𪑉𪒸𪓝𪕽𪖆𪗅𪘸𪙅𪙢𪝶𪠂𪠣𪠤𪠥𪠦𪠧𪠨𪠩𪠬𪠮𪠯𪠲𪢲𪤫𪥆𪥫𪦠𪧙𪪪𪬡𪭲𪯳𪱙𪱠𪴭𪴳𪵌𪶟𪸲𪸻𪺐𪻍𪽂𪿼𫀡𫈿𫉯𫊫𫌋𫌹𫐃𫑆𫒄𫓊𫕊𫙞𫙨𫨙𫨲𫨳𫨴𫨵𫨶𫨷𫨸𫨺𫨼𫨽𫨾𫨿𫩀𫩁𫩂𫩃𫩆𫩇𫩈𫩉𫩊𫩌𫩎𫮣𫰥𫲡𫲫𫳓𫴁𫴣𫴧𫵜𫵴𫺚𫼑𫽑𫽕𬃁𬇮𬈃𬋪𬋯𬋴𬋸𬌉𬎝𬏆𬏱𬓊𬔊𬕉𬖗𬖫𬙨𬚏𬠪𬢇𬢸𬥁𬥎𬩴𬫆𬬆𬬢𬯓𬯞𬱈𬱕𬱩𬲤𬴲𬴵𬿌𭁥𭄮𭅄𭅅𭆐𭆥𭆦𭆧𭆨𭆩𭆪𭆫𭆬𭆭𭆮𭆰𭆲𭆴𭆵𭆶𭆷𭇪𭏳𭏽𭐊𭐝𭐢𭐥𭐶𭑏𭒒𭕞𭙎𭙔𭚀𭛄𭞊𭠎𭣕𭩯𭭧𭮞𭯆𭰇𭶉𭿌𭿪𮄝𮇭𮉪𮊖𮊢𮍍𮏼𮑵𮓚𮕧𮗭𮞵𮠯𮡋𮡭𮡸𮢂𮤜𮨝𮨾𮫖𮫗𮮃𮮡𮰓𮷤𰀡𰂍𰃨𰆉𰆰𰆱𰆲𰆳𰆴𰆶𰆷𰆸𰆹𰆺𰆻𰇀𰇂𰇅𰑀𰑉𰒧𰖰𰗑𰗒𰘕𰛝𰛿𰝵𰟬𰟾𰠦𰥫𰦥𰧨𰭃𰮨𰯓𰰭𰱶𰱸𰲡𰴠𰴱𰷏𰸓𰹜𰼉𰼎𱀕𱀫𱁁𱂎𱃉𱃑𱄂𱄜𱄢𱄦𱉟𱊾𱊿𱌞𱍷𱏻𱏽𱑱𱑲𱑳𱑴𱑵𱑷𱑸𱑹𱑺𱑼𱑽𱑾𱒎𱒕𱔊𱚐𱜂𱝽𱣈𱥈𱦞𱧣𱧫𱧲𱨱𱩁𱭝𱱆𱱶𱲸𱵰𱵳𱶷𱶼𱷊𱻊𱽇𲄾𲆡𲇈𲈢𲉑𲉫𲋸𲌤𲎏𲔅𲔆𲔕𲕕𲙔𲛍𲥈𲥖𲥷𲭬𲳊𳁳𳅫𳉣
叉	㕚㣾㳗䀑䁊䂘䑡䟕各扠杈汊紁肞芆蚤衩訍釵钗靫颾𡠁𡰫𡵌𢮞𤜫𤧬𥘓𥫢𦔹𧎮𧔓𧢷𧹠𨙳𩑐𪝃𫘅𫩗𬂵𭃆𭃇𮌋𮣸𮯷𮰚𮵿𰇁𰌵𱁿𱱻𱸎𲂃𲊹𲶹𲾌
及	㚫㠷㤂㧀㽺䏜䑥䲯䶋伋吸圾岋岌彶忣扱昅极汲砐笈級级芨衱觙訯趿鈒钑雭靸馺魥﨤𠀨𠄦𠍭𠐖𠚵𠫳𠬬𢃺𢎽𢪳𣌵𣥨𣧉𣬬𣴄𣼘𤆣𤜯𤷹𤸿𥄫𥘜𥝥𥠰𥴉𥻾𦐅𦐏𧩇𧲫𧹜𨋃𨦮𨳛𨸍𨸚𩎕𩖪𩨞𩽹𩾶𪙙𪻏𫊩𫮥𫲼𬏁𬥠𬩔𬩩𬾜𭆱𭕅𭻬𮤐𰆵𰆾𰇮𰋦𰙟𰩕𰭟𱂃𱅂𱑶𱘴𱿐𲂅𲠏𲠐𲵦𲶽𳂷𳄵𳈎
友	伖叐抜爰爱犮苃髪鶢鿆𠌞𠙢𠝊𠭅𠭶𠮂𡛀𡵢𢇬𢉏𢔕𢱻𥁊𥈫𥟛𦐓𦙓𦴯𧄬𨗫𨳧𩔃𩵼𪰯𫋒𫙞𫣋𫼦𬁡𬷀𭆙𭆫𭋨𭠮𭦿𭺿𮡴𮣹𰓃𰛍𰜑𰣊𲸽𲼖
双	㧐叒叕聂蹑轰颞𠓰𠟝𠬺𠭎𠮀𠮆𠼣𡇄𡛒𡢑𢙎𢳽𣏪𣜈𣤕𤘩𥢮𥫓𦄥𦉳𦉻𧉐𨋌𨑱𨔇𨥖𨨭𨳦𩐂𩢂𩿏𪓕𪥫𫁷𫌵𫡱𫨹𫩅𫹷𭃲𭚀𭩞𮚔𮲮𮳄𮹃𰁪𰅹𰆽𰇍𰎈𰣨𰦫𰩄𰰋𰸇𱑶𱒎𱸗𲇵𲈷𲉩𲔌𲲂𳂃
反	㤆㽹䛀䡊仮叛坂岅扳昄板汳炍版瓪畈皈眅粄舨蝂販贩返鈑鋬钣阪飯饭魬𠠻𠨹𠭔𠭝𠭤𠯘𡊃𡞟𡯘𢀁𢃻𢆕𢇪𢓉𢴔𣬆𥈍𥎮𥾩𥾵𦙀𦤇𧌿𧶶𧿨𨧸𨩵𩋛𩝘𩨩𩿔𪌆𪠫𪠭𫩍𫷰𬝔𬟸𬫋𭆯𭙎𭛲𭫍𭸸𭻫𮍡𮟬𰇄𰙥𰞵𰦥𰵐𰸺𰹺𱇖𱑻𲊛𲋴𲔈𲔊𲔋𲖣𲠒𲭆𳂭𳍒
収	𡓙𢂭𨳟𫩄𭷘𮁃𮎢𰋂
叏	𢘦𣲺𤆿𤤏𥥞𦈫𦚀𧦾𨀆𨥻𱟰
叐	㧞䟦鮁𢂛𣐪𤤣𥥜𥿈𦭞𨱩𩚿𩢚𬒲𬫆𬽴𭓧𭜞𭠅𭽽𮂺𮋟𮏟𮕈𰉠𰋼𰩶
发	䥽废拨泼袯酦𦫘𧸻𩧯𫏆𫭨𬏦𬔹𬜧𭇜𭘟𭩰𰠝𰭡𰲋𰼦𱇣𲌍
叒	叠桑𠨇𠭀𠭌𠭚𠭞𠭨𢬏𢸶𣑚𣜗𦀁𨀝𪧙𪵽𬷒𮩾𰂡𰇃𰇆𲔇𲻌𳏶
叓	𠉕𠭏𩣬
叔	㾥䱙俶埱婌寂惄掓椒淑琡督菽裻諔踧錖𠴫𡹧𢃝𢉌𢛼𣈉𣥹𤟏𤬂𥁽𥓍𥚔𥟧𥺤𥺱𧇝𧡕𨧷𨺏𩜂𩾈𫃬𬆷𭂑𭽭𮀣𮛣𰆜𰐱𰠍𰩒𰵴𱰹𱹥𲙗𲵾𲾰𳋙𳏂
叕	㙍䄌䆯䍳䝌䞵䟾䦤䫎䮕剟啜娺惙掇敠敪棳欼歠毲涰畷窡綴缀罬腏蝃裰諁輟辍逫醊錣餟鵽𠖎𠭋𠭴𠮄𠮌𠮐𠮒𡂜𡌭𡨤𡩿𡪚𡪧𢿺𣇽𣤌𣤜𤿵𥏞𥟒𥫓𥫕𦆌𦋖𦔢𦦖𧚰𧡏𧣸𧱝𨺝𨿷𩈽𩋁𩑇𩟫𩩟𩸯𪓭𪠰𫕓𫜼𫧴𬖤𬝉𬳂𬾧𭑘𭛶𭿁𮁘𮣵𰵷𱊍𱯇𱴿𱼻𲠸
取	㖩㝡㷅㻓冣叢埾娵娶掫最棷棸樷焣箃緅聚菆蕞諏诹踙輙郰鋷陬鯫鲰黀齱𠉧𠮊𠮋𠻕𡒍𡱾𡸘𡸨𢃣𢈾𢛏𢮝𢲻𣍇𣜒𣷗𤀡𤕖𤚉𤦟𤭡𥊁𥦡𥧖𥪏𥪳𦁫𦄎𦕪𦗘𦝒𦸤𧌗𧚥𧚿𧜮𧩞𧱛𨄒𨓭𨛿𨭵𩋄𩧁𪉼𪋄𪘸𪝫𪞔𪠱𪧨𪪿𫃂𬅆𭗕𭰮𭳖𭴻𮆜𮉪𮕉𮗕𮠇𮪊𰥫𰶧𰺋𱁁𱁝𱌶𱾬𲙔𲹈𳄨𳈁𳋘
受	㖟㥅䛵授涭綬绶辤閿阌𠃶𠢛𠹾𠺥𢔏𣄁𤊐𤟗𦈽𦧦𦰹𧌅𧚯𧡓𨛶𨨒𩸣𪝈𪨾𬋮𬗾𬶙𭧃𮇨𮴣𰉻𰠇𰹘𰻃𲔉𲛖
变	𡍣𣷷𤊰𫑆𫶄𱭝𲮓
叙	溆𧾠𪣶𪣸𮏽𲓹
叚	㗇㰺䈔䠍䪗䫗假嘏婽徦暇椵溊煆犌猳瑕瘕睱碬縀腵葭蝦豭貑赮遐鍜霞騢鰕麚𠪅𡺁𢝄𢝅𢱈𣮫𣮱𤗜𦇉𦌨𦖲𦣯𧎂𧛣𧪕𨉣𨙉𨺽𩋥𩐀𩩱𪕰𪖲𪝺𫇝𫚥𫬗𰾤𱅞𱕃𱗙𱯵
叜	㛮䑹䗏䤹䩳䬒䮟廀𠋢𠩹𠮍𠷃𢅢𢜶𢯱𣔱𣮸𣸈𤚔𤟫𤸃𥈟𥋜𥔑𥨝𥯴𦖪𧩮𨡻𨺦𩜯𩮃𩹔𰮾
叞	𦵥𧛽
叟	㟬㥰㪢㮴㲣㵻䏂䱸傁嗖嫂廋搜溲獀瘦瞍膄艘蓃螋謏遚鄋醙鎪锼颼飕餿馊騪𠪇𠭦𡻁𣯜𤁨𤔣𥕋𥰞𦃈𦣉𧳶𧽏𩌅𩨄𩴍𫌆𫍲𫠑𭎾𭵕𮲦𰐅𱀥𱈷𲷒
叠	𢶣𣜖𣿫𬇇𰋳𰨽𱻔𲗄
叡	𡓝𧾩
叢	䕺欉灇爜𡅇𢹸𦇱𫌘
口	㐁㐔㐰㑒㑨㔯㕣㕤㕥㕦㕧㕨㕩㕪㕫㕬㕭㕮㕯㕰㕱㕲㕳㕴㕵㕶㕷㕸㕹㕼㕽㕿㖀㖁㖂㖃㖄㖅㖆㖇㖈㖉㖊㖏㖑㖒㖓㖔㖕㖖㖗㖘㖜㖞㖟㖠㖡㖢㖣㖤㖥㖦㖧㖨㖩㖪㖫㖬㖭㖮㖱㖴㖵㖶㖷㖸㖹㖺㖻㖼㖽㖿㗀㗁㗂㗃㗄㗅㗆㗇㗈㗋㗌㗍㗎㗏㗐㗑㗒㗓㗔㗕㗖㗘㗙㗚㗛㗜㗝㗞㗢㗣㗤㗥㗦㗧㗨㗩㗪㗫㗭㗰㗱㗲㗳㗴㗵㗶㗷㗸㗹㗺㗻㗼㗽㗾㗿㘀㘁㘂㘃㘄㘅㘆㘇㘈㘉㘊㘋㘌㘍㘎㘐㘑㘓㘔㘕㘖㘗㘘㘙㘚㘛㘜㙶㚳㟔㠬㣬㫟㲤㴄㴅㷼㹢㾦䁒䂖䇹䉗䎛䐕䑉䒷䓊䓏䓟䔱䕡䛇䜌䞅䞸䦣䩰䯧䯺䯽䯾䶷䶸中串事亜亨亭亮亳亴伽侃侞倹偮兄免兎兔冋冏加卟占卻古句另叧叨叩只叫召叭叮可台叱史右叴叵叶号叹叺叻叼叽叾叿吀吁吂吃各吅吆吇合吉吊吋同名后吏吐向吒吓吔吕吖吗吘吙吚君吜吝吞吟吠吡吢吣吤吥否吧吨吩吪含听吭吮启吰吱吲吳吴吵吶吷吸吹吺吻吼吽吾吿呀呁呂呃呄呅呆呇呈呉告呋呌呍呎呏呐呑呒呓呔呕呖呗员呙呚呛呜呝呞呟呠呡呢呣呤呥呦呧周呩呪呫呬呭呮呯呰呱呲味呴呵呶呷呸呹呺呻呼呾呿咀咁咂咃咄咅咆咇咈咉咊咋和咍咎咏咐咑咓咔咕咖咗咘咙咚咛咜咝咞咟咠咡咣咤咥咦咧咨咩咪咬咭咮咯咰咱咲咳咴咵咶咷咸咹咺咻咼咽咾咿哀品哂哃哄哅哆哇哈哉哊哋哌响哎哏哐哑哒哓哔哕哖哗哘哙哚哜哝哞哟哠員哢哣哤哦哧哨哩哪哫哬哮哯哰哱哲哳哴哵哶哷哸哹哺哻哼哽哾哿唀唁唂唃唄唅唆唇唈唉唊唋唌唍唎唏唐唑唒唓唔唕唖唗唘唙唚唛唝唞唠唡唢唣唤唥唦唧唨唩唪唫唬唭售唯唰唱唲唳唴唵唶唷唸唹唺唻唼唽唾唿啀啁啂啃啄啅啈啉啊啋啌啍問啐啑啒啓啔啕啖啗啘啚啛啜啝啞啠啡啢啣啤啥啦啧啨啩啪啫啭啮啯啰啱啲啳啴啵啶啷啸啹啺啻啼啽啾啿喀喁喂喃善喅喇喈喉喊喋喍喎喏喐喑喒喓喔喕喖喗喘喙喚喛喜喝喞喟喠喡喢喤喥喦喧喨喩喫喬喭喯喰喱喲喳喴喵喷喹喺喻喼喽喿嗀嗁嗂嗃嗄嗅嗆嗈嗉嗊嗋嗌嗍嗎嗏嗐嗑嗒嗓嗔嗕嗖嗗嗘嗙嗚嗛嗜嗝嗞嗟嗡嗢嗣嗤嗥嗦嗨嗩嗪嗫嗬嗮嗯嗰嗱嗲嗳嗴嗵嗶嗷嗸嗹嗺嗻嗼嗽嗾嗿嘀嘁嘃嘄嘅嘆嘇嘈嘊嘋嘌嘍嘎嘐嘑嘒嘓嘔嘕嘖嘘嘙嘚嘛嘜嘝嘞嘟嘠嘡嘢嘣嘤嘥嘧嘨嘩嘪嘫嘬嘭嘮嘯嘰嘱嘲嘳嘴嘵嘶嘷嘸嘹嘺嘻嘼嘽嘾嘿噀噁噂噃噄噅噆噇噈噉噊噋噌噍噎噏噑噒噓噔噕噖噗噘噙噚噛噜噝噞噟噠噡噢噣噤噥噦噧噪噫噬噭噮噯噰噱噲噳噴噵噶噷噸噹噺噻噼噾噿嚀嚁嚂嚃嚄嚅嚆嚇嚈嚉嚊嚋嚌嚍嚎嚏嚐嚑嚒嚓嚔嚕嚖嚗嚘嚙嚛嚜嚝嚟嚠嚡嚤嚥嚦嚧嚨嚩嚪嚫嚬嚯嚰嚱嚳嚵嚶嚷嚸嚹嚺嚼嚽嚾嚿囀囁囃囄囆囇囈囉囋囌囎囐囑囒囓囔囕囖回壷夀夻如婁嬊宭宲害宺尋局居岢岧嵒彧恪戓戢扣拁攍杏枷栆沿泇洖洳滣焁燕營珈瞎知石祦稁窖窜笞笴筥筨筶箁築罟翤耉耞聖肙膏舌舍舎船苕苛苟苦茗莒莕莙莟菩葴蔄號虽衰衷覀言訁詹谷象豪趦足跏蹵軎轡辔迦邉邑郢釦鉛鉫銣鍓鎋铅铷閭问闾革頷高鳴鷰鷲鸁鸣麐麿黽黾龜鿽𠀐𠁈𠁤𠁧𠂝𠃭𠄙𠅏𠅝𠅭𠅷𠅸𠅿𠆀𠆂𠆃𠆏𠆒𠇙𠈂𠉖𠋜𠋭𠋸𠌜𠎇𠎘𠏘𠐂𠑉𠑮𠒠𠔌𠔛𠕑𠕗𠕛𠖐𠖠𠗀𠘀𠙕𠙼𠚎𠚙𠛽𠝪𠞌𠡧𠥅𠥛𠥲𠦣𠦫𠦸𠨣𠪒𠪳𠪹𠫄𠭀𠭚𠮙𠮛𠮜𠮝𠮞𠮟𠮠𠮡𠮢𠮣𠮤𠮥𠮦𠮧𠮨𠮩𠮪𠮫𠮬𠮭𠮮𠮯𠮰𠮱𠮲𠮳𠮴𠮵𠮶𠮷𠮸𠮹𠮻𠮼𠮽𠮾𠮿𠯀𠯁𠯂𠯄𠯅𠯆𠯇𠯈𠯊𠯋𠯍𠯎𠯏𠯐𠯑𠯒𠯓𠯔𠯕𠯖𠯗𠯘𠯙𠯚𠯜𠯝𠯞𠯟𠯠𠯡𠯢𠯣𠯤𠯥𠯦𠯧𠯨𠯩𠯪𠯫𠯬𠯭𠯮𠯯𠯰𠯱𠯲𠯳𠯴𠯵𠯶𠯷𠯸𠯹𠯺𠯻𠯼𠯽𠯾𠯿𠰀𠰁𠰂𠰃𠰄𠰅𠰆𠰇𠰈𠰉𠰊𠰋𠰌𠰍𠰎𠰏𠰐𠰑𠰒𠰓𠰔𠰕𠰖𠰗𠰘𠰙𠰚𠰛𠰜𠰝𠰠𠰡𠰢𠰣𠰤𠰥𠰦𠰧𠰨𠰩𠰪𠰫𠰬𠰭𠰮𠰯𠰰𠰱𠰲𠰳𠰴𠰵𠰷𠰸𠰹𠰺𠰻𠰼𠰽𠰾𠰿𠱀𠱁𠱂𠱃𠱄𠱅𠱆𠱇𠱈𠱉𠱊𠱋𠱌𠱍𠱎𠱏𠱐𠱑𠱒𠱓𠱔𠱕𠱖𠱗𠱘𠱙𠱚𠱜𠱝𠱞𠱟𠱠𠱡𠱢𠱣𠱤𠱥𠱦𠱧𠱨𠱪𠱫𠱬𠱭𠱮𠱰𠱱𠱲𠱳𠱴𠱶𠱷𠱸𠱹𠱺𠱻𠱼𠱽𠱾𠱿𠲀𠲁𠲂𠲃𠲄𠲅𠲆𠲇𠲈𠲉𠲊𠲋𠲌𠲍𠲎𠲏𠲐𠲑𠲒𠲓𠲔𠲕𠲖𠲗𠲘𠲚𠲛𠲜𠲝𠲞𠲟𠲠𠲡𠲢𠲣𠲤𠲥𠲦𠲧𠲨𠲫𠲬𠲭𠲮𠲯𠲰𠲲𠲳𠲴𠲵𠲶𠲷𠲸𠲹𠲺𠲻𠲼𠲽𠲾𠲿𠳀𠳁𠳂𠳃𠳄𠳅𠳆𠳇𠳈𠳉𠳍𠳎𠳏𠳐𠳑𠳒𠳓𠳔𠳕𠳖𠳗𠳘𠳚𠳛𠳜𠳝𠳞𠳟𠳠𠳡𠳣𠳤𠳥𠳦𠳧𠳨𠳩𠳪𠳭𠳯𠳰𠳱𠳲𠳳𠳴𠳶𠳷𠳸𠳹𠳺𠳻𠳼𠳽𠳾𠳿𠴀𠴁𠴂𠴃𠴄𠴅𠴆𠴇𠴈𠴉𠴊𠴋𠴌𠴍𠴎𠴏𠴐𠴑𠴒𠴓𠴔𠴕𠴖𠴗𠴘𠴙𠴚𠴛𠴜𠴝𠴞𠴟𠴠𠴡𠴢𠴣𠴥𠴧𠴨𠴩𠴪𠴫𠴬𠴭𠴮𠴯𠴰𠴱𠴲𠴳𠴴𠴵𠴶𠴷𠴸𠴹𠴺𠴻𠴼𠴽𠴾𠴿𠵁𠵂𠵃𠵄𠵅𠵆𠵇𠵈𠵉𠵋𠵌𠵍𠵎𠵏𠵐𠵒𠵔𠵕𠵖𠵘𠵙𠵚𠵛𠵜𠵝𠵟𠵠𠵡𠵢𠵣𠵤𠵧𠵨𠵩𠵫𠵭𠵮𠵯𠵰𠵱𠵴𠵶𠵷𠵸𠵹𠵺𠵻𠵼𠵽𠵾𠵿𠶀𠶁𠶂𠶃𠶄𠶅𠶆𠶈𠶉𠶊𠶋𠶌𠶍𠶎𠶏𠶐𠶑𠶒𠶓𠶔𠶕𠶖𠶗𠶙𠶚𠶛𠶜𠶝𠶞𠶟𠶠𠶡𠶢𠶣𠶤𠶥𠶦𠶧𠶨𠶪𠶫𠶭𠶯𠶰𠶱𠶲𠶳𠶴𠶵𠶷𠶸𠶹𠶺𠶻𠶼𠶽𠶾𠶿𠷀𠷁𠷂𠷃𠷄𠷅𠷆𠷇𠷈𠷉𠷊𠷋𠷌𠷍𠷎𠷐𠷑𠷒𠷕𠷖𠷗𠷘𠷙𠷚𠷝𠷟𠷠𠷢𠷣𠷤𠷥𠷦𠷧𠷨𠷩𠷪𠷬𠷭𠷮𠷯𠷰𠷱𠷲𠷴𠷵𠷶𠷷𠷸𠷹𠷺𠷼𠷾𠷿𠸀𠸁𠸂𠸃𠸄𠸇𠸉𠸊𠸋𠸌𠸍𠸎𠸏𠸐𠸑𠸒𠸓𠸔𠸕𠸖𠸘𠸚𠸝𠸞𠸟𠸠𠸡𠸢𠸣𠸤𠸥𠸦𠸧𠸨𠸩𠸪𠸫𠸬𠸭𠸯𠸰𠸱𠸳𠸴𠸵𠸷𠸸𠸹𠸺𠸻𠸼𠸽𠸾𠹀𠹁𠹂𠹃𠹄𠹅𠹆𠹇𠹉𠹊𠹋𠹌𠹍𠹎𠹏𠹐𠹑𠹒𠹔𠹕𠹖𠹗𠹘𠹙𠹚𠹛𠹜𠹝𠹞𠹟𠹠𠹡𠹢𠹤𠹥𠹦𠹧𠹭𠹮𠹯𠹰𠹱𠹲𠹳𠹴𠹵𠹶𠹷𠹸𠹹𠹺𠹻𠹼𠹽𠹿𠺀𠺁𠺂𠺃𠺄𠺅𠺆𠺇𠺈𠺉𠺊𠺋𠺌𠺍𠺎𠺏𠺑𠺒𠺓𠺔𠺕𠺖𠺗𠺘𠺙𠺚𠺛𠺜𠺝𠺟𠺠𠺡𠺢𠺣𠺤𠺦𠺧𠺨𠺩𠺪𠺫𠺬𠺭𠺮𠺰𠺱𠺲𠺳𠺴𠺵𠺶𠺷𠺸𠺹𠺺𠺻𠺼𠺽𠺾𠺿𠻀𠻂𠻃𠻄𠻅𠻆𠻈𠻉𠻊𠻋𠻍𠻎𠻏𠻐𠻑𠻒𠻓𠻔𠻕𠻗𠻘𠻙𠻚𠻛𠻜𠻞𠻟𠻠𠻡𠻢𠻣𠻤𠻥𠻦𠻧𠻨𠻩𠻪𠻫𠻬𠻯𠻱𠻲𠻳𠻴𠻵𠻶𠻷𠻹𠻺𠻻𠻼𠻽𠻾𠻿𠼀𠼁𠼂𠼃𠼄𠼆𠼇𠼈𠼉𠼊𠼋𠼌𠼍𠼎𠼏𠼐𠼒𠼓𠼔𠼕𠼖𠼗𠼘𠼙𠼚𠼜𠼝𠼟𠼠𠼢𠼣𠼤𠼥𠼦𠼩𠼪𠼫𠼬𠼭𠼮𠼯𠼰𠼱𠼲𠼳𠼴𠼵𠼶𠼸𠼹𠼺𠼻𠼼𠼽𠼾𠽀𠽁𠽂𠽃𠽄𠽅𠽆𠽇𠽈𠽉𠽊𠽋𠽌𠽍𠽎𠽏𠽐𠽑𠽒𠽓𠽔𠽕𠽖𠽗𠽙𠽛𠽜𠽞𠽟𠽡𠽢𠽣𠽤𠽥𠽦𠽧𠽨𠽩𠽪𠽫𠽬𠽭𠽮𠽯𠽰𠽱𠽲𠽳𠽴𠽵𠽶𠽷𠽹𠽻𠽼𠽾𠽿𠾀𠾁𠾃𠾅𠾆𠾇𠾈𠾊𠾋𠾌𠾍𠾎𠾏𠾐𠾑𠾒𠾓𠾔𠾕𠾗𠾘𠾙𠾚𠾛𠾜𠾝𠾞𠾟𠾠𠾡𠾢𠾣𠾤𠾦𠾨𠾩𠾪𠾫𠾬𠾭𠾮𠾯𠾰𠾱𠾲𠾴𠾵𠾶𠾷𠾸𠾺𠾻𠾼𠾽𠾾𠾿𠿀𠿁𠿂𠿃𠿄𠿅𠿆𠿇𠿈𠿉𠿊𠿋𠿌𠿍𠿎𠿏𠿐𠿑𠿒𠿓𠿔𠿖𠿗𠿘𠿙𠿚𠿛𠿜𠿝𠿞𠿟𠿠𠿡𠿢𠿣𠿤𠿥𠿨𠿩𠿪𠿫𠿬𠿭𠿮𠿯𠿰𠿱𠿳𠿴𠿵𠿶𠿷𠿸𠿹𠿺𠿼𠿽𠿾𠿿𡀀𡀁𡀂𡀃𡀄𡀅𡀇𡀊𡀌𡀍𡀎𡀏𡀐𡀑𡀔𡀕𡀖𡀗𡀘𡀙𡀚𡀛𡀜𡀝𡀞𡀟𡀠𡀡𡀢𡀣𡀤𡀥𡀦𡀨𡀩𡀫𡀬𡀭𡀮𡀯𡀰𡀱𡀲𡀳𡀴𡀵𡀶𡀷𡀹𡀺𡀼𡀽𡀾𡀿𡁀𡁁𡁂𡁃𡁄𡁅𡁆𡁇𡁈𡁊𡁋𡁌𡁍𡁎𡁏𡁐𡁑𡁒𡁓𡁔𡁕𡁖𡁙𡁚𡁛𡁜𡁝𡁞𡁟𡁠𡁡𡁢𡁣𡁤𡁦𡁧𡁨𡁪𡁫𡁬𡁭𡁮𡁯𡁰𡁱𡁲𡁴𡁵𡁶𡁷𡁸𡁹𡁺𡁻𡁼𡁽𡁾𡁿𡂀𡂁𡂂𡂃𡂄𡂅𡂆𡂈𡂉𡂊𡂋𡂎𡂏𡂐𡂑𡂒𡂓𡂔𡂕𡂖𡂗𡂘𡂙𡂚𡂛𡂜𡂝𡂞𡂠𡂡𡂢𡂣𡂥𡂩𡂪𡂫𡂭𡂮𡂰𡂱𡂳𡂴𡂵𡂶𡂷𡂸𡂹𡂺𡂻𡂼𡂾𡂿𡃀𡃁𡃂𡃃𡃄𡃅𡃆𡃇𡃈𡃉𡃊𡃌𡃍𡃎𡃏𡃐𡃑𡃒𡃓𡃔𡃕𡃖𡃗𡃘𡃙𡃚𡃛𡃜𡃝𡃞𡃡𡃢𡃤𡃥𡃦𡃧𡃨𡃩𡃪𡃬𡃮𡃰𡃱𡃲𡃳𡃴𡃵𡃶𡃹𡃺𡃻𡃼𡃽𡃾𡃿𡄁𡄃𡄄𡄆𡄇𡄊𡄋𡄌𡄍𡄎𡄏𡄐𡄑𡄓𡄔𡄕𡄖𡄗𡄘𡄙𡄝𡄟𡄠𡄡𡄢𡄣𡄤𡄥𡄦𡄧𡄨𡄩𡄪𡄫𡄭𡄮𡄯𡄱𡄳𡄴𡄵𡄶𡄷𡄸𡄺𡄻𡄼𡄽𡄾𡅀𡅁𡅂𡅃𡅅𡅆𡅇𡅈𡅉𡅋𡅌𡅍𡅎𡅏𡅑𡅒𡅓𡅗𡅘𡅙𡅛𡅜𡅞𡅠𡅢𡅣𡅥𡅧𡅨𡅩𡅪𡅫𡅬𡅭𡅯𡅰𡅲𡅳𡅴𡅵𡅶𡅷𡅺𡅼𡅿𡆀𡆁𡆂𡆄𡆅𡆆𡆇𡆈𡆋𡆌𡆍𡆏𡆑𡆓𡆕𡆖𡆗𡆘𡆙𡆚𡆜𡆝𡆞𡆟𡇱𡇾𡈃𡊗𡍸𡎲𡎸𡏔𡏳𡐃𡔢𡔪𡔲𡔺𡗽𡘈𡙬𡛱𡜛𡜴𡞐𡞺𡟤𡡼𡢔𡢠𡣹𡥄𡧱𡨐𡨟𡩨𡪭𡫤𡭊𡮀𡰗𡰪𡱀𡶐𡶸𡷂𡷤𡸿𡻲𡼑𡿤𢀛𢇞𢈁𢈚𢊠𢌓𢍟𢍬𢍴𢑔𢑸𢒯𢒷𢕃𢗀𢘖𢘾𢙢𢙸𢚻𢜖𢜱𢡌𢣉𢦽𢧆𢨖𢨣𢫸𢬷𢮺𢯙𢰍𢰪𢴯𢺬𢿘𢿪𣃓𣄅𣄮𣅊𣋅𣍔𣍵𣎁𣎆𣑀𣑾𣓝𣔲𣕠𣕤𣖞𣘅𣙶𣠌𣡏𣢺𣣂𣣆𣣦𣤌𣥴𣨻𣪉𣪥𣫗𣬣𣬦𣬧𣯃𣲳𣳀𣳄𣳤𣵗𣶚𣷅𣷵𣹺𣹽𣽺𣾊𣾒𣿏𤀅𤄦𤆗𤆨𤉝𤋚𤑽𤒒𤔞𤔦𤘘𤙸𤚵𤞥𤟜𤟞𤡎𤣉𤥮𤨈𤩇𤫝𤬕𤯬𤰑𤲇𤲡𤵪𤵹𤶂𤶳𤶾𤽚𤽪𤾞𤿌𤿘𤿮𥁖𥂁𥂟𥂭𥃓𥆕𥆰𥇭𥊬𥏴𥏾𥐘𥑆𥔠𥕦𥗧𥙻𥞣𥠋𥤛𥥭𥦮𥨈𥩒𥩭𥩶𥫐𥭅𥭚𥭻𥭾𥮂𥮶𥰀𥰫𥰻𥱟𥳃𥳨𥷛𥺗𥺠𥻯𥾴𦁨𦁱𦂯𦃛𦆇𦇭𦊒𦊙𦊼𦊾𦌹𦏂𦐯𦑔𦒵𦔑𦔪𦔻𦕊𦕮𦕺𦙃𦚽𦛚𦝵𦞶𦣚𦣞𦣬𦥵𦧕𦧖𦧮𦨼𦬅𦬲𦭝𦭡𦮑𦮽𦯗𦯚𦯾𦰅𦰋𦱡𦱢𦱫𦴖𦶹𦸧𦸭𦹆𦻋𦽡𦽱𦿗𧂕𧃁𧃼𧅒𧆅𧆙𧆱𧆲𧈐𧍩𧑴𧓂𧔁𧘗𧚱𧚹𧛧𧛬𧜩𧟻𧡈𧢚𧤏𧥀𧥣𧦎𧮃𧮫𧯉𧰏𧳼𧵐𧶆𧶒𧶗𧷩𧺚𧽫𧾷𨈖𨈗𨉛𨌋𨍻𨎂𨎊𨐟𨑕𨓺𨔓𨕎𨕸𨖂𨗓𨘒𨘠𨘫𨙨𨙫𨚨𨚩𨛣𨜪𨝿𨞎𨞱𨟐𨦳𨧙𨫴𨬪𨬱𨭯𨮚𨰒𨰔𨴬𨷍𨻓𨻟𨿞𩀏𩀖𩀻𩁘𩁣𩂲𩇊𩇬𩇸𩈞𩈠𩊏𩐉𩑸𩒁𩒻𩓶𩘨𩛎𩞞𩡳𩢏𩢟𩣖𩥾𩦢𩦻𩪩𩫀𩫃𩫎𩫏𩫖𩫪𩭍𩭖𩯠𩰆𩰨𩰬𩲰𩳺𩶛𩶭𩸴𩺐𩺦𪀁𪀉𪁚𪁟𪄨𪄼𪅺𪆑𪇠𪈍𪉞𪊺𪒸𪓕𪔅𪔈𪔪𪚧𪚩𪚫𪚽𪚾𪚿𪛃𪛇𪜃𪞄𪠈𪠲𪠳𪠴𪠵𪠷𪠸𪠹𪠺𪠻𪠼𪠽𪠾𪠿𪡀𪡁𪡂𪡃𪡄𪡆𪡇𪡈𪡊𪡋𪡌𪡏𪡒𪡓𪡔𪡗𪡘𪡙𪡚𪡛𪡝𪡞𪡟𪡠𪡡𪡢𪡣𪡤𪡥𪡦𪡧𪡨𪡩𪡪𪡫𪡭𪡮𪡱𪡲𪡴𪡵𪡶𪡸𪡹𪡺𪡽𪡾𪡿𪢀𪢁𪢂𪢃𪢄𪢅𪢆𪢉𪢊𪢋𪢌𪢍𪢎𪢐𪢑𪢒𪢓𪢔𪢕𪢖𪢗𪢘𪢙𪢚𪢜𪢝𪢠𪢤𪢥𪢧𪣈𪥒𪨘𪩙𪪺𪪾𪫰𪬣𪮇𪯙𪱳𪳄𪵉𪼨𪼺𪽍𫃜𫈕𫈗𫊝𫑡𫑥𫕓𫖆𫘍𫚾𫛗𫜸𫝁𫝉𫝘𫝚𫝜𫝞𫞆𫟪𫢁𫣁𫤆𫤘𫧫𫨓𫩐𫩑𫩒𫩓𫩔𫩕𫩖𫩗𫩘𫩚𫩛𫩜𫩝𫩟𫩠𫩡𫩢𫩣𫩤𫩥𫩦𫩧𫩨𫩩𫩪𫩫𫩬𫩭𫩮𫩯𫩰𫩱𫩲𫩳𫩴𫩵𫩶𫩷𫩸𫩹𫩺𫩻𫩼𫩽𫩾𫩿𫪀𫪁𫪂𫪃𫪄𫪅𫪆𫪇𫪈𫪋𫪌𫪍𫪎𫪏𫪐𫪑𫪒𫪓𫪖𫪗𫪘𫪙𫪚𫪛𫪜𫪝𫪞𫪟𫪢𫪤𫪥𫪦𫪧𫪪𫪬𫪭𫪮𫪯𫪰𫪱𫪲𫪳𫪴𫪵𫪶𫪷𫪺𫪻𫪼𫪽𫪾𫪿𫫀𫫁𫫂𫫃𫫄𫫅𫫆𫫇𫫉𫫊𫫋𫫍𫫎𫫏𫫐𫫒𫫓𫫔𫫖𫫗𫫙𫫚𫫛𫫜𫫝𫫟𫫠𫫡𫫢𫫣𫫤𫫥𫫦𫫧𫫨𫫩𫫪𫫫𫫬𫫭𫫮𫫯𫫰𫫱𫫲𫫳𫫴𫫵𫫶𫫷𫫸𫫺𫫻𫫼𫫾𫫿𫬁𫬂𫬃𫬄𫬅𫬆𫬇𫬈𫬉𫬊𫬍𫬏𫬐𫬒𫬓𫬖𫬗𫬘𫬛𫬜𫬝𫬞𫬟𫬠𫬤𫬥𫬦𫬧𫬨𫬫𫬬𫬭𫬱𫬴𫬵𫬶𫬷𫬹𫬺𫬻𫬼𫬾𫬿𫭀𫭁𫭙𫯁𫯞𫰱𫲄𫲯𫳇𫳢𫴡𫸧𫹔𫻶𫾺𫿄𫿎𫿵𬃃𬃅𬃓𬃺𬅨𬅬𬆵𬇖𬇡𬉸𬌊𬌎𬍣𬐱𬔭𬕃𬖏𬖧𬖨𬗎𬙸𬛺𬜬𬜵𬝂𬝓𬞒𬟚𬡀𬣚𬧒𬫷𬬪𬯟𬲴𬴔𬴖𬴘𬸧𬺣𬺭𬺾𬻇𬻫𬻬𬼟𬽅𬽎𬾤𬿻𭀠𭀣𭀥𭀱𭂶𭃬𭄧𭆁𭆔𭆸𭆹𭆺𭆻𭆼𭆽𭆿𭇀𭇁𭇂𭇃𭇅𭇆𭇇𭇈𭇉𭇊𭇋𭇎𭇐𭇑𭇒𭇓𭇔𭇖𭇗𭇘𭇙𭇚𭇛𭇜𭇞𭇟𭇡𭇢𭇣𭇥𭇦𭇧𭇨𭇩𭇪𭇫𭇬𭇭𭇮𭇯𭇰𭇲𭇳𭇴𭇵𭇶𭇸𭇹𭇺𭇻𭇼𭇽𭇿𭈀𭈁𭈂𭈄𭈅𭈇𭈈𭈉𭈊𭈋𭈌𭈎𭈏𭈐𭈒𭈓𭈔𭈕𭈖𭈗𭈘𭈙𭈚𭈛𭈜𭈝𭈞𭈟𭈠𭈡𭈢𭈣𭈥𭈦𭈧𭈩𭈪𭈫𭈬𭈭𭈮𭈰𭈲𭈳𭈴𭈵𭈶𭈷𭈺𭈻𭈽𭈾𭈿𭉂𭉃𭉄𭉆𭉇𭉈𭉉𭉊𭉋𭉌𭉍𭉎𭉏𭉐𭉑𭉓𭉕𭉗𭉙𭉚𭉛𭉜𭉝𭉞𭉟𭉡𭉣𭉤𭉧𭉨𭉩𭉫𭉬𭉭𭉮𭉯𭉰𭉱𭉲𭉳𭉴𭉵𭉶𭉷𭉸𭉺𭉻𭉼𭉽𭉾𭉿𭊁𭊂𭊃𭊄𭊅𭊆𭊇𭊈𭊊𭊋𭊌𭊍𭊏𭊑𭊒𭊓𭊔𭊕𭊖𭊗𭊘𭊙𭊚𭊛𭊜𭊞𭊟𭊠𭊤𭊥𭊦𭊨𭊩𭊪𭊫𭊭𭊮𭊯𭊰𭊱𭊳𭊴𭊵𭊷𭊸𭊹𭊺𭊻𭊽𭊾𭊿𭋀𭋁𭋂𭋃𭋄𭋅𭋆𭋇𭋈𭋊𭋋𭋌𭋎𭋏𭋑𭋒𭋓𭋔𭋕𭋖𭋗𭋙𭋜𭋝𭋞𭋟𭋡𭋢𭋣𭋤𭋥𭋦𭋨𭋩𭋪𭋫𭋬𭋭𭋮𭋯𭋰𭋱𭋲𭋳𭋴𭋶𭋸𭋹𭋺𭋻𭋼𭋽𭋿𭌁𭌃𭌄𭌅𭌆𭌇𭌈𭌋𭌍𭌎𭌏𭌑𭌒𭌓𭌕𭌖𭌙𭌚𭌜𭌝𭌞𭌟𭌡𭌢𭌣𭌤𭌥𭌦𭌧𭌩𭌫𭌬𭌭𭌮𭌯𭌰𭌱𭌲𭌴𭌵𭌶𭌹𭌻𭌼𭌽𭌾𭌿𭍀𭍂𭍃𭍄𭍅𭍆𭍇𭍈𭍉𭍊𭍋𭍌𭍍𭍎𭍏𭍐𭍑𭍒𭍓𭍕𭍗𭍘𭎙𭎳𭐜𭑍𭒑𭒔𭔸𭔾𭕭𭙞𭙲𭚼𭛏𭜦𭞦𭞩𭟻𭠂𭠄𭡑𭤤𭪵𭪽𭬟𭮉𭯶𭱰𭲯𭳍𭳙𭴺𭵏𭶃𭶻𭸅𭹒𭺃𭺮𭺲𭻉𭼁𭼒𭽶𭿃𭿣𮀕𮁩𮂪𮄢𮇒𮈷𮌔𮌩𮍿𮎹𮏪𮏳𮐛𮐾𮑩𮒮𮓨𮔔𮔯𮔵𮕵𮕷𮘎𮝞𮟛𮟼𮡓𮢇𮤿𮥖𮦊𮧂𮧪𮧰𮨐𮨖𮫛𮬹𮭐𮭲𮯟𮰔𮰖𮰗𮹖𰀉𰂌𰇇𰇉𰇊𰇋𰇌𰇍𰇎𰇏𰇐𰇑𰇒𰇓𰇕𰇖𰇗𰇘𰇚𰇛𰇜𰇞𰇟𰇡𰇢𰇣𰇥𰇧𰇩𰇬𰇭𰇯𰇰𰇲𰇳𰇵𰇶𰇷𰇸𰇹𰇺𰇻𰇼𰇽𰈁𰈂𰈃𰈄𰈆𰈇𰈈𰈉𰈊𰈋𰈍𰈎𰈏𰈐𰈒𰈓𰈔𰈘𰈙𰈚𰈝𰈡𰈢𰈣𰈤𰈥𰈦𰈧𰈨𰈪𰈫𰈬𰈭𰈮𰈯𰈰𰈱𰈲𰈶𰈸𰈹𰈺𰈼𰈽𰈾𰈿𰉀𰉁𰉂𰉃𰉄𰉅𰉆𰉉𰉊𰉋𰉌𰊏𰊩𰋏𰌑𰎘𰐪𰒍𰓸𰕑𰕖𰗫𰚉𰝒𰠧𰥏𰧹𰨑𰮄𰰘𰱩𰱼𰲛𰹐𰹕𰹲𰼟𱂞𱄘𱍧𱏿𱑗𱑭𱑵𱑿𱒀𱒁𱒂𱒃𱒄𱒅𱒆𱒇𱒈𱒉𱒊𱒋𱒌𱒍𱒎𱒏𱒐𱒑𱒒𱒓𱒔𱒖𱒗𱒘𱒙𱒚𱒜𱒝𱒞𱒟𱒠𱒡𱒢𱒣𱒤𱒥𱒦𱒧𱒨𱒩𱒪𱒫𱒬𱒭𱒯𱒰𱒱𱒲𱒳𱒴𱒵𱒶𱒸𱒹𱒺𱒻𱒼𱒽𱒾𱒿𱓀𱓁𱓄𱓅𱓆𱓇𱓈𱓉𱓊𱓋𱓌𱓍𱓎𱓏𱓐𱓑𱓒𱓓𱓔𱓕𱓖𱓗𱓘𱓙𱓚𱓛𱓜𱓝𱓞𱓟𱓠𱓡𱓢𱓣𱓤𱓥𱓦𱓧𱓨𱓩𱓫𱓬𱓭𱓮𱓯𱓰𱓲𱓳𱓴𱓵𱓶𱓷𱓸𱓹𱓺𱓻𱓼𱓽𱓾𱓿𱔀𱔁𱔂𱔃𱔄𱔅𱔆𱔇𱔉𱔊𱔌𱔍𱔎𱔏𱔐𱔑𱔓𱔔𱔕𱔗𱔘𱔚𱔛𱔜𱔝𱔟𱔠𱔡𱔢𱔣𱔤𱔥𱔦𱔧𱔨𱔩𱔪𱔫𱔬𱔭𱔮𱔯𱔰𱔲𱔴𱔵𱔶𱔷𱔸𱔹𱔺𱔻𱔼𱔽𱔾𱔿𱕀𱕁𱕃𱕄𱕅𱕆𱕇𱕈𱕉𱕊𱕋𱕌𱕍𱕐𱕑𱕒𱕔𱕕𱕖𱕗𱕘𱕙𱕚𱕛𱕜𱕝𱕟𱕠𱕢𱕣𱕤𱕥𱕦𱕧𱕨𱕪𱕫𱕬𱕮𱕯𱕰𱕱𱕲𱕳𱕷𱗜𱜠𱜻𱞏𱟊𱥫𱦍𱦠𱨀𱨭𱩅𱪃𱪍𱪒𱪖𱭽𱮈𱯀𱯬𱯸𱰴𱰿𱳌𱳏𱳑𱳙𱳜𱳡𱳤𱴕𱵆𱵈𱵣𱵴𱵵𱵽𱶃𱹣𱺾𱻫𱻮𱼥𱽔𱾖𱾭𱿒𲁱𲁹𲂘𲂞𲂟𲃌𲅯𲅼𲆡𲊝𲊩𲊻𲌘𲌚𲔍𲔎𲔏𲔐𲔒𲔓𲔔𲔖𲔙𲔚𲔛𲔜𲔝𲔟𲔠𲔣𲔤𲔦𲔩𲔪𲔫𲔭𲔮𲔯𲔰𲔲𲔳𲔴𲔵𲔶𲔷𲔸𲔹𲔺𲔻𲔽𲔾𲔿𲕀𲕁𲕂𲕃𲕄𲕅𲕋𲕌𲕍𲕎𲕏𲕐𲕑𲕒𲕓𲕔𲕕𲕖𲕚𲕛𲕜𲕠𲕡𲕢𲕣𲕤𲕥𲕧𲕨𲕩𲕪𲕫𲕬𲕭𲕮𲕯𲕱𲕲𲕳𲕴𲕵𲕶𲕷𲕸𲕹𲕺𲕻𲕼𲕽𲕿𲖀𲖁𲖂𲖃𲖄𲖅𲖆𲖇𲖈𲖉𲖊𲖋𲖌𲖍𲖎𲖏𲖑𲖒𲖓𲖔𲖕𲖗𲖘𲖙𲖛𲖜𲖝𲖞𲖟𲖠𲖡𲖢𲖣𲖤𲖥𲖦𲖨𲖩𲖪𲖫𲖬𲖭𲖮𲖯𲖲𲖳𲖴𲖵𲖷𲖸𲖹𲖻𲖼𲖽𲖾𲗁𲗂𲗃𲗄𲗅𲗆𲗇𲗈𲗉𲗊𲗋𲗌𲗍𲗎𲗐𲗑𲗒𲗓𲗔𲗖𲗗𲗘𲗙𲗚𲗛𲗞𲗟𲗠𲗡𲗣𲗤𲗥𲗦𲗧𲗩𲗪𲗫𲗬𲗭𲗯𲗰𲗱𲗲𲗳𲗴𲗵𲗷𲗸𲗹𲗻𲗼𲗽𲗾𲗿𲘀𲘁𲘂𲘃𲘅𲘆𲘇𲘈𲘉𲘊𲘌𲘎𲘐𲘑𲘒𲘓𲘔𲘕𲘗𲘘𲘙𲘚𲘛𲘜𲘝𲙙𲚢𲚮𲛓𲠳𲢆𲢉𲢓𲦳𲧱𲧹𲬿𲭭𲴥𲹄𳅌𳇓𳈘𳌞𳍖𳍼𳎸
古	㑬㑸㕆㕝㖖㖛㝒㣨㱠㴌㼋㽽䀇䀦䂋䇢䊀䎁䑩䛯䦚䧸估倨克呄咕啇啹嘏固姑居岵怘怙故枯沽涺牯狜瓳盬祜秙罟胡舌舍苦蛄蜛詁诂跍軲轱辜酤鈷钴骷鮕鴣鶘鸪鹕𠃹𠖠𠜦𠡉𠤳𠥛𠧈𠧉𠧑𠭖𠯛𠰛𠲩𠳫𠳬𠵊𠵎𠶮𠷞𠸗𠸙𠽠𠾄𡄝𡇣𡊜𡝜𡣿𡪻𡱨𡲞𡳰𡿵𢏆𢦮𢩍𢪿𢫈𢽤𢽿𣕣𣗺𣚩𣧮𣪇𣪸𣫊𣭎𣳂𣳖𤇌𤒒𤖲𤚦𤿛𤿞𥂤𥂩𥑮𥙯𥚟𥢟𥥖𥩪𥺨𥿍𦊖𦊙𦊟𦍩𦍬𦙶𦣷𦦬𦦶𦧒𦧕𦹯𦹵𧆻𧇉𧇡𧍾𧙖𧣗𧮴𧵎𧵑𨈰𨐒𨑀𨬕𩇵𩊉𩌤𩑶𩓃𩚩𩛶𩢪𩬩𩰯𩱍𩱒𩲱𩾀𩿵𪏻𪔐𪕮𪞎𪞟𪟴𪠬𪡜𪡻𪻕𫎡𫐢𫔜𫗡𫧡𫨒𫪔𫪹𫬯𫯤𬀇𬀬𬚋𬦉𭋛𭘖𭠄𭩀𭱦𭷃𭷢𭻇𭾌𭾏𮊁𮍂𮐤𮑟𮗎𮚍𮚙𮢃𮫀𮭆𮭫𰃍𰅶𰈫𰈳𰉈𰖘𰻧𱀆𱏶𱑓𱒍𱓱𲂾𲅈𲊜𲍌𲏔𲓴𲕝𲕞𲗢𲟄𲣽𲽨𳀚𳊬
句	㣘㲒㽛䅓䑦䝭䞤䣱䧁䪷䬲䵶佝劬呴坸够夠姁岣怐拘敂斪昫朐枸欨泃狗玽痀眗竘笱絇翑耇耈胊苟茍蚼袧訽豞豿跔軥邭鉤雊駒驹鮈鴝鸲鼩齁齣𠄹𠛎𠣪𠣫𠴣𠴦𠷜𠹪𠾠𡊦𡌲𡱈𡳍𡳏𢀆𢂁𢊙𢎅𢑪𢩁𢼒𢿩𣀖𣕽𣤒𣧬𤋥𤍥𤎗𤖵𤘽𤩉𤫱𥘮𥢀𥩮𦊒𦍵𦐛𦓂𦕙𦰶𦱩𦲆𧙎𧡳𧯠𨈳𨒡𨪵𩀣𩉿𩐝𪀊𪓞𪓟𪚶𪟑𪵙𪿕𫌩𫎧𫞮𫠚𫲢𬈌𬐏𬭧𬲯𬶋𬼿𭇕𭋘𭪹𭴔𭷫𮍘𮑄𮠐𮳤𰆧𰬆𰴏𰵛𰺁𰽭𱀉𱌁𱌮𲏙𲲅𳋂𳏼
另	㔛㗗䤢别拐柺𠔦𠬱𤵱𧊅𨀌𪜯𪡎𪸝𫫑𫭦𬾪𰑍𱦀𲁽𲑯𲛌𲨾𳎭
叧	拐枴𠕕𠛤𭃟
叨	䬭𱽕
叩	命𠭞𡇳𦱡𪂤𪵍𬦨𬫈𬫜𭀾𭈨𮇍𮖰𰌺
只	㡶㰨䅩䍉䛊䳅伿呮咫嘦帜怾抧枳炽疻积织职胑识軹轵鉙齞𠙂𠤴𠷓𡛰𣖌𣭓𣲵𣺓𤝖𥿗𦐖𦭜𦸧𧊄𧙋𧢚𧧹𧭩𧲻𧵙𧻍𨈪𨒅𩁣𩢢𩨵𩬫𩿦𫖆𫪉𫪩𫪫𬋦𬲬𭓛𭣗𮁦𮴉𰂧𰇨𰍵𰽨𱉙𱌫𱖕𲲻𲷀
叫	䆗𠲠𢫃𣌺𣐲𨦀𰈞𱈠𱷵
召	㐒㯧㲈㷖㸛㹦䂏䎄䙼䧂䫿䬰䳂佋刟劭卲妱岧岹巶弨怊招昭柖欩沼炤牊玿眧祒笤紹绍苕蛁袑詔诏貂超軺轺迢邵鉊鞀韶駋髫鮉鼦齠龆𠣫𠧙𠯉𠯨𠰉𠸿𠹾𠺥𠾓𠾸𡀪𡆊𡊱𡎣𡥙𢁾𢈆𢑦𢦽𢵒𣉈𣬸𣸬𤱠𤵪𤾌𤿘𥁏𥃝𥹙𦚔𦦌𦨣𧵓𧼹𨐓𨹸𩅖𩎣𩲤𪌕𪔓𪖠𪴻𪷰𪸲𪹑𫥈𫫌𫬑𫲤𫲰𫵥𫽟𬚖𬜁𬦪𬬿𬰛𭇱𭛤𭦨𭵳𮯃𰀻𰚕𰴖𱕑𱡁𱥁𲉪𲋤𲍲𲕠𲖶𲢳𲫲𲮙𳉋𳏖
可	㐓㑸㞹㪃㪼㫊㰤㱒䋍䋪䔅䯊䶗何呵哥哿啊坷奇妸婀岢抲柯河炣牁牱珂疴砢竒笴胢舸苛蚵袔訶诃跒軻轲酠鈳錒钶閜阿魺鲄鴚𠳊𠳌𠵲𠶘𠶚𠶱𠽚𠾟𠾳𡆔𡘀𡥚𡹣𢎄𢘟𢦪𢼔𣄰𣍳𣤑𣧤𣸌𣹇𤔄𤕒𥎵𥘫𥞍𥩤𥰮𥰯𦽅𧙃𧙑𧟫𧯶𧵛𨚩𨵤𩈔𩊆𩑸𪀉𪜄𪟡𪡑𪫧𪰏𪲾𪵤𪽍𪽎𪾌𫮭𬁭𬇌𬚞𬧲𬮠𬸂𭇄𭇎𭇷𭈑𭉒𭪋𭭫𭾨𭿋𮀫𮋛𮐤𮯙𰒚𰓎𰦘𰪲𰬂𰳖𱆋𱉕𱌋𱗊𱘯𱣲𱩅𲁚𲁶𲂿𲊻𲕃𲕇𲖨𲜵𲟙𲭔𲭳𲼒
台	㣍㰧㾂䕂乨佁兘冶刣咍囼坮始孡怠怡抬枱枲殆治炱炲珆瓵眙秮笞紿绐耛胎苔袬詒诒貽贻跆軩辝迨邰鈶颱飴饴駘骀鮐鲐齝𠁯𠄩𠈂𠊝𠏓𠝛𠡇𠳙𠵤𠼷𡖤𢦯𢲚𢼉𣅿𣕘𣖤𣚱𣣿𣭆𤊜𤫳𥁐𥙉𥧺𥹋𧉟𧠜𨾃𨾱𩇚𩎞𩒎𩢠𩬠𩲥𩿡𪠗𪡳𪱜𪿘𫖭𫢼𫨩𫩞𫿥𬃋𬆗𬔠𬭀𭄪𭘚𭞏𮤍𮩻𰀼𰌎𰟽𰮜𱃗𱈥𱌯𱎔𱒮𱔖𱢶𱥎𲁛𲉍𲓿𲹫𲺲𳊭
叱	叱唜𠳢
史	㳏鉂駛驶𡶈𢈗𢺲𣐳𣬐𣭂𤈆𤤭𥑏𦘤𧊍𧲬𩂝𩰡𪀎𪗧𪠷𪡖𫙓𫢓𫩢𫪊𬀈𬏅𭆾𭉅𭣥𭨡𭨮𮍸𰁈𰑗𰓐𰛘𰝓𰥶𰨠𰶽𲟶𲲠
右	㤑㳓䧺佑祐若𠮮𠯌𠰥𠳮𡛮𡧣𣐞𣭊𤌕𤢃𤲽𥁓𥂠𥂧𥑛𥛂𥬡𧙗𧤮𨒐𨚞𨛠𨥰𨳾𩑲𪐊𪡐𪲴𪸚𫱄𫸫𬍘𭈸𭠗𭪎𮈆𮈓𮣥𮪞𰏋𰓏𰢿𰣁𱅆𱰢𱵿𲎵𲏖𲘹𲰖𲵷𲻜
叴	𠹝𬅠
叵	尀笸鉕钷𠐄𠤾𠰐𡶅𡶆𣲳𧙅𧿽𨸭𩑼𩢘𩲰𩳺𬽯𮀏𮉊𮏨𰅬𰩆
叶	𠽢𭈍𮶡𱳵𲔾
号	㞻䪽呺枵號飸鴞鸮𠮲𠳯𠵗𠸮𡀒𡩸𢣉𢪶𣪆𣭖𤝐𤩩𥍣𦚊𧇼𧦢𨚙𨱭𩖸𩨴𪾥𫪕𬽱𭈹𭴒𭷐𭽑𮧃𰇱𰊽𰖦𰢖𰢬𰫟𱆩𱓪𱙾𲝊𲹇𲻫𳀱
司	㚸㟃䏤䛐䣳伺呞嗣孠柌泀祠笥覗詞词鉰飼饲𠭈𠵑𠻁𠻸𡭒𢃊𢕳𢘜𢩚𣱇𤏉𤔲𤔺𥄶𥠫𥿆𦉚𦉠𦊛𦎛𦒽𦭡𧉠𧙈𪗪𫨪𫵆𫸙𬐩𬢊𬨚𬴴𬹿𭉢𭊉𭝝𭠟𭭟𭷿𭻢𮍷𮫴𰇾𰥄𰦙𰨤𲕾𲪉
叹	亟凾焏𠭵𠷭𠼡𡊙𡎕𡐄𢚣𢞳𤃕𥜑𦋣𫝷𭇳𭉼𭢰𰇝𰇣𱒎𱨊𱫰𳉅
叿	𠰠𠰪𪤳
吁	冔𥎿𦊯𦮣𬇢
吂	䊨羸𡑤𡩩𣎆𤅘𤼘𥭚𦇽𦝠𦟀𨭞𱨡
各	㑼㓢㗉㤩㦴㪾䀩䅂䎊䞦䧄䶅佫咎咯嗠垎客峈峉恪挌敋格洛洜烙狢珞略畧硌笿絡络胳臵茖蛒衉袼觡詻貉賂赂路輅辂酪鉻铬閣阁雒頟額额餎饹駱骆骼鮥鴼鵅𠄇𠗂𠝪𠠩𠧨𠮀𠲱𠶱𠷳𡅡𡇷𡪞𡫥𢓜𢨟𢼛𢾏𢾷𣗛𣢷𣣟𣧳𤙑𤧱𤷑𤽥𦃅𦃆𦊲𦊹𦐦𦓱𦛃𧃄𧐣𨎟𨎠𨎣𨱴𨹿𩁗𩂣𩅗𩊚𩎬𩤩𩳼𪃭𪊲𪌣𪕘𪘊𫜍𭇏𭔦𭕨𭘇𭘞𭥵𭫹𮊶𮒏𮙐𮞑𮪘𮰘𰔡𰣆𰤥𰵤𱂥𱇪𱉮𱋓𱎅𱏯𱔆𱕞𱱓𲖺𲚢𲪱𲷃
吅	㕺㖐㖾㗊㦍㽞䑝䓵僉咒咢品哭啙喌喪單噐器噩嚣嚴囂斝穯襄賷遻闆駡骂𠄸𠅧𠆑𠉬𠋨𠎘𠐪𠞍𠠆𠦵𠧉𠭎𠮎𠱠𠱯𠳵𠵪𠶬𠷔𠷫𠷽𠸅𠸈𠹈𠹣𠺐𠼅𠽝𠽸𠽽𠾅𠾧𠿦𠿧𡀈𡀋𡁘𡁥𡁦𡂇𡂦𡂽𡃟𡃫𡃷𡄅𡄉𡄿𡅕𡅚𡆛𡋐𡋑𡗏𡘜𡙗𡜓𡪕𡭈𡴡𡷇𡼚𢃋𢆔𢊴𢋌𢍦𢍮𢑿𢒡𢙈𢦸𢨐𢰊𣀌𣈆𣖎𣙐𣞸𣟘𣡀𣡦𣡪𣥧𣥼𤀅𤀭𤅭𤅾𤕦𤕧𤡴𤨻𤪛𤬥𥂍𥃟𥜘𥫕𥫖𥰔𥸇𥼐𦃦𦈯𦎙𦠍𦢮𦰉𧃱𧃼𧆔𧍨𧚾𧞻𧠮𧮜𧱄𧾏𨏸𨕓𨕣𨕬𨞍𨟌𨫰𨼶𨾴𩁁𩂩𩍱𩑇𩺑𪄍𪑵𪠛𪡰𪡼𪳏𪹬𫜝𫪟𫪠𫪡𫬋𫬌𫬰𫮶𫻡𬎜𬕪𬖿𬢧𬮳𬱞𬴳𬻠𬽐𭅫𭇾𭈑𭈼𭊎𭋧𭌀𭌌𭌛𭌪𭌷𭍖𭍙𭩸𭬫𭸅𭺈𭻵𮖸𮞮𮞷𮟹𮧭𰇪𰇫𰊪𰎵𰒣𰙧𱑍𱑰𱒛𱔆𱔞𱛢𱩩𱪕𱪚𱶫𱹨𲂭𲕃𲕟𲖇𲖸𲡋
吆	呦𠯻𠲭
合	㓣㕉㝓㢵㣛㧱㪉㪧㭘㽂㾑㿯䀫䆟䏩䑪䞩䢔䧻䨐䶀䶎佮冾剳劄匌匒匼哈垥姶峆峇帢弇恰拾拿搻搿敆樖欱歙洽烚珨畣盒硆祫秴答粭給给翕翖耠荅蛤袷詥跲郃鉿铪閤鞈韐頜颌餄饸鮯鴿鸽龕龛鿖鿘鿢𠆋𠆖𠆗𠈏𠉲𠉼𠍗𠎈𠎍𠎏𠎙𠏎𠏸𠐗𠑴𠔤𠚔𠝢𠟊𠟖𠢡𠵵𠷡𠼞𡄬𡇞𡇶𡋛𡡽𡢣𡦸𡪗𢂷𢈈𢙅𢨍𢩅𢻆𣁴𣆗𣌭𣑠𣛇𣛋𣨄𣭝𣯈𤀅𤀉𤙖𤚻𤛈𤝰𤡿𤥓𤯤𤴇𥂜𥃋𥅽𥊉𥩻𦊪𦊭𦊴𦏐𦏮𦐬𦕲𦚶𦚷𦧛𦳬𦷌𧄮𧇎𧊧𧙳𧩸𧫈𧮵𧳇𧿍𨈿𨎕𨏚𨝫𨠭𨰔𨶀𩀂𩌒𩐥𩔩𩩂𩭆𩳋𪂻𪅲𪑇𪘁𪞍𪠁𪦻𪮷𪯤𪼉𫎖𫕽𫚗𫡥𫣘𫣹𫫈𫬳𫯾𫱅𫽞𫿄𬌗𬎪𬎴𬔂𬖻𬮤𭃟𭉁𭉙𭊐𭒬𭠫𭯘𭱔𭷪𭿹𮆤𮇰𮋁𮟺𮪁𮯚𮰂𰂅𰃣𰇮𰇴𰏫𰔾𰵣𱂆𱍛𱓃𱔋𱔝𱤵𱦕𱰊𱰖𱻑𲅬𲆪𲎨𲑢𲓃𲢱𲲇𳌇𳐪
吉	㐖㓤㔛㣟㸵䂒䓀䦖䭇佶劼咭喆喜嘉嚞壴夡姞恄拮桔欯洁狤硈祮秸結结翓聐臺蛣袺詰诘趌迼郆銡鐑鞊頡颉髻鮚鲒鴶黠𠑃𠚌𠶮𠸆𠹢𠺇𠽻𡋥𡌬𡒼𡔠𡔤𡔦𡔧𡔯𡔼𡕇𡕉𡕊𡕍𡜩𡫸𡬋𡱠𡳛𢩋𢼣𣡳𣻅𤈄𤋔𤔎𤥐𤫶𤵹𤿠𥆅𥖷𥻽𦂑𦎁𦛋𦢗𧅡𧑱𧞜𧞟𧠯𨀙𨊊𨗡𨘫𨭓𨱻𨺃𩗊𩢴𩧵𪁄𪌧𪕖𪗾𪜒𪝦𪞉𪠅𪧱𪰙𪶼𫅘𫋮𫒸𫜖𫤣𫥘𫾪𬳀𭀇𭂋𭃕𭇠𭈱𭊡𭋠𭋵𭐖𭐙𭙰𭚬𭮪𭶑𭷬𭹶𭺞𮃭𮃮𮇕𮋜𮠥𮥁𮰱𮰵𮸥𰂺𰛀𰜧𰠢𰢭𰽲𰿑𱉥𱏅𱩼𱫱𲁕𲊄𲑰𲠕𲵪𲷥𲻏
吊	屌帬常銱铞𠜏𠲢𠶇𡲻𢂋𢬚𢬢𣃫𣑐𤔬𥓟𥙙𥞡𦛉𦻋𨀽𪥳𪸧𬗏𬘣𬰭𭘣𮏕𮧯𰀌𰁻𱮈𱳻𱷹
吋	壽夀𠷲𠾉𡔽𤐭𬿻𭉠𭐖𭐙𭗇𭳍𮂞𱵧𲁶𲜢𲿅
同	㒨㓊㖯㖰㢥㣚㸑㸗䆚䞒侗哃垌姛峒峝恫戙挏晍桐洞烔爂爨狪璺痌眮硐秱筒粡絧胴興舋茼衕詷迵酮釁銅铜餇駧鮦鲖𠀹𠆠𠖄𠤫𠨩𡀸𡜝𡭸𢂓𢈉𢍯𢏕𢑅𢖂𢿀𣑸𣠪𣡈𣡥𣩺𣬑𤓕𤕉𤖾𤙓𤭁𤭆𥃘𥍩𥗑𦉝𦍻𦦡𦦧𦦻𦧁𦨴𧇌𧊚𧖥𧖳𧙥𧭒𧱁𧳆𨀜𨈹𨐗𨔖𨚯𨤯𨭳𨮆𨯜𨯺𨰷𨴏𩇷𩊗𩐤𩒗𩧲𩩅𪀭𪌢𪎼𪒵𪔚𪕙𪘍𪻛𫀈𫄡𫍣𫎴𫑉𫝛𫥮𬜃𬮂𬷍𬽽𭁰𮍤𮍲𮕺𮹑𰇾𰊕𰯼𰷯𰽓𱍯𱏵𱡧𱩫𲘏𲬹𲰽
名	㗮㚚㫥䊅佲姳洺眳茗詺酩銘铭𠱷𠸛𠸜𡅖𡒒𡖚𡖺𡷂𢙛𢻇𣜞𣭨𤥁𥏍𥒊𥿨𨚷𨿅𩓴𩳊𪗸𪟚𫏉𬔽𬣮𬱃𬼨𭃞𭚮𭜇𭠬𭩹𭭊𮕿𮬶𮰞𮵡𰞔𲾙𳇨𳌆
后	㖃㤧㧨㸸㻈䞧劶垕垢姤洉缿茩詬诟逅郈銗骺鮜鲘𠵲𠵳𡢐𡧻𣢨𥅠𥒖𥙐𧊛𧙺𧮶𧲿𩗇𪁆𪃫𪊪𪘇𪢈𪯬𪲉𫀱𫝴𫩲𫪣𬖙𬭅𬷎𭏏𭸫𮳽𰂀𰃙𰇱𰈛𰎚𰸋𱕎𲗏𲱘𲺓𲻎
吏	㤦㹬使𠦱𠲀𡭭𣆘𣥱𣦆𣦰𣬒𣬔𣳪𥒅𥚄𥟹𥥥𦧜𦪨𧀞𧧅𧳅𨽄𩢲𩰢𪘌𫊳𫣙𫣚𫹒𫾫𬃻𬳺𮃂𮎫𱒚𱰝𱱇𱼅𲓾𲢖𳍋
吐	𠴤𪠶𭈯𰇦𲖲𲻹𳅺
向	䖮䚁响嚮垧姠恦扄晌晑珦逈銄餉饷𠽘𢀉𣂝𣗉𣹚𤈍𤍀𤖽𤵼𥀾𥥩𥭈𥹝𥿧𧙹𧥁𧧦𩐢𪢞𫝙𫷇𬂭𭏵𭕜𭬆𮚹𮣛𮮗𮯄𰁼𰄫𰈜𰠒𰧽𲊧𲒦𲥚𲩄𲵇𲻽
吒	䆛𤕔𤚧𪔘𬏨𬗍𬙳𭊼𭌐𲺒
吕	㐯㗊㛎㾔䕡串丳侣営嘂嚻宫捛梠焒營稆筥絽莒营躳郘鋁铝閭闾麿𠃳𠅖𠅠𠅷𠆆𠣸𠤇𠧊𠧎𠧏𠩰𠰞𠴊𠵁𡂨𡄹𡅽𡓿𡕨𡕭𡕴𡝽𡰔𡳎𡴗𡿷𢈚𢐆𢙲𢠮𢱠𢻋𣡫𣳮𤌻𤐬𤒆𤔑𤕈𤲇𥜭𥩶𥶆𦊼𦎑𦏥𦛗𦝕𧐛𧜰𨉫𨔂𨫚𩀏𩀢𩁛𩁲𩺽𪆾𪈋𪉫𪛉𪟔𪠈𪫰𪭛𫦛𫩙𫬽𬌞𬔉𬘤𬵼𭑍𰠉𰰁𰱩𰴰𱕴𱨛𱭦𱿤
君	㟒㪊䇹䞫侰宭峮帬捃桾涒焄珺窘羣群莙裙裠覠輑郡頵鮶鲪鵘麏𠧬𠰶𠲰𠹩𡂬𡝗𢂽𢃆𢧃𢹲𢽏𣀄𣇉𤉅𤉙𤑩𤪡𤶷𥜢𥜮𦀲𦌺𦢱𧨡𨐚𨘂𨛦𨧡𩂿𩐩𪌺𪣣𪪒𫖳𫘿𫝉𫺔𬂁𬒽𬜋𬡝𬢂𬥀𬱌𭊝𭝈𮷐𰏏𰲣𰴙𰺈𱡑𲎞𲬍𲭨𳈡
吝	悋麐𠓬𠞺𠡧𠳺𡂯𡘯𡫫𢭹𣁔𣍵𣵰𤞼𤶾𧋻𧜯𧶆𧼁𨁮𨦽𩣖𪊺𪡍𪣠𪩥𫇖𫢧𫬪𬜵𬲔𬹏𰧄𰯢𱘵𲞡𳋫
吞	㖔㧷㶺𢚺𢞋𣵞𤶕𧌀𨁇𨧐𨹙𩇺𩐄𩳝𩷵𪤵𫫹𬚻𬨦𭊝𭎝𭪇𮀙𮄐𮖂𰈟𰈩𰴑𰾇𲑺
吟	荶𠤾𡷧𣵴𥆽𦛽𩒻𪑑𫕖𲠂
吠	𦜀𰩾
否	㕻㤳㧵㳪䓏䫊䫠俖嚭娝桮痞脴踎𠥀𠥧𠳝𣇊𤞜𥞶𥺖𦈶𦊾𦋑𦐸𧯻𧳏𧶏𧻳𨛔𨧆𨹭𩛷𩣚𩭍𪪓𫎗𫫘𬒷𬕃𬱰𭎟𭐚𭑛𱒕𱴁𲃗𳍐
含	㓧㟏㟔㤷㼨䎏䣻唅娢晗梒浛焓琀筨莟蛿誝谽鋡頷颔馠𠉐𠤿𠹞𡌢𡪁𢧆𢧒𣢺𤙣𤚥𤞻𤭙𥆡𥓂𦎌𦛜𧳘𧶗𧹣𨛣𩈣𩐧𩩊𪁟𪕛𪘒𫤺𫭉𫺐𫺾𫻈𫼹𫾵𭉀𭐿𭙞𭮕𭼒𮐽𮕣𮛜𮜹𰧂𰲢𰾅𱁎𱼳𲒑𲗂𲭕𲾄
听	厛𠳇𥺐𪡗𱟺
启	啟扈闙𠶶𢩙𢩝𣘼𣙅𣚩𨌋𨐙𨐳𬚫𭠇𭶧𮳾𰂌𰓸
吳	㻍俁娛悞洖祦筽茣虞蜈誤鋘鸆麌𡔣𡷤𣮇𤉇𤝲𦨼𧏜𧦂𩃉𩶭𪕜𪞻𪣘𪩽𬗙𮖅
吴	㻍俣娱悮洖祦筽脵茣虞蜈誤误鋘麌𠱐𡷤𢫸𣑀𤉇𤙬𤝲𦨳𩶭𪕜𬭌
吹	焁𠀿𢭻𣒱𣤐𣵯𣵶𤉚𤶺𥪅𥺏𥺔𧷝𨁰𩭜𪨸𫈀𭇺𱑩𲡳
吻	𣵓𥁴𦮶𪡕𪷡𬠉𲀱
吽	𠵮𭉪𭌨
吾	㐚㹳䎸䏸䓊䦜䮏俉唔啎圄娪寤峿悟捂敔晤梧浯焐牾珸痦衙語语逜郚鋙铻鯃鼯齬龉𠗐𠵥𠵦𡂂𡨂𡬑𢆖𢈪𢓲𢣸𢤓𢻊𣣄𣬕𤕻𤭑𥆐𥏒𥒾𥟊𥭠𦀡𦥉𦸭𧋋𧳎𩒾𩩑𩳌𪁙𪕡𪘚𪣔𪩳𫕁𫖌𫟙𫥩𫪸𫬮𬤿𬰜𭘣𭭢𮖰𮗰𮠬𰊎𰮧𱻳𲂡𲈽𲕗𲴦𳐬
吿	㬶㵆䎋䒃䔏䗢䚛䧊䧼䶜俈勂哠嚳峼悎捁晧梏浩澔焅牿皓硞祰窖筶簉糙聕艁誥造郜酷鋯靠頶鯌鵠𠻛𡇪𡌃𡜲𡨟𡷥𢁏𢍎𣨓𣫀𤥢𤶳𤿩𥍱𥶚𥺊𦅚𦛩𦮽𧋓𧠼𧻰𨁒𨖰𨴬𩇸𩋺𪳤𭾵
呀	𠾒𮃽𲔯𲗗
呂	㛎㾔䕡侶営宮捛梠焒營稆筥絽莒营躳郘鋁閭麿𠃳𠒦𠧎𠭤𠴊𡄀𡋿𡱶𡳎𡴗𢈚𢙲𢰈𢻋𣓡𣨕𣳮𤀗𤔑𤕈𤕍𤞪𤳧𥆻𥓅𥖓𥖕𥶆𥺓𦊼𦛗𦧨𨓐𨹬𪁳𪡉𫡽𫤉𫭐𫶴𫶷𫼴𬩀𭂴𭕸𮎎𮗔𱑻𱘖𱜗𱩘𲃨𲱉𳌈
呄	𥚁𭪏
呆	㙅㳭䈢保宲枲棠楶槑襃𠍙𠳳𠻇𠾯𡷵𣍀𣑠𣓷𣔣𣕷𣘫𣚤𣞃𣮃𣼑𤞥𤥯𤶭𥆫𥧷𥯲𦹂𧜯𨲃𨹦𩛴𩭚𪁣𪭷𪲖𫗷𫬕𭑼𮀛𮇠𮘒𮷰𰐯𰑠𰗷𰟺𰠀𰱅𱏇𲍹
呇	𣒩𣺪𦧞𬇱𬫠𰉶
呈	䄇䇸侱埕徎悜戜挰桯浧珵睈程脭裎逞郢酲鋥锃鞓𠩥𠴔𡝚𢌥𢧄𢧜𢧤𢻡𣇒𤶲𥺆𦀚𦸴𦹒𦹠𧋸𧡈𧶔𧹓𨁎𨉑𩛦𩷣𪓪𫄺𫆅𫢃𬊒𬩰𬴦𭘡𮄰𮎏𮎺𰠔𱡩𱭼𱴇𲴭𳎹
呉	娯虞誤
告	㬶㵆䎋䚛䧊䧼䯻䶜俈勂哠喾嚳峼悎捁晧梏浩澔焅牿皓硞祰窖筶聕艁誥诰造郜酷鋯锆靠頶鯌鵠鹄𠜯𠵞𠼑𡀻𡇪𡌃𡜲𡨟𡷥𢁏𢍎𢽍𣂋𣨓𣫀𣽋𤏔𤞺𤭚𤶳𤿩𥂷𥍱𥞴𥶚𥺊𦀽𦛩𦮽𧋓𧠼𧻰𨁒𨌒𨴬𨼄𩇸𩋺𪡬𪢡𪽀𫗓𫧂𫳩𫻵𫿜𬆧𬈯𬐊𬥘𬩙𬯱𬶔𭌳𭍁𭔏𭣂𮄔𮌽𮓐𮠭𮰕𰑣𰝣𰠤𱋯𱐆𱕆𱺞𳊗
呌	㟕𡀧𥦖𪭸𲉸𲍢𲗕𲼃
呍	𡂃𰇖
呑	㖔㧷㶺喬𠾹𢞋𤶕𨁇𨅳𨇕𨹙𩇺𩳝𩷵𭒤
员	㛣勋圆埙损殒涢筼赏郧陨𤈶𤶧𫕥𫖲𫛫𫬙𬁽𬒍𮷁𮷎𮷏𮷐𮷑𰡐𰬚𱂐𱎯𱐄𱣞
呙	㖞㶽䯄剐埚娲涡祸窝脶莴蜗锅𢡭𣒌𪨹𫍩𫡬𫧯𬀥𬅥𬏮𬨨𬫚𮉨𰡏𰦿𰮄𱐎𱟽
周	㓮㚋㟘㨄䎻䓟䞴䧓䯾倜凋啁奝婤彫徟惆晭椆淍琱皗睭碉禂稠綢绸翢蜩裯調调賙赒輖週郮錭雕霌騆鯛鲷鵰𠵁𠶰𡕄𡕐𡥱𡦝𡮚𢃖𢛇𢽧𣍼𤂂𥏨𥮐𥶏𥺝𦈺𦩍𧇟𧣷𧮻𧯼𧳜𨂊𨉜𨡑𩈮𩋙𩗪𩞺𩟨𪏎𪸼𫊃𫐏𫛲𫮀𬋬𬎹𬏳𬛅𬭕𭊐𭌄𭐷𭣶𮨒𮹋𰀧𱚊𱥑𱮅𲤫𲭡𳋛
呰	𣣊𧩢𧿿
呱	𥦫𭄱
味	菋𠽘𮋞𰁅𱔙𲖧
呴	喣𤉵𲖊
呵	𦱕𭊀𲕃
命	㥐掵椧𠊈𠵴𡇳𥮡𦁸𦅫𨉟𩸍𫾽𬍱𬔣𬫦𭝕𭰷𮱮𱥐𲗌𳃻𳎛
呿	𠲵𠳞
咅	㖣㟝㥉㪗㯁㰴㾦䋨䍌䎧䏽䞳䦣䫓䬏䯽䳝䴺倍剖勏培婄掊敨棓殕毰涪焙犃琣瓿碚稖竞箁菩賠赔踣部郶醅錇锫陪鞛餢𠣭𠹪𠾈𡃠𡯳𡯷𢒷𢮏𢵾𣬙𣾾𤉿𤗏𤬃𥩶𥪇𥪾𦅹𦩜𦺑𧷯𧽴𨿦𩔻𩸬𪡳𫫌𫮷𬠗𬡣𬶜𬹰𭐭𭙄𮘟𮝼𮮚𮮮𮸦𰚢𰻅𱃆𱃾𱋝𱥫𱳐𲖿𲟤𲣓𲤣𲧖
和	俰啝惒萂𡞈𣷓𧇮𨨑𨨛𫓼𮠱𲙚𲤡𲾶𳏇𳏈
咎	㰶㹾䓘䛮倃晷櫜綹绺鯦麔鼛𠴰𡅦𡒩𢛃𢜥𣓌𤷑𥢑𥮑𥻀𦜵𧖼𭡗𱇼𱈰𳋚𳍛
咒	𭏹𭡒𰈩
咖	𨔗𫦹
咠	㣬䁒䐕䩰偮揖楫湒箿緝缉艥葺諿輯辑鍓𠦫𠶻𡃃𡎎𢜱𥖙𥚶𥠋𥽳𦗶𧎎𧤏𩰆𩹫𪔪𫃇𭋷𭍪𭦱𭵓𮖹𰟧𱙝
咡	㖩㖿㗦𠲷𠹆𠺨𠺵𠻠𫫺𲖁
咢	㓵㗁㟧㮙偔卾堮崿愕湂腭萼蕚覨諤谔遌鄂鍔锷顎颚鰐鳄鶚鹗齶𠤁𡈆𡼑𡼰𣽺𥈭𥔲𥯳𦉅𦫩𦽺𧍞𨜝𨬱𨺨𩀇𪦊𬧒𭊯𭋍𮔵𮧪𮭯𮯋𱟊𲍅𲦳𲯥𲴮𳅌𳌼𳍼
咨	㮞䠖楶諮谘趦𡃭𡄻𡕆𡟔𢱆𣯃𤦿𥚭𥻓𨍢𨩲𩜴𫙩𭉊
咪	𠺫𠺼𡁔𡁭𲗔
咭	𠽻𭋴
咱	𥻢𱑠
咶	𠵯𭈅
咸	㛾㨔㰹㺂䁍䖗䶠䶢减喊堿嵅感椷減煘瑊碱箴緘缄羬葴觱諴輱醎鍼顑鰔鹹麙黬𠁝𠊭𠔺𡞣𡫴𡫹𡯽𢜩𢨟𣁀𣜕𣤭𤊸𥠆𥻇𦑘𦧩𦩢𧇱𧍧𧛡𧥙𧥚𧭶𧯃𨃂𩕠𩝈𩤥𩩴𩮏𩴁𪂶𪉳𪔩𫍯𬐨𬺍𭍩𭱡𭷲𮂅𮒀𮡂𮭄𰺩𰾗𱂱𱆒𱏼𱪇𱫢𲋆𲜐𳋽𳐝𳐷
咼	㢐䈑䫚䯞剮卨喎堝媧旤楇歄渦煱猧瘑碢禍窩緺腡萵蝸諣踻過鍋騧𠊰𠧅𠷏𠹬𡐫𡖿𡥾𡹬𡺩𢝸𢢸𢧘𢰸𣁘𣂄𣄸𣨱𣨷𤧗𤬋𥂡𥈓𥠁𥨵𥩈𧎏𧤐𧼽𨍋𨗷𨵧𩝄𩮑𩹢𪃀𪍌𪎩𪙃𪬋𫞺𫬢𫵭𭉥𮠶𰐵𲹧
哀	㗒偯鎄锿𠗪𡃟𡟓𡪭𢜺𤁆𤠆𤸖𪶦𫈮𫨝𫬳𬕞𭫊𱜾
品	䓵偘區喦喿塸嵒嵓榀漚煰碞臨闆𠐨𠧉𠵀𠵛𠵬𠹜𠻖𠻝𠼧𠾅𡀉𡅝𡅾𡍸𡐈𡙗𡻵𢠑𣖎𣠄𣻙𤍸𤸔𥰔𥷷𦗻𨤀𨩗𩜻𪮐𫑻𫧗𫺢𬖿𬮳𬺦𬼬𬼵𭉘𭊉𭯞𮀭𮇿𮔵𮞬𮪗𰁋𰏬𰜗𱍠𱓂𱝵𱠫𱩍𲃳𲆳𲌙𲑘𲒯𲙣𲷏𲺠𳏏
哈	𫽞𭌸𱽶𳉛
哉	渽睵賳鐡𠼷𢧑𢧜𣈻𣖋𥯒𦖱𦞁𦳦𧒶𧛷𨚵𨰕𩦕𩹯𪃘𭎶𭻮𮛯𮢜𮢾𰄂𰔈𱔖𱤐𲍃
哏	𭎼𭝫
員	㜏䁚䆬䐣䚋䠝䫟傊勛圓塤愪損殞溳熉磒篔縜蒷賞鄖隕霣韻鶰𠅳𠢋𠹚𠺯𡁩𡃋𡅙𡻖𢄙𢥿𢿃𣗼𣞥𣺪𤠔𤸫𥛍𥪩𥪾𥻱𦑰𦔐𦫮𧆍𧜘𧪼𧳷𧵎𧶊𧶏𧷝𧷞𧷯𧷺𧸫𧽛𨶎𩇂𩫣𩴉𪏚𪡯𪢛𪫃𪬳𪯾𫑊𫬊𫬡𫳧𫽭𫾖𬍽𬥙𬥩𮚍𮩉𮩗𲲶𲿊𳂡𳆝𳈄𳊪𳌠
哤	𲖚𲘉
哥	㢦䔅彁戨歌滒謌鎶鿔𠹭𠾥𡃭𡟵𢥳𣘁𣝺𤜊𤠙𤭻𥰯𧎺𨝆𪃿𪢦𫛌𫰄𬤐𬸠𭊣𭤃𰣻𱃬𱯍𱳣𲛅𲢇
哧	嚇𠻲𠼶𭉞𭊥𭌍
哨	𠸑𣺰𪄨
哩	𭧍𮡝
哭	器𠸶𥂍𫬢𫬣𬍌
哲	踅𠑵𠹗𡏥𢲃𣻂𥉭𦄃𧎴𩺢𭗀𭩁
哿	𥰮𲕽
唁	𠸥𠼯𠽆𠾓𡀗𡀲𡀵𡁹𡁾𡂂𡃑𡃘𡃛𡃝𡄧𡄫𡄾𡅷𡆙𪡴𫬃𫬛𭋭𭌂𭌄𭍏𱔒𱔧𱕒𱕣𱕬𲕺𲖨𲗓𲗥𲗸𲗹𲘆𲘗
唃	嘝𠿇𫬼𱔿
唄	囎𠷌𠹰𠼚𠼹𪡮𫬖𭌙𱑗𲕳
唇	䞅滣𠸸𨎂𩺦𪢏𫋏𬫷𱕏𱕓𱗜𲗝𲧐
唐	㜍㲥㼺䅯䌅䕋䧜傏塘嵣搪榶溏煻瑭瞊磄禟篖糖膅蓎螗赯鄌醣鎕餹鶶𠗶𠹔𡃯𢧪𤚫𤠯𤮂𦪀𧱵𨃠𨍴𨶈𩀛𩘜𩥁𩹶𪕹𪰼𫷎𬳍𮖩𮞻𰾯𱊝𲉅𲨧
唒	𪡭𫬞𭋟𱕆𲘍
唓	囀𠵣𠻃𠼗𡀑𡅫𫝚𫬭𭋳𭌋𲗉
唗	𠺬𠾲𠾸𡁻𲕚
唭	嘶𠿁𭊫
售	𠿲𡙬𧃼𭙲𱕡𱡠𱼡𱾖
唯	嶉蓶鷕𣼲𧐌𪄼𬟢𱊡𲦨
唴	嗴𫪾
啄	𡏔𪳓𲖇
商	墒滳熵蔏螪謪𠼬𢠀𢳣𤹟𥊔𧛨𧜟𧷮𨝗𨫢𩝾𩱐𪄲𪞊𪬥𪯔𫬩𫱨𬧽𬧿𬿞𭞡𭫶𮃧𮉀𮷧𰒵𱊥𲴂
啇	㒀㠃㹍䁤䊞䎮䐱䙗䮰䵂嘀墑嫡摘敵樀歒滴甋蔐謫谪豴蹢適鏑镝𠒿𠞶𠢗𣂉𣯵𤠻𤨬𤹞𥕐𥛚𥡦𥧮𦗑𧏸𧽦𩍷𩝿𪄱𪐏𪹧𫕒𫘮𭂞𭞣𮖭𰒰𰖪𰙷𰚇𰡦𱋪𲄽
啈	𠽃𠾷
問	蔄閭闆𠍒𠼋𡫡𢴌𣙎𣼶𥏿𥐔𦄞𦟲𧢈𨴽𨵜𨶎𨶴𫍋𰊥𱬅𲛬𲳆𲳇𳇽
啓	㬖闙𢴖𦄊𭿚𰜶
啚	圖鄙𡳄𤹦𥀚𥀜𨎏𨝚𨮢𩞓𩻂𪯮𫅊𫤲𭨗𮈻𮖾
啟	闙𣘼𥳃𦘦𫫤𫹢𭨠𮮝𮲒𮳓𱔐𲯵
啫	嘟𣾻𭌎
啬	墙嫱樯穑蔷𢠁𪪞𫄱𬈧𰺙𱯜𲀂𲌡
啻	膪𠽜𡡿𢕮𢴨𢿪𣚌𣾪𦔝𧝐𧬍𨅙𨗁𨬙𩪙𪆡𪍼𪯙𰱼
啼	𡄶𮟍𳉲
喃	𬞑𰈯
善	㪨㵛㷽䦅僐墡嫸敾橏歚磰繕缮膳蟮鄯鐥饍鱔鳝𠟤𠾺𡄰𡅐𡆃𢢆𢵈𣩧𤩕𤺪𥊳𥛶𦏎𦗢𧬆𨗚𨣁𩕊𩦐𪍶𪱋𫅜𫅞𫅡𬙽𬙿𬚁𬞗𬱱𬹎𭀺𭌠𭟽𭨔𭳦𮃬𮖯𮜖𮥣𰎇𰎸𲌊𳋱𳏪
喆	嚞𠽻𡅕𡕇𧑭𧑱𪝦𫬔𭹶𮃭
喑	噷𡅙𤺵𱕑
喜	㝆㵙䵱僖嘻噽嚭囍囏嬉憘憙敼暿橲歖熹熺瞦礂禧糦繥蟢譆饎鱚鿋𠓘𡀆𡄂𡅤𡅸𡆐𡆒𡼎𤏴𤢀𤩠𥢗𦏔𨭎𨼩𩦇𪢢𪢣𪮬𫍻𫬸𫼅𫿽𬭳𬶮𭌊𭗖𮌺𮚿𰉇𰊦𱄆𱐌𱔳𲗨𲗮𳄮
喦	喦𧬌
喪	𣾓𦅇𩦌𫛑𫟣𬦟𰘧𰷑
喬	㝯㠐㢗䀉䎗䚩䢪僑勪嘺墧嬌屫嶠憍撟敽敿橋毊燆犞獢矯礄穚簥繑蕎蟜譑趫蹻轎鐈鞽驕鱎鷮𠙪𠿕𠿻𡁗𡅫𡆌𡰑𡰘𢄹𢐟𢕪𢹣𢻤𣤙𣦜𣪽𣯹𣾷𤩝𥋊𥼱𦒓𦠚𦪞𧄳𨝰𨲭𩯘𪍷𪢡𫡡𫣹𫦙𬓚𭮡𰷿𲸺𳈿
喭	㘖𢵲𰉁
單	㠆㲷㺗䐷䠤䡲䯬䵐僤匰嘽嚲囅墠奲嬋幝彈憚戰撣暺樿殫潬燀癉磾禪簞繟蕇蟬襌觶譂貚軃辴鄲闡驒鱓鷤𠓊𠧈𠹈𡁳𡃐𡅄𡆎𡼤𡼯𢠸𣃓𤩧𤾠𤾺𥸍𦉕𦓍𦧴𦪢𦪣𧈍𧕦𨞏𨢿𨭐𨼒𩅦𩉁𩍍𩏥𩘾𩴫𪓽𪙣𫆐𫙎𬀚𬀟𬏕𬓿𭋉𭙴𭿞𮮯𰈻𰕣𰕥𰡧𱕵𱜻𱡊𲧗
喿	㩰㿋䆆䵲僺劋噪嬠幧懆操橾氉澡燥璪矂繰缲臊襙譟趮躁鄵鐰髞鱢𠟯𡂟𢻥𢿾𣀉𣋝𣜣𣰕𤢖𥖨𥼾𥽹𦏛𦗵𦾈𧒮𧴜𩙈𩙰𩟎𩯟𪍻𪍽𪤢𫚫𫥛𫧭𬤨𮆺𮪚𮲽𰲨𲈞𲴺𳄳
嗀	𧯸𧲇𩍤
嗃	𡁞𪢟
嗇	㱇䉢墻嬙廧懎檣濇牆穡繬艢薔轖𠎸𠟩𠢳𡀁𡓜𡫆𢿿𤗼𤛷𥜎𧒗𨷗𩍙𩏫𩕡𩼒𬎓𬬋𲥥𲮾𲷛𳅍𳅠
嗎	㘐𡁉𡆌𫬇𫬷𭍇𭚜𱕥𲘀
嗐	𡁁𡁍𱔣
嗔	𡂌𡅥𫬟𬉌
嗗	𡁌𭍑
嗚	𤀙𫉩𭋒𭌨
嗣	𦽊𫲱𭺂
嘆	𡅧𫛗
嘉	䕒𠏼𡣗𤀺𤐵𤪘𲴽
嘌	𲗭𲘒
嘗	嚐鱨𰊺𰽐𱈘
嘛	嚒嚤嚰𲘇
嘼	獸鼍𠐠𡃣𡄲𬡁𬩨
嘿	嚸𭌘
噐	𱕶𱤯
器	𢻪𣀬𤼅𥀴𥷇𩆮𬑀𮣦𱤱
噩	䫷櫮蘁讍鑩鱷𡅡𡓐𡾙𣤲𪦰𬪠𱈚𱩽𳀋
噴	𡅊𤂫
嚙	𭌿𭍐
嚚	𡅚𧄤
嚴	㘙䉷䕾䶫儼壧孍巖巗曮欕玁礹讝釅麣𠘥𡗏𢥴𢺘𤅙𤫠𥍓𥍛𧟓𧴣𨰫𩽴𪋹𫀤𫹪𰟻𲥭𲱼
嚻	虈𤣠𩫳𩱴
囂	㺧䖀𠑪𡆔𬬤𲣧
囊	㚂儾囔攮欜灢饢馕齉𡿝𢖧𥗾𦈃𦣘𧅺𧖒𧟘𨳆𩰉𫆓𫇄𫯚𬥲𬦀𬧟𬬥𱺰𲥐𲬸
囗	㘝㘞㘟㘠㘡㘢㘣㘤㘥㢴㮚㴄㴅䇱卥囗囙囚四囜囝回因囡团団囤囥囦囧囨囩囪囫囬园囮囯困囱囲図围囵囶囷囸囹固囻囼国图囿圀圁圂圃圄圅圆圇圈圉圊國圌圍圎圏圐圑園圓圔圕圖圗團圙圚圛圜圝圞日曰柬毌熏田目粵罒臼黑龱𠁘𠁴𠅓𠅺𠊗𠋐𠎡𠒇𠕎𠖣𠖦𠗩𠟮𠤽𠧧𠧪𠧺𠨅𠩌𠩛𠪨𠮚𠼜𡆠𡆡𡆢𡆣𡆤𡆥𡆦𡆧𡆨𡆩𡆪𡆫𡆬𡆭𡆮𡆯𡆰𡆱𡆲𡆳𡆴𡆵𡆶𡆷𡆸𡆹𡆺𡆻𡆼𡆽𡆾𡆿𡇀𡇁𡇂𡇃𡇄𡇅𡇆𡇇𡇈𡇉𡇊𡇋𡇌𡇍𡇎𡇏𡇐𡇑𡇒𡇓𡇔𡇕𡇖𡇗𡇘𡇙𡇚𡇜𡇝𡇞𡇟𡇠𡇡𡇢𡇣𡇥𡇦𡇧𡇨𡇩𡇪𡇫𡇬𡇭𡇮𡇯𡇰𡇱𡇲𡇳𡇴𡇵𡇶𡇷𡇸𡇹𡇺𡇻𡇼𡇽𡇾𡇿𡈀𡈁𡈂𡈃𡈄𡈆𡈇𡈈𡈉𡈊𡈌𡈍𡈎𡈏𡈐𡈑𡈒𡈓𡈔𡈕𡈖𡈗𡈘𡈙𡈚𡈛𡈜𡈝𡈞𡈟𡈠𡈡𡈢𡈣𡈥𡈦𡈨𡈩𡈪𡈫𡈬𡈭𡈮𡈰𡈱𡈳𡈴𡈵𡈷𡈸𡈹𡈻𡍐𡐑𡔅𡔌𡕭𡘻𡙏𡜰𡮝𡸋𡹏𡻽𡻾𡽔𢃠𢋦𢍙𢍩𢐑𢐽𢕠𢛾𢜧𢝏𢡌𢨟𢭇𢭣𢰋𢰕𣅍𣑝𣑟𣔸𣖈𣞈𣞖𣡏𣡦𣦗𣱒𣲶𣶡𣺀𤄋𤋳𤏯𤐈𤓅𤕣𤭋𤯬𤰒𤺠𥃠𥊷𥔆𥔥𥠤𥦬𥦾𥱅𥲢𥷠𦀄𦀶𦂷𦅳𦆑𦇨𦪐𦭉𦯯𦱵𦳬𦴄𦴠𦵇𦸠𧀇𧅡𧆕𧆘𧈘𧞦𧟮𨂮𨕚𨞉𨮢𨶾𨷅𨾄𩆘𩡥𩬼𩮟𪆌𪊼𪐗𪒸𪗐𪗲𪟔𪢨𪢩𪢪𪢫𪢬𪢭𪢮𪢯𫀝𫁯𫈽𫒀𫠾𫩏𫭂𫭃𫭄𫭅𫭆𫭇𫭈𫭉𫭊𫭋𫭌𫭍𫭎𫭏𫭑𫭒𫭓𫸭𬉛𬋒𬘉𭍚𭍜𭍝𭍞𭍟𭍢𭍣𭍤𭍦𭍧𭍩𭍪𭍫𭍬𭍭𭍯𭍰𭍱𭍳𭍴𭍵𭍸𭜪𭥴𭨗𮐩𮖾𮢉𮨞𮰘𰆅𰉍𰉎𰉏𰉑𰉓𰉔𰙆𰞭𰴿𱕸𱕹𱕺𱕻𱕼𱕽𱕿𱖀𱖁𱖂𱖃𱖄𱨢𱪕𱶄𱸽𱾒𱾓𱾔𲘠𲘡𲘢𲘣𲘤𲘥𲘦𲘧𲘨𲘩𲘪𲘫𲘬𲘭𲡲𲼷
囘	𠬸𢌞𣇥𣵨𤞸𤧺𧳔𩶠𬒅𭰁𮞉𮨺𰞂
囙	㤙卣𠰸𡖣𡛸𤇀𤇆𤤨𥅤𧙊𪜭𬵈𭰊𮕎𰅜𰙌𱄔
囚	㯿㼔䁽䃳䉭䜲䝓䪉儠巤擸泅爉犣獵臘苬蠟躐邋鑞鬣鮂鱲𠉁𠠗𠧚𡂏𡈶𡒀𡓍𡿸𢅶𢘄𣃴𣋲𣐮𣧝𣭃𣯎𣰫𤁯𤩞𥀰𥁕𦆻𦒦𦒩𦳸𧀨𧞪𧣕𧭞𧰠𨒊𨜵𨥱𩙑𩧆𩺠𪇹𪙷𪸜𫂌𬑋𬘇𭛢𭩄𮆍𮨃𱃶𱇠𲏅𲘟𲡢𲧘
四	㴄㴅䦉伵呬囧囶圀怬柶楞泗牭訵駟驷𠰝𡇕𡇣𡐑𡕷𡮀𡻲𢏎𢝏𢪾𣤺𣳉𤔗𤘉𤯬𥹊𥿖𦮄𧣛𧶠𧷏𨗣𪯣𫦘𫪸𬃺𭍛𮕳𰉐𱙌𱶩𲾓𳅵
囝	𣳲𲻷
回	㐭㔽㻁䛛䤧䨓佪啚啬嗇廻徊恛洄痐硘穯絗茴蛔迴靣鮰𠲛𠹫𠻮𠾂𡄅𡋙𢊉𢊬𢋕𢋾𢌓𢙍𣑩𣞸𣨨𣻲𣿠𤂟𤞑𤴐𤺡𥀑𥀖𥂬𥜘𥧘𥲞𦉩𦸜𦾰𧁝𧇴𧙪𧠲𧻢𨏸𨕔𨗞𨞴𩇊𩞒𩢱𩫃𩫏𩫖𩫗𪀟𪌦𪡐𪸰𪼫𫚔𫝻𫭐𫮶𬣬𬱈𬱩𭍠𭍡𭍨𭍮𭍶𮅊𮱃𮳦𰁿𰉒𰐋𰙙𰞰𰣟𰻴𱃌𱑍𱑰𱕾𱟗𱡀𱦋𱪚𱬈𱶣𱶫𱻶𲌘𲍂𲙳𲡋𳑗
囟	㔡㭡䛜䢉䪿傻恖硇繌𠂺𠃼𠈈𠑗𠒆𠞇𠱖𡕩𡜧𡢗𡶯𡿺𢀏𢆿𢇆𢍄𢍱𢍹𢡔𢫥𢸯𢾱𣬈𣬉𣳦𤅌𤐫𤜏𤦑𤬟𤬢𤬣𥊙𥝈𥝋𥿳𦤟𦦉𦦒𦦤𦦥𦦷𦧂𧏩𧗕𧮏𧳄𨙙𨩬𩔅𩔙𪄆𪉔𪾙𫍺𰡹𱬧𱰇𱾷𲓋𲾖
因	㘻㧢㸶䂩䄄䍰咽姻恩栶欭氤洇烟珚秵筃絪胭茵裀銦铟鞇駰骃𠗃𠛭𠡛𡈲𡋘𡜭𢓨𢙫𤝱𤯠𤶑𧊭𧹢𨋳𨡤𩂥𩎪𩶾𪊦𪔗𪜶𪡖𫂾𫑵𬘡𭴜𮛘𮬴𰆃𰰀𱛤𲲡𳌅
囡	𥜫𦮗𱙏
团	𣑝𪺺𬣫𰞏𰪶𰺹𲃝
囤	𢬼𥇈𥭒𦯁
囦	𠀯𠉢𠜟𣴺𱨒𱴆𲙊
囧	㴄㴅朙莔𠕬𡍬𡜸𡮀𡮧𡻲𢚊𢝕𣖇𣰡𤄴𤯧𥁰𥭮𥸑𦀝𦟁𧖸𧷗𧷷𧸇𩁰𪆌𱖯
囪	悤窗𠭛𢍍𢭇𤗄𤴙𥓁𦕻𦠷
囬	啚嗇圗廽蜖逥面𠣱𡒜𡜼𣰣𦵀𨖘𨝣𨹰𩞮𩻨𪜖𫉿𫮰𭍥𭢲𭳧𰈅𰏸𱨭𱹟𱹨
园	𮱄𱦜𱽪
囯	腘𤠪𦛢𨉽𲊯𳐭
困	㬷悃捆梱涃焑睏硱祵稇綑裍閫阃齫𠉍𠜠𠢷𠳁𢈛𣙊𣱣𤞧𤥳𥢖𧃭𧄋𧋕𨁉𩁩𩒱𩭋𪊽𫰯𭚲𭼐𮏄𰼮𱖮𲂋𲎔𲛫𲷇
囱	悤窗𠭛𡏙𢈣𢭇𢱰𤗄𤴙𥀮𥓁𦀙𦃍𦕻𦠷𦯎𧋙𨦱𩣢𪢀𬼎𭫢𰾊𲦢𲸗𲺸
囲	𠴿𡈇𡭆𢍘𤥪𫈁
围	涠𰎢
囷	㖥㻒䐃䠅攟棞碅稛箘菌蜠麕𡸙𡹤𢛕𢮖𥇘𦓾𧛃𧶞𧼐𩆻𩓽𩤁𪍁𪘩𪘭𬺊𭭀𮃶𮝜𱦳𲽻
固	㧽䍛䓢䭅個凅堌婟崓崮棝涸痼祻稒箇錮锢鯝鲴𠴱𡇤𡈅𡹍𢛅𣎏𤊎𥚽𧛂𧶮𩧽𫆣𬖢𬰦𬲾𮈗𰠃𲌪𳏄
国	啯帼掴椢腘蝈𠏹𫂆𫭔𬇹𬜿𬧩𮲇𱖺𱝞𱴏
图	𢃠𢛾𰫫𰼹𱠊𲺙
囿	𢜹𦳩𲶄
圂	㥵㨡㮯慁溷𢒤𣠔𤹁𦞢𦡵𦵣𨍲𰈔𲿉
圅	㮭䓿䥁𠗴𠹄𡣊𡣔𢄜𣣻𣹢𤌐𦞞𧜄𩄙𩔞𫯴
圆	𱖅𱹕
圈	蔨𣙢𥱽𬈨𰧚𲇞
圉	㒁𡻢
國	嘓幗慖摑槶漍爴簂膕蔮蟈𡳚𢐚𢠝𢧷𣂽𤎍𤔩𤡓𤮋𥊞𥕏𦄰𧤯𧰒𨉹𨫵𩠲𩪐𪅦𪤑𪼓𫏜𫛐𫱣𬿓𭍲𭍷𭺙𰀖𱻵𲑦𳑁
圍	䙟潿𠄿𠆎𡼱𥴞𧝕𧝖𩏉𩼀𱻤𲚆𲢭𲮶
園	薗𡈤𡑰𬕶𬬎𲟒
圓	𡈯𡈺𢆀𣿹𧒪𨭦𪢰𪬱𫭕𫱾𭋋𭍹𭕂𲘮𲘯
圖	𨮢𪛇𫻒𲗍
團	㩛檲糰𡁴𣎫𧓘𩼯𬣍
圜	攌𨯬
土	㐋㕓㘦㘧㘨㘩㘪㘫㘬㘭㘮㘯㘰㘱㘲㘳㘵㘶㘷㘸㘹㘺㘻㘼㘽㘾㘿㙀㙁㙂㙃㙄㙅㙆㙇㙈㙉㙊㙋㙌㙍㙎㙏㙐㙑㙒㙓㙔㙕㙖㙗㙘㙙㙚㙛㙜㙝㙞㙟㙠㙡㙢㙣㙤㙥㙦㙧㙨㙩㙪㙫㙬㙭㙮㙯㙰㙱㙲㙳㙴㙵㙷㙸㙹㙺㙻㙼㙽㙾㙿㚀㚂㛇㝙㞷㞿㦱㦳㰊㲄㳗㴳㷯㸀㽵㾏䀋䂯䍿䓰䕋䘮䙵䜃䝅䞇䡖䤰䦌䬋䲧䵺丧主亴全凷切刭勎厓去吐呈啬喪嗇囶圠圡圢圣圤圥圦圧在圩圪圫圬圭圮圯地圱圲圳圴圵圶圷圸圹场圻圼圽圾圿址坁坂坃坄坅坆均坈坉坊坋坌坍坎坏坑坒坓坔坕坖块坘坚坛坜坝坞坟坠坡坢坣坤坥坦坧坨坩坪坫坬坭坮坯坰坱坲坳坴坵坶坷坸坹坺坻坼坽坾坿垀垁垃垄垅垆垇垈垉垊型垌垍垎垏垐垑垒垓垔垕垖垗垘垙垚垛垜垝垞垟垠垡垢垣垤垥垦垧垨垩垪垫垬垭垮垯垰垱垲垳垴垵垶垷垸垹垺垻垼垽垾垿埁埂埃埄埅埆埇埈埉埊埋埌埍城埏埐埑埒埓埔埕埖埗埘埙埚埛埜埝埞域埠埡埢埣埤埥埦埧埨埩埪埫埬埭埮埯埰埱埲埳埴埵埸培基埻埼埽埾埿堀堁堂堃堄堅堆堈堉堊堋堌堍堎堏堐堑堒堓堔堕堖堗堘堙堚堛堜堝堞堟堠堡堢堣堤堥堦堧堨堩堪堫堬堭堮堰堲堳場堵堶堷堸堹堺堻堼堽堾堿塀塁塂塃塄塅塆塇塈塉塊塋塌塍塎塏塐塑塒塓塔塕塖塗塘塙塚塛塜塝塞塠塡塢塣塤塥塦塧塨塩塪填塬塭塮塯塰塱塲塳塴塵塶塷塸塹塺塻塼塽塾塿墀墁墂境墄墅墆墇墈墉墊墋墌墍墎墏墐墑墒墓墔墕墖増墘墙墚墛墜墝增墟墠墡墢墣墤墥墦墧墨墩墪墫墬墭墮墯墰墱墲墳墴墵墶墷墸墹墺墻墼墽墾墿壀壁壂壃壄壅壆壇壈壉壊壋壌壍壎壏壐壑壒壓壔壕壖壗壘壙壚壛壜壝壞壟壠壢壣壤壥壦壧壨壩壪夌奎寚寺尘尼幸庄廛弆恚懲戜扗敖杜殶毀汢灶灻牡王玍畻疆瘗瘞皇皨社穯窐筀粧罣羐肚至芏茎茔茥薼藝蘲虍虛螫角赤走赱遨鄽釷钍閏閨闉闰闺靯頚鼀龶龼鿍鿾﨏𠂵𠂸𠄗𠅰𠅴𠈘𠍝𠏂𠑯𠒀𠓰𠔧𠖠𠖣𠖦𠖧𠖪𠜚𠝛𠟜𠡍𠡕𠡭𠩍𠩟𠪑𠪖𠪨𠫀𠭱𠮷𠱣𠲕𠹫𠼻𡂞𡂥𡃟𡄐𡆒𡈂𡈼𡈽𡈾𡈿𡉀𡉁𡉂𡉃𡉄𡉅𡉆𡉇𡉈𡉉𡉊𡉋𡉌𡉍𡉎𡉏𡉐𡉑𡉒𡉓𡉔𡉕𡉖𡉗𡉘𡉙𡉚𡉛𡉜𡉝𡉞𡉟𡉠𡉢𡉣𡉤𡉥𡉦𡉧𡉨𡉩𡉪𡉫𡉬𡉭𡉮𡉯𡉰𡉱𡉲𡉳𡉴𡉵𡉶𡉷𡉸𡉹𡉺𡉻𡉼𡉽𡉾𡉿𡊀𡊁𡊂𡊃𡊅𡊆𡊇𡊈𡊉𡊊𡊌𡊍𡊎𡊏𡊐𡊑𡊒𡊓𡊔𡊕𡊖𡊗𡊙𡊚𡊛𡊜𡊝𡊞𡊟𡊠𡊡𡊢𡊣𡊤𡊥𡊦𡊧𡊨𡊩𡊪𡊫𡊬𡊭𡊮𡊯𡊰𡊱𡊲𡊳𡊴𡊵𡊶𡊷𡊸𡊹𡊺𡊻𡊼𡊽𡊾𡊿𡋀𡋁𡋂𡋃𡋄𡋅𡋆𡋇𡋈𡋉𡋊𡋋𡋌𡋍𡋎𡋏𡋐𡋒𡋓𡋔𡋕𡋖𡋗𡋘𡋙𡋚𡋛𡋜𡋝𡋞𡋟𡋠𡋣𡋤𡋥𡋦𡋨𡋩𡋪𡋫𡋬𡋭𡋮𡋯𡋱𡋲𡋳𡋴𡋵𡋶𡋷𡋸𡋹𡋺𡋻𡋼𡋽𡋾𡋿𡌀𡌁𡌂𡌃𡌄𡌅𡌆𡌇𡌈𡌉𡌊𡌋𡌌𡌍𡌎𡌏𡌐𡌑𡌒𡌓𡌔𡌕𡌖𡌗𡌘𡌙𡌚𡌛𡌜𡌝𡌞𡌟𡌠𡌡𡌢𡌣𡌥𡌦𡌧𡌨𡌩𡌫𡌬𡌭𡌮𡌯𡌰𡌱𡌳𡌴𡌵𡌶𡌷𡌸𡌹𡌺𡌻𡌼𡌽𡌾𡌿𡍀𡍁𡍃𡍄𡍅𡍆𡍇𡍈𡍉𡍊𡍋𡍌𡍍𡍎𡍏𡍐𡍒𡍓𡍔𡍕𡍖𡍗𡍘𡍙𡍚𡍛𡍜𡍝𡍞𡍟𡍠𡍡𡍢𡍣𡍤𡍥𡍦𡍧𡍨𡍩𡍪𡍫𡍬𡍭𡍯𡍰𡍱𡍲𡍳𡍵𡍶𡍷𡍸𡍹𡍺𡍻𡍼𡍽𡍾𡎀𡎁𡎂𡎃𡎅𡎆𡎇𡎈𡎉𡎊𡎋𡎌𡎍𡎎𡎏𡎐𡎑𡎒𡎓𡎔𡎕𡎖𡎗𡎘𡎙𡎚𡎛𡎜𡎝𡎞𡎟𡎠𡎡𡎣𡎤𡎧𡎨𡎩𡎪𡎫𡎭𡎮𡎯𡎰𡎲𡎳𡎴𡎵𡎶𡎷𡎸𡎹𡎺𡎻𡎼𡎽𡎾𡎿𡏀𡏁𡏂𡏃𡏄𡏅𡏆𡏇𡏈𡏉𡏊𡏋𡏌𡏍𡏎𡏏𡏐𡏑𡏒𡏓𡏔𡏖𡏗𡏘𡏚𡏛𡏝𡏞𡏟𡏠𡏡𡏢𡏣𡏤𡏥𡏦𡏧𡏨𡏪𡏫𡏬𡏭𡏮𡏯𡏰𡏱𡏲𡏳𡏴𡏵𡏶𡏷𡏹𡏺𡏻𡏼𡏽𡏾𡏿𡐀𡐁𡐂𡐃𡐄𡐅𡐆𡐇𡐈𡐉𡐊𡐋𡐌𡐍𡐏𡐐𡐑𡐒𡐓𡐔𡐕𡐖𡐗𡐘𡐙𡐚𡐛𡐜𡐝𡐞𡐟𡐡𡐢𡐣𡐤𡐥𡐦𡐧𡐨𡐪𡐫𡐬𡐭𡐮𡐯𡐰𡐳𡐴𡐵𡐶𡐷𡐸𡐹𡐺𡐻𡐼𡐽𡐾𡐿𡑀𡑁𡑂𡑃𡑄𡑅𡑆𡑇𡑉𡑊𡑋𡑌𡑍𡑎𡑏𡑐𡑑𡑒𡑓𡑔𡑕𡑖𡑗𡑘𡑙𡑛𡑜𡑝𡑞𡑟𡑠𡑡𡑢𡑣𡑤𡑥𡑦𡑨𡑩𡑪𡑭𡑮𡑯𡑰𡑱𡑲𡑳𡑴𡑵𡑷𡑸𡑹𡑺𡑻𡑼𡑽𡑾𡑿𡒁𡒂𡒃𡒄𡒅𡒆𡒇𡒈𡒉𡒊𡒋𡒌𡒍𡒎𡒏𡒒𡒓𡒔𡒕𡒖𡒗𡒘𡒙𡒚𡒛𡒜𡒝𡒞𡒟𡒠𡒡𡒢𡒣𡒤𡒦𡒧𡒨𡒩𡒫𡒬𡒭𡒮𡒯𡒰𡒱𡒲𡒳𡒴𡒵𡒶𡒷𡒸𡒹𡒺𡒻𡒼𡒽𡒾𡒿𡓀𡓁𡓂𡓃𡓄𡓅𡓇𡓈𡓉𡓊𡓌𡓍𡓎𡓏𡓐𡓑𡓒𡓓𡓔𡓕𡓗𡓘𡓙𡓛𡓜𡓝𡓞𡓟𡓠𡓡𡓣𡓤𡓥𡓦𡓧𡓨𡓩𡓪𡓫𡓬𡓭𡓯𡓰𡓱𡓲𡓳𡓴𡓵𡓶𡓷𡓹𡓺𡓻𡓼𡓽𡓾𡓿𡔁𡔂𡔃𡔄𡔆𡔇𡔈𡔉𡔊𡔋𡔍𡔎𡔏𡔐𡔑𡔒𡔓𡔔𡔕𡔖𡔗𡔚𡔪𡔸𡕟𡕲𡕼𡖘𡘇𡘥𡚛𡚳𡝇𡟽𡠘𡠦𡢕𡢝𡧩𡨾𡩿𡪡𡫑𡫓𡫼𡳈𡴍𡴛𡴠𡹆𡺻𡿤𢅮𢉉𢉬𢊃𢋾𢌅𢌻𢎳𢐉𢐱𢐽𢐾𢓂𢕂𢖋𢖽𢘰𢞯𢟯𢤋𢦾𢧑𢧴𢨀𢨫𢬂𢬋𢳊𢳌𢴯𢵇𢸧𢸱𢹥𢻝𢻞𢽃𢽠𣁙𣂓𣂲𣄱𣆮𣉊𣊝𣋧𣌷𣌽𣎶𣏄𣏅𣐍𣑧𣒮𣕑𣕝𣕪𣗃𣗢𣞕𣞸𣟍𣡊𣣋𣣑𣤶𣥮𣥲𣦙𣧅𣪝𣯭𣱒𣳊𣳤𣵒𣵹𣶥𣹽𣻶𣽟𣿷𤀟𤁄𤂡𤃁𤄴𤅽𤍢𤍽𤎆𤎿𤏯𤐈𤐷𤔗𤕤𤙏𤞷𤣩𤣰𤤘𤥷𤦅𤧠𤧡𤪬𤬪𤭝𤮅𤮔𤱒𤶚𤻰𤼳𤾐𥂁𥃾𥇞𥈜𥉢𥌪𥏰𥓩𥙭𥛿𥜑𥝟𥡩𥣷𥣺𥤧𥧬𥩸𥪺𥫦𥭧𥮶𥯑𥱆𥴀𥴁𥶴𥸮𥽂𥿔𥿚𦀇𦂙𦄌𦆑𦆶𦇇𦇲𦈄𦉷𦍌𦍒𦍮𦎶𦏍𦏚𦏡𦖜𦗙𦚙𦜔𦣚𦤴𦥂𦦍𦨃𦩱𦫒𦬬𦮱𦯀𦯖𦱬𦲃𦵐𦸃𦸧𦹆𦿳𧁈𧁚𧂸𧅁𧊻𧋗𧋭𧋮𧍽𧏁𧏔𧏜𧑢𧓋𧗥𧝷𧟿𧡂𧢚𧢡𧨅𧩆𧭖𧭩𧯣𧯧𧶐𧷀𧷏𧺔𧻡𧼔𧽭𨀵𨄧𨇠𨊢𨎐𨎜𨐧𨑉𨑒𨑡𨓱𨔎𨕸𨕿𨖫𨖽𨗣𨗭𨙀𨙭𨛘𨝔𨞉𨞬𨟃𨟛𨪲𨫔𨬀𨬝𨮞𨯐𨱶𨶴𨶾𨷅𨷙𨷣𨹛𨹡𨹸𨻐𨼰𨾨𨿲𩁘𩁢𩁣𩁪𩁬𩁮𩁲𩁳𩆔𩍫𩐓𩓁𩓊𩛬𩝘𩞔𩟌𩡶𩣛𩪝𩫊𩫽𩱀𩵘𩵚𩺁𩻉𪁈𪃫𪅋𪅤𪅧𪆕𪇠𪇮𪇼𪈦𪉉𪉖𪉹𪊧𪋻𪏜𪓴𪔄𪔋𪔌𪖜𪚹𪢱𪢲𪢴𪢵𪢶𪢷𪢸𪢹𪢺𪢻𪢼𪢽𪢾𪢿𪣀𪣁𪣂𪣃𪣄𪣅𪣆𪣇𪣈𪣉𪣊𪣋𪣌𪣍𪣎𪣏𪣐𪣑𪣒𪣓𪣔𪣕𪣖𪣗𪣘𪣙𪣚𪣛𪣜𪣝𪣞𪣟𪣠𪣡𪣢𪣣𪣤𪣥𪣦𪣧𪣨𪣩𪣪𪣫𪣬𪣭𪣮𪣯𪣰𪣲𪣳𪣴𪣵𪣶𪣷𪣸𪣹𪣺𪣻𪣼𪣾𪣿𪤀𪤁𪤂𪤃𪤄𪤅𪤆𪤇𪤈𪤉𪤊𪤋𪤌𪤍𪤎𪤏𪤐𪤑𪤒𪤓𪤕𪤖𪤗𪤘𪤙𪤚𪤛𪤝𪤞𪤟𪤠𪤡𪤢𪤣𪤤𪤥𪤦𪤧𪤨𪤩𪤪𪤫𪤬𪤭𪤮𪤯𪤰𪥓𪩙𪫞𪬷𪱑𪳸𪴸𪵉𪶇𪸇𫅢𫇁𫇲𫇾𫈠𫈲𫉷𫊎𫊥𫑮𫒜𫕇𫕞𫕶𫝔𫝟𫝠𫝡𫝷𫞬𫟨𫠤𫡢𫡭𫧀𫭖𫭗𫭘𫭙𫭚𫭛𫭜𫭝𫭞𫭟𫭠𫭡𫭢𫭣𫭤𫭥𫭦𫭧𫭨𫭩𫭪𫭫𫭭𫭮𫭯𫭰𫭱𫭲𫭴𫭵𫭶𫭷𫭸𫭹𫭺𫭼𫭽𫭾𫮀𫮁𫮂𫮃𫮄𫮅𫮆𫮇𫮈𫮊𫮌𫮍𫮎𫮏𫮐𫮑𫮒𫮓𫮔𫮕𫮖𫮗𫮘𫮙𫮚𫮛𫮜𫮝𫮞𫮟𫮠𫮡𫮢𫮤𫮦𫮧𫮨𫮩𫮪𫮫𫮬𫮮𫮯𫮰𫮲𫮳𫮴𫮵𫮶𫮸𫮹𫮺𫮻𫮼𫮽𫮾𫮿𫯀𫲵𫳊𫴧𫸃𫸹𫻃𫽏𫾌𬆁𬌅𬌳𬐀𬖻𬘉𬞄𬞩𬡃𬩿𬫎𬬆𬯄𬯔𬯫𬱇𬲤𬴸𬶂𬻁𬼝𭁱𭃌𭄦𭈬𭉣𭊩𭍺𭍻𭍽𭍾𭍿𭎀𭎁𭎂𭎃𭎄𭎅𭎆𭎈𭎉𭎊𭎋𭎌𭎍𭎎𭎏𭎐𭎑𭎒𭎓𭎔𭎕𭎖𭎗𭎘𭎙𭎚𭎛𭎜𭎝𭎞𭎟𭎠𭎡𭎢𭎣𭎤𭎥𭎦𭎧𭎨𭎩𭎪𭎫𭎬𭎭𭎮𭎯𭎰𭎱𭎲𭎳𭎴𭎵𭎶𭎷𭎸𭎹𭎺𭎻𭎼𭎽𭎾𭎿𭏁𭏂𭏃𭏄𭏅𭏆𭏇𭏈𭏉𭏊𭏋𭏌𭏍𭏎𭏏𭏐𭏑𭏒𭏔𭏕𭏖𭏗𭏘𭏙𭏚𭏛𭏜𭏝𭏟𭏠𭏡𭏢𭏣𭏤𭏥𭏦𭏧𭏨𭏩𭏪𭏫𭏬𭏭𭏰𭏱𭏳𭏴𭏵𭏶𭏷𭏸𭏹𭏺𭏻𭏼𭏽𭏾𭐀𭐁𭐂𭐃𭐄𭐇𭐈𭐉𭐋𭐌𭐎𭐏𭐐𭑝𭔵𭔸𭔾𭖏𭙳𭚌𭜙𭜶𭟯𭠾𭢲𭢻𭥕𭩜𭩥𭪃𭮳𭮵𭯼𭱜𭵏𭶊𭶔𭷤𭹩𭼗𭼶𭾌𮅣𮆦𮌛𮎵𮎹𮏤𮐦𮒫𮒰𮓗𮓛𮖋𮙹𮛄𮠔𮡸𮤇𮤬𮨉𮨽𮭇𮭭𮰙𮰚𮰛𮰜𮰝𮰞𮰟𮰠𮰡𮰢𮰣𮰤𮰥𮰦𮰧𮰨𮰩𮰪𮰫𮰬𮰭𮰮𮰯𮲍𮶰𰀔𰀛𰁘𰂡𰈫𰉕𰉖𰉘𰉙𰉚𰉛𰉜𰉝𰉞𰉟𰉠𰉡𰉢𰉣𰉤𰉥𰉦𰉧𰉨𰉩𰉪𰉫𰉬𰉭𰉮𰉯𰉰𰉱𰉲𰉳𰉴𰉵𰉶𰉷𰉸𰉹𰉺𰉻𰉼𰉽𰉾𰉿𰊀𰊁𰊂𰊃𰊄𰊅𰊆𰊇𰊈𰊉𰊊𰊋𰊌𰊍𰊏𰊐𰊑𰊒𰊓𰊔𰊕𰊖𰊗𰊘𰊙𰊚𰊛𰊜𰊝𰊞𰊟𰊠𰊡𰊢𰊣𰊤𰊥𰊦𰊧𰊨𰊩𰊪𰊫𰊬𰊮𰊯𰊱𰊲𰊴𰊶𰊷𰊸𰊹𰊺𰊻𰊼𰊽𰊾𰊿𰋀𰋁𰋂𰋃𰋄𰋅𰋆𰍻𰎻𰏽𰐸𰑲𰕎𰣋𰯙𰱠𰹭𰻎𱀬𱃃𱄘𱈿𱊺𱋾𱎛𱑍𱑰𱖆𱖇𱖈𱖉𱖊𱖋𱖌𱖍𱖎𱖏𱖐𱖑𱖒𱖓𱖔𱖕𱖖𱖗𱖘𱖙𱖚𱖛𱖜𱖝𱖞𱖟𱖠𱖡𱖢𱖤𱖥𱖦𱖧𱖨𱖩𱖪𱖫𱖬𱖭𱖮𱖯𱖰𱖱𱖲𱖳𱖴𱖵𱖶𱖷𱖸𱖹𱖺𱖻𱖼𱖽𱖾𱗀𱗁𱗂𱗃𱗄𱗅𱗆𱗇𱗈𱗉𱗊𱗋𱗌𱗍𱗎𱗏𱗐𱗑𱗒𱗔𱗕𱗖𱗗𱗘𱗙𱗚𱗛𱗜𱗝𱗞𱗟𱗠𱗡𱗢𱗣𱗤𱗥𱗦𱗧𱗨𱗩𱗪𱗫𱗭𱗮𱗯𱗰𱗱𱗲𱗳𱗵𱗶𱗷𱗸𱗹𱗺𱗻𱗽𱗿𱘁𱘂𱘃𱘄𱘅𱘆𱘇𱘈𱘉𱘊𱘋𱘍𱘎𱘏𱘑𱘒𱘓𱘔𱘕𱘗𱘘𱘙𱘚𱘛𱘜𱘝𱘞𱘟𱠳𱡚𱢑𱧰𱨽𱩠𱪒𱪚𱫀𱫿𱯮𱱜𱲆𱳉𱵛𱵠𱵧𱶕𱷆𱸕𱸜𱹆𱼤𱼭𱼮𱾬𱾭𲂜𲆒𲉠𲊽𲌶𲎤𲔘𲗾𲘰𲘱𲘲𲘳𲘴𲘵𲘶𲘷𲘸𲘹𲘺𲘻𲘼𲘽𲘾𲘿𲙀𲙁𲙂𲙃𲙄𲙅𲙆𲙈𲙉𲙊𲙋𲙌𲙎𲙏𲙐𲙑𲙒𲙔𲙕𲙖𲙗𲙘𲙙𲙚𲙛𲙜𲙝𲙞𲙟𲙠𲙡𲙢𲙣𲙤𲙥𲙦𲙧𲙨𲙩𲙪𲙫𲙬𲙮𲙯𲙰𲙱𲙲𲙳𲙴𲙵𲙶𲙷𲙸𲙹𲙺𲙻𲙼𲙽𲙾𲙿𲚀𲚁𲚂𲚃𲚄𲚅𲚆𲚇𲚈𲚉𲚊𲚋𲚌𲚍𲚏𲚐𲚒𲚓𲚔𲚕𲚖𲚗𲚘𲚙𲚚𲚛𲚜𲚝𲚞𲚟𲚠𲚡𲚢𲚣𲚤𲚦𲚧𲚨𲚩𲚪𲚫𲝁𲠎𲡎𲤏𲤘𲧛𲧤𲨔𲪮𳅺𳈪𳈬𳉍𳉶
圠	𡉵𥆮𥬻𨱶𩣛
圡	㻗压宝庒玉莹閠𡘇𢬝𤆧𤥓𥒹𥺁𧟪𨐬𨦓𪤜𪭽𪰑𪸱𫆖𫭺𬟶𭍼𰶴𱦑𱩥𱳉𱽑𲳋𲳙
圣	㹩䇈壡径怪柽経茎蛏軽迳𠤪𠱅𡌪𡑚𡑧𢥀𢫞𣲾𤇂𥑋𦙾𧙔𧲵𧷎𨀃𩶜𪠀𪣽𪹂𫒔𫔽𫞬𫫽𭍶𭭬𮯻𮱻𮴎𮵚𮷠𱖜𱙍
圥	㙯㰊䉄䞇䬋勎坴夌藝鼀𠒌𠒶𠡭𠪑𠻱𡂞𡋰𡍬𡎐𡐑𡕮𡠦𡹃𡺿𡻴𢅮𢌻𢔁𢙧𢟯𢩑𢳊𢸧𢸱𢻝𣍚𣞕𣡊𣣋𣥻𣯭𣾖𤍽𤭝𤮅𤱒𤷖𤼳𥡩𥺙𦄌𦗙𦧄𦼊𧀧𧁈𧷏𧼔𨂟𨄧𨎐𨫔𨬝𨸪𨿲𩜁𩩡𩻉𪅋𫐫𭦩𮌜𮐦𮒫𰦉𲎤
圧	厓庄𠩂𪠦𱳑𲙳
在	恠茬𠈚𠋮𠡘𠱽𡖪𢙮𣄒𣑊𥒒𥩴𨀬𩶦𫞼𭆩𭓁𭖘𭻟𮔒𰊎𰌻𰛢𰿟𱖞𱗬𱛜𲎶𲎸𳈔
圩	𰁴𲩀
圭	㤬㪈㰪㾏䅅䖯䙵䜁䞨䯓䳏䵷佳刲劸卦厓哇嚡堐奊奎娃封崖徍恚挂晆桂洼烓珪畦眭硅窐筀絓罣胿茥蛙街袿觟詿诖跬邽郌銈閨闺鞋鮭鲑黊鼃𠈘𠜤𠝥𠪤𡊋𡋣𡌤𡌲𡐠𡐲𡒑𡙔𡧩𡭀𡭈𡷅𢍠𢻘𣄱𣔘𣔫𣥮𣫴𤏎𤒋𤞇𤬿𥒐𥙞𥦛𥩄𦈰𦊱𦋅𦐰𦓯𦥂𧏂𧛲𧠹𧡋𧢏𨬇𩜩𩰳𪊧𪓤𪖢𪗹𪙓𪚝𫓯𫗼𫭳𫻮𫼋𬫀𭁹𭅶𭑝𮄭𮉤𮤝𮤢𮶒𰆢𰆣𰆻𰞊𰯙𰲀𰴋𱀋𱉤𱌃𱡶𱢹𱨢𲉜𲑜𲙓𲚑𲬻𳄥𳉍𳏁𳏢
圯	𢍇𭎐
地	哋逇𡜤𢓧𤱲𥒦𪵸𫧜𫭩𬵍𭔭𭕚𭤵𮰃𱶶𱼆𲔟𲔠𲙇𲙍𲝓𲡩𳀜
圴	𥭀𦮢
圶	㥣墓奎峚𠬁𡊄𡋵𡎸𡏙𡒀𡔅𣑖𦛏𨕎𨢔𪻗𭠨𰉛𱅼𱾬
圹	㙻垿墉壙𡊾𡌽𡍓𡍔𡍩𡎻𡏂𡐓𡐝𡒅𡒷𡓊𡓔𡓜𪣐𮰫𱘉𲙝𲚚
圼	㖏㘿㫭捏涅陧𤶚𥭧𦛠𦦋𦯖𧨚𧻼𫀴𬄊𬌂𭎊𱎰𱙕
均	筠荺鋆𩃇𭖠𰞢𲌜𲷸
坊	𠩝𡌧𮰣𱁔𲙽
坌	𣴞𦯀
坎	䤰崁莰𠥈𥦔𬁄𲥾
坏	𱐺𱗴
坐	㛗㝧㟇㭫䂳䟶䦟䦷侳剉唑夎座挫桽痤睉矬脞莝趖銼锉髽𠩜𠷜𡀓𡌚𡍂𡎢𡎥𡎦𡎬𡎻𡏩𡒪𡓆𡓢𡓨𡓮𡘫𡨠𡯨𡸄𢏬𢒐𢚂𣨎𣴳𣴶𤉛𥦊𥧚𥭭𥲽𦹇𧨀𨛏𨹫𩛠𪌴𪨙𪰦𪶶𫐩𫭿𫮋𫮣𬥗𭅨𭊮𭏞𭏯𭏿𭘆𮉴𮖉𮘯𰨃𱗾𲙭𲚎𲚥𲰾𲵊𲻄𳍕
坒	㙄䏶䯗悂梐狴蜌陛𠈺𠹯𤙞𤨱𥆯𦀘𦧕𧧺𨉉𩊰𭆛𭠷𭦅𮛚𮫺𰛭𲇂
坔	埊𡍑𥙲𰍻
坚	㑠㭴悭铿鲣𫪄𬒎𭨶𮖃𮫹𮴚𰊭𰑡𰓱𰞤𰥣𰴹𱁖𱖣𱖿𱗓𱘌𲂌𲋙
坝	𫭮𱖼
坡	𠶊𣔡𤊫𤷵𪸁𱸅𲭄𲼉
坣	𪳯𰳇
坤	𡸼𫒨𬀾
坦	𢯟𥂯𰄳𱕡𱹶𳂚
坧	𡌇𫮒𰊹
坴	㓐㛬䞇䡜勎勢埶淕熱燅睦稑踛逵錴陸鯥鵱龳𠵕𡎐𢑫𢯅𣔭𤎮𤏝𤭝𥓪𥚊𦁪𦜣𦿳𧌉𨄧𨎐𨖖𨬝𨿲𩣱𪂚𪸷𪻧𪽘𫸒𬀻𭎩𰋔𰎥𱇶𱊀𱝢𱡛𱬁𱾒𲈁𲖘𲣒𳈣
坸	𠒟𰩿
垂	㩾㻔䅜䍋䮔䳠倕厜唾埵娷崜捶棰涶甀睡硾箠綞缍腄菙諈郵錘锤陲𠝶𡐱𡑈𡙇𢏴𢔝𢛉𢛲𢻩𣂩𣇦𤷣𥡭𦈼𦖋𦥻𧌯𨉡𨔠𨲉𨿠𩃒𩗰𩜀𩣷𩩞𩭦𩸫𫵌𬼓𭏀𭕠𭙣𮛺𰵶𱔾𱗼𱫘𲏨𲡈𲱂𳀼
垒	𡓸𣸫𱸕
垔	㖶㢾㮒㷑䃌䓰䗎䙵䚈凐堙歅湮煙甄禋籈緸諲鄄闉陻黫𡇽𡞻𡨾𡫈𡫚𡬵𡲙𢉬𢌩𣱐𣱑𤎟𤚕𤧕𥛛𥯑𥻛𦈑𦎣𦝪𧛑𧞙𧟯𧹬𨕅𩘔𩧾𪃋𪬉𫴄𬤇𬪭𬮱𭑗𭼗𮃓𰚤𲁊𲁋𲃰𳆍𳍡
垕	𪃫𭦵𭹩𰼿𲀸𲠎
垚	㙓堯𣈹𤃋𤋑𨘫𨩒𨩓𨮲𭨍𲮗
垢	𢞄𬈉𳃗
垣	𭈲𭝧
垻	𡍫𡏯
埀	𣺡𨪰𩺖𪬗𪮜𪾶𫨔𭏮𰧗𰫈
埃	𣘂𤠱𭉚𱑨
埆	𡐗𱘆
埋	䨪榸𠹺𢆪𢲪𥕄𦄆𦷯𪤿𪰹𫡭𫮷𰳎𱝁𱧮𱼼𱿊𲓩𲿆𳆚
城	𪾓𬁃
埔	𮳕𲕱
埜	塺漜𠪖𧼖𬃚𱸜
域	𠑵𪅫𲈲𲌽
埶	㙯䞇勢摰暬槷槸熱蓺褹褻驇𠪑𡠦𢄢𢟯𢳊𢻝𣁞𣯭𤍽𤮅𥡩𦄌𦗙𧐨𧜼𨄧𨎐𨫔𩻉𪧢𫮛𬓺𬷮
執	㝪䉅䙝䠟䥍䲀墊慹摯漐縶蓻蟄褺謺贄騺鷙𠅀𠌷𠽃𡠗𡼈𢌀𢴇𣊎𣊓𣎖𣙀𣙗𣼳𤍠𤎒𤴢𥂕𥊍𥊝𦎷𦥎𨄴𨎌𩅀𩮿𪈢𫝑𫷼𬗵𭏲𭣛𭵴𮂑𮘰𰏞𰔟𲓍𲞦𳅏
培	𡏿𢊫𣼯𦟷𦹷𱠩𱸝
基	䥓樭璂禥簊𠼻𡪈𡻸𣻺𥕛𦪆𦸀𧫠𨄎𨼂𪤏𪷲𫌊𫮱𭐊𭶽𮃤𮸞𲆺𲑇𲸏𲿙
堂	㑽㙶䣘嘡憆摚樘漟瞠糛膛螳蹚鏜镗闛隚鞺饄鼞𡠠𤎌𤛋𤨠𨎋𨎖𨝦𨞱𨟐𪺃𬝾𭏠𮮫𰎳𰕒𰧙𰴇𰿺𱛁𱺃𱺪𲤵𲻤
堃	𡑔𤍣𨼁𬈮𳆵
堅	䃘䌑䵛慳摼樫熞鏗鰹𠗻𠼤𡐖𡠩𣻹𤠿𥉸𥧬𦸃𧜶𧤵𧽡𪅤𪼑𫍊𮌲𮩌𲑈𲿚
堆	𠐸𠼲𡓋𡳪𣊌𣙇𣙯𣼭𤍫𥊖𦟿𧐻𨄟𨄺𨬉𩅚𪅧𫉊𫮥𰊵𱎕𲓪𳋷
堇	㝻㨷㹏䈽䌍僅勤厪墐嫤廑慬斳槿歏殣漌瑾瘽蓳螼覲觐謹谨鄞饉馑騹𠞱𠻨𡂬𡄾𡅸𢥢𤄲𥎊𥡣𩀤𩞎𩴗𪅀𪙟𫮭𫳱𫹡𬓑𬔐𬴆𭀑𭐅𭶠𰟐𲚍𲺮𳆪
堪	墈𲄇
堯	㚁㹓䁱䥵䰫䴃䶧僥嘵墝嬈嶢嶤徺憢撓曉橈澆燒獟皢磽穘繞翹膮蕘蟯襓譊趬蹺遶鐃隢顤饒驍髐鱙𠓘𠟋𠢩𠨪𡈦𡓖𡗉𡗊𡪩𡭄𡽧𢴽𢿣𢿲𣍕𣠎𣦥𣩦𣫁𤩊𤴀𥋈𥪯𦇇𦉗𦒏𦒒𦪛𧑣𧢬𧹅𨊅𨎬𨷁𩀸𩯆𪞭𪸊𫊐𫤣𫤦𫾤𬁕𬇆𬩱𬴝𭐆𰊳𰋇𰗏𰘨𰟞𰳤𱘫𱹞𲑹𲤺
報	蕔𠾷𢵨𤺴𥴆𨷂𪨡𬋳𱘖
堵	𧹻𱤧𲚃𳂱𳂲𳃢
堹	𤏍𪥟𳆹
塊	𤐡𤮟𭻻𲱴𲴎
塍	𫲀𰯙
塞	㩙䞿僿噻簺𡑮𡬉𤀕𫉲𮪵𰘷𳇴𳈲
塢	𱟒𱱧𲖵
塵	薼𤐷𨮞𪊧𭢻𲑽
塶	𡒲𡔙𡔚𦿖
塹	䟅𰝛
墊	𡫓𩆔𫉷𫸃
墓	𫮲𭂥𮁒𰆁𱕈
墨	㕓䁼䘃嚜壥濹爅癦纆𡓪𡣫𡳫𢋨𣞪𤒲𤪯𥽞𦢓𦪷𬙊𬡶𭐑𭟓𭣀𮝯𱇅𱡅
墮	𡃏𣟁𥶴𭐄
墾	𡓚𮒰
壁	𠫀𢸵𤃎𧂸𧕀𫕶𫤃𬐀𬩮𲗻𲚤
壅	𡄐𤃟𱡍
壐	𢑃𤣐𥜦𲗽
壓	𢹥𲄒𲗾𲪮
壘	㒦㠥灅蘲鑸𡔁𢹮𣠠𥗬𥤐𧕫𭯭𰿉𲘊𲡊𲯓
士	㐊㔛仕吉士壬壭壮壯声壳壵壻壽壿夁寺志慤敖款殻毂毐賣隷𠙽𠚓𠭐𡆮𡉅𡉉𡊥𡋩𡎃𡐎𡑚𡓹𡔛𡔜𡔝𡔡𡔢𡔣𡔥𡔬𡔭𡔮𡔰𡔱𡔲𡔴𡔶𡔽𡔿𡕀𡕁𡕃𡕅𡕋𡕌𡡵𢀃𢇽𢉈𢣯𢤶𢩿𢽃𢽓𢽠𣌐𣝝𣟍𣤟𣤷𣤺𣤼𣥲𣪎𣪗𣫇𣮾𣳃𣸡𤁟𤃕𤙸𤠼𤴞𤴶𥒃𥞤𥢙𥢮𥣢𥵽𥻳𥾘𦀃𦁱𦎼𦚙𦚫𧍩𧎹𧐜𧳾𧶠𧷌𧷗𧷨𧸇𧺑𨍔𨗣𨜤𨡝𨧭𨳝𩎲𩛏𪍢𪍥𪐢𪤳𪭿𫟱𫣸𫮉𫯄𫸑𬅭𬆭𬐂𬚯𭐒𭐖𭐘𭐜𭑋𭗇𭱅𭲓𭽯𮰰𮰲𰁵𰊙𰋈𰧭𰭬𱥖𱫱𱯏𱰿𱵵𲍚𲎓𲔎𲔗𲚬𲷑𲹒𳁛
壬	㸒䇸䏕䚾任呈妊廷望狅祍篁紝纴聖聽衽軠鈓飪饪𠁪𠌚𠰃𠿦𡅚𡔞𡔟𡔨𡙮𢂮𢇦𢌖𢏒𢗖𢧌𢪭𣈂𣐅𣕅𣪷𤏼𥄮𦕢𦜙𧠒𧫢𧭅𨑳𨗒𨙼𨧵𨳝𨿂𩂐𩄸𩬎𪀼𪱮𪱯𫊟𫐬𫡘𬍲𬪶𬬯𬷘𭐺𭯺𭰶𭷗𭻡𮏙𰃧𰕖𰪯𱎵𱦖𱱋𱾴𲁉𲝉𲳍𲻙𲻳
壮	荘装𮷚
壯	䊋匨奘娤弉梉焋莊裝銺𠨡𡝂𢈜𢙳𣴣𤞛𤶜𤽸𦀜𧚌𨌄𨡈𩈪𪭿𫧾𬨋𱑛𳎻
声	殸𠴢𡁩𡄒𡳦𣼘𤍌𤭩𥭺𨧅𪇟𪤲𫯅𫯆𫯇𫸌𬊽𭮶𮊩𰋌𰦂𱘠𱘢𲡯𲳠
売	㸿涜続読
壳	悫慤殻読𠳗𡋼𡔿𢭜𣒆𣓘𨧣𩩬𰋊𰋍𱫈
壴	㛸㰻䐍喜嘉壾尌彭憙熹皷鼓鼔𠃸𠊪𠷸𡅦𡔷𡔹𡕆𢜳𢝫𢢶𢤥𣞙𣠃𤮵𥀼𥀽𥖫𥚧𧄓𧒕𧯻𧯼𧯾𧯿𧰀𧰇𧰊𧰋𧰒𧰓𧰕𧰘𧰠𧰡𧰣𨔦𨲗𩙏𩟚𪔋𪔠𪟌𪤱𫓖𫹙𫻿𬥪𭐕𭙤𮋾𮮦𰋋𰌌𰏩𰚃𰜍𱳊𲂠𲊳𲿽𳈂
壵	𣕫𰋉
壹	㙪㦉㦤㱅䊦亄噎嬄懿撎曀殪潱皼豷饐鷧𠍼𡄻𡤜𡬗𢦁𢦆𤏈𤡬𦠉𧬇𧯸𧰝𧴒𧹌𨶮𨸌𩻭𪆖𪤴𪭁𪳮𪾼𫯈𫻢𬤞𬬅𭅮𭐚𭐛𭕀𮙙𮚢𮧑𮩞𮹏𰄿𱊦𱘡𱬨𲂟𲿪𳈮
壺	㯛𡔳𡕏𤬗𥃕𦺟𩞵𫯉𬀘𰚈𳆷
壼	𡀄𣡆
壽	㦞㹗㿒㿧䊭䌧䬞䮻䲖儔嚋壔嬦嶹幬懤擣檮濤燽燾璹疇禱籌翿薵譸躊軇醻鑄隯魗𠠐𡕐𡕑𣀓𣀘𣋬𣝷𣤫𣫐𤘀𥌆𥖲𦏟𦡴𦦰𦦾𧈙𨞪𩕯𩟕𩯦𪇘𪸈𫇠𫋤𬰯𭷈𮖻𲚭
夀	𢷬𤐭
夂	㕙㚅㚆㚇㡪㢴㣊㤩㯯㱊㹛䁓䇱䕫䖍䞭䦩䨫䬋䵈傻儍冬処务匇及各嘜囱夃处夅夆备夈変夋夌复夎夏夑夒夓夜嵕後惫惾憂攸朡条椶歹汷洜猣畟痠皴稯竷糉糭緵繌翪致艐茗菱蓌蘷虁虄處蝬贛赣逡邍鄾鍐鎫隆霿騣鬉鬷鵕鵺鸌麥麦𠀸𠅨𠈍𠈦𠊅𠊒𠕸𠙚𠛴𠝘𠞅𠡭𠣴𠣸𠣾𠤀𠤇𠥑𠧔𠧧𠧫𠧺𠧾𠨅𠨌𠬄𠬷𠭽𠳰𠾰𠿆𡇫𡔀𡕓𡕔𡕕𡕖𡕗𡕘𡕙𡕚𡕛𡕜𡕝𡕞𡕟𡕠𡕡𡕢𡕣𡕥𡕦𡕨𡕩𡕪𡕫𡕭𡕯𡕰𡕲𡕳𡕴𡕹𡕺𡕻𡕼𡕽𡕾𡕿𡖵𡙋𡧸𡨝𡪂𡰿𡳉𡳌𡳐𡶣𢁙𢄰𢅸𢆆𢆢𢆨𢊿𢌂𢌉𢐽𢓴𢓿𢔃𢕛𢕦𢕶𢖛𢖻𢙴𢚔𢢍𢥀𢥙𢥨𢦀𢧇𢩸𢭌𢰕𢳗𢴼𢶦𢷛𢹎𢺕𢻦𢽮𢿳𣅈𣍶𣣋𣣺𣥷𣭫𣭬𣱂𣶧𣶳𣿧𤄘𤉴𤋬𤏯𤒐𤔿𤕘𤖚𤚶𤝇𤟺𤢋𤢘𤦰𤧯𤪉𤫘𤯳𤰅𤲋𤶔𤷬𤸍𤹫𤼱𥃏𥇠𥊙𥋂𥎈𥎉𥎟𥔥𥜏𥜱𥜷𥜹𥠢𥡑𥡽𥢄𥢓𥦬𥦹𦁹𦃡𦌤𦍶𦑨𦛧𦜂𦜄𦜒𦤁𦤶𦦼𦪁𦯩𦰍𦱏𦱛𦱟𦲯𦴅𦴲𦵇𦶨𦹰𦹿𦺌𦽗𧃍𧃜𧃰𧆵𧆶𧇈𧇉𧈄𧈸𧍸𧐛𧐲𧔔𧛓𧜰𧠅𧤸𧩅𧬝𧹃𧻮𧼔𧼬𧾤𨁣𨄣𨏵𨐂𨐹𨒥𨓤𨓧𨔔𨔩𨔫𨕊𨕟𨕦𨖤𨘡𨙅𨙤𨞉𨠱𨨳𨩻𨫙𨮽𨲐𨲿𨶾𨸻𨹠𨺓𨺚𨺛𨺶𨺼𨻎𨻦𨻪𨼜𨾏𨿓𨿤𩀱𩂫𩃃𩅆𩌽𩍫𩍳𩎋𩎷𩏉𩐬𩑅𩒩𩓀𩖡𩜧𩝘𩥎𩬼𩱅𩵉𩺽𩻐𩼵𪃃𪃊𪄂𪄑𪄳𪅋𪇈𪈋𪊎𪍅𪍇𪍊𪍝𪍣𪍱𪍴𪍷𪍻𪕦𪗑𪗒𪗓𪢶𪤵𪧞𪧣𪩨𪬆𪭆𪱔𪴉𪺙𪾝𫂝𫉍𫍺𫦘𫯋𫯎𫶦𬜀𬽺𭐎𭐞𭐟𭐠𭐡𭐣𭐤𭐦𭐧𭐬𭐱𭐲𭖥𭗄𭘁𭜰𭤂𭥒𭥨𭦑𭦕𭩃𭪶𭫉𭫭𭬑𭭓𭯟𭰸𭱬𭲦𭳨𭴅𭺖𭼬𭽂𮃞𮇓𮇾𮈦𮉆𮊢𮋾𮏉𮐭𮒂𮒈𮒩𮒻𮔇𮔖𮗡𮗺𮞦𮢢𮢥𮣈𮨞𮭻𮭽𮮀𮮁𮶖𰋎𰋏𰐶𰖋𰞓𰨘𰴷𰿒𱃃𱊔𱘣𱘥𱘩𱠖𱦪𱫦𱬼𱾱𱾷𱿄𱿇𲅹𲆂𲆃𲍿𲎐𲏥𲓋𲚯𲟏𲱨𲲴𲲻𲽠𳑅
夃	盈𬗅
处	咎昝𢛃𦚅𧏓𭈃𭤜𮐣𮮧𮴊𱖘
夅	㯯䂫䇨䜶佭栙洚竷絳绛胮舽袶跭逄降鿍𠏤𠲓𡑺𡜠𡶶𢓤𢘸𢢨𢥙𢭎𣝘𣫡𣺛𤇺𤌅𤝷𤵸𥞜𥪴𥫔𥹪𦮔𧊵𧗛𧧭𨋪𨦟𨼇𩐨𩷄𪐿𪔔𪰠𫁯𫞳𬣺𭉓𭷟𭹇𮥃𮩨
夆	㖓㛔㶻㸼䀱䏺䧏䴶埄峯峰捀桻浲烽琒綘縫艂莑蘕蜂逢鋒锋韸髼𠉏𡨛𢈦𢌢𢓱𣇔𤑊𤖀𤶞𥍮𥭗𥹾𦜁𧋴𧒒𧚋𧧽𨡃𩊩𩡇𩷭𪔞𮙔𮶂𰓵𱋸𱬢𳑛
备	俻惫邍𡍉𡞕𣓂𤗌𤙳𥓶𥺢𨘡𨙅𩏄𩜗𪌾𭈜𮟦𰞲𱋚
夊	㕙㚇㡪㯶㱊䉄䒘䕫䝜䞭䦯䬋䵈囱堫変夋夌复夎夏夐夑夒夓後憂朡畟皴稄竷致荾蓌蘷逡鄾鎫鵕麥麦𠁶𠅣𠈦𠊂𠋍𠋩𠋻𠍑𠑍𠞅𠡭𠣟𠣴𠤀𠤇𠧫𠧺𠨉𠨢𠩴𠳰𠹘𠻱𠿆𡆅𡍵𡓻𡕞𡕟𡕠𡕡𡕢𡕣𡕤𡕦𡕧𡕨𡕩𡕪𡕫𡕬𡕭𡕮𡕯𡕰𡕱𡕲𡕳𡕴𡕶𡕷𡕸𡕹𡕺𡕻𡕼𡕽𡕾𡕿𡖀𡖁𡞧𡰿𡱥𡲲𡳉𡳐𡶣𡹃𡺿𡻴𡽀𡿟𢆃𢈡𢊋𢋌𢋤𢌂𢌉𢏤𢓴𢔁𢔃𢕛𢕶𢖻𢙴𢟜𢥀𢧇𢩑𢱩𢴼𢹎𢺕𣍚𣍶𣖓𣖱𣘅𣣋𣣺𣥻𣲋𣼀𤋬𤔿𤕘𤝥𤠎𤧯𤩞𤪞𤫘𤲋𤷖𤹫𥋂𥍬𥍺𥓻𥖂𥜱𥜷𥜹𥧜𥨏𥫏𥺙𦂊𦑨𦔎𦖸𦜄𦞶𦣵𦫝𦯩𦱛𦱟𦲘𦴅𦴲𦶨𦶬𦹿𦼊𦾪𦾹𧀧𧃰𧏧𧚉𧛝𧠃𧩅𧱭𧼔𧼬𧼱𧾤𨈉𨌘𨏵𨐂𨒥𨓤𨔩𨔫𨕟𨙤𨛐𨢽𨣪𨫙𨲔𨺡𨻅𨻎𨻪𨿓𩂫𩃃𩆑𩈥𩊻𩋯𩍔𩍫𩍳𩎋𩏉𩓀𩜁𩞝𩩡𩬼𩱅𩵊𩼵𪃃𪃊𪄂𪄳𪅋𪇈𪊎𪊴𪌛𪕞𪗑𪗒𪘑𪪜𪲏𪹢𪺒𫆯𫑭𫯌𬹄𭐯𭜪𮌜𮩬𲀖𲛳𲤍𲪛𳑆
夋	㕙㛖㻐䘒䝜䞭俊唆埈峻悛捘晙朘梭浚焌狻畯痠皴睃稄竣羧脧荾誜賐踆逡酸鋑陖餕馂駿骏鮻鵔鵕黢𠅣𠗕𠣟𠨢𠬌𠬍𡀚𡕧𡕬𡕶𡱥𢈡𢏤𢓭𣖱𤽭𥍬𥚂𥨏𥭟𦀷𦑁𦑂𦫝𧚉𨌘𨛐𨢽𨣪𨻅𨿓𩆑𩈥𩊻𩓀𩰺𩰽𪊴𪕞𪘑𭋟𭐤𭐩𭐪𭖨𭦕𭯚𭽫𮋰𮔖𮩋𮭬𮰳𮸏𰫔𰵯𱀖𱇳𱉾𱉿𱧶𱰽𲄺𲋅𲗨𲨝𲳤
夌	㖫㥄㱥䈊䗀䬋䮚倰凌堎婈崚庱掕棱淩睖碐祾稜綾绫菱裬踜輘錂陵鯪鲮𠦻𠻱𡏜𡕮𡹃𡻴𢔁𢩑𣇾𣥻𤊥𤦫𤲪𤷖𥺙𦝄𦡟𧀧𧤁𧤂𧼔𨉞𨫭𨱋𩜁𩟒𩩡𪘵𪤶𪤽𪩮𪷥𫆢𫇁𭐨𭐭𭚢𭯛𰺊𱀘𱜞𲎣𲎩𲚮𲞢𲭗𲲲𲹯𳐴
复	㙏㬼䧗䪖䮡復愎椱稪緮腹蝮複輹鍑馥鰒鳆𠣴𡞪𣦇𣸪𤋟𤟱𤳺𤸑𥦸𥪚𦎭𦩟𧼱𩋟𩜲𪐒𫄭𭙦𭞿𭡪𮍼𮠸𮰁𮴦𰇄𰱦𰺓𰻇𰾟𲅼𲞲𲪺
夎	蓌𠹐𣹶
夏	厦嗄廈榎𠌘𡏘𡐯𡕵𡖃𡙣𡟺𡺷𢟜𢥭𤌤𤧶𤹉𥔹𥜂𥧜𥫏𥻴𦥍𦷜𧏡𩡘𪄂𭔆𭕥𭡲𭬭𭱣𮢩𮬆𱵡𱽅𲁲𲖸𲸈
夐	瓊矎藑觼讂𪤩𪱏𭶛𮥮
夒	㹛夔巎獿虁𠑍𡖂𢅼𢥝𢺕𤫕𪺈
夔	巙犪躨𢆃𥜶𧅄𪭆𭐎𭺖
夕	㐴㒱㚈㢴㣇㱑㱔㶤䇟䇱䘸匇卥名囱外夗夘多夛夜夝夢夣夤奖宐岁斘桨梦歹歺汐浆焲矽穸粦罗舛芕茤萝詧邜酱釸飧麥麦𠂗𠅗𠅱𠆓𠆕𠆙𠊇𠌌𠎖𠙨𠚟𠞅𠡹𠨣𠭢𠭫𠭮𠳻𠸀𡖄𡖅𡖆𡖇𡖉𡖊𡖋𡖌𡖍𡖕𡖖𡖗𡖘𡖛𡖥𡖴𡖶𡖷𡖸𡖺𡗃𡗇𡚵𡛹𡥗𡧒𡨝𡨨𡪎𡫮𡭫𡯌𡵪𡿪𢁟𢆢𢆣𢊈𢋽𢗇𢜁𢶬𢷛𢸕𢻦𢽯𣀿𣏐𣐦𣞿𣠀𣡏𣥛𣨜𣷛𣼙𣾖𤃚𤇔𤈕𤓵𤕡𤕶𤚶𤥿𤧡𤧢𤰧𤼱𤾿𥉡𥓇𥝘𥣠𥤈𥦬𥧠𥫇𥭹𥴳𥻒𦂑𦂞𦌤𦚂𦥜𦦼𦧁𦫁𦫂𦫓𦰀𦰎𦱏𦻸𧈷𧌊𧍽𧖪𧛅𧜩𧠱𧥧𧮁𧰌𧰍𧵚𧼜𨑚𨓆𨕔𨕦𨞉𨧔𨫂𨴢𨼺𨿤𩁼𩂙𩖡𩘠𩚏𩜨𩝯𩡑𩲁𩽃𪄑𪇤𪗄𪚪𪤷𪤹𪤼𪤾𪧋𪧷𪭜𪽨𪾎𫇁𫐫𫝣𫞴𫯑𫯘𫯥𫸘𬉹𬋘𬚮𬞃𬩝𬪼𬯞𬽆𬿺𭀞𭃧𭆝𭉿𭍣𭐴𭐵𭐷𭐸𭔙𭔯𭖚𭜥𭟩𭡂𭥑𭥸𭵫𭸂𭼿𭿶𮃖𮈠𮌉𮍫𮠯𮣅𮨅𮨊𮨎𰒧𰔯𰢀𰤸𰼩𰿚𰿞𱀐𱃌𱌍𱘦𱘬𱦹𱧫𱨗𱨠𱨥𱪊𱮻𱯡𱯷𱲻𱵈𱶃𱶻𱸽𲁨𲆦𲇩𲒋𲘳𲚰𲚱𲚲𲚳𲦁𲩉𲾝𳄻𳋯
外	㔰䀤夞迯𠄨𠨃𠨊𠰻𡍐𡎢𡎥𡎦𡖦𢫑𣳢𤤫𧦨𧵏𧻏𨀑𨳿𩊃𩠘𪤸𪸟𫊰𫒓𫟌𫥖𫮋𫯏𫯕𬉝𬔷𬩟𬮡𬼏𭎉𭨚𭷜𮛒𰏝𰡇𱐂𱖗𲥵𲳗
夗	㠾㼝㽜䖤䛄䳃妴宛怨盌眢苑駌鴛鸳𠈢𠙀𠛠𠞚𡍡𡖏𡶟𢪸𣆌𣪰𤇘𤳭𥿎𦊗𦕕𦙵𦨨𧧁𧯡𧵍𨧍𨪿𩊁𩎝𩖿𩚴𪀈𪎛𪞏𫍠𫩨𬜶𬱺𭼉𮵯𱆪
夘	栁𦭘𭥦𭩪𭴕𮠣𮡯𮦍𰅫𰩇𰹏𱂾𱄖𱫾
夙	㑉㓘洬珟𤥔𭂳𰉬𱽢𳅻
多	㗬㚉㚊㚋㚌㚍㝖㞔㡅㢁㩼㶴㷇䇋䏧䡔䫂䬷䮈侈卶哆垑够夠夡夥夦奓姼恀扅拸栘爹痑眵移翗茤蛥袲袳誃趍跢迻郺鉹陊黟𠀲𠕝𠗄𠛫𠫾𠴽𡇘𡌪𡖎𡖐𡖑𡖒𡖓𡖔𡖙𡖜𡖝𡖞𡖟𡖠𡖡𡖢𡖣𡖤𡖧𡖨𡖩𡖪𡖫𡖬𡖭𡖮𡖯𡖰𡖱𡖲𡖳𡖻𡖼𡖽𡖾𡖿𡗀𡗁𡗂𡗄𡗅𡗆𡗈𡗉𡗊𡗋𡗌𡗍𡗎𡗏𡥥𡦄𢏜𢻈𣃽𣆚𣋿𣡳𣪈𣭧𣴙𣶘𤄮𤈕𤖻𤝻𤥀𤿦𥒥𥟿𥠨𥭋𥶂𥹠𥿫𦋲𦍹𧃪𧣡𧣣𧯨𧳁𧻬𨇵𨎱𨐔𨑊𨖨𨘂𨘮𨛅𨴢𨷎𩊥𩐞𩗈𩶰𩽿𪀓𪀩𪌫𪎠𪐀𪒨𪠞𪤻𪤽𪥀𫖰𫦗𫯍𫯐𫯒𫯓𫯔𫯖𫯗𫯘𫯙𫯚𬆯𬒼𬩍𬲢𬳾𬻮𭁰𭅚𭅹𭅽𭈨𭊶𭐶𭐹𭐽𭐾𭑀𭑥𭔯𭖚𮙗𮠨𰋐𰋑𰋒𰋓𰋔𰋕𰋖𰋘𰎃𰐂𰧺𰵥𰷂𰽹𱍚𱘧𱘨𱘪𱘫𱞹𱶻𲁨𲏜𲒝𲕆𲖊𲚴𲚵𲚶𲚷𲚸𲚹𲚺𲚻𲤰𲫀𲰅𲳛𳃷𳑙
夛	𢑼𫤩𱔏𱝠
夜	㖡㖱䘸䤳掖棭液焲腋鵺𠅗𠅱𠆓𠆕𠆙𡖵𡖺𢆣𣈋𣨜𤥿𥯊𦁹𦲹𧌊𨂒𨿤𪍅𬂃𬓰𭎲𭐺𭐻𭐿𭑁𭔧𭯑𭸕𮄳𮪯𰉾𲎒𲐏
夢	㙹㝱䑅䙦儚懜鄸顭𠓔𡗐𤔻𤘂𤻟𥌋𥶃𦫰𦿏𧲍𧲎𨞯𨮒𩆠𩟞𩴲𪇓𬁜𬄺𬠳𬰖𬵳𭋥𭲿𮄥𰵉𱿋𲀎𲄌𲣉𲬾𲽱𲽾𲾀
夤	濥𡒕𧓒
大	㐲㒨㓨㓫㓶㕦㚎㚏㚐㚑㚒㚓㚔㚕㚖㚗㚙㚚㚛㚜㚝㚞㚟㚠㞟㞭㣏㣕㥣㥷㪎㪑㪺㬇㬥㬧㭐㰰㰿㵄㵮㺆㺯㻎㼪㽀㿓㿴䆩䐛䓴䙲䚉䣍䥖䦬䧪䫔䫣䬊䯨䲦䲪倝关冭剦匎匧厺叁参吳吴器因圶天太夫夭夯夰夲夳头夵夶夷夸夹夺夻夼夽夾夿奀奁奂奃奄奅奆奇奈奊奋奌奎奐契奒奓奔奕奖套奘奛奜奝奞奟奠奢奤奥奦奧奨奩奫奬奭奯奰奱尖庆忁忕戻摦旲昊杕樊橂毵汏涙烕爽牵犬狊瘱矢磸突类綔綟罙羍美耎耷聫臭芖莫谿貵軑軬輋轪达郟鄭釱雞頰馱驮鵊鵪鹌鼷𠅑𠅧𠇄𠇳𠉈𠋈𠋋𠋽𠎇𠏥𠓱𠖇𠖉𠛇𠛗𠛘𠝥𠞦𠟥𠟰𠠘𠣮𠣼𠦵𠧭𠧵𠨟𠨩𠫵𠫻𠫿𠯈𠶫𠷔𠸇𠺂𠼄𠾖𠿆𡇰𡉑𡊘𡍲𡑽𡔱𡖳𡗓𡗔𡗕𡗖𡗗𡗚𡗛𡗜𡗝𡗞𡗟𡗠𡗡𡗢𡗥𡗦𡗧𡗨𡗩𡗬𡗭𡗮𡗯𡗰𡗱𡗲𡗳𡗴𡗵𡗷𡗸𡗹𡗻𡗼𡗽𡗿𡘀𡘁𡘂𡘃𡘄𡘅𡘆𡘇𡘉𡘊𡘋𡘌𡘍𡘎𡘏𡘐𡘑𡘔𡘖𡘗𡘘𡘙𡘚𡘛𡘝𡘟𡘠𡘡𡘣𡘥𡘧𡘨𡘪𡘫𡘬𡘭𡘯𡘰𡘲𡘳𡘴𡘵𡘶𡘷𡘹𡘻𡘼𡘽𡘾𡙁𡙂𡙃𡙄𡙆𡙉𡙋𡙌𡙍𡙏𡙓𡙗𡙘𡙙𡙚𡙛𡙜𡙞𡙟𡙠𡙡𡙢𡙣𡙤𡙥𡙦𡙨𡙫𡙬𡙭𡙮𡙯𡙰𡙱𡙲𡙴𡙵𡙸𡙻𡙼𡙽𡙾𡙿𡚀𡚁𡚂𡚃𡚄𡚇𡚊𡚋𡚍𡚐𡚓𡚔𡚕𡚖𡚗𡚚𡚛𡚜𡚝𡚞𡚟𡚠𡚡𡚢𡚣𡚻𡜀𡟗𡡌𡡰𡣀𡧑𡧠𡨏𡨮𡨵𡩔𡪪𡫟𡫩𡭟𡭻𡮸𡮽𡯸𡴔𡵗𡷓𡻲𡿙𢁖𢅿𢌋𢎴𢏓𢑱𢑴𢒊𢒣𢓽𢖚𢙭𢚈𢝉𢠬𢧤𢨗𢩟𢪂𢭛𢰼𢳒𢷯𢺌𢽀𢽱𢾴𣂏𣂐𣅳𣈌𣊖𣋦𣎐𣕍𣕤𣗚𣗷𣙉𣞌𣞤𣣚𣣩𣧂𣪨𣫵𣭶𣮟𣮡𣮦𣰋𣰰𣱋𣴒𣵉𣵟𣵫𣺚𣿔𤀅𤀈𤀬𤀱𤀸𤂤𤆍𤉯𤊖𤋋𤋕𤐼𤒁𤓔𤕡𤜌𤧪𤨀𤨊𤨯𤫒𤫧𤯗𤳦𤳼𤴄𤸂𤹶𤾪𥆗𥆴𥇛𥈀𥈜𥎽𥝚𥝛𥠅𥡙𥢞𥤮𥥍𥧤𥨴𥫐𥮅𥮯𥯬𥱁𥲩𥵱𥷴𥸸𦁨𦅆𦆌𦉼𦋙𦎃𦎳𦏥𦏷𦒣𦕯𦚫𦢂𦢹𦣼𦤀𦦉𦨐𦫜𦫬𦬞𦮥𦯤𦳣𦵏𦻞𦼣𦽽𧃁𧃓𧈹𧏂𧐃𧓝𧗰𧗾𧛍𧡅𧡵𧥢𧨞𧩚𧪇𧫭𧳾𧷷𧹈𧻵𧾞𨆚𨉊𨔙𨕎𨕏𨙘𨙙𨛊𨜀𨜒𨜣𨝍𨞀𨟉𨠒𨠹𨤙𨤪𨦌𨨹𨩉𨩌𨩬𨮯𨳓𨳨𨵢𨶥𨷊𨷎𨽬𨾗𩁭𩃙𩅌𩇎𩇩𩈧𩓹𩔯𩕦𩖂𩖃𩖈𩛌𩟲𩠣𩡱𩤄𩦢𩧀𩩃𩮁𩳢𩴟𩵋𩺁𩾪𪃈𪅞𪅣𪆕𪇐𪈚𪉗𪋐𪐝𪐡𪑵𪓆𪓷𪙖𪚔𪟃𪠟𪠡𪥁𪥂𪥄𪥅𪥆𪥇𪥈𪥊𪥋𪥌𪥎𪥏𪥒𪥓𪥔𪥕𪥖𪥗𪥘𪥛𪥜𪥝𪥞𪥟𪥠𪥡𪥢𪥣𪦂𪧛𪨶𪩣𪪙𪵪𪹍𪼫𪼳𪽲𪿤𫂁𫂎𫃪𫆄𫊛𫋭𫎈𫐊𫔫𫔺𫗔𫗤𫙪𫥒𫥰𫥹𫦃𫦍𫦺𫧛𫯜𫯞𫯟𫯡𫯢𫯥𫯦𫯧𫯪𫯫𫯭𫯮𫯯𫯱𫯴𫯵𫯶𫯹𫯺𫯻𫯼𫰀𫰁𫰅𫸥𫻨𫻳𫽩𫽷𬀡𬄀𬅍𬉵𬋻𬌚𬐣𬚓𬚙𬝫𬟧𬣓𬨫𬫴𬮜𬱨𬱬𬵃𬶃𬹞𬺛𬻠𬼵𬽔𬾃𭀢𭀹𭆌𭆞𭑂𭑃𭑄𭑅𭑉𭑋𭑍𭑑𭑕𭑗𭑘𭑞𭑟𭑠𭑢𭑤𭖯𭝷𭞘𭠦𭥏𭪅𭬑𭰋𭳟𭸡𭼍𭾚𭿎𮀋𮅕𮅳𮋙𮌙𮎞𮏌𮑊𮒚𮒥𮕨𮗹𮘊𮞜𮠏𮤚𮤨𮥽𮪖𮫭𮫮𮮰𮮱𮯕𮰵𮰶𮲍𮸆𮹒𰁱𰄨𰄴𰆮𰋙𰋚𰋛𰋜𰋝𰋞𰋢𰋤𰋥𰋦𰋧𰋨𰋫𰋲𰋳𰋴𰍺𰎡𰘂𰘻𰛬𰠱𰤌𰥍𰥎𰩬𰭩𰮞𰮟𰸂𰹞𰽘𱂘𱅯𱆢𱈺𱍃𱐠𱒙𱒪𱘭𱘮𱘯𱘰𱘱𱘲𱘳𱘵𱘸𱘹𱘻𱘽𱘾𱘿𱙀𱚨𱜱𱡒𱦇𱦚𱧄𱨏𱪖𱫀𱬈𱰅𱰇𱶇𱸮𱺁𲆿𲉟𲐻𲚽𲚾𲛀𲛁𲛂𲛄𲛅𲛇𲛉𲠳𲭴𲲒𲻶𲽗𳀲𳂵𳃱𳄥
夨	吳奊捑𠨮𠱐𡔢𡙀𡷤𢫸𣅔𣑀𦨼𧍩𧫟𨾎𩫀𩶭𪄾𫑞𫢥𫧌𬏰
天	㤁㪪㮸㴁㺯䀖䗞䘉䚶䨿䪞䵡䶮关吞吴奏奣岙忝昊昋楱沗湊烕癸祆筽美茣藈虞蚕蝅蠺迗送鴌鸆龑𠀛𠇄𠉀𠍴𠔬𠕹𠙗𠤨𠤪𡗘𡗙𡗣𡗶𡗿𡘸𡙎𡙝𡙶𡚈𡚌𡚑𡛌𡟡𡨏𡷪𢉶𢎾𢓍𢡄𢡊𢡰𢧏𢯉𢻨𣏿𣓁𣢸𣱋𣾒𤂀𤉫𤋡𤋷𤓻𤘠𤤇𤤋𤰳𥎜𥮅𥯪𥰉𦁔𦊊𦔿𦙖𦨶𦬞𦴐𧉂𧾁𨛴𨞷𨳨𩂉𩐅𩒠𪈪𪊂𪓳𪞄𪟩𪡲𪥉𪥙𪯶𪶍𫃭𫓊𫚾𫝤𫢋𫭛𫯝𫯨𫯩𫯬𫯸𬑾𬚷𬝢𬝫𬞂𬮜𬵲𬻊𭏀𭑆𭑇𭑈𭑙𭒖𭕇𭗊𭗽𭞗𭥔𭭧𭱇𭱏𭻼𭼃𭼾𮇀𮇬𮎾𮓥𮚌𮤮𮦇𮰴𮸤𰀙𰆈𰉛𰋟𰋡𰋩𰋪𰋭𰋮𰋯𰎡𰦒𰦡𰶕𰿠𱆑𱊫𱒆𱘶𱘷𱠝𱨹𱩩𱫒𱰃𱰅𱵌𱵜𱵸𲊐𲐠𲓲𲚿𲽅𳀘𳌯𳍅𳎸
太	㑀㣖冭呔奒忲态汰盇粏肽舦軚迏酞鈦钛駄𠚀𡄛𡊀𡑷𡘐𡘒𡘳𡙒𡙤𡛕𡳁𡴔𢪯𣣥𣾱𤝁𤵉𥫵𧉑𧘹𧟧𧾇𨙘𨜨𨵵𪐥𪨐𫥲𬎦𭍖𭑓𮂲𮋮𮛳𮲬𮷗𰗱𱘮𱙶𱦌𱳪𲸰
夫	㚘㝬㠫㠬㠸㫙䃿䄮䊿䡍伕养呋妋巬巭扶枎渓玞畉砆羙羮肤脊芙菐蚨衭規规趺邞酜鈇颫養鯗鳺鶏麩麸𠂕𠌉𠔲𠗑𠤱𠨶𡗍𡗗𡝈𡝉𡟘𡳋𢀺𢗤𢗲𢶄𢺻𢻳𣣇𤄂𤄴𤆮𤏠𤩍𤱁𤱽𤾞𥄑𥎜𥥂𦀶𦔾𦚫𦺀𧏉𧥱𧮾𧯟𨎈𨎑𨹩𨾚𨿸𩁥𩖬𩞶𩣎𩤻𩥲𩱁𩵩𩽺𪊐𪓗𪞾𪥃𪯈𪶤𫓧𫘆𫟈𫭝𫯤𫯪𫯰𫯳𫯿𫲷𫴂𫴙𬀁𬔮𬖐𬚛𬟨𬢃𬨝𬲋𬴇𭑌𭛳𭝌𭬤𭬺𭭥𭷀𭸉𭸽𭻡𭾂𮁅𮉱𮏖𮙳𮚡𮚴𮛪𰀣𰇔𰛎𰥱𰦒𰱴𰶘𰶚𱉎𱦰𱨫𱩢𱲐𱵂𱵉𲀫𲄟𲏋𲚼𲟀
夬	㭈㹟䀗䆕䊽䏐䦑䦼䫼决刔吷块妜快抉決炔玦疦砄缺芵蚗袂觖訣诀赽趹鈌駃鴂鴃𠜵𡘢𡘱𡙇𡙖𡙪𡚆𡥹𢁪𢎹𢯵𢾔𣅡𣧎𣬎𤰮𤱉𤱾𥁍𥆸𥊜𥝭𦐋𦐍𦑗𦤕𦿙𧎯𧑦𧖫𧩍𨑣𨼱𨾕𩂃𩍯𩍷𩚟𩫠𪌊𪩺𪱖𪺧𫘝𫛞𫡘𬒮𬱷𬽭𭑡𮅃𮰓𰚭𰠈𰦕𰽤𱀅𱉔𱍬𱛑𱯶𳋩𳌴
夭	㒎㓇㕭㤇㴁䨿䴠乔仸凑吴呑喬奏妖宎岆岙忝扷揍昋朁枖楱殀沃沗添湊矨祅秗穾笑腠芺蝅袄訞跃鋈镺飫饫鴁𠂕𠂚𠂷𠎷𠮋𠷷𡒁𡗶𡘸𡙝𡙶𡞊𡢭𡬊𡭟𡮜𡱱𡴘𢁱𢍃𢡄𢻨𣥚𣦴𣧕𣭹𣵗𣵽𣷹𤌡𤤋𥈏𥯪𦃱𦦅𧉕𧞁𧠽𧡅𧩻𧱪𧶓𧺆𧻂𧾁𧾓𧾭𨂡𨃦𨆂𨞷𨥜𨨯𨾘𩜸𩝼𩟌𩡻𩣻𩲓𩹀𪁾𪃆𪉮𪎤𪜏𫍚𫧘𬁷𬆇𬈹𬒁𬬴𭀦𭑚𭒍𭕇𭙖𭰡𭱱𭸺𮐔𮠝𮧔𮪽𮫜𮭢𮲝𰊳𰗇𰥔𱈳𱖎𱪭𱶇𱹬𲍼𲎺𲬁𲭯𲷠𳇵𳌙
央	㹧㼜㿮䄃䇦䒋䘧䬬䱀佒咉坱姎岟怏抰映柍殃泱炴盎眏秧紻胦英詇軮鉠雵鞅駚鴦鸯𠖼𠱵𡘦𡩶𢘲𣃝𤋍𤤠𤬺𤭹𤮡𤮤𥑞𦁾𧲱𧵌𨠗𨫰𩐽𩢥𩧫𩲴𩿶𪎞𪓛𪚻𪰔𫅐𫊬𫊭𫏅𫓭𫚐𫥅𫩣𬥜𬨄𬷅𬽏𭂰𭏮𭙘𮂍𮃍𮇌𮗪𮝈𮤋𮧆𮪧𮮤𰚹𰞄𰥘𰴎𰵗𱃵𱌀𱍒𱑆𱔷𱯬𱲁𲌳𲜌𲸳𳂔𳌢
夯	募𠇴𠢏𠢘𢫉𤽘𨘳𪞕𫏟𬔁𮊜𲦯
夰	㚏㚕乔奡昦臩𡗤𣔷𤽟𥉁𬛬
失	㲳䭿䰡䱃䳀佚劮呹妷帙怢怣抶昳柣泆瓞眣祑秩紩翐胅苵蛈袟袠詄趃跌軼轶迭鉄铁镻鴩𠀶𠅎𠅐𠝰𠧿𡘓𡘮𡘿𡱛𢔖𣉺𣒟𣗻𣧞𣺐𤔅𤙈𤤥𤫴𥑇𥓹𥥌𦐝𦶱𧙍𧰅𨳺𨷥𨾤𩧭𩨰𩬭𩲫𪗫𪶟𬀵𬊹𬼒𭃥𭑐𭑔𭤢𭴓𮆃𮉢𮐏𮧕𰋣𰠡𰪵𰱤𰴐𰵙𱆔𱉚𱚵𱭻𲭶𳑅
夲	㚓㤒㥣㿁䔌䱁喯圶奎奔桳皋餴𠦪𠦮𡏻𡗢𡘶𡙺𡴝𡴞𡹿𢷎𣉱𣘶𣸽𤎋𦚄𧎔𧙐𮅨
夳	叁夸夽奈𡊌𡙄𦄖𦣼𪒇𭝍𰆮
头	买实𬠁𬼣𭇚𭑎𭑛𭸃𮚷𮛓𮩠𰋬𰋰𰋱𰓕
夵	尜𠫭𭕇
夶	𠀤𡘙
夷	㯩㹫䄺䧅䨑䩟䮊侇咦姨峓恞挗桋洟痍眱羠胰荑蛦跠銕鮧鴺𠜁𡙧𡱐𢂒𢓡𣆰𣭯𤈙𦀊𧙣𧣧𧱅𧻑𨱾𫕇𫡛𫯏𫯲𫸹𭙚𰃼𰧷𱇧𱉩𲑚𲛆𳊕𳎳
夸	㡁㰭䠸侉刳匏咵垮姱恗挎晇桍洿瓠絝綔绔胯舿荂袴誇跨郀銙陓骻鮬鴮𡀵𡖮𢓢𤫸𥅚𥑹𥧰𥱀𦫚𧊘𨾺𩊓𩣔𪵈𫈻𫉌𫌮𫛦𬚗𬳹𮁯𮈋𮝎𮣼𰽴𱇦𱘼𱛡𱡗𱩡𱪾𲡨
夹	䇲侠刾峡惬挟替浃狭瘗硖箧荚蛱郏铗陕頬颊𣍰𥅴𥞦𥩺𨋸𨦇𨺞𩠃𪒨𪯋𫛥𫨆𫺁𫺂𬂩𬅢𬡒𬦯𬯅𮰿𮴑𰅍𰇕𰉥𰏽𰞋𰬍𰭢𰵢𱌕𱘴𱜤𱞝𱥠𱰱𱼹𲛃𳎰
夺	𫯣𭇡𭥱𰍼𰦵𱖡𳄝
夻	吞呑𠱑𠻚𠾃𠿧𡂦𡃬𡙗𡚍𡧶𣔊𤶕𥙗𥫐𥰻𧆱𪓡𭀢𭊨𭡢
夾	㛍㤲㪎㼪㽠㾜䀹䛟䩡䬊䵌䶝俠匧唊埉峽悏挾梜殎浹狹硤筴綊翜聗脥莢蛺裌鋏陜鵊𠁊𠗉𠩘𡒜𡙩𢂿𢈙𣇍𣙉𣷚𤥵𤲍𥞵𥪂𦦕𦩀𧶘𧻵𨁂𨄣𨠿𨻤𩎱𩛩𩠣𩭌𩷟𩾉𪍱𪖨𪘘𫀋𫏶𫰃𬮊𭆜𭎻𭑝𭲛𭹎𮀾𮋄𮪪𰄾𰉒𰎟𰓰𰯌𱄳𱖪𱘺𱲜
夿	𦮹𧳗𪥉𪪔
奂	㛟唤换涣焕痪𠗫𡨡𢚾𤥺𪲰𮰥𮵔
奄	㛪㞄㡋㤿㪑㭺㷈㽢䁆䄋䅖䎨䛳䣍䤶俺剦匎唵埯奙崦庵掩晻殗淹痷硽罨腌菴裺醃閹阉餣馣鵪黤𠻒𠼅𡯸𡹛𢔂𣃾𣄑𣣚𤗎𤩃𥦩𥯃𦁏𦋙𦑎𦖈𦜽𧌄𧼎𨂁𨉚𨌧𨜀𨤕𨺍𨽅𩃗𩅝𩈯𩋊𩓹𩗷𩤔𩳢𩸆𪪅𫇌𫍫𫫡𫳑𫸽𬲼𬶖𭢱𮰫𰺾𱅰𱏋𱾘𲢟𲲉𳐙
奅	𣶐𦝐
奇	㚡㞆㟢㢊㥓㱦㾨㿲䄎䐀䓫䗁䛴䝝䩭䫑䭲倚剞埼婍寄崎徛掎攲敧旑旖椅欹渏犄猗琦畸碕綺绮裿觭踦躸輢錡锜陭騎骑鵸齮𠔵𠖏𠭑𠵇𡚎𢽽𣂦𣚂𤏃𤘌𤯱𥇚𥏜𥟏𥺿𦍉𦖊𧼘𨓾𨜅𨵤𨿫𩃤𩩛𩳣𩸞𪸴𪹽𫐎𫬷𫯽𬉀𬐣𬥛𬮮𬺈𭓊𭭨𮄲𮷈𱊁𱺁𲌇𲛈𳎚𳑷
奈	㖠㮈㴎䱞倷捺萘錼𡞏𤷈𥇧𦝀𦤗𩈫𩜪𪥑𪨼𪻦𫆕𬷝𭝍𭝎𭦛𮁿𮂃𮚎𮛢𰌫𲙒𲮍𲵍𲷊
奉	㷯䏾䩬䭰䳞俸唪埲捧棒淎琫菶蜯𡞗𢔓𢜗𢺒𣈖𣋕𣨞𤊡𤷰𦧁𧯵𨔐𩃳𩗴𩸮𪉪𪐃𪽃𪽙𫒩𫗉𬕏𬥆𬪅𭅏𮃉𮍣𮘗𰏹𰖫𰪾𲣅𲳥𲸵𳌣
奊	䜁𧏂𪃤
奋	畚𤰳𩇼𮜊𮵵𱘲𱰳𱸛
奎	㛻㥣㨒䠑喹楏煃睳蝰鍷𤧊𪑭𪶙𭦭𭲹𮰀𰲀𲈌𲙠
奏	凑揍楱湊腠輳辏𠸫𡔿𣉅𤋷𥠬𥯪𦥇𦦅𦴺𧎝𧩻𧱪𨂡𨨯𩹀𪃆𪉮𬍴𬭟𬸷𭿅𮰦
奐	㪱㬇喚寏愌換渙煥瑍瘓𠗫𡚥𡞵𡺌𤚙𥈉𥠅𥦺𦝝𧎑𧗽𨩉𩝆𪣷𪲰𫃴𬓋𬧸𱹒𳁴
契	㓶㝣䚉䝟䦬䫔䱮偰喫揳楔猰瘈碶禊稧窫葜褉鍥锲𢝛𣸲𤋸𤧃𦝜𦩣𧩶𧼪𨂰𨜒𨜣𩮁𩴅𪃈𪰳𬢐𭛸𮅳𱳃
奓	䃎䋾䐒䵙偧𧤌𧩫𨷎𩘖𩮅𬘲𭻼𮛰
奔	倴喯捹渀莾逩錛锛餴𡍋𢍃𢜘𤢫𥚙𥮈𦜭𧎔𧶭𨁼𩣺𩧼𪑖𪰫𫗌𫬩𫯩𫷱𬨀𭷦𮝔𰢣𰧆𱃼𱖸𱣥𲝢𳂧𳌚
奕	㷜湙𠋈𡙩𨩌𪣼𪲱𪼁𬓍𭡬𲀺
套	𠺆𣺮𥱫𨻝𪄤𫯾𱗛
奚	㜎㨙㰿䙎䫣䳶傒嗘嵠徯慀榽溪磎縘膎蒵螇謑谿豀豯貕蹊雞鞵騱鷄鼷𡏛𡰄𤌳𤕂𤠓𤨊𤲺𤳃𤳤𥉐𥛎𥡙𥪦𥰥𥻺𦩶𦫑𦫬𧯗𪓷𫘬𭕱𭧎𮬊𰋴𰒳𰵾𲖺𲚑𳎠𳏼
奜	𩇼𩥰
奞	奪奮𠌱𡙜𡙬𡙸𡙿𡚒𢟠𤹩𥂙𭑣𮟁𲇨
奠	㞟㽀䥖橂磸鄭𠪝𡰙𡼓𢵫𣾇𤡽𥂴𥳢𦅆𦌚𨗖𨞀𨣆𬯚𬴤𭑢𭔕𰾻𱔥
奡	𣽀𲮵
奢	㦋㵔奲撦譇𠍽𠾏𢄳𦅁𦠏𧤺𨅓𨣍𨶶𩴟𫰂𭑥𭧤𭫠𮑂𰶄
奥	㜩㠗䉛䐿䜒䴈噢墺嶴懊擙澳燠礇薁襖鐭隩鿫𠆇𡒃𡪿𣋉𣡉𣤡𤺾𥨩𨞓𩟇𩼈𬤡𬸩𬿪𭯣𰣗𰻘
奧	㜩㠗䉛䐿䜒䴈噢墺嶴懊擙澳燠礇薁襖鐭隩鿫𠆇𡪿𣋉𣡉𣤡𤺾𥜌𧅨𨞓𩟇𩼈𪴃𪼣𮤦
奩	檶𢋔
奪	𡁯𰔳𲚕
奭	㙽襫𠁗𪴑𪼩𫓛𭚈𰂾𰟰𰨾𰫵𱡄
奮	𢅯𢤬
奰	㶔㿙𤖤
女	㓂㚢㚣㚤㚥㚦㚧㚨㚩㚪㚫㚬㚭㚮㚯㚰㚱㚲㚳㚴㚵㚶㚷㚸㚹㚺㚻㚼㚽㚾㚿㛀㛁㛂㛃㛄㛅㛆㛇㛈㛉㛊㛋㛌㛍㛎㛏㛐㛑㛒㛓㛔㛕㛖㛗㛘㛙㛚㛛㛜㛝㛞㛟㛠㛡㛢㛣㛤㛥㛦㛧㛨㛩㛪㛫㛬㛭㛮㛯㛰㛱㛲㛳㛴㛵㛶㛷㛸㛹㛺㛻㛼㛽㛾㛿㜀㜁㜂㜃㜄㜅㜆㜇㜈㜉㜊㜋㜌㜍㜎㜏㜐㜑㜒㜓㜔㜕㜖㜗㜘㜙㜚㜛㜜㜝㜞㜟㜠㜡㜢㜣㜤㜥㜦㜧㜨㜩㜪㜫㜬㜭㜮㜯㜰㜱㜲㜳㜴㜵㜶㜷㜸㜹㜺㜻㜼㣽䆯䈉䎟䓾䧪䶒䶯侫囡奴奵奶奷奸她奺奻奼好奾奿妀妁如妃妄妅妆妇妈妉妊妋妌妍妎妏妐妑妒妓妔妕妖妗妘妙妚妛妜妝妞妟妠妡妢妣妤妥妦妧妨妩妪妫妬妭妮妯妰妱妲妳妴妵妶妷妸妹妺妻妼妽妾妿姀姁姂姃姄姅姆姇姈姉姊始姌姍姎姏姐姑姒姓委姕姖姗姘姙姚姛姜姝姞姟姠姡姢姣姤姥姦姨姩姪姫姬姭姮姯姰姱姲姳姴姵姶姷姸姹姺姻姼姽姾姿娀威娂娃娄娅娆娇娈娉娊娋娌娍娎娏娐娑娒娓娔娕娖娗娘娙娚娛娜娝娞娟娠娡娢娣娤娥娦娧娨娩娪娫娬娭娮娯娰娱娲娳娴娵娶娷娸娹娺娻娼娽娾娿婀婁婂婃婄婅婆婇婈婉婊婋婌婍婎婏婐婑婒婓婔婕婖婗婘婙婚婛婜婝婞婟婠婡婢婣婤婥婦婧婨婩婪婫婬婭婮婯婰婱婲婳婴婵婶婷婸婹婺婻婼婽婾婿媀媁媂媃媄媅媆媇媈媉媊媋媌媍媎媏媐媑媒媓媔媕媖媗媘媙媚媛媜媝媞媟媠媡媢媣媤媥媦媧媨媩媪媫媬媭媮媯媰媱媲媳媴媵媶媷媸媹媺媻媼媽媾媿嫀嫁嫂嫃嫄嫅嫆嫇嫈嫉嫊嫋嫌嫍嫎嫏嫐嫒嫓嫔嫕嫖嫗嫘嫙嫚嫛嫜嫝嫞嫟嫠嫡嫢嫣嫤嫥嫦嫧嫨嫩嫪嫫嫬嫭嫮嫯嫰嫱嫲嫳嫴嫵嫶嫷嫸嫹嫺嫻嫼嫽嫾嫿嬀嬁嬂嬃嬄嬅嬆嬇嬈嬉嬊嬋嬌嬍嬏嬐嬑嬒嬓嬕嬖嬗嬘嬙嬚嬛嬜嬝嬞嬟嬠嬡嬢嬣嬤嬥嬦嬧嬨嬩嬪嬫嬬嬭嬮嬯嬰嬱嬳嬴嬵嬶嬷嬸嬹嬺嬻嬼嬽嬾嬿孀孁孂孃孄孅孆孇孈孉孊孋孌孍孎孏安屡巕汝痿窛籹翣耍肗菨萎葳蒆蒌蔅蔢要邚釹钕霎𠆈𠈍𠈤𠊶𠍛𠕷𠚰𠧜𠯆𠳴𠶭𡇦𡇭𡉓𡚦𡚧𡚨𡚩𡚪𡚫𡚬𡚭𡚮𡚯𡚰𡚱𡚲𡚳𡚴𡚵𡚶𡚷𡚸𡚹𡚺𡚻𡚼𡚽𡚾𡚿𡛀𡛁𡛂𡛃𡛄𡛅𡛆𡛇𡛈𡛉𡛊𡛋𡛌𡛍𡛏𡛐𡛑𡛒𡛓𡛔𡛕𡛖𡛗𡛘𡛙𡛚𡛛𡛜𡛝𡛞𡛟𡛠𡛡𡛢𡛣𡛤𡛥𡛦𡛧𡛨𡛩𡛪𡛫𡛬𡛭𡛮𡛯𡛰𡛱𡛲𡛳𡛴𡛵𡛶𡛷𡛸𡛹𡛺𡛻𡛼𡛽𡛾𡛿𡜀𡜁𡜂𡜃𡜄𡜅𡜆𡜇𡜈𡜉𡜊𡜋𡜍𡜎𡜏𡜐𡜑𡜒𡜓𡜔𡜕𡜖𡜗𡜘𡜙𡜚𡜛𡜜𡜝𡜞𡜟𡜠𡜡𡜢𡜣𡜤𡜥𡜦𡜧𡜨𡜩𡜪𡜫𡜬𡜭𡜮𡜯𡜰𡜱𡜲𡜳𡜴𡜵𡜶𡜷𡜸𡜹𡜺𡜻𡜼𡜽𡜾𡜿𡝀𡝁𡝂𡝃𡝄𡝅𡝆𡝇𡝈𡝊𡝋𡝌𡝍𡝎𡝏𡝐𡝑𡝒𡝓𡝔𡝕𡝖𡝗𡝘𡝙𡝚𡝛𡝜𡝝𡝞𡝟𡝠𡝡𡝢𡝣𡝤𡝥𡝦𡝧𡝨𡝩𡝪𡝫𡝬𡝭𡝮𡝯𡝰𡝱𡝲𡝳𡝴𡝵𡝶𡝸𡝹𡝺𡝻𡝼𡝽𡝾𡝿𡞀𡞁𡞂𡞃𡞄𡞅𡞆𡞇𡞈𡞉𡞊𡞋𡞌𡞍𡞎𡞏𡞐𡞑𡞒𡞓𡞔𡞕𡞖𡞗𡞘𡞙𡞚𡞛𡞜𡞝𡞞𡞟𡞠𡞡𡞢𡞣𡞤𡞥𡞦𡞧𡞨𡞩𡞪𡞫𡞭𡞮𡞯𡞰𡞱𡞲𡞳𡞴𡞵𡞶𡞷𡞸𡞹𡞺𡞻𡞼𡞾𡞿𡟀𡟁𡟂𡟃𡟄𡟅𡟆𡟇𡟈𡟉𡟊𡟋𡟌𡟍𡟎𡟏𡟐𡟑𡟒𡟓𡟔𡟕𡟖𡟘𡟙𡟚𡟛𡟜𡟝𡟞𡟟𡟠𡟡𡟢𡟣𡟤𡟥𡟦𡟧𡟨𡟩𡟪𡟫𡟬𡟭𡟮𡟯𡟰𡟱𡟲𡟳𡟴𡟵𡟶𡟷𡟸𡟹𡟺𡟻𡟼𡟽𡟾𡠀𡠁𡠂𡠃𡠄𡠅𡠆𡠇𡠈𡠉𡠊𡠋𡠌𡠎𡠏𡠐𡠑𡠒𡠓𡠔𡠕𡠖𡠗𡠘𡠙𡠚𡠛𡠜𡠝𡠞𡠟𡠠𡠡𡠢𡠣𡠤𡠥𡠦𡠧𡠨𡠩𡠪𡠫𡠬𡠭𡠮𡠯𡠰𡠱𡠲𡠳𡠴𡠵𡠶𡠷𡠸𡠹𡠻𡠼𡠽𡠾𡠿𡡀𡡁𡡂𡡃𡡄𡡅𡡆𡡇𡡈𡡉𡡊𡡋𡡌𡡎𡡏𡡐𡡑𡡒𡡓𡡔𡡕𡡖𡡗𡡘𡡙𡡚𡡛𡡜𡡝𡡞𡡟𡡡𡡢𡡣𡡤𡡥𡡦𡡧𡡨𡡩𡡪𡡫𡡬𡡮𡡯𡡰𡡱𡡲𡡳𡡴𡡵𡡶𡡷𡡸𡡹𡡺𡡻𡡼𡡽𡡾𡡿𡢀𡢁𡢂𡢃𡢄𡢅𡢆𡢇𡢈𡢉𡢊𡢋𡢌𡢍𡢎𡢑𡢒𡢓𡢕𡢖𡢗𡢘𡢙𡢚𡢜𡢝𡢞𡢟𡢠𡢡𡢢𡢤𡢥𡢦𡢧𡢨𡢩𡢪𡢫𡢬𡢭𡢮𡢯𡢰𡢱𡢲𡢳𡢴𡢵𡢶𡢷𡢸𡢻𡢼𡢽𡢾𡢿𡣀𡣁𡣂𡣃𡣄𡣅𡣆𡣇𡣈𡣊𡣋𡣌𡣍𡣎𡣏𡣐𡣑𡣒𡣓𡣔𡣕𡣖𡣗𡣘𡣙𡣚𡣛𡣜𡣝𡣞𡣟𡣠𡣡𡣣𡣥𡣦𡣧𡣨𡣩𡣪𡣫𡣬𡣭𡣮𡣯𡣰𡣱𡣲𡣳𡣴𡣵𡣶𡣷𡣸𡣹𡣺𡣻𡣼𡣽𡣾𡣿𡤀𡤁𡤂𡤃𡤄𡤅𡤇𡤈𡤉𡤋𡤌𡤎𡤏𡤐𡤑𡤒𡤕𡤖𡤘𡤙𡤚𡤛𡤝𡤞𡤠𡤡𡤢𡤣𡤤𡤥𡤦𡤧𡤨𡤩𡤪𡤫𡤬𡤭𡤮𡤯𡤰𡤱𡤲𡤴𡤵𡤶𡤷𡤸𡤹𡤻𡥃𡪋𡪚𡫤𡲹𢇘𢋉𢑒𢖵𢟇𢡌𢧛𢨭𢬰𢳒𢿘𣀭𣅓𣍲𣒢𣒹𣔃𣕩𣫻𣯲𣱘𣳐𣷑𤍻𤕢𤖩𤘙𤣷𤤢𤯕𤹴𥁅𥆸𥖃𥚿𥤨𥨲𥫭𥸏𥿺𦑔𦔪𦘽𦣬𦩩𦬑𦯏𦯺𦯽𦰇𦰓𦰕𦲛𦳨𦳹𦵘𦶞𦶲𦺋𦺒𦽚𦽮𦽵𦾘𦾦𦾨𧊷𧦣𧧄𧨐𧴱𧷚𧺜𨃢𨈼𨐎𨘒𨚴𨳐𨵇𨺿𨻤𨼻𨽘𩁻𩃩𩈽𩈾𩉆𩒭𩖠𩚔𩛅𩛌𩛏𩨚𩱆𪏮𪏼𪏾𪔈𪜨𪥤𪥥𪥦𪥧𪥨𪥩𪥪𪥫𪥬𪥭𪥮𪥰𪥱𪥲𪥳𪥴𪥵𪥶𪥷𪥺𪥼𪥽𪥿𪦀𪦁𪦂𪦃𪦄𪦅𪦇𪦈𪦉𪦊𪦋𪦌𪦎𪦏𪦑𪦒𪦓𪦔𪦕𪦖𪦗𪦘𪦙𪦚𪦛𪦜𪦝𪦞𪦠𪦡𪦢𪦣𪦤𪦥𪦦𪦧𪦨𪦩𪦪𪦫𪦬𪦮𪦯𪦰𪦱𪦳𪦴𪦵𪧋𪧘𪧙𪧲𪧵𪭏𪮄𪱴𫀁𫁙𫌜𫌳𫑂𫒈𫖟𫗤𫘺𫙜𫝦𫝧𫝨𫝩𫝪𫝫𫝬𫝭𫝮𫥟𫨧𫨪𫫵𫰆𫰇𫰈𫰉𫰊𫰋𫰌𫰍𫰎𫰏𫰐𫰑𫰒𫰓𫰔𫰕𫰖𫰗𫰙𫰚𫰛𫰜𫰝𫰞𫰟𫰠𫰡𫰢𫰣𫰤𫰥𫰦𫰧𫰨𫰩𫰪𫰫𫰬𫰭𫰮𫰯𫰰𫰱𫰲𫰳𫰴𫰵𫰶𫰷𫰹𫰺𫰻𫰼𫰽𫰾𫰿𫱀𫱁𫱂𫱃𫱄𫱆𫱇𫱈𫱉𫱊𫱋𫱌𫱍𫱎𫱐𫱑𫱓𫱔𫱕𫱗𫱘𫱙𫱚𫱛𫱜𫱝𫱟𫱠𫱡𫱢𫱣𫱥𫱦𫱨𫱫𫱭𫱮𫱯𫱰𫱱𫱲𫱳𫱴𫱵𫱶𫱷𫱹𫱺𫱻𫱼𫱽𫱾𫱿𫲀𫲁𫲂𫲃𫲄𫲅𫲆𫲇𫲈𫲉𫲊𫲋𫲌𫲍𫲎𫲏𫲐𫲑𫲒𫲔𫲕𫲖𫲗𫲘𫲙𫲚𫲛𫲝𫲞𫲟𫲠𫳮𫶯𫷣𫹌𫾺𬢁𬷑𭂾𭅝𭑧𭑨𭑩𭑪𭑫𭑬𭑭𭑮𭑯𭑰𭑱𭑲𭑳𭑴𭑵𭑶𭑷𭑸𭑹𭑺𭑻𭑼𭑽𭑾𭒀𭒁𭒂𭒃𭒄𭒅𭒇𭒈𭒉𭒌𭒎𭒏𭒐𭒑𭒓𭒔𭒕𭒖𭒗𭒘𭒙𭒚𭒛𭒜𭒝𭒞𭒟𭒠𭒡𭒢𭒣𭒤𭒥𭒦𭒧𭒨𭒩𭒪𭒫𭒬𭒭𭒮𭒯𭒴𭒵𭚅𭤇𭤋𭴇𭶃𮍳𮓃𮡎𮰒𮰷𮰸𮰹𮰺𮰻𮰼𮰽𮰾𮰿𮱀𮱁𮱂𮱃𮱄𮱅𮱆𮱇𮱈𮱉𮱊𮱋𮱌𮱍𮱎𮱏𮱐𮱑𮱒𮱓𮱔𮱕𮱖𮱗𮱘𮱙𮱚𮱛𰋵𰋶𰋷𰋸𰋹𰋺𰋻𰋼𰋽𰋾𰋿𰌀𰌁𰌂𰌃𰌄𰌅𰌆𰌇𰌈𰌉𰌊𰌋𰌌𰌍𰌎𰌏𰌐𰌑𰌒𰌔𰌖𰌘𰌙𰌚𰌛𰐈𰣭𰣴𰿧𱙁𱙂𱙃𱙄𱙅𱙆𱙇𱙈𱙉𱙊𱙋𱙌𱙍𱙎𱙏𱙐𱙑𱙒𱙓𱙔𱙕𱙖𱙗𱙘𱙙𱙚𱙛𱙝𱙞𱙟𱙠𱙡𱙢𱙣𱙤𱙥𱙦𱙧𱙨𱙩𱙪𱙫𱙭𱙮𱙯𱙰𱙱𱙲𱙴𱦢𱨌𱻲𲈠𲛊𲛋𲛌𲛍𲛎𲛏𲛐𲛑𲛒𲛓𲛔𲛕𲛖𲛗𲛘𲛙𲛛𲛜𲛝𲛞𲛟𲛠𲛡𲛢𲛣𲛤𲛥𲛧𲛨𲛪𲛫𲛬𲛭𲛮𲛯𲛰𲛱𲛲𲛳𲛴𲛵𲛶𲛷𲛸𲛺𲛻𲠍𲡱𲽐
奴	㐐䋈伮努呶孥帑弩怒怓拏砮笯胬詉駑驽鴑𠪓𡰀𢂬𢃂𢫓𣭄𤔀𥅄𥑌𦬻𧉭𧘽𨥬𨾯𩛂𪏷𪗭𪗵𪥫𪥯𪺹𫅴𫛇𫧞𫱞𫱩𫷗𬆎𬖗𬺀𭩯𮂃𮛖𮞎𮩼𰛝𰣪𰭺𰵠𰼆𱙬𱲰𱸺𲋖𲛚𲭞𳃏
奶	𣐨𪺫𫇵𰌓
奷	𡜘𫰘
奸	𡋖𪥻𫰸𫱅𫱸𱞖
奻	姦葌𡘘𡘛𡝉𫌥𫳣𭒒
奼	䒲𮣭
好	䒵孬恏𠲡𡘏𡤟𥁨𪀮𪥸𪦟𫚻𫱪𬫓𭀿𭁮𭒊𭖝𭰕𰌗𰠣𰤘𱎭𱙜𱛧𲝚𲾟
如	㖲㾒䘫侞帤恕挐桇洳筎絮茹袽銣铷鴽𡄲𢘾𣭠𤈟𤥏𤯥𥆃𥙦𥞚𥹡𦀌𦓲𧊟𧧏𨚴𨦔𨾵𩂰𩣉𩴿𩶯𫛪𫱖𫼰𬍣𬷑𬼤𭄥𭚯𰌽𰧹𱇫𱒥𲕇𲨊𲫚
妄	侫𢙗𤥑𥿺𧊷𧧄𨦩𪦍𫱏𫱤𭇭𭾰𲰭
妅	姃姖
妍	𡌎𡜇
妑	𡝕𲛦
妒	媥𡝢𡞬𲛙
妙	𠴕𢭼𥭝𦯷𨁭𪝹𪴽𪶋𫁐𭚵𱹉𲷽
妟	䳛匽堰宴𡍿𣹐𦰇𧒛𨧉𩷑𪕤𪜿𪣚𫺍𬪀𭶐𰣭𰥤𱂙𱈪𲔲
妥	㞂㟎㱣㼏䅑䧌俀哸娞挼桵浽綏绥脮荽鋖鞖餒馁骽鮾鵎𡖲𢓰𢚶𢼻𣮄𤕇𧞥𨁡𩗔𩣧𩭏𩳕𪸯𫌽𬔞𬛠𬧗𮋪𮵲𰡾𰳿𱉻𱐛𱖰𱚺𲁝𲃍
妨	嫙𡡍𬜹
妬	𠊜𣔧𥯉𦲼𪥾𪦆𫱑𲛩
妮	𡌰𦲁
妹	𠵈𦳀𦾇𨨓𱧁
妻	㼮䃀凄啛悽捿棲淒緀萋褄郪霋鶈𠆜𠉯𠬎𦪱𧤳𨧬𨹷𨿩𩸸𪗍𪥼𫅆𫋂𫌿𬐢𰬢𱙳𱲾𱸀𱹊𲝟𲮋
妾	㢺䈉倿唼帹接椄淁翣菨踥霎鯜𡁕𡞘𢜡𣮍𤗈𥇒𥏡𥟣𥪵𥵳𦁉𦽚𧌃𧚪𧩕𧱙𧳛𨨧𪑗𫍭𫲨𮀨𮋵𮌟𰣴𲷌
姆	𦲝𫪰
始	㗠𠝔𡤓𡤔𤯯𦰯𪦲𰊀
姑	㑬㣨㴌媩菇𠵎𡟁𢯐𦁿𧍏𨐞𪂯𪦭𫱬𲌺
委	㢻㣦㮃㹻䅗䆧䍴䫋䬐䰀䴧倭唩婑崣捼涹瓾痿矮緌腇萎蜲覣諉诿踒躷逶錗餧魏鯘𡣉𡣢𡤍𡯵𡹜𡿆𢛊𣨙𤉦𥏶𥓔𥟿𥠨𥡉𥡭𥪍𦓽𨡌𨵋𩗯𩡊𫉛𫌂𫎂𫗪𬭗𭏯𭔨𮉫𮪭𮫢𰢟𱀚𱃜𳂈
姚	𢱐𳍨
姜	葁𠋄𠷩𡟜𡟿𡡭𣕞𤚖𤟲𥔣𦍯𦎛𨃇𨜰𨩍𩝅𩹖𱍴𲊚𲥆
姦	葌𡟗𡢹𩤦𫳣𭒋
姪	𭉐𱼒
姫	𩠯𭒆𲫷
姿	㾳𡤜𤦾𪦌𬢴𭒰𱧢
威	㙎喴媙崴揻楲縅葳蝛隇鰄𠋘𣸵𥔃𦞏𦩬𨜠𨩆𫶆𬕚𮞩𱞪𱢏
娃	㥨𣕁
娄	㥪䁖偻喽屡屦嵝搂数楼溇瘘窭篓缕耧蒌蝼褛镂髅𠎪𡞱𡢏𡢐𡦤𢖕𢖖𤋏𤠋𥹰𦝼𨍦𨩐𩔗𩨇𪢈𪣻𪧘𪩇𫃵𫍴𫎌𫏻𫐷𫙂𫦉𫫵𫲜𫷹𫻍𬉆𬌥𬖠𬞰𬞺𬟗𬟛𬸞𭳂𮄙𮡎𰋖𰌕𰏜𰐫𰖚𰙕𰚦𰢦𰭚𰰑𰴚𰵂𰶬𱁺𱆹𱈆𱈲𱋡𱰆𱴟𱾪𱿻𲃅𲄧𲋀𲒁𲪶𲭤
娑	䓾𣯌𣯢𨪍𭢃𱤇𲕼
娘	𦷄𬏒𭉻𰳕𲢔𳆦
娚	嫐嬲
娜	𦶦𭉺
娥	𠹷𡤝𦶥𫶏𬷭
娩	㛯婏嬎𡤳
娶	𧜱𲛨
婁	㜢㟺㡞㪹㺏㻲䄛䅹䝏䣚䫫䮫䱾僂嘍塿寠屢屨嶁廔慺摟數樓氀漊熡甊瘻瞜窶簍縷耬膢艛蔞螻褸謱貗軁遱鏤鞻髏鷜𠞭𡀿𡗆𡢺𡰌𡰍𡰓𢷱𢿘𣀟𣤋𣯫𣰟𤗬𤛠𤬏𥕍𦌁𦌑𦎹𧢃𧰃𧲕𧷡𨄜𨻻𩀮𩄽𩏝𩫰𩯁𪅛𪍣𪖹𬧻𭒰𭧖𮒢𰚆𱍿𱕎𱭌𲑛𲗏𲠿𲻗
婆	嘙蔢𡼃𪳪𫾀
婏	嬔𡤺
婪	漤𠼖𡡉𡣥𤹴𩔵𪧲𲺭
婴	嘤撄樱璎瘿缨鹦𪧀𪩎𫔉𫝭𫷾𬤚𮐨𰜳𰡢𰳗𱏆𲙴
媒	𠿃𥴘𬄪𬲞𲛹𲿸
媚	䉋𬛾
嫈	𡀘𡀼
嫌	𥽎𫅸𱱪
嫖	𡢱𡣋
嫩	𡁛𡽫𥶄𧀒𩠶𰳣𱱬𳀄
嫲	嬤嬷孊𡣥𲛺
嬰	䑍䙬䨉嚶孆孾巊廮攖櫻瀴瓔癭纓蘡蠳鸚𡓫𡾸𢖠𣤵𤜉𤣎𥌽𥐑𦦿𧮆𨟙𨰃𩖍𩽢𪈤𪝼𪼿𫋱𭒲𭺩
嬴	㜲䃷䑉䕦攍瀛籝𣟅𨯤𩇤𮴺
孌	𭒵𲫇
子	㜽㜾㜿㝀㝁㝂㝃㝅㝆㝈㞌㞨㤵㫗㲗㳺㺭䢊䦻䰵䳕乳享仔勐吇嗠囝好孔孕孖字存孙孚孛孜孝孞孟孠孡孢季孤孥学孧孨孩孪孫孭孮孯孲孳孴孶孷學孹孺孻孼孽孾孿屘搎斈斿杍李汓痵矷秄箰籽耔芓虸覎觃逰郛釨𠅝𠏫𠟉𠨯𠩞𠯂𠲚𠲡𡉗𡏸𡕕𡤽𡤾𡤿𡥀𡥁𡥂𡥃𡥄𡥅𡥆𡥇𡥈𡥊𡥋𡥌𡥍𡥎𡥏𡥐𡥑𡥒𡥓𡥔𡥕𡥖𡥗𡥘𡥙𡥚𡥛𡥝𡥟𡥠𡥡𡥢𡥣𡥤𡥥𡥦𡥧𡥩𡥪𡥫𡥬𡥮𡥯𡥰𡥱𡥲𡥳𡥴𡥵𡥶𡥷𡥺𡥻𡥼𡥽𡥾𡥿𡦁𡦃𡦅𡦇𡦈𡦉𡦊𡦋𡦌𡦍𡦎𡦐𡦑𡦒𡦓𡦕𡦖𡦗𡦘𡦜𡦞𡦠𡦢𡦣𡦤𡦦𡦩𡦫𡦮𡦯𡦰𡦴𡱬𡵇𡾤𢅁𢋶𢒒𢝼𢱙𢶛𢻯𢼪𢽌𢽑𣏍𣫌𣫮𣬥𤂆𤃑𤌨𤘅𤜭𤴳𤶿𥕪𥟆𥤪𥫞𦁝𦩧𦰁𦴎𦻚𦽆𧃯𧆰𧇧𧌕𧎍𧎤𧏄𧠾𧧿𧩽𧫂𧴯𧺙𧾅𨒓𨒣𨓎𨘋𨜸𨟣𨨃𨩘𨳕𨴫𨸀𨿚𩇊𩇫𩓖𩫃𩲇𪂮𪐣𪞐𪦶𪦷𪦸𪦹𪦺𪦻𪦼𪦽𪦾𪦿𪧀𪧁𪧂𪨔𪭋𪱿𪳧𪶖𪾎𫓦𫕃𫜠𫝗𫝯𫥱𫩇𫯂𫲡𫲢𫲣𫲤𫲥𫲦𫲧𫲨𫲩𫲪𫲫𫲭𫲮𫲯𫲱𫲲𫲴𫺀𫼑𬁣𬁪𬇻𬐫𬔸𬛧𬛪𬟚𬫓𬽊𭎈𭐓𭒶𭒷𭒸𭒹𭒺𭒻𭒼𭒽𭒾𭒿𭓀𭓁𭓂𭓃𭓄𭓅𭓇𭓈𭓉𭓊𭓋𭓌𭓍𭓎𭓏𭓐𭓑𭓒𭓔𭓕𭓗𭓘𭓛𭓜𭙒𭣲𭣾𭰕𭱰𭾝𮒶𮬪𮱝𮱡𮷫𰁵𰌜𰌝𰌞𰌟𰌠𰌡𰌢𰌣𰌤𰌥𰌦𰌧𰌨𰌩𰌪𰌫𰌬𰌭𰌯𰘆𰛶𰜎𰝼𰠗𰠽𰫙𱀂𱈬𱎭𱙵𱙶𱙷𱙸𱙹𱙻𱙼𱙽𱙿𱚀𱚁𱞀𱦂𱨈𱨛𱽸𲍟𲍷𲔹𲛼𲛽𲛾𲛿𲜀𲜁𲜅𲜈𲟇𲼚𳃝𳅄
孑	𠲚𥁂𥖒𥝔𥾌𨥂𪞐𰕳
孒	𢩯𧺐
孓	𢩴𬫬
孔	吼犼芤𡦀𡰼𡵾𢗵𢪬𣏺𤆺𥤾𥥅𦙥𧉔𩫂𪣂𫁎𬗆𭥛𮵌𰠬𱎧𱚄𱛒𱲍𲏑𲡟𳃉𳎪
孕	㚺䱆𠱆𡥸𡦆𡦔𡲪𢘩𢫡𤁛𥩯𥿱𨀊𨈯𨸳𫭧𫲬𬚕𭔤𱙺𱣌𱪹𲥙
孖	㝈孨孱𠟉𡥦𡥨𤂇𤸦𦩧𫩼𲓽𲼜
字	牸茡𡦂𡦙𡧖𡨸𡶻𣉬𣑑𥊐𦍺𧧕𪜸𪧚𪰿𫃣𫇊𫒛𫡉𫳘𫿰𬇤𭇬𭓆𭓖𭓙𭸇𮋩𮪃𱚂𲂯𲜑𲟾𲢣
存	侟拵栫洊珔臶荐袸銌𠱜𡜒𢂣𢙨𣆱𤈊𤞐𤶐𥞘𦛊𧋃𨀛𨒸𨚲𪣋𫑴𫭇𫲳𮘥𰄕𰓚𱛄𱹲𲇻𲜂𲟸𲰬𳍌
孙	狲荪逊𢙏𰓧
孚	㔜㟊㲗䞯䨗䱐䳕䴸乳俘哹嗠垺娐孵捊桴殍浮烰琈稃筟粰綒罦脬艀莩蜉郛酻鋢馟𡥭𡦄𡦢𢅁𢒒𣫃𣫌𣼔𤂆𤓽𤙤𤞲𤶖𥆬𥒫𥚀𥦘𦈴𦋄𦖀𧇧𧠾𨴫𨹴𨿚𩓖𩛞𩳎𪨁𪭐𪭒𫼍𫿴𬅦𬐕𬲺𭓅𭝂𭦊𭯏𭴮𮬻𰁑𰏅𰕊𰕪𰚜𰝌𰮪𱇲𱉺𱋗𲜃𲜄𲰞
孛	㛘㟑㪍㫲㶿㹀䪬侼勃哱悖挬桲浡綍脖荸誖郣鋍餑饽馞鵓鹁𠃱𡋯𢚦𢟥𣭷𤶽𥞳𥩾𥹸𦤣𦫛𧋢𧚆𨁝𩓐𩗓𩣡𩱚𩷚𪌰𪣽𫂀𫗈𬹇𭑓𭛂𭛫𮠫𰚘𰦼𰬘𰾀𱅓𱏎𱥗𲍠𲏣𲑉
孜	㤵𭪔𰱎
孝	㫴㭳㹲䓔侾哮宯庨教涍痚硣窙誟踍酵﨧𠭂𡌉𡦊𡦝𡦱𡦲𡦳𡦵𡷸𢭦𤉗𤥝𤽴𥆔𥺄𧱐𨛨𨴹𩩉𩱞𩳔𩷨𪊷𪵋𫔲𫰪𭜸𮶾𰌲𰍝𰳽𱈩𱙾𱳈𲵺
孟	䁅䓝掹猛艋蜢錳锰鯭𠗠𠵼𡝹𢛴𣓶𤗖𤦕𤷪𥺬𦁧𧩌𪹁𫙍𬈂𬧷𭩔𮃑𮠴𰖕𰬨𰮳𱎺𱰚𱸋𲂦𲜀𳋜𳌍
季	㑧㳵㻑悸痵鯚𠃷𡦧𡮒𡳜𢯗𦁳𧇯𬠓𬫥𭈛𭎰𰻭𱇺𱋛𱢋𲟇𲦑𲦔𲼑
孤	箛菰𡍢𡦶𢮩𣔞𦁣𦋆𦣮𧍆𨂗𨔌𩸰𪂮𪂲𪧄𪽵𫛈𭈦𲜆𲜇𳍀
学	敩𡥞𢽾𢾢𤊀𫽊𬾣𭓓𭓚𮛦𰉽𰌰𰱚𱊉
孨	僝孱孴潺𠊩𡦥𣹏𤸦𩹆𱓨𱔯𲓽𲼜𲿷
孩	𢱙𫫂
孫	愻搎槂猻蓀遜𠹀𡒐𢶛𣻆𥱖𦥊𧎤𧪾𨶉𫆮𫤅𫲰𬎄𭗅𰊘𰌮
孰	䃞塾熟𡙰𤍨𨄡𨶝𪜟
孱	㻵僝樼潺轏驏骣𠘈𠟉𢢁𢵔𥢨𦠳𨬖𩻣𪩖𫔏𰺞𱔯𲿷
孴	㵫𡣁𫨟
學	㙾㩭㰒㶅斅斆𠐮𡄆𡦰𡦸𢤾𤒎𤣌𥗙𧅷𨯰𪈔𫦾𭭗𭯄𱰁
孹	𡾤𢋶𮒶
孽	𠑦𡅲𡿒𢌎𪓈𰸹
宀	㗷㝉㝊㝋㝌㝍㝎㝏㝐㝑㝒㝓㝔㝕㝖㝗㝘㝙㝚㝛㝜㝝㝞㝠㝡㝢㝣㝤㝦㝨㝩㝪㝫㝭㝮㝯㝰㦥㩸㪡㬪㮫㲅㲾㺙㼠㼸䀂䀄䆓䗕䘆䙾䢇䤇䥌䧮䬒䮟叜嗐字宁宂它宄宅宆宇守安宊宋完宍宎宏宐宑宒宓宔宕宖宗官宙定宛宜宝实実宠审客宣室宥宦宧宨宩宪宫宬宭宮宯宰宱宲害宴宵家宷宸容宺宽宾宿寀寁寂寃寄寅密寈寉寊富寍寏寐寑寓寔寕寖寘寙寚寛寝寞察寠寡寢寣寤寥實寧審寪寫寬寭寮寯寰寲寳寴寵寷幰彮惌愙憲搳擯攇梥櫶瀗灾牢犗甯疉瞎磍穴縖藼蜜螛覾賓賔邊鎋靌額额鴧鵍鶷𠝠𠝬𠠙𠢆𠰡𠷪𠻕𠾰𡃂𡒆𡔂𡕶𡕹𡖢𡖷𡖸𡟲𡥜𡦺𡦻𡦼𡦽𡦾𡦿𡧀𡧁𡧂𡧃𡧄𡧅𡧇𡧈𡧉𡧊𡧋𡧌𡧍𡧎𡧏𡧐𡧑𡧒𡧓𡧔𡧕𡧖𡧗𡧘𡧙𡧚𡧛𡧜𡧝𡧞𡧟𡧠𡧡𡧣𡧤𡧥𡧦𡧧𡧨𡧩𡧪𡧬𡧭𡧮𡧯𡧰𡧱𡧳𡧵𡧶𡧷𡧸𡧺𡧻𡧽𡧾𡧿𡨀𡨁𡨂𡨃𡨄𡨅𡨇𡨈𡨉𡨊𡨍𡨎𡨏𡨐𡨒𡨓𡨔𡨕𡨖𡨗𡨘𡨚𡨛𡨜𡨞𡨟𡨠𡨡𡨢𡨣𡨤𡨥𡨦𡨧𡨨𡨩𡨫𡨬𡨭𡨯𡨰𡨱𡨲𡨳𡨴𡨵𡨶𡨷𡨻𡨼𡨽𡨾𡨿𡩀𡩁𡩂𡩃𡩄𡩅𡩇𡩈𡩉𡩊𡩌𡩍𡩏𡩐𡩑𡩒𡩓𡩔𡩕𡩖𡩗𡩘𡩙𡩚𡩜𡩝𡩟𡩡𡩢𡩣𡩤𡩥𡩦𡩧𡩨𡩪𡩫𡩭𡩮𡩯𡩳𡩴𡩵𡩶𡩷𡩸𡩹𡩺𡩻𡩼𡩾𡩿𡪀𡪂𡪃𡪅𡪈𡪉𡪊𡪋𡪌𡪍𡪎𡪐𡪑𡪒𡪓𡪔𡪕𡪗𡪘𡪚𡪜𡪝𡪞𡪟𡪠𡪡𡪢𡪣𡪤𡪥𡪦𡪧𡪨𡪩𡪪𡪫𡪬𡪭𡪯𡪰𡪱𡪲𡪳𡪵𡪹𡪺𡪼𡪽𡪾𡪿𡫀𡫁𡫂𡫃𡫆𡫈𡫉𡫊𡫋𡫌𡫎𡫏𡫐𡫓𡫕𡫖𡫗𡫘𡫙𡫚𡫛𡫜𡫝𡫞𡫟𡫠𡫡𡫢𡫣𡫤𡫥𡫧𡫩𡫬𡫭𡫮𡫯𡫰𡫱𡫳𡫴𡫵𡫷𡫾𡬀𡬁𡬅𡬆𡬎𡬏𡬔𡬕𡬘𡬛𡬜𡮞𢄆𢉹𢕋𢖘𢚠𢛬𢜇𢞐𢞩𢣼𢤑𢤪𢮘𢯱𢯴𢲻𢴕𢸹𢺔𢺦𢻜𢻟𢼊𢽉𢾏𢾐𣇆𣑄𣒐𣔱𣘔𣟯𣠣𣠦𣣟𣣶𣮬𣮸𣺑𣿟𣿻𤀿𤂼𤇵𤎟𤑖𤑧𤒝𤖡𤞮𤧺𤩷𤫖𤫞𤬽𤴁𤴋𤼂𥁗𥈃𥊁𥊉𥋜𥎆𥔉𥢃𥤤𥤨𥦨𥦮𥧐𥨈𥨡𥯾𥰶𦄎𦅜𦆥𦎱𦒨𦢽𦣙𦤬𦥉𦦼𦧮𦯕𦯥𦵤𦵯𦶴𦶺𦸤𦹎𦹦𦺋𦺌𦺧𦽛𦾖𧁸𧒡𧒧𧒫𧔂𧔃𧕝𧜮𧞼𧟕𧠽𧡧𧩮𧯆𧯜𧯳𧶉𧶼𧽔𧾨𨄒𨌊𨎜𨏥𨒆𨔎𨕦𨘄𨜛𨝢𨢠𨩵𨭧𨮄𨯶𨰔𨰦𨹕𩏓𩒂𩔜𩔧𩜯𩝛𩝩𩞜𩡔𩤩𩥌𩥥𩧻𩪃𩭕𩮃𩮝𩳼𩸪𩼧𪀥𪀱𪂦𪂸𪃭𪃾𪄋𪆕𪉼𪘋𪙏𪧆𪧇𪧈𪧉𪧊𪧋𪧌𪧍𪧎𪧏𪧐𪧑𪧒𪧓𪧕𪧖𪧗𪧘𪧙𪧛𪧜𪧝𪧞𪧟𪧢𪧣𪧤𪧥𪧧𪧨𪧩𪧪𪧫𪧬𪧭𪧮𪧯𪧲𪧳𪧴𪧵𪧶𪪣𪬅𪲩𪹀𪼖𪼨𪽱𫁊𫁒𫊀𫎄𫓃𫗛𫜧𫝰𫲵𫲶𫲷𫲸𫲹𫲺𫲻𫲼𫲽𫲾𫲿𫳀𫳁𫳃𫳄𫳅𫳆𫳇𫳈𫳉𫳊𫳋𫳌𫳍𫳎𫳏𫳐𫳑𫳒𫳔𫳕𫳖𫳗𫳙𫳚𫳛𫳜𫳝𫳞𫳟𫳠𫳣𫳤𫳥𫳦𫳧𫳨𫳩𫳪𫳫𫳭𫳮𫳯𫳰𫳱𫳳𫳴𫳷𫳸𫳺𫳻𫳼𫳽𫳿𫴀𫴁𫴂𫴄𫴅𫴆𫴈𫴉𫴊𫴌𫴍𫴎𫴏𫴒𫴔𫴕𫴖𫴗𫴘𫴜𫴝𫴟𫴠𫴡𫴣𫴤𫴥𫴦𫴧𫴨𫴪𫾞𬃋𬄔𬄖𬈿𬉄𬋎𬐞𬞊𬞸𬟗𬟛𬩪𬯠𬽶𬽸𬿺𭃰𭃸𭆷𭏳𭒲𭓞𭓟𭓠𭓡𭓢𭓣𭓤𭓥𭓦𭓧𭓨𭓩𭓪𭓫𭓬𭓭𭓮𭓯𭓰𭓱𭓲𭓳𭓴𭓵𭓶𭓷𭓸𭓹𭓺𭓻𭓼𭓽𭓾𭓿𭔀𭔁𭔂𭔃𭔄𭔅𭔆𭔉𭔋𭔌𭔍𭔎𭔐𭔑𭔓𭔔𭔕𭔖𭔗𭔙𭔚𭔜𭔝𭔟𭔡𭔢𭔣𭘻𭜰𭝜𭲨𭳪𭴠𭾅𭿜𮀳𮄼𮈠𮎕𮎸𮏎𮑐𮔉𮖊𮙐𮚪𮜞𮟡𮣉𮩋𮱞𮱟𮱠𰅄𰇭𰌳𰌴𰌵𰌶𰌷𰌸𰌹𰌺𰌻𰌼𰌽𰌿𰍀𰍂𰍃𰍄𰍅𰍆𰍇𰍈𰍊𰍋𰍌𰍍𰍏𰍓𰍔𰍕𰍖𰍗𰍘𰍙𰍜𰍞𰍟𰒣𰝴𰤪𰴉𰴳𰻬𰻻𱃉𱌣𱚃𱚄𱚅𱚆𱚇𱚈𱚉𱚊𱚋𱚌𱚎𱚏𱚐𱚒𱚔𱚕𱚗𱚘𱚙𱚚𱚜𱢽𱦬𱦿𱨺𱨽𱨾𱯰𱯱𱳌𱴣𱼡𲂛𲄮𲑟𲓘𲚢𲜉𲜊𲜋𲜌𲜍𲜏𲜐𲜔𲜕𲜖𲜗𲜘𲜜𲜝𲜡𲠋𲩉𲩧𲸗𲹔𲿣𳅇𳌉𳏽
宁	㤖㿾䇡䍆䘢佇咛坾宇拧柠泞狞眝竚紵羜聍苧詝貯𡧲𡨸𡨹𡨺𡪄𡪇𢁼𤆼𤕞𤱤𤲑𤴍𥹍𦂂𦈀𧉞𧵒𨀉𩶂𪥰𫛢𫦵𫳘𫴝𫹿𬍜𬑱𬬾𬱑𬲲𬷋𬷌𮀓𮁫𮫂𮷍𰌥𰚔𰣩𰰗𱊷𱺖𲂇𲜎𲞜
宂	䢇宂抭𠑺𠰽𡊫𡖢𡪮𣍥𣲽𤘺𧉡𧙇𨋠𨑈𨒆𨳻𪌡𪕎𪗴𮙩𱄗
它	㵃㸰㼠㾃䍫䙾䡐䪑䬁䴱佗咜坨岮拕柁沱炨砣紽舵蛇袉詑跎迱酡鉈铊陀駝驼鮀鴕鸵鼧𠤓𡖟𡛥𡧏𡩆𢏋𢘯𢼊𣅸𤝛𥄻𥙇𥞒𥡔𥬌𥹈𦚐𦧑𧣖𧹟𨈷𨫯𨳷𩉺𩎼𩒂𩨭𩲮𪂊𪗩𫍡𫜒𫟤𫤙𬧼𬲱𬶍𬹟𬹨𭈪𭘙𭹂𮨻𮬲𰑏𰙡𰬉𰶿𱐯𲉹𲓮𳂯
宄	𡧌𡧫𡫄𣲼𣸴𤝨𱀊
宅	㤞㭦䖳䤩䯔侘咤垞姹宒挓烢秺詫诧𤞌𤵾𥒈𥭌𨀸𨴥𨹏𩢵𩶱𩽽𪀥𫏫𬜭𬠺𬭈𭘝𭮏𭰓𭹋𮬸𰍣𲊮𲭟𲷴
宇	㘾䢓荢𠱶𡷎𣳿𧙶𧵴𨦦𪻝𪾩𫁢𫢝𬐞𬗒𬹷𭴟𮲠𰗤𱙓𱱔𳎴
守	㑏䢘垨狩酧𠃿𠱔𡨌𡨹𡨺𢚍𢬇𣑋𤈁𤕠𥍄𥩽𥿾𧵤𧵿𩊦𪧚𪧡𫒙𫰦𬕀𭧗𰑚𰥡𱽦𲁎𲜑𲜓
安	㝧㫨䀂䅁䢿䯃侒咹垵姲峖按晏案桉氨洝胺荌銨铵鞌鞍頞鮟鴳𠡓𡁊𡋅𡖨𡝷𡠺𡩛𡪙𡪸𤇼𤑁𤕀𤥃𥅥𥒇𥙔𥞬𥼿𥿽𦀀𦛅𦾄𧊹𧵨𨊊𨋴𨴣𨶁𨾶𩛖𩣑𩽾𪫲𪳃𫃀𫎼𫗒𫛩𫣃𫳣𫵻𬆘𬏪𬢨𭒊𭒱𭴣𮍳𮗉𮨪𮪂𮱷𰀘𰍚𰍠𰍮𰖷𰝡𰴴𱂨𱤊𱭛𲳝𳅔𳉀𳑚
宊	涋𡪱
宋	㧲䊉䫅俕浨筞𠳼𡜻𢚗𢚠𤥤𥒬𦯕𧱍𨠼𫋀𫶀𬴪𭎥𰗮𰫧𰴺𲮇𳋬
完	㛡䖾䯘䴷俒唍垸捖晥梡浣烷琓皖睆筦綄羦脘莞輐鋎院鯇鲩鵍𡤁𡫅𡷗𢕋𤍘𤞵𤠴𥹳𦶲𧚁𧨎𧶉𨁚𨠻𨵄𩳚𪫻𪺗𫀏𫀶𬏉𬒑𬘫𬹉𭏐𮋲𮚉𰍁𰍑𰶜𰺇𱍝𲭖𲱝
宍	㝔𤪓
宎	𧠽𬾔
宏	㙆峵浤硡竤綋翝鋐𠴈𣍱𤈻𤥠𥏕𦕹𧡃𨌆𨴵𩓘𪰧𫟄𫢦𫧲𫭊𬭎𬷚𭚴𮙎𮹈𰑤𱣢𲂙𲍺
宐	㬪疉𡪀𤴁𧧼𨌊
宓	䀄䁇密寗淧蜜𡨑𡩎𡪆𡪖𡫹𢛬𧓫𧶡𩈰𪂁𪧟𪧠𫝱𫳡𫾌𭶋𭷩𳌋𳏉
宕	菪趤𡇵𡨮𥒳𨧩𪬅𮛬𲾸
宖	𫒮𱦽
宗	䑸䝋倧婃孮崇崈徖悰棕淙猔琮碂粽綜综腙萗誴賨賩踪錝騌骔鬃鯮鶎𠵻𡨫𡩰𡳓𡸶𡼦𡽿𢃏𢧼𢮱𣇼𣦅𣮤𣰤𤉳𤙷𥚎𥚢𥟡𥪗𥮵𧹆𨛱𨲇𩥷𪎏𪞥𪷯𫐱𫓽𫟡𫮁𬦓𬴚𭝛𰅘𰋕𰚠𰷥𱇾𱵸𲜒𳑆
官	䗆䘾䠉䦡䩪倌婠悹悺捾棺涫琯痯管綰绾舘菅輨逭錧館馆𠴨𡬮𢃙𢉂𢣉𣨭𥟓𦜐𨐝𨐽𨜌𩈬𩭵𩸘𪣬𫐑𬷡𭀲𭓚𮀩𮮛𰌰𰍛𰨉𰾒𱢍
宙	𡧹𥇻𦁖𫈛𱣯𲅣
定	㱨䘺䧑啶埞婝掟椗淀琔碇綻绽聢腚萣蝊諚錠锭靛顁𠉵𠗞𡹦𢏹𢛸𢺫𣎡𤊟𥇓𥋫𥟐𥸟𦩘𧄌𨂌𩜦𩠆𩸎𪏉𪯻𫐲𬓆𬕖𬖣𬱫𭦤𮩪𰍎𱼟𲝫𲳂𲵬
宛	㱧䑱䗕䘼䛷䝹䡝䩊䩩䯛䵫倇剜啘埦婉帵惋惌捥晼椀涴焥琬畹睕碗箢綩腕菀蜿豌踠鋺鵷鹓黦𡫦𡮄𡸥𢏿𢮘𣫼𤗍𤟊𤷧𤾂𥟶𥺹𧯳𨉝𨺋𩈱𩎺𩜌𩣵𩧻𩸩𩸪𪂦𪂧𪂭𪋅𫾊𬓅𬳞𬶝𭾅𮨯𰺑
宜	㜼䣾䴑椬疊竩萓誼谊𠁇𠊙𠐅𠒩𠵌𡝮𡨋𡩶𡬐𡹠𢯕𣈍𣦍𣨩𣶺𤊃𤦌𥺥𦈅𦖑𨌵𨛯𩈭𩓧𩤒𩸨𪘲𪢢𪣯𪬃𫦄𫳲𬁁𬆄𬓇𬗦𬺌𬿠𭓍𭔇𭔈𭔒𭩕𭻰𭻵𮅞𮗗𰃓𰞶𰳈𱁣𱘨𱚑𱻅𲊀𲜙𲜚𲵎𲹲𳇭
宝	𡝬𡬏𣷂𨉗𫒭𬃏𬝄𮎓𮦚𮵶𱯄𲈉
实	𰖓𱓐𲃭
审	㻘婶渖谉𭡜𰎀𰗵𰧊𱐳𱚨
客	㟯䘔喀愘愙揢楁碦髂𡫥𡫲𡬚𡺀𣣟𥚰𥠑𥰋𥻞𦂦𦝣𦴦𨂥𨍇𩋽𩭽𩹃𪘺𪻽𫋍𫒴𫟭𬾼𭃺𮘨𱑫𱟖𱧠𲙪𲛟𲮝𳄹
宣	䙋䳦喧塇媗愃揎暄楦渲煊瑄睻碹箮縇翧萱蝖諠鍹鰚𠊿𠝳𡪏𡺟𤚗𤟿𤠊𤸧𦋠𦝻𧡢𧤎𩀈𩋢𩏆𩘒𩝑𩤡𪃗𫕍𬤎𬧂𬳇𮋌𱄨𲈎
室	㗌榁腟鰘𠋤𡹭𢯶𧍱𨘲𩋡𬄰𮏧𮵞𮷂𰙱
宥	𰟃𱶗
宦	𠋪𫐸𮅬𱱛𲛠
宩	㛽𦴕𪧘𫳢𱧡
宪	𡬃𫷉𬃫𮳏𱿹
宫	㴦䃔熍𠹒𢞏𢾮𣪯𤹜𦞨𦵡𧎡𨜳𩘎𩼵𫳓𲜁𲝵𲯯
宮	㴦䃔熍𠹒𢞏𢾮𣪯𤹜𦞨𦵡𧎡𨜳𩘎𫱜𱚍𲐐
宰	㱰䏁䔂䮨榟滓縡𠹼𡩁𡪔𢟓𢲟𣪮𤌊𥻮𦞤𧪹𨫃𩝪𪹞𮃟𰥻𰬴𱯙𲮭
害	㝬㪡㮫㲅割嗐搳犗瞎磍縖螛豁轄辖鎋鶷𠢆𡟲𡫲𡫴𡮞𢞐𢞩𢻜𣣶𥎆𥢫𥰶𦎱𦟈𦤬𦧮𦵯𧜅𧯆𨝃𩏓𩝛𩡔𩥌𩪃𩮝𪙏𫜯𫬭𫳶𫴓𫴙𬘻𬣁𬭪𭐋𭔛𭔠𰃫𰿿𱁼𱊟𱘈𱢜𲜛𲩵𲭉𲮫
宴	𠻈𡏉𡪻𥉛𦞷𦶳𮭍𲎠𲩳𲿑
宵	𱌢𱠨
家	傢嫁幏榢稼糘鎵镓𠺢𡑫𢔻𢜿𣺊𤂼𤒝𤨎𦃲𪿭𫋕𬷬𭛊𮐃𮞼𮳵𱙿𱩟𲢏𲮪
宷	審𡩨𡩭𡪃𭔎𲠼
容	㮤㼸䈶䡥傛塎嫆嵱彮愹搈榕溶熔瑢穃蓉褣鎔镕鰫𠹍𣘏𣤄𣫾𣯔𦗋𦞳𧯉𨉷𨤛𨲟𩔜𩘨𩘪𩮠𪃾𪠮𪬛𪿮𫃻𫍇𫚦𫯈𫶎𬁎𬠣𬲄𮟣𮶅𰍢𰝦𲂛𲜟𳈧𳋡
宼	𦸅𪄓
宽	髋𣎑𮸠𱚛𲙻
宾	㺍傧嫔摈槟殡滨瑸缤膑镔髌鬓𧏖𪬚𪾸𫅭𬇄𬝯𮲨𮹀𰈚𰚬𰫉𱂸𱅤
宿	㜚㴼䈹䑿摍樎縮缩蓿蹜鏥𠍊𡪴𢳔𣩐𤛝𥀝𥕯𥼍𦟱𧐴𨟨𨢲𨣡𩐼𩘰𩥿𪩻𫔊𫫠𫺿𲯴𳍹
寀	𭏧𮉁
寁	𢐛𨖋
寂	漃𢠭𫴇𬿟𱚖𲥩
寃	䥉𮐵
寄	㨳槣𡏾𢕗𤨥𥊘𦗞𦪌𨄾𪝣𫶓𫻀𬬄𮈽𱔓𱙪𱶠𲞬
寅	㪦夤戭殥演璌瞚縯蔩螾鏔𠻤𡐔𡫫𢄨𢴍𣊇𣘹𥳄𦟘𨄻𪝤𪫂𪬦𪱄𫖚𫳾𫴃𬍅𬒞𬙂𬚈𬭰𮉍𮍀𮘵𰨒𱀯𱙫
密	㑻㨸䈼䌏嘧樒滵蔤鿹𡫨𢹫𥉴𦟽𧷦𪅮𪾺𫆴𫳹𫴚𬖵𬮒𬰢𬵨𭄋𭄌𭒛𭗏𮴰𰋘𰨷𰻺𱚓𱺫𲇟𲨨𲪍𲿢
寇	䳹滱簆蔻𢠠𫅟
寉	㝦㩁寯𣙜𦤤𪩐𭔓𮱠𱚐
寋	𠎾𠽱𡼌𢶊𧝱𧬯𨭙𨼭𰶋
富	䒇䔰𠾙𡡩𡬂𢠲𣎬𧬙𨬬𩍏𩯅𪆠𪧰𪷛𫙻𫣡𬁗𬋋𱯧𲚉
寍	寜寧𡩬𡫇𣾈𦺝𰌖
寒	㒏㩃𠘗𡫶𡬜𢢈𣽬𦺦𧑚𩍎𩦊𪧱𪳶𫟂𫴐𬋸𭊻𲒛
寓	䴁𠿄𡪾𣛡𪿀𫑈𫾆𮠈
寔	㵓𠽰𰫒𰽋𱗿
寕	𦗰𭄑
寗	𣜏𤀑
寘	𡒆𡽆𮣉
寛	𡣚𬞸𭳈𰟲𰯦
寞	𡫌𭳉
察	䃰䕓嚓擦檫聺鑔镲𢣼𥌀𥽕𧞍𧭂𨆾𩉐𩟔𩴳𪹾𫟗𬩲𬰓𬿺𱘑𱘢𲪟𲯆
寡	𠏶𭄖𱴾
寥	㵳𩼶𫚬𱕐
實	𡁃𤁂𧁐𪴎𫍒𮩱𱘏𳏺
寧	㣷㲰䗿䭢儜嚀嬣懧擰檸濘獰矃聹薴鑏鬡鸋𡫸𡬗𤘓𤪥𤻝𤾱𥣗𦆭𦡲𧭈𧰗𨊓𨲸𩁔𩕳𫍾𫴞𭔞𭔤𭔥𭔦𭔨𭟋𮄽𮚫𰍡𰚴
寨	㩟𩠵𲸡
審	㔤㰂嬸瀋覾讅𡂹𢸙𣠒𤪺𥣳𧀯𧺀𧺁𪬺𫇍𮆳𰃀𰖸𰼖𱁨𱡉𱤴𱳗𱵁𲄎𲶱𲷣𳀉
寫	䥱瀉藛𡃂𣞐𥖽𥶘𧓺𧭠𧸹𧸿𭀄
寬	臗鑧髖𡂷𡒵𡬘𢸎𣟂𦆼𦒨𦪻𫣷𰍤𲜞
寮	屪曢爎藔𠐟𠠙𡣲𢸘𤖡𤢸𥌢𥶣𧸴𨯈𨽒𩟩𪤮𪴔𪷷𲗣𲸧
寰	𤃆𪼮𳇜
寳	靌𡤧𢺔𤫞𨰦
寵	𠑙𡬈𨰧𰝳
寶	䴐軉𦈆𧅤𨰰𩇉𪴥𫘄𬎞
寸	㝴㝵㝶㝷㫭㯹㵱㷉䒭䓁䔿䖞䙷䙸䢆䢇䦙䰊付傉傠刌吋囀団埓埘塮塼夺奪守对寺寻导寽対寿尀封専尃射尅將專尉尊尋尌對導屗庤忖搙时村槈欝溽澊澍爵疛痔皭穱等籿紂纣缛耐耨肘蒪蓐蓴衬褥討讨辱过鄏酎鎒麝𠐆𠐫𠖁𠖌𠙝𠟃𠢑𠣵𠷻𡎃𡏌𡏷𡔺𡚞𡣋𡨎𡨙𡬞𡬟𡬠𡬡𡬢𡬣𡬤𡬥𡬦𡬧𡬨𡬩𡬪𡬫𡬬𡬭𡬮𡬯𡬱𡬲𡬴𡬵𡬶𡬷𡬹𡬺𡬻𡬼𡬽𡬾𡬿𡭀𡭁𡭄𡭅𡭆𡭈𡭊𡭌𡭎𡭏𡭑𡭒𡭓𡭫𢁜𢔨𢞯𢟹𢠍𢥓𢩭𢰊𢰐𢰙𢱹𢲌𢷋𢾯𣁻𣎟𣑓𣑗𣑣𣝣𣟑𣟜𣡫𣡸𣯋𤀯𤅪𤔺𤚾𤛀𤜮𤮐𤰥𤳚𤴋𤴎𤷙𤸵𤹵𤿃𥃷𥆴𥊭𥘑𥛑𥟳𥩸𦅛𦆝𦉤𦍸𦎆𦏽𦔘𦞹𦢸𦥘𧏯𧘄𧛼𧲣𧴫𧺘𧻐𧽘𨃽𨄔𨊭𨑈𨒻𨘚𨙯𨝻𨟌𨥇𨮬𨵏𩅂𩈃𩍌𩦾𩯄𩰨𩰩𩱨𩲅𩳨𩺎𪡮𪤳𪧷𪧹𪧺𪧼𪩙𪭺𪶄𪹅𫏀𫪅𫯕𫴯𫴰𫴴𫵛𫷦𬁟𬂝𬅏𬅜𬉪𬉴𬌽𬑺𬢾𬶾𬷨𬾦𭁺𭌴𭍓𭔩𭔪𭔫𭔭𭔮𭔯𭔰𭔱𭔲𭔴𭔵𭔶𭔷𭔸𭔹𭔺𭔻𭔼𭔽𭔾𭔿𭕀𭕁𭕂𭟅𭠯𭤈𭥸𭱈𭱔𭳭𭹝𮄧𮐦𮒋𮖸𮙮𮛮𮜊𮜔𮜢𮣒𮣓𮦵𮮿𰗨𰚩𰛇𰛋𰜓𰠶𰱫𰹗𱆠𱍧𱑭𱒰𱓗𱚝𱚞𱚟𱚠𱚡𱚢𱚱𱦹𱧸𱫞𱬞𱬾𱭆𱭇𱭾𱽍𱾤𲀣𲃩𲇈𲌥𲌦𲎁𲗡𲜠𲜣𲜤𲜥𳄀
对	㳔怼树𢫊𫢘𫵹𬀮𰖞𰦲𰰱𰳸𰺃𱁒𱆫𲍍
寺	㫭㭙䓁䝰䦙侍塒峙庤待恃持時榯歭洔溡特畤痔秲等詩诗跱邿鼭𠗭𠱾𠺮𡀗𢔽𣊒𣻞𤨅𥩳𥮻𥹩𦱰𧠴𨃯𨫉𩶬𪀔𪕵𪗺𪧸𪮛𪰛𪿚𫅌𫊵𫴶𫸺𭉪𭎒𭝿𭷅𮥂𰂛𰍥𲅪𲜧𲩯𲿌
寻	㖊彟挦桪浔荨鲟𪧾𫊻𫞅𫭯𫴭𫴱𫴲𫴳𫴵𫴷𬊈𬍤𬩽𰂃𰍦𰕁𱞕𱳾𱷽𱹳𲟛𳃒
寽	㭩㲕㸹㽟䟹䮑哷埒埓墏将將捋摪浖脟虢蛶酹鋝锊頱𠜖𡁷𡢙𢚃𣁷𣁻𣨅𤂅𤖛𤞙𤴠𥭐𥹽𦎆𦛷𧇛𧭣𨿐𩛝𩳡𪌳𪑋𪘤𬪃𭝹𭵲𭹑𰚛𱛭𲫡𲳣𳐰
対	𠲝𢇉𢙪𢬭𣋇𧻐𨒻𩛜𪫼𪶊𫴬𬁏𬗔𬩛𱑪𲃪𲫥𳄸𳍗
寿	㤽䓓俦帱梼涛焘畴祷筹诪踌鋳铸陦𢭏𤽯𥺅𦀳𩗡𩙧𩾂𪫷𪺣𪿞𫜷𫝩𫝵𫾳𬊍𬢪𬸍𭎜𭠸𮎍𮜶𮵧𰡽𰭣𱆛𱒦𲆭𲮂
封	㜂㨍䋽堼崶幇幫湗犎篈葑鞤𠪆𡎈𥀂𦂌𧛜𨩥𩋮𪦇𫹚𭡞𮫍𰬭𰿣𱌟𲉂𲳰
専	尃𫝊𭙥𭤅𮑼𱧈
尃	㗘㙛㬍䍸䎔䗚䙏䪙䰊䶈傅博圑愽搏榑溥煿牔猼磗禣簿糐縛缚膊蒪薄賻赙鎛镈餺馎髆𠣵𠪻𠽢𢾭𣄎𣟔𣽡𤚽𤧵𤸵𥠵𦉊𦑵𦔍𦦐𧱹𧳵𨍭𩌏𩫯𩹲𪍡𪙍𪠑𪩉𫓆𫘒𫼁𬧅𬺏𭕶𭘰𭧧𭺼𮑺𮥕𱙠𱸪𲄩
射	㓔㴬塮榭謝谢麝𡭉𢲌𤚑𤠭𥛖𥩄𥱈𧎭𧛼𩘧𪧻𪿎𫷺𬙥𬮏𬳢𭵪𲊙𲘆𲵣𳆡
将	奨蒋螀醤锵鳉𡺃𨪙𫦋𫽣𬌒𬧀𮔬𰊈
將	㢡㯍䉃䊢䒂䵁䵼墏奬嶈摪槳漿獎蔣螿蹡醬鏘鱂𠅵𡑶𣩗𤍵𤖛𤨿𤴠𥷃𧽩𨄚𨫥𩝫𩝴𩞟𩱑𪙝𪤖𫌏𫦔𫳻𬦞𭊟𭒝𭲎𮠿𰎲𱽁
專	䁣䊜䧠傳剸囀團塼嫥慱摶暷槫漙瑼甎磚竱篿縳膞蓴轉鄟鏄鱄鷒𡤛𡦕𡭇𡭍𡭐𢞯𣩘𤍿𤮍𤹵𥛥𥡵𥶸𦄯𧐕𧽢𨄔𨖇𩅂𩘯𪅘𪩍𪫖𫧤𭉾𭕃𭷰𮁗𮪴𱈐𲋿𲸸
尉	䲁墛嶎慰熨犚罻蔚螱褽霨鳚𢠢𢲴𣂊𣡇𣻷𤛌𥳀𦌍𧐇𧕈𨄯𩡛𩻍𭲐𭵻𮊘𮴮𰘤𰧠𲖗𲱭
尊	䔿僔噂墫壿嶟撙樽澊燇竴繜罇譐蹲遵鐏鱒鳟鷷𠟃𠥙𢕰𣞊𣦝𤮐𥊭𥖁𥢎𥳰𦪚𧒆𨱔𩯄𫆸𫑼𫜄𫱵𬛘𬤢𬲝𭞵𭹼𮟡𰬺𱀵𲮺𳍂
尋	㜦䫮噚彠憳撏攳樳潯燖璕蕁蟳襑鄩鐞鱘𠎅𠟢𡑎𡼢𢒫𢿼𣎟𤛧𥖇𥢛𥳍𦅀𦠅𧂇𧂗𧫿𨼔𪿃𲜦𲴸𳋥
尌	㕑廚樹澍躕𠾢𧔋𨅒𪧽𫋚𫓄𫥙
對	㠚㦠㬣䨴嚉懟濧薱襨譵轛鑆𠏮𡁨𡽵𢷮𣌒𣝉𤻫𥵢𦆹𦡷𨆷𨘗𨮝𩟡𩼷𩼸𪒶𬥫𲊑
小	㕘㕾㝸㡀㣎㣺㫆㭂䇣䌘䒕䒬䕥䚱䭧亦亰仦半厼変夵奈奕孙孪寳尐少尒尓尔尕尖尗尘尙尛尜尞峦帟平弈弊弯徽恋您惄愫愿懸戚掌撆斎栾歳毜滿潔爾狲省県眔督示祡糸系縣縻肖脔苶茮虌虩蛮螫裻覍賞赤蹵迹逊遼釥銮錖鐅隙雀鷲黹齋𠀚𠃝𠆃𠇡𠇵𠈒𠈤𠋓𠋜𠋰𠋾𠌀𠔗𠕘𠕚𠕬𠗑𠚡𠛴𠟥𠣧𠪌𠬆𠭦𠷼𠻏𡆧𡖀𡘥𡘴𡙚𡙩𡙪𡙼𡜈𡜛𡝡𡣯𡦾𡭕𡭗𡭘𡭙𡭚𡭛𡭜𡭝𡭞𡭟𡭡𡭢𡭣𡭤𡭦𡭧𡭨𡭩𡭪𡭫𡭬𡭭𡭮𡭯𡭰𡭳𡭴𡭷𡭻𡭼𡭽𡭾𡮁𡮂𡮄𡮅𡮆𡮇𡮈𡮉𡮊𡮋𡮌𡮍𡮐𡮒𡮔𡮖𡮙𡮚𡮛𡮜𡮡𡮣𡮤𡮥𡮨𡮪𡮫𡮬𡮭𡮮𡮰𡮲𡮷𡮸𡮺𡮽𡮾𡯀𡰔𡱵𡶿𡻼𡽪𢊓𢊻𢋿𢏸𢐐𢑐𢑛𢒦𢒭𢒴𢖹𢖿𢙭𢦢𢫐𢮬𢺊𢽮𢾰𢿔𢿹𣀎𣁂𣃥𣅱𣇚𣇢𣌢𣍺𣚪𣧖𣧢𣫶𣭬𣱊𣲡𣴒𣷖𣿻𤕨𤚂𤚈𤟏𤥥𤶔𤶤𤸨𤽄𥃻𥍙𥎜𥏟𥓍𥘱𥙍𥚌𥛠𥛴𥜷𥟬𥢣𥣀𥷛𥺤𥾗𦀥𦁥𦆮𦇂𦗥𦚍𦝵𦩇𦭅𦯝𦴃𦻍𦽗𧀍𧁡𧇝𧈒𧈨𧌽𧐬𧔞𧗰𧝉𧢍𧱮𧴪𧵁𧸁𧸣𧹘𧽽𨀶𨂅𨈓𨈼𨌩𨏅𨖚𨘩𨚸𨛧𨫜𨬚𨲄𨲼𨳒𨺀𩀙𩀻𩁪𩁳𩍲𩔿𩡥𩬽𩯊𩰼𩲚𩴤𩵖𩸛𩾟𪈉𪈍𪔀𪙅𪧛𪧿𪨀𪨁𪨂𪨃𪨅𪨤𪭁𪱾𪶺𫀂𫁇𫇾𫡓𫭒𫭚𫴸𫴹𫴺𫴼𫴾𫴿𫵀𫵄𫵈𫵋𫵍𫵖𬃎𬖬𬚙𬩪𬯍𭐗𭕅𭕇𭕉𭕊𭕌𭚤𭟸𭣂𭣎𭤕𭫦𭬅𭻂𮂖𮆚𮈓𮑿𮓫𮘐𮞘𮤭𮧎𮨙𮩗𮮑𮱡𮱢𮴁𰂍𰂫𰍆𰍩𰍪𰍫𰏘𰓧𰕯𰚄𰢇𰣎𰮃𰮨𰰊𰴳𰸓𰹜𰼉𰽛𱀕𱀫𱄢𱄦𱊿𱌞𱒃𱚤𱚥𱚦𱚨𱚩𱜱𱝅𱟪𱥆𱦫𱧊𱧰𱧸𱫽𱫿𱭆𱰞𱲨𲃕𲅌𲊂𲏈𲔏𲛍𲜪𲜫𲜬𲜰𲞅𲠍𲸃𲻶𳁜
尐	𠯙𢪍𣧖𣲡𧉍
少	㝹㝺㝻㠺㣎䏚䒚䔋䖢䟞䩖䯯䲵仯劣吵妙尟尠抄杪歩歲毟沙渺炒玅省眇砂秒竗粆紗纱耖觘訬賓赻鈔钞隲魦麨𠀰𠃣𠋝𠘔𠚺𠫴𠴕𡂌𡭝𡭟𡭣𡭥𡭱𡭲𡭸𡭹𡭺𡭼𡭽𡮀𡮂𡮏𡮑𡮓𡮗𡮘𡮞𡮦𡮩𡮯𡮳𡮴𡮹𡮻𡮼𡮿𡵯𢆷𢆽𢒮𢕱𢬰𢰜𣌤𣌱𣐣𣒹𣜮𣢒𣲦𣸌𣺌𣺟𣻖𣻾𤎤𤤉𤥮𤰬𤵌𥅷𥘤𥘷𥬃𥳦𥻠𦐶𦕈𦕉𦙧𦨖𧘡𧵁𨈘𨖸𨙹𨚈𨚒𨤢𨨚𨮽𩖥𩚙𩡾𩨡𩲎𩲿𩵮𩸌𪍉𪍋𪎊𪨄𪨆𪲦𪶋𪿉𫀾𫐽𫚌𫢡𫣪𫱧𫴻𫵊𫷲𫹶𬁀𬂸𬆠𬌜𬕓𬝃𬞎𭁧𭎇𭒈𭻂𮋢𮙃𮙷𮤰𮤻𮫝𮬇𰄲𰍬𰢫𰰦𰱰𰵏𱀑𱖊𱚣𱚪𱚫𱚳𱛪𱡱𱥆𱧸𱹆𱹉𲅲𲉫𲏍𲜨𲜩𲜭𲜮𲩟𲩻𳆐
尒	㕘㚷㫆䇣伱尒翏苶鉩𠋓𠞙𠞨𠢜𠬓𠰒𡊒𢏏𢟺𣐐𣧠𣳅𤝝𤵲𤹭𥑒𥙄𥟖𥡁𧦜𨀀𨋏𨒛𨱯𩒀𩒈𩢜𩬯𩰐𪂘𪐳𭄔𭊵𭕋𭹀𮘸𮙾𮚶𮮑𰢇𱁌𱃍𱈹𱋵𱨤𲂠𲑘
尓	㳽䑐䟢弥狝珎祢称袮覙迩𠰚𠵸𣃥𣆋𣧢𤱏𤵜𥿜𦕗𦙳𦬼𧧂𧵉𩚸𩜖𩬘𰳉
尔	㳽䂧䑐䟢你妳弥沵狝玺珎祢称覙趂迩鉨鿟鿭𠒤𠰚𠵸𡊑𡢜𡮠𢘝𢘞𣍨𣧢𤵜𤶤𥅘𥙧𥬞𥭫𦍴𦬼𦵖𧉰𧤆𧦽𧵉𨋎𨤧𨤰𨳴𩜖𩬘𩲪𩶗𩿥𪭧𪮭𪱾𪸞𫂼𫊱𫌨𫐪𫒂𫵇𬏂𮷯𱖚𱚧𲇁𲍰𲐇𲜱𲯼𲻒𳑒
尕	𰮚𲳖
尖	尜𡙑𡙚𡮸𢬅𣑷𣴒𥧤𥭍𫵉𭹈𮠦𮷒𰃘𰔗𰪷𰼨𱒜𱘰𱚬𱲱𲝖
尗	㑐䦊叔惄戚敊茮裻錖鮛𠈒𠩏𠱙𡜔𡧯𡬧𡮧𡻷𢙤𢻃𣐹𣢰𤟏𥺤𦸗𧠪𧡕𧧌𨀚𩐡𩒛𪀖𫛧𬫐𭣬𰐹𰔁𰛧𰟬𰩊𱇨
尘	𬪛𱖚𱛣
尙	㫾㭻㲂䊑䠀䣊倘埫徜惝敞淌趟躺鋿鞝𢮐𤙽𤷛𤿼𦫢𦰱𧩡𨌩𨜂𩅌𩗵𩜋𪁺𫙥𬡾𬴬𭉢𭯝𮞢𰕋𱑸
尚	㫾㭻㲂䊑䠀䣊倘埫徜惝敞淌緔绱耥趟躺鋿鞝𠶤𡞀𡮵𡮶𢉒𢌏𢢌𢮐𢸋𢻒𣀴𣎃𣦎𣮜𤙽𤷛𤿼𥊢𥊣𥓡𦫢𦰱𧝟𧩡𨌩𨜂𨿰𩅌𩗵𩜋𪁺𪟶𪽄𫖦𫨋𫱪𫻹𬆅𬓮𬕒𭝒𮨏𱍙𱿫𲈆𲋧𲛔𲥟𲮏𲯡𲱺𳅙
尝	偿鲿𰈇
尞	㙩㞠䜍䝤䨅䩍䭜僚嘹嫽寮嶚嶛憭撩暸橑潦燎爒獠璙療瞭竂簝繚缭膫蟟蹽轑遼鐐镣镽飉鷯鹩𠠙𢄷𢻢𢿞𣩢𤖡𥕴𥛰𦌒𦪕𦼔𧄈𧈏𧝜𧰉𧽽𨝷𨝼𨣀𩕐𩙂𩦚𩪚𩯊𩴤𩻻𫕔𫹣𫿿𬋘𬟖𬤟𬲅𬴉𰺛𱜜𱝊
尢	㔫㝼㝽㝾㝿㞀㞁㞂㞄㞅㞆㞇㞈㞉㞊兂尤尥尨尪尬尮尯尰尲尳尴尵尷无旡芜龙𠒔𠛦𡋰𡧞𡯃𡯄𡯆𡯇𡯈𡯉𡯋𡯌𡯍𡯎𡯏𡯐𡯔𡯕𡯖𡯘𡯙𡯜𡯞𡯡𡯢𡯣𡯤𡯥𡯦𡯨𡯩𡯪𡯬𡯭𡯰𡯳𡯴𡯵𡯹𡯺𡯻𡯽𡯾𡯿𡰀𡰃𡰄𡰆𡰋𡰌𡰍𡰎𡰑𡰒𡰖𡰗𡰝𡰠𡰢𡵈𢍽𢰛𥀦𥪻𦬍𧗢𧥩𧩗𩨔𩲄𩵛𫝘𫵎𫵏𫺀𭙓𭝹𮎅𮱞𰍮𱚭𱦙
尣	䝇尦尩尵𡯑𡯒𡯗𡯚𡯛𡯠𡯧𡯫𡯱𡯲𡯷𡯸𡰂𡰇𡰉𡰊𡰕𡰛𡰟𡰡𤿑𧉇𫵑𫵒𭕍
尤	㕱㚭㞃㞊㩆㮷䤞优僦噈尨就嵇忧憱扰殧沋犹疣稽紌肬蚘訧蹴蹵駀魷鱿鷲𠎂𠎟𠪽𠬭𠺳𡯊𡯟𡯮𡯯𡯶𡯼𡰐𡰓𡰔𡰘𡰙𡰚𡰽𡵔𣏞𣒎𣙴𣧗𤘜𥂏𥐶𥠻𥡞𥡳𥡴𥢔𥷛𦈍𦥣𦬓𧑙𧫾𧰰𨇳𨈣𨑫𨕳𨠄𨠫𨢳𨪴𨺖𩀻𩈊𩉂𩑣𩺔𩾵𪐤𪕦𪙓𪨈𪼝𪾊𪾡𫎢𬅃𬘕𬞓𬡸𬩗𬱔𭕐𭕒𭕓𭽚𮂱𮇆𮧻𮵥𮸲𰀳𰊱𰍯𰝽𰭴𰵎𰽌𱲔𱵕𱶓𱺷𲃘𲣳𲬄𲮸𲺤𳄓
尥	𦳹𱟶
尧	侥哓娆峣挠晓桡浇烧硗绕翘荛蛲跷铙饶骁𢙒𫋹𫍢𫭪𬌮𬑒𬴨𮴗𮶓𰎔𰠴𰮝𰷵𰺷𱂣𱅮𱆙𱌰𱬘𱸼𱿱𲋘𲍑𲑰𲵅
尨	㙙㟌㤶㴳䏵䵨厖哤娏庬浝牻狵痝硥蛖駹𠈵𡩽𢅛𢣝𤯉𥆙𧀔𧱓𧱦𧳑𨿙𩃄𩒿𩧑𩭒𩷙𪁒𪁪𮪡𰃐𰴾𱚮
尪	𤷀𥆦
尫	𣒸𥆦
尭	暁焼𡸳𣓤𣷝𩜙𭽙𮏔𮛡𮞚𮪈
就	㠇㩆僦噈憱殧蹴蹵鷲鹫𤎼𤏅𥳛𦠢𧄥𧑙𧫾𩀻𪆩𪼝𫎢𮕀𮚦𰊱𰽌𱘁𲮸
尸	㐆㕧㞋㞌㞍㞎㞏㞐㞑㞒㞓㞔㞕㞖㞗㞘㞚㞛㞜㞝㞞㞟㞠㞡㡪䆈䬤䲩䲿凥卢叚塀孱尺尻尼尾尿局屁层屃屄居屆屇屈屉届屋屌屍屎屏屐屑屒屓展屖屙屚屛屜屝属屟屠屡屢屣層履屦屧屨屩屪屫屬屭戶户戸杘犀羼迉鬭鳲鸤𠁣𠃜𠃮𠅡𠈽𠌆𠑾𠓳𠔅𠜧𠜰𠧕𠭝𡂶𡌞𡌷𡍾𡒛𡓹𡔘𡔜𡖀𡜢𡝼𡥷𡭒𡰤𡰥𡰦𡰨𡰩𡰪𡰫𡰬𡰭𡰮𡰯𡰱𡰲𡰳𡰴𡰵𡰶𡰷𡰸𡰹𡰺𡰻𡰼𡰽𡰾𡰿𡱀𡱁𡱂𡱃𡱄𡱅𡱆𡱇𡱈𡱊𡱋𡱌𡱍𡱎𡱏𡱐𡱑𡱒𡱕𡱖𡱗𡱘𡱙𡱚𡱜𡱝𡱞𡱟𡱠𡱡𡱢𡱣𡱤𡱥𡱦𡱧𡱪𡱫𡱯𡱰𡱱𡱲𡱳𡱴𡱶𡱷𡱹𡱺𡱻𡱼𡱽𡱾𡱿𡲀𡲁𡲃𡲄𡲅𡲆𡲇𡲌𡲎𡲏𡲐𡲑𡲒𡲓𡲔𡲕𡲖𡲗𡲘𡲙𡲚𡲛𡲜𡲝𡲟𡲢𡲣𡲦𡲩𡲬𡲮𡲯𡲰𡲱𡲲𡲳𡲴𡲵𡲹𡲺𡲻𡲾𡲿𡳂𡳄𡳅𡳆𡳇𡳈𡳉𡳋𡳌𡳍𡳏𡳐𡳑𡳗𡳙𡳚𡳞𡳠𡳡𡳥𡳫𡳬𡳮𡳯𡳴𡳷𡳸𢀞𢚪𢛥𢠬𢥼𢳲𢻀𢼖𢽜𢽷𣗗𣙰𣠯𣢁𣢂𣢞𣪉𣪍𣪫𣭼𣰝𣴫𤁍𤂞𤃕𤅨𤅯𤔰𤔿𤰨𥇤𥐃𥡖𥢘𥣡𥥕𥪒𥳨𦄪𦕔𦙹𦩯𦯴𦱲𧎂𧒝𧖉𧖏𧞘𧠀𧡸𧥤𧱢𧹠𧹧𧻡𧼜𧿃𨍺𨍻𨍿𨎡𨏝𨏵𨐛𨐫𨓠𨓪𨕶𨙈𨳇𨵠𨾈𨾋𩂵𩅎𩍳𩛻𩜧𩰧𩰨𪂗𪌨𪛛𪠪𪣓𪤞𪨊𪨋𪨌𪨍𪨏𪨒𪨓𪨔𪨗𪨘𪨡𪩀𪬑𪯁𪴕𫝲𫢠𫨻𫪠𫭺𫮵𫵓𫵔𫵕𫵖𫵘𫵚𫵜𫵝𫵠𫵤𫵩𫵪𫵬𬆣𬻉𬻷𬿬𭄏𭅍𭅯𭅰𭇢𭇰𭔄𭕔𭕕𭕖𭕘𭕙𭕚𭕛𭕜𭕝𭕞𭕠𭕡𭕣𭕤𭕥𭕩𭕪𭕫𭕬𭕭𭕯𭕰𭕴𭕵𭕷𭕸𭕼𭚃𭞊𭞌𭞐𭞥𭟾𭤴𭫍𭬱𭮱𭳩𭸣𭺸𭾐𮊖𮓍𮓘𮓙𮓜𮓠𮓡𮓴𮙟𮜠𮫗𮬵𮮺𮮼𰁢𰍰𰍱𰍲𰍳𰍴𰍶𰍷𰍸𰍹𰍻𰍽𰍾𰍿𰎁𰎂𰎆𰎴𰕟𰠨𱚰𱚱𱚲𱚳𱚴𱚵𱚶𱚷𱚸𱚺𱚻𱚼𱚽𱥱𱩜𱪃𱫞𱭆𱮡𱮪𱮫𱯢𱰄𱲯𱳔𱳖𱴲𱻱𱿀𲅇𲇉𲋻𲌦𲜲𲜳𲜵𲜶𲜷𲜸𲜻𲜼𲜾𲜿𲧗𲷘
尹	㖐䪳伊吚君帬焄笋芛裠𠩑𡛂𡫕𡰧𡱉𢁨𢂜𢂫𢫽𣜔𣲫𤣹𥏰𧉅𨊼𨜉𨥠𨳬𩉥𩨫𪧪𪱛𫥃𫩊𫵗𫺔𬀏𬡿𬥒𬱉𬳪𬼋𭥞𭨭𭮅𭴏𭾥𰌸𰫝𲁥𲇶𲎝
尺	㘮㞐䋇伬呎咫尽庹択昼沢粎蚇訳迟釈鈬駅鿈𠧛𡛄𡨉𡬰𡬻𡰰𡱍𡱛𡱩𡱮𡱸𡳢𡳣𡳤𡵸𢗜𢭑𣏧𣥉𤋚𥐮𦬨𧴾𧷀𧺫𪞚𪧆𪨎𪨑𪨜𪽗𫁶𫁽𫵗𫵟𬓤𬤶𭕢𭕦𭥜𭴐𮥺𮴈𰁗𰍲𰍵𰎀𰭠𱈟𱚹𱨇𲜴𲜽𲤑𳂉
尻	㘲䯌泦髛𡶋𣐊𣳣𦙷𧿻𨸰𩬜
尼	㞓㞾䘦䛏䝚䲿伲呢坭妮屔怩抳旎昵柅泥狔痆眤秜胒苨蚭跜迡鈮铌馜𠉞𡊴𡎿𡳭𢓚𢘒𢨩𢾂𣐉𣙰𣢞𣭙𤙌𤤗𥥕𥩥𥬩𥹆𥿡𦤽𦴓𦴪𧖛𨋗𩉹𩖹𩚯𪏸𪠝𪿗𫆜𫒃𫙖𫢩𫷍𬈓𬨬𬸼𭂊𭔇𭕗𭕱𭚭𭛎𭶵𮋯𮥻𰄇𰍼𱙜𱢛𱺙𲃋𲐩𲒖𲨙𲮅𲰪𳈞
尽	䝲侭浕烬荩赆𠛾𡋤𡥧𣍊𣭥𧋅𪨐𫥥𫩺𫵛𫵧𮱁𰗦𱛀𲃥𲝂𲣶
尾	㞙䅏䇻䊊䜸䞔䬿娓屗屘捤梶浘艉荱趘𠉜𠡨𠧮𠳿𡓋𡥸𡦥𡱬𡱭𡱵𡲈𡲉𡲊𡲋𡲤𡲥𡲧𡲨𡲪𡲫𡲭𡲸𡲼𡳀𡳃𡳊𡳎𡳒𡳓𡳔𡳕𡳖𡳗𡳜𡳝𡳦𡳩𡳪𡳱𡳲𡳳𡳹𡳺𡷕𡷱𢭶𢽙𣍁𤈦𤉂𤌨𤳰𤽶𥒮𥖑𥜀𥹹𦀿𦅴𦘧𧋦𧚟𧱎𧱧𨁱𨘘𨤔𩗘𩷳𪑐𪘣𪨕𪨖𪨙𪨝𪨟𪯚𫥯𫯨𫰵𫱬𫵞𫵡𫵣𫸛𫸡𬨊𬪛𭉖𭕟𭕧𭕨𭕲𭕳𭕺𭯢𮘕𮠎𮴞𰉵𰍺𰎂𰎄𰎅𰎇𰞫𱛁𱛂𱥆𱧇𲅲𲇀𲏦𲜺𲝁𲞱𲞼𲨎𲷟𳈻𳌹𳌺
尿	㳮脲𠃮𡷷𣭼𨐛𨓪𭰇𮖎𰍻𰹒𲔸
局	䎤䏱侷挶梮焗跼鋦锔駶𡌟𡨅𡳟𤶹𥐏𦀯𦓁𦯃𩓛𩠧𩧺𩭊𩷐𪁵𪓩𫀸𫉴𫪐𫬊𬇴𱵔𱷂
屁	𥶕𦼘
层	𡱓𱖷
居	䅕䋧䛯䝻䱟䵕倨剧啹婮崌据椐涺琚腒艍蜛裾踞鋸锯鶋𠔴𡍄𡨢𣞴𣤅𣼨𤉸𥚑𦎠𦱅𧣻𧹕𨛮𨶽𩋜𩤅𪿩𫁦𫵦𭕮𭕹𭕻𭕽𭖱𭝟𮳼𱈀𱊌𲅥𲌉𲏩𲝀𲮕𲵡
屆	𥇵𨵠
屇	㧂𢛥𭁻
屈	㭾㻕䓛䘿䞷䠇倔啒堀崛崫掘淈煀窟誳镼鶌𠜾𠡰𢏷𣨢𣮈𤟎𥇣𥏘𥪊𥮝𥺷𦁐𦜇𧌑𨧱𨱊𨵡𩋎𩓦𩣹𩤓𩭪𪘳𪥕𫍮𫛵𫵢𭤾𰍅𱐑𱚾𱜭𱡦𲀷𲛛𲜇𲜹𲳬𳃽
屋	䌂䠎偓剭喔媉幄握楃渥箼腛齷龌𡎔𡳽𢩈𤌆𥟽𥧊𦢡𦢢𧎜𧛐𨜘𨵱𩄌𩠭𪃮𪑱𪵓𫇂𫒷𫘴𫥫𫶉𬐖𬪱𬸟𭛀𮐂𮛿𮯎𰎃𰾣𲌼𲟈𲠓𲮡
屎	䐖屡𡳁𡳛𡳞𤧁𥔔𥻐𦑫𨕄𪡨𪾴𭧺𰪰
屏	偋塀幈摒竮箳𠝭𡟛𡳧𢔧𣖕𣸹𤋊𤧅𤭸𤳫𥧋𦂤𦉇𦝷𧩱𧼲𨂲𨍍𨔧𪑰𪨚𪨛𫵥𫵨𫶈𫺬𬖪𭥀𰋲𲳵𲿄
屐	𢲈𥰦𨍿
屑	㣯㨝㴮榍碿糏𠋱𡎮𡟩𢞜𤸮𦞚𦵱𧜔𪍛𪙌𪙑𬓹𬺑𮔱𰎰𱚿
屓	屭𥧨𮙸𮚑𲄮
展	㜊䱼冁囅搌榐碾蹍輾辗𠌄𠹖𣪵𣺹𤧷𥉲𦟌𧎰𧔡𨃨𨏲𨫀𩥇𩨍𪄡𪙕𪤍𫃌𬝳𬭫𬺐𮧥𱫻
屖	搱稺謘遟𠞂𡎰𡟭𢕌𣹲𦃘𧎨𧛺𬘽
屚	漏瘺𠼇𡏺𥕟𦸢𧜾𧫞𨄋𨫒𨱐𪮪𪳬𭗑𲠡
屛	摒簈𠌸𡳧𤳫𥧋𧫮
属	㔉嘱瞩𡠟𣃁𣚚𦅉𧑏𧜭𨅛𪅱𪹳𫍏𫿗𭲫𰾽
屠	䠧䣝廜潳鷵𠪡𣦠𤺈𧬅𨼑𫼏𬄫𬤜𭄎𭏴𰅂𱊩𲖭
屡	𠎪𡳵𡳶𤮒𦧃𪨞𪨠𪮴𫄄𫫵𫵫𫵭𬉆𮕅𮣌
屢	𡀿𡳰𣰢𧀓𨊖𫄎𱡃𱤫𱿈𲑛
層	𡃆𡒸𡾓𥶰𪴕𭣃𲞕
履	𢖓𭌆𭗫𱡋
屬	䌵䙱䠱劚囑孎斸曯欘灟爥矚蠾钃𡆜𢦇𢺡𣀻𣀼𣥀𪈺𪚌𫍘𫚇𬎠𭀔𮫫𱵅𲁠
屮	㞢㞣㞷㦍㪿㴑出劂圥屰弢旹朔欮糱艸芔芻茻蚩蝷辥逆遻闕雟𠃈𠃨𠎮𠏈𠦨𠨲𠩀𠩋𠬢𠭏𠭳𠭻𠾃𡅟𡉚𡍩𡗡𡘶𡫹𡫾𡴀𡴁𡴂𡴃𡴄𡴅𡴆𡴇𡴊𡴋𡴍𡴎𡴏𡴐𡴑𡴒𡴔𡴕𡴖𡴗𡴙𡴚𡴛𡴜𡴝𡴞𡴟𡴡𡴤𡴥𡴦𡴧𡴪𡴫𡸐𡸓𡹍𡽽𢄄𢅇𢊝𢘿𢟃𢠞𢢟𢨎𢫂𢺦𢼟𢿔𣂚𣂟𣂲𣂹𣍮𣎵𣑼𣔳𣕐𣖣𣝙𣢫𣣯𣹨𤉞𤎬𤔠𤙍𤚈𤜿𤝶𤰫𤴗𥄾𥅱𥑓𥞕𥥏𥼇𥼈𦆰𦚃𦛎𦛴𦠍𦠠𦥭𦥾𦫹𦬏𦮅𦮙𦱴𦸹𦻇𧀼𧁇𧈪𧊜𧗭𧘫𧩯𧫨𧯛𧼳𨍔𨒯𨕬𨘹𨛟𨝇𨞍𨤁𨻪𩏾𩒌𩒕𩙏𩤍𩬸𩴭𪀝𪇷𫦠𫳏𫵯𫵰𬂘𬂦𬔝𭕿𭗷𭵇𮡩𰎈𰎵𰎶𰘕𰸷𱒅𱪸𱱄𱱆
屯	㝄㹠㼊䓐䣩伅吨噸囤坉庉忳扽旽旾杶沌炖瓲盹砘窀純纯肫芚訰豘軘迍邨鈍钝霕頓顿飩饨魨鲀黗𠀏𠄤𠘸𠤲𡉫𡗥𡭻𡴉𡴢𡴣𡵭𡶁𢨎𢻴𣚆𤘫𤤀𤫭𤵊𥂉𥫱𥸵𦊉𦍣𦜯𦟒𧉙𧘸𧿬𨙆𨳘𩂄𩖤𩢀𪌋𪎶𪕅𪞿𫃉𬙴𮰹𮹄𰆛𰇦𰋠𰵍𰹸𰻣𱓇𱛄𱰧𲍛𲍭𲩗𲲕𳃳
屰	㖾㡿㴑朔欮蝷逆𠊴𠩋𠱘𡍩𡱞𡴘𢯪𣍮𤎬𥑺𥿬𦒂𦒟𦥭𦥾𨂫𩒕𩕻𩬸𪀝𪜏𪟄𫅦𫯷𬎫𭆯𰴲𳍎
山	㞤㞥㞦㞧㞨㞩㞪㞫㞬㞭㞮㞯㞰㞱㞲㞳㞴㞵㞶㞷㞸㞹㞺㞻㞼㞽㞾㞿㟀㟁㟂㟃㟄㟅㟆㟇㟈㟉㟊㟋㟌㟍㟎㟏㟐㟑㟒㟓㟔㟕㟖㟘㟙㟚㟛㟜㟝㟞㟟㟠㟡㟢㟣㟤㟥㟦㟧㟨㟩㟪㟫㟬㟭㟮㟯㟰㟱㟲㟳㟴㟵㟶㟷㟸㟹㟺㟻㟼㟽㟾㟿㠀㠁㠂㠃㠄㠅㠆㠇㠈㠉㠊㠌㠍㠎㠏㠐㠑㠒㠓㠔㠕㠖㠗㠘㠙㠚㠛㠜㠝㠞㠟㠠㠡㠢㠣㠤㠥㠦㠧㠨㢫㣲㬞㰞㼘㿂䘗䙖䛝䟖䣙䫈䳥䴮丗乢亗仙仚傰冚凯剀剻喦圸埊塴奾妛媺宻密屲屳屴屵屶屷屸屹屺屻屼屽屾屿岀岁岂岃岄岅岆岇岈岉岊岋岌岍岎岏岐岑岒岓岔岕岖岗岘岙岚岛岜岝岞岟岠岡岢岣岤岥岦岧岨岩岪岫岬岭岮岯岰岱岲岳岴岵岶岷岸岹岺岻岼岽岾岿峀峁峂峃峄峅峆峇峈峉峊峋峌峍峎峏峐峑峒峓峔峕峖峗峘峙峚峛峜峝峞峟峠峡峢峣峤峥峦峧峨峩峪峫峬峭峮峯峰峱峲峳峴峵島峷峸峹峺峻峼峽峾峿崀崁崂崃崄崅崆崇崈崉崊崌崍崎崏崐崑崒崓崔崕崖崗崘崙崚崛崜崝崞崟崠崡崢崣崤崥崦崧崨崩崪崫崬崭崮崯崰崱崲崳崴崵崶崷崸崹崺崻崼崽崾崿嵀嵁嵂嵃嵄嵅嵆嵇嵈嵉嵊嵋嵌嵍嵎嵏嵐嵑嵒嵓嵔嵕嵖嵗嵘嵙嵚嵛嵜嵝嵟嵠嵡嵢嵣嵤嵥嵦嵧嵨嵩嵪嵫嵬嵭嵮嵯嵰嵱嵲嵳嵴嵵嵶嵷嵸嵹嵺嵻嵼嵽嵾嵿嶀嶁嶂嶃嶄嶅嶆嶇嶈嶉嶊嶋嶌嶍嶎嶐嶑嶒嶓嶔嶕嶖嶗嶘嶙嶚嶛嶜嶝嶞嶟嶠嶡嶢嶣嶤嶥嶦嶧嶨嶩嶪嶫嶬嶭嶮嶯嶰嶱嶲嶳嶴嶵嶶嶷嶸嶹嶺嶻嶼嶽嶾嶿巀巁巂巃巄巅巆巇巈巉巊巋巌巍巎巏巐巑巒巓巔巕巖巗巘巙巚幑徴徽懲旵杣氙汕汖溄漰潂灿炭疝癌癓磞秈籼耑舢蚩觊訔訕讪豈赸蹦軕輋辿邖銟閊霺鰴﨑𠈦𠊂𠘳𠚏𠝀𠝉𠝦𠝴𠟁𠣢𠭏𠮘𠮿𠰛𠳥𠻭𠼌𠼜𠾩𡀏𡆯𡇩𡊏𡊽𡐜𡓚𡔘𡕿𡘶𡚴𡠾𡡈𡡻𡥏𡥐𡦯𡧸𡴙𡴭𡴮𡴯𡴰𡴱𡴲𡴳𡴴𡴵𡴶𡴷𡴸𡴹𡴺𡴻𡴼𡴽𡴾𡴿𡵀𡵁𡵂𡵃𡵄𡵅𡵆𡵇𡵈𡵉𡵊𡵋𡵌𡵍𡵎𡵏𡵐𡵑𡵒𡵓𡵔𡵕𡵖𡵗𡵘𡵙𡵚𡵛𡵜𡵝𡵞𡵟𡵠𡵡𡵢𡵣𡵤𡵥𡵦𡵧𡵨𡵩𡵪𡵫𡵬𡵭𡵮𡵯𡵰𡵱𡵲𡵳𡵴𡵵𡵶𡵷𡵸𡵹𡵺𡵻𡵼𡵽𡵾𡵿𡶀𡶁𡶃𡶄𡶅𡶆𡶇𡶈𡶉𡶊𡶋𡶌𡶎𡶏𡶐𡶑𡶒𡶓𡶔𡶕𡶖𡶗𡶘𡶙𡶚𡶛𡶜𡶝𡶞𡶟𡶠𡶡𡶢𡶣𡶤𡶥𡶦𡶧𡶨𡶩𡶪𡶫𡶬𡶭𡶮𡶯𡶰𡶱𡶲𡶳𡶴𡶵𡶶𡶷𡶹𡶺𡶻𡶼𡶽𡶾𡶿𡷀𡷁𡷂𡷃𡷄𡷅𡷆𡷇𡷈𡷉𡷊𡷋𡷌𡷍𡷎𡷏𡷐𡷑𡷒𡷓𡷔𡷕𡷖𡷗𡷘𡷙𡷚𡷛𡷜𡷝𡷞𡷟𡷠𡷡𡷢𡷣𡷤𡷥𡷦𡷧𡷨𡷫𡷭𡷮𡷯𡷰𡷱𡷲𡷴𡷵𡷶𡷷𡷸𡷹𡷺𡷻𡷼𡷽𡷾𡷿𡸀𡸂𡸃𡸄𡸅𡸆𡸇𡸈𡸉𡸊𡸋𡸌𡸎𡸏𡸐𡸑𡸒𡸕𡸖𡸗𡸘𡸙𡸚𡸛𡸜𡸝𡸞𡸟𡸠𡸢𡸣𡸤𡸥𡸦𡸨𡸩𡸪𡸫𡸬𡸭𡸮𡸯𡸰𡸲𡸳𡸴𡸵𡸶𡸷𡸸𡸹𡸺𡸻𡸼𡸽𡸾𡸿𡹀𡹁𡹂𡹃𡹄𡹅𡹆𡹇𡹈𡹉𡹊𡹋𡹌𡹎𡹏𡹐𡹑𡹒𡹓𡹔𡹕𡹖𡹗𡹘𡹙𡹚𡹛𡹜𡹝𡹞𡹟𡹠𡹡𡹢𡹣𡹤𡹥𡹦𡹧𡹩𡹪𡹫𡹬𡹭𡹮𡹯𡹰𡹱𡹲𡹳𡹴𡹵𡹶𡹷𡹸𡹹𡹺𡹻𡹽𡹾𡹿𡺀𡺁𡺂𡺃𡺄𡺅𡺆𡺇𡺈𡺉𡺊𡺋𡺌𡺍𡺎𡺏𡺐𡺑𡺓𡺔𡺕𡺖𡺗𡺘𡺙𡺚𡺛𡺜𡺝𡺞𡺟𡺠𡺡𡺢𡺣𡺤𡺥𡺦𡺧𡺨𡺩𡺪𡺫𡺬𡺭𡺯𡺰𡺱𡺲𡺴𡺵𡺶𡺷𡺸𡺹𡺺𡺼𡺽𡺾𡺿𡻀𡻁𡻂𡻃𡻄𡻅𡻆𡻇𡻈𡻉𡻊𡻋𡻌𡻎𡻏𡻐𡻑𡻒𡻓𡻔𡻕𡻖𡻗𡻘𡻙𡻚𡻛𡻜𡻝𡻞𡻟𡻠𡻡𡻢𡻣𡻤𡻥𡻧𡻨𡻩𡻪𡻫𡻬𡻭𡻮𡻯𡻰𡻱𡻲𡻳𡻴𡻵𡻶𡻷𡻸𡻹𡻺𡻻𡻼𡻽𡻾𡻿𡼀𡼁𡼂𡼃𡼄𡼅𡼆𡼇𡼈𡼉𡼊𡼋𡼌𡼍𡼎𡼏𡼐𡼑𡼒𡼓𡼔𡼕𡼖𡼗𡼚𡼛𡼜𡼝𡼞𡼟𡼠𡼡𡼢𡼣𡼤𡼥𡼦𡼧𡼨𡼩𡼪𡼫𡼬𡼭𡼮𡼯𡼱𡼲𡼳𡼴𡼵𡼶𡼷𡼸𡼹𡼺𡼼𡼽𡼾𡼿𡽀𡽁𡽂𡽃𡽄𡽅𡽆𡽇𡽈𡽉𡽊𡽋𡽌𡽍𡽎𡽑𡽔𡽕𡽖𡽗𡽘𡽙𡽚𡽛𡽝𡽞𡽟𡽠𡽡𡽢𡽣𡽤𡽦𡽨𡽩𡽪𡽫𡽬𡽭𡽮𡽯𡽰𡽱𡽲𡽳𡽴𡽵𡽶𡽷𡽸𡽹𡽺𡽻𡽼𡽽𡽾𡾁𡾂𡾃𡾄𡾅𡾆𡾇𡾈𡾉𡾊𡾋𡾌𡾍𡾎𡾏𡾐𡾑𡾒𡾓𡾔𡾖𡾘𡾙𡾚𡾛𡾜𡾝𡾞𡾟𡾠𡾡𡾢𡾣𡾤𡾥𡾦𡾨𡾩𡾪𡾫𡾬𡾭𡾮𡾯𡾰𡾱𡾲𡾳𡾴𡾶𡾸𡾺𡾻𡾼𡾽𡾾𡾿𡿀𡿁𡿃𡿄𡿅𡿆𡿇𡿈𡿉𡿊𡿋𡿌𡿍𡿎𡿏𡿐𡿑𡿒𡿓𡿔𡿕𡿖𡿗𡿙𡿚𡿜𡿝𡿞𡿟𡿠𡿡𡿣𡿤𡿥𢃷𢄄𢅇𢇢𢈃𢌚𢌲𢏫𢐒𢔹𢕄𢕅𢖄𢚇𢚏𢞳𢢋𢣨𢩐𢩳𢭈𢭍𢯈𢳕𢶮𢼸𢽃𢽗𢽠𢾋𢾡𢾰𢾷𢿁𢿗𢿚𢿹𣀋𣁋𣁗𣂟𣂫𣂲𣂹𣈧𣉀𣊽𣌎𣎐𣑹𣒎𣖱𣝤𣠍𣠴𣢽𣣗𣧈𣮽𣰒𣳒𣺧𣽵𤀆𤁃𤁑𤁚𤈹𤔮𤕏𤚈𤜬𤢃𤢠𤣧𤣶𤨈𤲁𤶵𤷝𤹳𤺠𥄝𥍛𥎽𥐢𥓤𥕇𥖱𥙏𥣌𥪄𥼇𥼈𦀼𦆮𦊤𦏦𦏿𦒴𦔺𦘹𦛎𦠙𦣟𦭗𦭣𦰷𦷤𦾝𧁆𧉋𧏭𧑵𧗣𧗬𧗲𧗼𧡁𧢒𧢤𧤿𧧱𧰀𧶑𧷷𧸮𧾖𧾘𨗆𨘳𨝇𨝔𨟃𨤪𨥉𨩪𨪺𨭅𨰁𨲲𨷋𨻅𨻎𨻪𨻱𨿻𩊼𩒔𩓈𩓵𩖞𩙉𩛎𩜖𩟜𩦏𩨷𩩆𩫺𩲀𩲈𩴰𩷜𩿭𪁏𪂓𪄋𪈡𪌠𪌨𪏩𪐑𪑛𪗘𪙒𪝇𪦩𪧅𪨉𪨢𪨣𪨤𪨥𪨦𪨧𪨨𪨩𪨪𪨫𪨬𪨭𪨮𪨯𪨰𪨱𪨲𪨳𪨴𪨵𪨶𪨷𪨸𪨹𪨺𪨻𪨼𪨽𪨾𪨿𪩀𪩁𪩂𪩃𪩄𪩅𪩆𪩇𪩉𪩊𪩋𪩌𪩍𪩎𪩏𪩐𪩑𪩒𪩓𪩔𪩕𪩖𪩗𪩘𪩙𪩚𪩛𪩜𪩝𪩞𪩟𪩠𪷁𪹖𫂳𫅥𫐅𫓈𫖮𫚽𫛃𫜺𫝳𫝴𫝵𫤀𫪻𫵱𫵲𫵳𫵴𫵵𫵶𫵷𫵸𫵹𫵺𫵻𫵼𫵽𫵾𫵿𫶀𫶁𫶂𫶃𫶄𫶅𫶆𫶇𫶈𫶉𫶊𫶌𫶍𫶎𫶏𫶐𫶒𫶓𫶔𫶕𫶖𫶗𫶘𫶙𫶚𫶛𫶝𫶞𫶠𫶡𫶢𫶣𫶤𫶥𫶦𬍑𬍮𬎗𬑭𬜡𬟴𬫘𬯤𬱣𬱼𬲤𬲴𬺘𬺫𬻱𬽔𬾌𬾎𭂈𭂲𭂵𭂹𭇝𭏐𭐈𭓞𭓽𭔀𭖀𭖁𭖂𭖃𭖄𭖅𭖆𭖇𭖉𭖊𭖋𭖌𭖍𭖎𭖏𭖐𭖑𭖒𭖓𭖔𭖕𭖖𭖗𭖘𭖙𭖚𭖜𭖝𭖞𭖟𭖠𭖡𭖢𭖣𭖤𭖥𭖦𭖧𭖨𭖩𭖪𭖫𭖬𭖭𭖮𭖰𭖱𭖳𭖴𭖵𭖶𭖷𭖸𭖹𭖺𭖻𭖼𭖽𭖾𭖿𭗀𭗁𭗃𭗄𭗅𭗆𭗇𭗈𭗉𭗊𭗋𭗌𭗍𭗎𭗏𭗐𭗑𭗒𭗓𭗔𭗖𭗗𭗘𭗙𭗚𭗛𭗜𭗝𭗞𭗠𭗡𭗢𭗣𭗤𭗥𭗦𭗨𭗩𭗪𭗫𭗬𭗮𭗯𭗰𭗱𭗲𭗳𭗴𭗵𭗶𭗷𭗸𭗹𭗼𭚱𭠉𭤉𭪼𭱎𭱾𭺱𭿇𮂬𮃋𮈁𮋾𮌗𮌛𮐗𮒎𮘥𮨋𮨙𮬵𮭦𮱤𮱥𮱦𮱧𮱨𮱩𮱪𮱫𮱬𮱭𮱮𮱯𮱰𮱱𮱲𮲔𮹚𰀷𰁶𰂅𰌮𰎉𰎊𰎋𰎌𰎍𰎎𰎏𰎐𰎑𰎒𰎓𰎔𰎖𰎗𰎘𰎙𰎚𰎛𰎜𰎝𰎞𰎟𰎠𰎡𰎢𰎣𰎤𰎥𰎦𰎧𰎨𰎩𰎪𰎫𰎬𰎭𰎮𰎰𰎱𰎲𰎳𰎴𰎵𰎷𰎸𰎹𰎺𰎻𰎼𰎾𰏀𰏁𰏂𰏢𰧜𰩭𰹫𰻶𱀫𱄯𱈑𱉃𱋆𱙵𱛅𱛆𱛇𱛈𱛉𱛊𱛋𱛌𱛍𱛎𱛏𱛐𱛑𱛒𱛓𱛔𱛕𱛖𱛗𱛘𱛙𱛚𱛛𱛜𱛝𱛞𱛟𱛠𱛡𱛢𱛣𱛤𱛥𱛦𱛧𱛨𱛩𱛪𱛫𱛬𱛭𱛮𱛯𱛰𱛱𱛲𱛳𱛴𱛵𱛶𱛷𱛸𱛹𱛻𱛼𱛽𱛾𱛿𱜀𱜁𱜂𱜃𱜄𱜅𱜆𱜇𱜈𱜉𱜊𱜋𱜍𱜎𱜏𱜐𱜑𱜒𱜓𱜔𱢰𱧨𱧬𱨊𱩟𱮨𱰳𱰽𱴲𱶩𱷩𱻚𱾱𲇯𲉡𲐂𲐹𲙵𲝃𲝄𲝅𲝆𲝇𲝈𲝉𲝊𲝋𲝌𲝍𲝎𲝏𲝐𲝑𲝒𲝓𲝔𲝕𲝖𲝗𲝘𲝙𲝚𲝛𲝜𲝝𲝞𲝟𲝠𲝡𲝢𲝣𲝤𲝥𲝦𲝧𲝨𲝩𲝪𲝫𲝬𲝮𲝰𲝱𲝲𲝳𲝴𲝵𲝶𲝷𲝸𲝹𲝺𲝻𲝼𲝽𲝾𲝿𲞀𲞁𲞂𲞄𲞅𲞆𲞇𲞈𲞉𲞊𲞋𲞌𲞍𲞎𲞏𲞐𲞑𲞒𲞓𲞔𲞕𲞖𲞗𲞘𲞙𲞚𲢑𲣆𲧬𲨆𲵞𳁘𳄞
屵	㟶岸崖嵟嶏嶡炭𡀕𡛢𡶂𡷜𡷳𡹼𡺉𡺒𡺮𡽐𡽧𡾷𡿛𢾋𣁗𩨮𫶝𫶟𭖆𭗕𰎩𱛟𲝅𳏢
屶	岧𠛕
屾	嵞𡷈𡷪𡷬𡸧𡻍𡼰𡽒𡽓𡾀𡾕𡿘𢁃𢉵𣦭𤋬𤕘𤸢𦇜𨗞𭺔𰎽𰎿𰻩𲝯
岀	𡖕𡶸𣻮𥜱𱛪𲝯
岁	㑕㢷刿哕秽翙𡷂𤞃𫯥𬜨𬣪𭐼𭖚𮬝𰗆𰛦𰸊𰽷𱂤𱢁𱿡
岂	垲恺桤皑硙铠闿𩧱𫝧𫩯𫼥𬀱𬮿𬺃𮴒𰛥𰰴𰲹𱃹𱭤𲵆
岌	𠈶𠲺𢚼𣵵𥆹𧋏𩣞𩷘𫻅
岑	㖗㟔䤫侺埁梣涔琌硶𡷴𢙿𢚏𢭞𣇂𣢽𥆱𦨽𨁊𩷒𪁏𫊍𫴚𬇁𬒻𬶒𰞣𱾛𲒫𳀴
岗	𭗂𭠽
岙	𣵜𲵉
岛	捣𱺟
岜	𬒏𭠼𮔌𮦯𮫻𰎕𰨫𲩏
岡	㟠剛堈崗掆棡焵犅碙綱罁鋼𠵹𢜟𣷣𤦇𤭛𦱌𨹽𨿺𩸒𫤷𫷆𬏲𬠐𬳭𬴰𮝚𰂒𱍱𱮂𲱁
岦	峷𡺞𥺺𭗍
岩	㛧啱𡺻𡾏𢽡𣷰𤊤𤷳𥇷𧌹𩜠𩸶𬍰𬚩𬧥𬲿𭪦𭿠𮵓𱔋𱛳𲐯𲝭𲺚
岳	㴈捳𣨡𤙿𤷝𥇸𩓥𪻬𫖵𬃆𭖯𰷇𱗀𲕋𲠉𳏆
岸	䮗堓婩硸錌𠊀𠵚𢮹𤟉𨲊𩓤𩭢𪂢𪶐𫶂𬓀𬴁𭗧𭥈𭪤𰥮𲠆𲤟𲾱
岺	𠵙𦜥𧛎𭰰𮢊𮴟𮹗
峉	𠸉𨩟𪩄𭹧
峑	崟𰜤
峙	𰂛𱝶
峦	𰠅𲘨
峩	𡟶𬌘𲕴
峯	㷨鎽𡻀𣗏𣺿𧏢𨕱𩥪𪮘𪼇𮀷𮲧𰯃𱙣𲙬
峲	𡽜𧪙
峳	𩥘𲝽
島	搗槝﨩𡻅𦃭𪵕𫌈𫮖𭗃𰜬
崇	㓽漴𠼾𡿂𢠄𣙩𤨲𥊠𥛢𥜺𥡶𥨢𧐿𧽧𨅃𨝡𩅃𩞉𩻃𪅁𪉻𫌌𫓁𬳐𱜌𲢚𳈫𳎢
崑	潉熴𠍕𡠰𡦒𢠎𣙍𤨾𦄬𨬌𫮞𬵥𮌴
崔	㜠㠍䜅䳽催儶凗嗺墔嶣嶲巂慛摧槯漼熣獕璀皠磪繀膗酅鏙雟𡰋𡺾𡻎𡾧𢊛𢋬𢕘𣩑𣯧𣯯𤗯𤛍𤮯𥼂𦉎𦸏𧢠𧮋𧽠𨄍𨻵𩌩𩏘𩞅𩪓𩮴𪛂𪧾𮉮𮹙𰾰𱟠𲲮
崖	嘊漄𥊅𨖭𬿕𭏡𮯒𰏍𰧛𰳘
崗	𣙋𬬀𰔠𲤶𲸐
崙	磮𠍓𠼩𡐇𡠱𢳳𢿗𣜱𣼍𦟹𧐩𧫶𭽵𰻏𱤢𲝷𲵑𲸑𳃞𳆭
崟	𣙌𨼅
崩	䙖䣙傰剻嘣塴漰磞繃蹦鏰镚𡡈𢐒𨻱𪮤𫅛𰎱𱤌𱰏𲀃𲴳
崽	㩄𲞃
嵐	𣛄𨅏𫙹
嵒	澏癌𧬌𬤠
嵗	𣿄𫯻
嵩	𡀢𢣆𫶜𲬙
嵬	㠢䃬𠎺𠑖𠿯𡓮𡾵𢢯𢶟𢶼𣰏𤀖𤐜𤛲𤩫𤮞𥋳𧥇𪇋𪊃𪖾𪧄𫀢𱰑𲚥𲶰𳍀
嶭	𡾹𪈖𫲖
嶲	㒞㰎㼇䥴觽𡣸𢤮𢹂𦢥𧔍𧮄𧲑𨟎𩍺𩟥𩧎𩽌𰿅
嶴	𱜓𲚞
嶶	𡤇𲗰
嶷	𦢾𲍄
巂	㔒㽯䪎䭨儶孈攜欈瓗纗蠵觿讗酅鑴驨𡄴𡰡𡰢𡿀𢥘𤣑𤮰𤼒𥍋𦢿𧟃𧢧𧲚𨏳𩽨𪈥𪋸𫄹𫔔𫘱
巖	𡆑𥍛𫤖𰏂𲯙𲴢
巛	㜽㯿䁽䃳䉭䜲䝓䪉儠巠巡巢巤廵擸災爉犣獵甾臘舝蠟躐邋邕鑞雝鬣鱲𠃞𠉽𠊦𠐄𠖠𠙗𠙭𠚋𠚴𠛏𠞜𠞤𠟾𠟿𠠌𠠗𠡔𠢶𠨀𠮰𡂏𡍗𡐕𡐫𡒏𡓍𡜏𡜣𡟠𡢆𡬲𡬸𡲑𡲒𡿂𡿧𡿩𡿪𡿬𡿭𡿮𡿯𡿰𡿱𡿲𡿳𡿴𡿵𡿶𡿷𡿸𡿹𡿺𡿻𡿼𡿽𡿾𡿿𢀀𢀁𢀂𢀃𢀅𢀆𢀇𢀈𢀉𢀏𢀐𢁎𢂩𢂪𢭓𢮟𢴫𢹭𣆬𣉑𣋲𣧄𣬡𣰩𣰫𣲂𣷁𣽪𤁯𤎁𤎞𤏕𤑹𤛉𤜓𤠪𤢪𤦄𤧜𤫔𤭉𤰝𤹻𥀮𥀰𥄉𥓱𥔥𥜿𥝁𥶢𥻘𦆻𦈄𦒦𦒩𦕭𦕯𦠼𦡓𦡳𦪴𦮋𦮨𦼝𧀨𧃡𧕂𧚱𧞪𧥥𧧮𧭄𧭞𧰠𧴲𨊩𨏋𨓌𨖝𨚳𨜇𨝖𨨬𨪮𨳖𨻩𩊼𩋈𩒆𩔯𩕝𩕻𩙑𩚓𩠐𩧆𩯓𩾣𪇹𪍔𪙂𪙷𪦅𪩡𪱵𫆞𫇂𫏦𫚅𫰊𫶩𫹱𬛂𭂹𭗺𭗼𭗽𭗾𭗿𭘁𭘥𭷤𭼍𭾡𮝘𮝟𮣍𮨑𰃪𰅷𰈐𰈫𰏄𰕀𰤔𱖉𱞐𱦱𱯈𱯛𱴢𱵸𲂺𲡪𲦢𳈦
巜	㓱㡏㢏㺄㼶䃋䕆兪巛毺粼𢶖𤏞𤰕𤻍𤿄𭂼𰀱𰌳𱙃
川	㸪䡅卅卌圳夼恋摕杊氚汌玔甽示紃蛮訓训釧钏順顺馴驯鵉𠆯𠯀𡍣𡔠𡵅𡿫𢎵𢿹𣅕𣒜𣷷𤆑𤊰𤽃𤽳𥃹𥏟𥐣𥔪𥘅𥫨𦘶𦤸𦷻𧈶𨂺𨤅𩩨𩭁𩵙𩾧𪡢𪩢𪯠𫇨𫶨𫽕𬘓𮙰𰀋𰁜𰏃𰐬𰢸𰹳𱍐𱗭𱭝𱶛𲓟𲕕𲞛𲡙
州	㖄喌栦洲絒詶酬銂駲𠀦𢓟𢫧𣌮𣜙𤥅𥒁𦭴𧋀𨠩𪣏𪰢𫟻𬣱𭇫𮵰
巟	㡆㤺䀮荒𡜋𡧽𢂠𣆖𥿼𧧢𩣇𩣐𩶶𪀞𰨧
巠	㹵䀴䞓䣆䪫俓剄勁娙巰弳徑挳桱殌氫涇烴牼痙硜經羥脛莖蛵誙踁輕逕鋞陘頸鵛𠗊𠲮𡷨𡿱𢀫𢙼𢷰𣇁𣫒𣻽𤭓𥥻𦈵𦳲𧯬𨏄𨠸𨮫𨿋𩈡𩣪𩩋𩭙𩰹𩳍𩷏𪊵𪏅𪕣𪡿𪪯𭔛𮌦𮗒𰋌𰌿𰏅𰩼𱭐𲬅𲹅
巢	㑿㺐䜈䟁䲃剿勦摷樔漅璅窼繅缫罺轈鄛鏁隟𠞰𠻥𡏮𡡊𡻝𢀊𢀋𢀌𣝞𣩓𣰩𤍒𤑗𥊌𥕘𥲀𦗔𦟳𦸛𧃡𧈈𧈊𧑀𧘀𧭄𧷣𨄓𨢪𩍀𩏙𩪑𩫥𪅕𪍨𬨓𬭲𬷰𭔐𭛘𭬺𮊗𰒱𱜖𲤹𲲋𲵄𳊺
巤	㯿㲱㼃䁽䃳䉭䜲䝓䪉儠擸爉犣獵臘蠟躐邋鑞镴鬣鱲𠠗𡂏𡅘𡓍𡗇𢆭𢺎𣋲𣰫𤁯𤢪𥀰𦆻𦒦𦒩𧀨𧞪𧭞𧰠𩙑𩧆𩨐𪇹𪙷𫖩𫚭𫿢𰒞𲂗
工	㒰㓚㓛㝷㞬㠪㠬㠭㠮㣉㧬㲁㳩㴂㴳䂬䅃䉺䊄䜫䞑䥣䪦䫹䲨五亙仜仝冮功匞卭叿噐噩妅尋屸巠左巧巨巩巫巬差式恐扛攻曌杠杢正毁汞江渱湼灴王玒瓨疘矼空笁築篫紅红缸羫羾肛舡菫虹訌讧豇貢贡邛釭項頚项魟鵼𠀥𠃖𠃬𠄋𠄣𠋗𠋸𠐫𠔣𠙔𠜝𠡿𠢄𠦕𠨆𠱯𠵋𠵪𠺞𠺱𠽇𡀏𡁥𡄉𡆓𡆬𡆶𡉎𡉐𡊼𡌾𡏷𡐘𡔺𡕋𡜣𡠸𡥴𡧇𡫉𡫙𡫮𡬦𡰱𡲀𡲌𡲝𡳗𡹻𢀑𢀒𢀓𢀔𢀕𢀖𢀙𢀚𢀛𢀜𢀞𢀟𢀢𢀤𢀩𢀪𢀯𢌖𢍟𢏚𢐯𢑰𢒄𢒅𢓁𢖶𢖷𢙢𢙷𢜊𢝭𢟃𢠕𢦶𢨜𢪞𢭊𢰫𢽦𢾌𣂼𣅯𣇖𣑓𣒳𣕠𣝃𣡪𣢈𣫝𣯰𣳋𣽆𣽝𣾑𤀢𤅭𤐍𤔌𤕋𤕦𤕧𤣉𤣩𤣪𤤲𤩇𤬳𤳚𤻏𥁁𥃽𥃿𥊾𥛈𥜹𥞣𥦐𥨄𥨨𥬑𥯹𥰺𥳎𥽂𦁻𦆧𦈩𦈮𦏺𦏼𦒳𦓆𦔘𦔸𦕓𦕭𦪮𦭢𦮨𦵃𦵐𦵶𦶐𦷠𦸨𦻍𦼘𧃱𧈫𧈬𧉨𧋳𧏤𧖏𧘍𧙰𧚬𧝷𧞻𧠱𧢸𧦬𧧫𧩗𧪀𧫯𧭨𧭲𧶣𨊧𨋷𨝻𨞟𨤏𨤾𨥲𨧎𨧑𨴇𨷕𨸖𨹢𨾊𩒍𩒞𩒴𩗢𩢽𩬛𩲧𩾬𪀛𪀦𪂐𪆕𪙼𪥔𪥙𪧪𪩣𪭏𪮆𪰆𪿔𫀧𫁎𫁔𫆞𫔙𫚉𫶫𫶬𫶭𫶮𫶳𬁅𬇔𬎥𬐝𬒬𬔔𬛀𬛸𬮚𬷾𬾫𭄟𭋿𭔫𭘂𭘃𭘄𭘅𭘆𭘇𭘎𭜹𭠀𭤡𭥐𭨵𭰆𭰖𭲬𭴃𭹥𭼁𮎥𮎧𮕢𮝾𮟻𮢾𮣲𮨷𮯰𰋚𰏈𰏊𰏋𰝷𰡮𰼂𱂑𱌩𱍧𱎮𱑭𱑱𱖳𱩭𱬻𱱅𱵵𱷋𱻬𲀬𲅜𲆑𲞝𲞟𲞠𲞧𲢡𲥒𲶁𲹕𳀣𳆒𳇷
左	㝾䦈佐咗袏𠡃𡖠𡛿𡯛𢀠𢀡𣳇𤋨𤳶𥑰𥙀𥬢𦑑𧨧𧭯𧱞𧲭𨣣𨽋𨾬𨾭𨿭𩟣𩟤𩩜𩪏𩷷𩼐𪙄𪫦𪭥𪱺𫎍𫦦𬌬𬏢𬯄𭘉𭽐𮄩𮈇𮍗𮛏𮜰𰏇𰏌𰏍𰠯𱪱𱮉𲉑𲞞𲨓𲺋𲻛𳂍𳅴
巧	㚽㤍䛒䲾窍𢫚𤇤𥬤𥿣𧊌𨥿𨾢𩈎𩿸𫩟𫶱𬰗𭩣𮯺𰏉𱽒𳎬
巨	䋌䢹䣰䶙乬佢壾奆姖岠巪弡怇拒昛柜歫洰炬矩秬粔耟苣蚷螶衐詎讵距鉅钜駏鮔𠰠𡗐𡞮𡬡𢀥𢀦𢀧𢀨𢀬𢀭𢀮𢀱𢀲𢄫𢆢𢆩𢼑𣁔𣙬𤋝𤔋𤝙𤦲𥂇𥂷𥄷𥑭𥓼𥘹𥩰𥬙𦂘𦊐𧣒𧩆𧲽𧺹𨐣𨒑𨳽𩉸𩿝𪀏𪊤𪌖𪏣𪩤𪩥𪩦𪩧𪩨𪩩𪩪𪭘𪰩𫗎𫴙𬋀𭑌𭘈𭩢𭸾𰋝𰌕𰑋𰮒𱅃𱒏𱖑𱜗𱜘𱜙𱜛𱜜𱜝𱻐𲐮𲓥𲔬𲞡𲞢𲞣𲞤𲞥𲞦𲣸
巩	㝷㠫㧬㮪㼦䂬䅃䊄䡗恐筑築聓茿蛩跫銎鞏𠔣𠙛𠦘𡊼𡬶𣎟𣑦𣕡𤤶𤳚𦅛𦩺𩢽𩬰𪀛𪳈𬨆𬸉𮧘𰓘𱒗𱛞
巫	䖅毉筮莁覡觋誣诬靈鵐鹀𠮎𠳄𡋻𡌱𡷯𢀣𢃀𢍮𥽛𦈊𧈀𧨈𨽙𨽭𨿏𪚠𬂳𬋲𭇹𭏞𭘆𭩗𭰘𭸊𱖫𱜚𲌵𲓄𳑄
差	㞉㷢㽨㿷䁟䐤䑘䟀䡨䰈䱹䴾傞嗟嫅嵯嵳搓暛槎溠瑳瘥磋縒艖蒫褨蹉醝鎈髊鹺鹾齹𠞊𠪉𡏦𡗂𡽓𣍏𣩈𤠝𥏺𥰭𦑺𦒁𦟎𧏞𧪘𧪰𨉶𨢚𨲠𩄝𩌢𩝭𩥙𩺃𪉵𪙉𪚍𫟿𫶯𫶰𫶴𫸕𫹜𫺳𬘷𬧹𬩭𬯷𬶣𬺎𭙭𭵭𰏎𱌼𱐡𱝖𳈨
己	㞯㠰㠱㷩㽶䄫䙴䨽䪱凯剀包圏圮妀妃屺岂巷巹巻巽异忋忌改杞港玘紀纪芑觊記记起邔配魢鱾𠃚𠃬𠮯𠯇𠽽𡄉𡆓𡊓𡝑𢀵𢀶𢀷𢀻𢀽𢁆𢁉𢁏𢞍𢩵𢲭𣅗𣇎𣒤𣗕𣗗𣗢𣡪𣢇𣣁𣱒𣲆𤅭𤆔𤐏𤔂𤕋𤕦𤩇𥁥𥐦𥙥𥛈𥜹𥫄𥫟𥲅𦝾𦷠𧞻𧪀𨊲𨙬𨥈𩋕𩖈𩡆𩫻𩾠𩾩𪡭𪡴𪩫𪩰𪵶𪶪𫅥𫖮𫱓𬉺𬞭𬟡𬡆𬱼𭒼𭘍𭡳𭵯𮧷𮯶𮲔𮷵𰏐𰗰𰚷𱥩𱭸𱳿𱵛𱵵𱻬𲆡𲉥𲨍𲻆
已	异熈釲𠖰𠯇𡉏𡴾𢩽𤇐𤏁𤣱𥐦𥝗𥮄𦗤𧿆𨑓𩄥𩝮𩨕𪷨𫧟𬀺𬜒𱞁𱢅𱫆
巳	㐶㒨㓪㡪㫐㰝㱼㷗㹛䄐䇃䏋䕫䙴䫀凞剆勆包匓卮即囘圯夒寋导嶏巴巶巷巸巺巽廄异戺攺既朗槪欝欴民汜泡熈熙爵皀皭祀篹艮蘷起遷選郎郒郷釲闀飠飮鯽鵖𠄢𠅴𠎾𠑍𠑗𠑚𠑣𠘄𠨧𠩳𠬸𠴁𠺬𡆳𡇆𡊈𡒖𡕼𡕽𡕿𡖀𡖥𡚱𡟧𡟮𡨈𡬠𡲏𡵆𡵒𡺒𡿚𡿟𢀳𢀴𢀷𢀸𢀹𢀺𢀾𢁁𢁂𢁃𢁄𢁅𢁈𢁌𢁎𢁐𢆆𢌞𢌴𢏍𢐝𢕵𢨪𢩡𢬬𢯳𢳍𢶊𢹎𢺕𢻰𣁩𣂞𣇥𣍴𣏌𣑿𣒓𣒯𣝣𣝿𣟜𣠫𣡜𣡦𣡨𣡸𣢣𣨏𤄻𤉑𤋅𤋮𤌇𤎹𤏁𤓿𤔿𤥕𤧨𤭒𤴒𥑉𥔊𥙈𥙤𥰐𥲻𦀞𦋭𦒘𦓚𦓨𦔀𦕁𦗤𦘺𦚽𦝘𦫍𦫏𦬊𦲠𦳡𦸆𦹖𧃰𧎟𧡥𧣰𧤬𧧊𧱖𧼉𧿆𨃿𨈉𨏵𨑔𨑖𨖏𨙙𨙞𨜊𨟦𨟧𨡡𨭙𨹕𨼭𩂵𩃊𩄥𩄹𩍫𩐶𩓔𩙿𩛖𩜵𩜶𩝮𩠟𩩾𩵉𩵊𩵗𩶠𪁜𪄷𪊍𪌄𪏖𪞋𪟙𪩯𪬒𪼶𫀟𫂉𫃖𫅞𫏸𫗒𫝕𫞖𫟳𫳄𫶶𫶹𬅏𬅜𬔝𬦘𬴺𬻼𭁳𭅺𭇼𭈳𭐱𭑭𭒆𭘋𭘌𭘐𭙫𭝨𭣪𭩿𭬊𭮀𭮁𭰨𭴫𭽊𮂗𮎘𮎛𮎨𮑛𮓷𮕋𮗇𮘋𮜟𮨇𰁱𰏏𰮆𰯍𰻠𱀐𱄟𱉝𱐞𱒄𱠁𱥨𱧅𱧖𱧺𱨗𱨣𱫥𱭆𱳠𱼶𲵁𲵕𲽠
巴	㞎㨭㸭㿬䇼䓃䯩䯲䰾䶕俷吧夿妑岊岜巵巼帊弝扈把杷淝爬爸琶疤皅笆粑紦羓耙肥舥色芭蚆豝跁邑鈀钯靶鲃鿱𠀧𠂬𠄧𠇕𠉲𠌊𠛋𠠾𠪧𠪻𡇃𡉷𡭍𡭐𡵟𢀼𢀿𢁇𢁊𢁋𢁍𢁑𢃳𢌏𢗌𢨴𢮤𢻷𢽼𣀟𣎞𣗡𣥘𣧜𣫰𣬶𣬷𣱈𣲩𣲯𣺣𤆵𤕕𤜱𤧲𤰷𥑁𥛁𥝧𥩙𥸿𥺸𦐆𦓙𦓝𦜧𦩐𦫲𦮹𦲛𧁉𧌳𧎱𧣃𧤭𧥔𧲧𧳾𧵅𨊹𨙨𨚵𨚻𨛚𨛬𨣬𨤖𨷉𩇯𩈆𩒒𩚥𩠀𩨜𪊚𪣀𪥉𪩡𪩬𪩭𪩮𪩱𪪔𪪘𪬎𪽡𫕠𫜨𫥴𫶵𫶷𫶸𫶻𫶼𬏓𬐒𬡊𬡞𬦺𬽗𭃋𭅣𭇋𭈙𭓡𭘏𭡔𭤸𭨼𭩾𭵁𭺗𭻆𮅵𮎜𮏘𮠟𮦞𰃟𰅶𰇫𰑈𰹻𱁠𱆦𱜞𱜠𱬷𱲫𱻪𲄛𲐄𲒠𲚲𲚵𲛑𲜨𲞨𲞩𲞪𲞫𲟅𲣰𲣱𲦋𳂍𳂫𳇸
巵	㯄梔𡜮𡭐𢬯𦓝𧱒𨌌𩷴𱼘
巷	㟟塂港闀𢛖𤧈𥂅𥈄𥈩𨃈𩈷𩰓𪡝𬙑𮏮𱖃𱜟𱴘𲉁𲦎
巸	媐煕熙𡟮𤌇𩝮𬦘
巻	圏𫟩
巽	㔵㦏㯢㷷䍻䠣僎噀撰潠簨繏蟤襈譔選鐉饌馔𡢀𡮭𡮸𢵬𤩄𦈝𦌔𦠆𦧸𦺈𧾌𨶷𩦖𩪞𩻝𪟼𬤥𰖮𰨓𰾼𲴌𲹝
巾	㠲㠳㠴㠵㠶㠷㠸㠹㠺㠻㠼㠽㠾㠿㡁㡂㡃㡄㡅㡆㡇㡈㡉㡊㡋㡌㡍㡎㡏㡐㡑㡒㡓㡔㡕㡖㡗㡘㡙㡚㡛㡜㡝㡞㡟㡠㡡㡢㡤㡥㡦㡧㡨㡩㡪㣇㧆㬺㼙䒥䘜䶓凧匝吊屌帀币市布帄帅帆帉帊帋帍帎帏帐帑帒帓帔帕帖帗帘帙帚帛帜帞帟帠帡帢帣帤帥带帧帨帩帪帬席帮帯帱帲帳帴帵帶帷常帹帺帻帼帽帾帿幀幁幂幃幄幅幆幇幈幉幊幋幌幍幎幏幐幒幓幔幕幖幗幘幙幛幜幝幞幟幠幡幢幣幤幥幦幧幨幩幪幬幭幮幯幰幱摕斾润禸簚芇鉓銟飾饰𠄛𠇛𠐂𠛚𠛯𠛻𠤚𠫦𠬥𠭽𠭾𠭿𠽜𡆫𡈪𡕺𡩅𡪷𡰯𡱃𡴅𡻾𢁒𢁓𢁔𢁕𢁖𢁗𢁘𢁙𢁚𢁜𢁝𢁞𢁟𢁠𢁡𢁢𢁣𢁤𢁥𢁦𢁧𢁨𢁩𢁪𢁫𢁬𢁮𢁯𢁰𢁱𢁲𢁳𢁴𢁵𢁶𢁷𢁸𢁹𢁻𢁼𢁽𢁾𢁿𢂀𢂁𢂂𢂃𢂄𢂅𢂆𢂇𢂈𢂉𢂊𢂌𢂍𢂎𢂐𢂑𢂒𢂓𢂔𢂕𢂖𢂗𢂘𢂙𢂚𢂝𢂟𢂠𢂡𢂢𢂣𢂥𢂦𢂧𢂨𢂩𢂪𢂫𢂭𢂮𢂯𢂰𢂱𢂲𢂳𢂴𢂵𢂶𢂹𢂺𢂻𢂼𢂽𢂾𢂿𢃀𢃁𢃂𢃃𢃄𢃅𢃆𢃇𢃈𢃉𢃍𢃎𢃏𢃐𢃑𢃒𢃓𢃔𢃕𢃖𢃗𢃘𢃙𢃚𢃛𢃜𢃝𢃞𢃟𢃠𢃡𢃢𢃣𢃤𢃥𢃦𢃧𢃨𢃩𢃪𢃫𢃬𢃭𢃮𢃯𢃰𢃱𢃲𢃴𢃵𢃶𢃷𢃸𢃻𢃼𢃽𢃾𢃿𢄃𢄅𢄆𢄈𢄊𢄋𢄌𢄍𢄎𢄏𢄐𢄑𢄒𢄓𢄕𢄖𢄘𢄙𢄛𢄜𢄞𢄟𢄠𢄡𢄢𢄣𢄤𢄥𢄦𢄧𢄨𢄩𢄪𢄬𢄭𢄮𢄯𢄰𢄱𢄲𢄳𢄴𢄵𢄶𢄷𢄸𢄹𢄺𢄻𢄼𢄽𢄿𢅀𢅂𢅃𢅅𢅆𢅇𢅊𢅋𢅌𢅎𢅏𢅐𢅑𢅒𢅓𢅔𢅕𢅖𢅗𢅘𢅙𢅚𢅝𢅟𢅠𢅡𢅢𢅣𢅤𢅥𢅧𢅩𢅪𢅫𢅭𢅮𢅯𢅰𢅱𢅲𢅳𢅴𢅵𢅶𢅷𢅸𢅹𢅻𢅼𢅽𢅾𢅿𢆀𢆁𢆂𢆃𢆄𢆆𢆇𢎭𢑞𢑢𢑦𢑭𢑷𢑺𢑼𢒠𢒴𢓹𢺶𢿪𣊸𣏑𣑹𣥈𣬢𣮳𣹷𤌝𤜧𤟝𤤚𤸷𥍦𥪄𥵵𥼇𦀃𦓠𦛎𦛭𦭬𦰬𦳟𦻾𦼡𧂓𧅿𧆞𧐲𧖂𧙙𧢹𧱔𧱯𨒝𨓝𨳪𩅲𩇪𩇱𩒧𩚍𩫎𩫒𩫹𩬒𩬓𪚑𪤷𪩳𪩴𪩶𪩷𪩸𪩹𪩻𪩼𪩽𪩾𪩿𪯙𪵴𪶞𫨂𫨉𫨝𫩁𫩒𫯜𫶽𫶾𫶿𫷀𫷁𫷂𫷄𫷅𫷆𫷈𫷉𫷊𫷋𫷌𫷎𫷏𫷐𫷑𫷒𬏹𬨪𬫪𬮦𬾑𭇽𭎽𭒑𭘑𭘒𭘓𭘔𭘕𭘖𭘗𭘘𭘙𭘚𭘛𭘜𭘝𭘞𭘠𭘡𭘢𭘣𭘤𭘥𭘦𭘧𭘩𭘪𭘫𭘭𭘮𭘰𭘱𭘲𭘴𭘵𭘶𭘷𭘻𭘼𭡁𭤔𭱩𮊎𮌇𮌦𮑤𮓜𮕶𮛆𮡥𮧯𮩵𮱳𰀌𰏑𰏒𰏓𰏔𰏕𰏖𰏗𰏜𰏞𰏟𰏠𰯴𰺱𱜢𱜤𱜥𱜩𱜪𱜬𱜭𱜯𱜰𱜱𱜳𱜴𱜵𱜸𱜺𱜻𱜼𱝠𱡢𱡣𱣈𱷩𱷹𱺒𲀛𲘺𲙈𲞭𲞮𲞯𲞰𲞲𲞳𲞴𲞵𲞶𲞷𲞸𲷩𲼝
巿	㤄㧊㸬㺻䍨䑔䟛䢌䣪䰽伂姉旆昁朿杮沛犻肺芾馷𠆴𠚷𠰼𡗭𢂏𢂛𢂤𢂷𢄄𢺷𢻵𢼆𣛈𣬪𣿸𤜲𤴹𤽌𥄔𥫴𥾧𦣢𦥡𧘟𧘴𧛦𧠎𧢿𧺡𨓠𨙶𨸴𩖭𩦔𪩲𪪌𫖍𫜘𫥀𫻭𬌈𬌉𬽮𭘑𮳝𰆆𰉳𰏙𰢖𰮈𱇑𱝭
帀	㺰䒥䘙䞙䴓両匝市师師幑沞溮瑡迊韴魳鳾𠇆𠇰𠈡𠜔𠯗𡟪𢁭𢂖𢂸𢃋𢄄𢄾𢭍𣑙𤆱𤜳𥰐𦴫𧔸𨔄𨥚𨳪𩇱𩉰𩡸𩫿𩿐𪝜𫟙𫥞𬀂𬄁𬅹𬒭𬛂𬬢𬰪𬲌𬾙𭘑𭠹𮧮𰏛𰓳𰩯𰫚𱀃𱜢𱜧𱯊𲿋
币	㣇𢁛𢂬𢃂
市	㧊㸬䑔䪟伂姉柿沛肺鈰铈閙闹馷鬧𠆴𠇰𠰼𠶴𠸔𡊔𢂷𢄂𢅈𢒌𢘥𢻵𥙅𥞑𥞿𥫴𦣢𧉽𧙙𧛦𨸲𩹩𪥐𪩵𪲬𫎕𫒁𫷇𬉈𬕟𬯻𬽖𭅈𭑖𭖐𮴋𰇓𰕟𰡿𱜫𱜲𲍞𲳘
布	㘵㚴㳍佈咘希怖抪柨鈽钸鿻𠎴𡇊𡲫𢁻𢂜𢂞𢃊𢃌𢅄𢇴𣔩𣧦𤔟𤙅𤤰𤵗𥑢𥞎𥿠𧉩𧙛𧦞𨀒𨋞𩶉𪜛𪻟𭁍𭓤𭘟𭘨𭘯𭘹𭤺𮶠𰇅𰏡𰳳𱛕𱜡𱜨𱜮𱜷𱡬𱣦𱥪𱺔𲅓𲞱𲫓𲭃𲯝𲺊
帇	𢄥𢑩𥏚𥬬𧲁𨕤𮌣
师	浉狮筛蛳𫚕𬡔𰓝𰰳
帋	𦀦𧚓𨵂𭝀
希	㛓㟓㹷㾙䖷䛥䤭䮎俙唏悕晞桸欷浠烯狶琋瓻睎稀絺脪莃豨郗餙鯑鵗𠜗𠨚𢂞𢓬𢬾𣱬𥭘𦖁𧣩𧳐𧶖𧻶𨓇𨡂𨿕𨿛𩊽𩒽𩭉𪌹𪖥𪖪𫄨𫹇𬮶𮁻𮖆𮸌𱉹𱖱𱥪
帕	𰪁𲼊
帖	㥈萜𮅠𳆇
帚	㑴㝲㫶㱕㴆㷌䢜埽婦帰掃歸箒菷鯞𠖗𠴵𡎹𡚖𡞒𡨦𡪷𡫒𡹙𢃞𢃳𢅜𢅦𢅨𢱥𢽪𢽰𣖽𣹰𥇳𥛆𦃌𧌈𨓼𨧪𨺔𨺜𩤿𪂋𪂪𪩺𫃲𫚡𫹅𬖥𬤸𭘺𮫌𰯳𱀠𱜹𱞨𱟜𱷕𲉕
帛	䃇䛲婂幚幫棉淿綿緜绵艊錦锦𡈝𡍈𢃺𢄇𢄗𢄝𢅁𢅉𢅞𢅬𢸌𣍑𤎥𤦝𤾾𦈿𦧠𦰬𧼣𩸊𪁼𪏑𫷍𬞻𬠒𬥝𭘸𰏝𱍲𱜪𲠈𲫫𲹋𳇗
帝	㛳㡣䫕䱱偙啻啼媂崹揥楴渧碲禘締缔腣蒂褅諦谛蹄遆鍗鶙𡦔𢁆𢄫𢅛𢋠𢝃𤄇𤚢𤟾𤧛𤾤𥠒𥪟𥰆𦣭𧍝𧤍𩋣𩤢𪕬𪖰𪪶𪯐𪼀𬃨𬊱𬶤𭏅𭘬𭘳𭘽𭦽𭨅𮆲𮇱𮊊𮙫𮠺𰄺𰙲𱊕𱚭𱜶𱞷
帣	㬺幐𢄑𢯭𣕂𦞊𦩫𲃸
帥	𣈪𦝭𧍓
带	㛿䗖䙊滞𢢐𣨼𫪺𫶇𬤈𰂗𰊂𰏚𰏼𰑵𰔇𰘀𰰏𰸚𰸛𰻆𱑞𱴙𱸩
師	溮獅瑡篩蒒螄鰤鶳𡟪𡠋𢲐𤹌𧏍𧔽𧜂𩥐𩮭𪄜𪝜𪪀𫑺𬄁𭕪𱓻
席	蓆褯𠻊𢅺𥔷𥱊𫟊𬋗𭏖𰲔
帮	𱓮𲋞𲺩𲼝
帯	滞鿮
帶	㗣㦅㯂㿃䐭䠠僀墆嵽廗慸摕殢滯艜蔕螮蹛遰𠁑𠓶𠥖𡠹𡻺𢄔𢄩𢋴𢤅𤠹𤨮𤬎𤴟𥕧𥛣𥲭𦄂𧜵𧞝𧫚𩌴𪎐𪾹𫒿𱁥𲖰𳃂
常	㦂嫦瑺蟐鏛龦𠼔𢊥𣙟𣰎𣻸𤹰𩀯𪄹𫀠𫉒𫙲𫷓𫺺𭀕𭂝𭋠𮈼𮖫𮸟𰊠𰖤𲑋
幕	冪濗羃𢆅𥵵
干	㢨㶣㶥㸩㺯㿻䍐䍑䓍䖫䖹䧲䯎䵟丟仠刊厈哶奸姧婩屽岸幵幹弄忓扞搟攼旰旱杆汗涆滿犴王玕癷皯盰矸秆竿筸罕羋耳肝臯臿舌芉虷衎衦覝訐讦豻赶軒轩迀邗郉酐釬閈闬雃靬頇顸飦馯骭鳱鳽鼾𠆆𠇨𠈯𠈾𠑫𠙻𠚏𠛬𠣍𠤨𠦀𠦡𠳟𠻃𡣌𡣼𡯋𡱭𡴟𡵃𢁗𢆉𢆋𢆎𢆐𢆑𢆔𢆖𢆜𢆝𢇛𢏘𢐽𢒑𢕆𢟑𢡤𢦡𢵎𢽁𢾴𢿂𣀄𣅨𣗲𣬂𣭹𣴔𣵍𣵼𣺕𤀱𤖁𤙢𤞢𤣩𤣫𤭋𤮩𤮻𤮽𤯀𤰟𤰠𤴲𤽂𤿊𥎿𥘏𥝝𥤱𥥫𥧳𥰉𥾍𦉻𦍋𦍍𦍟𦍸𦎧𦏙𦏚𦏹𦥛𦥫𦧆𦭨𦲆𧉲𧔠𧦸𧨢𧮁𧰪𧻀𧻧𧿂𨀠𨟪𨣠𨦐𨧠𨪚𨫚𨫦𨸗𨾰𩂀𩈅𩎒𩒖𩕸𩣙𩧣𩩃𩮟𩵟𩾝𪈣𪌃𪔆𪗙𪚒𪚟𪤐𪪁𪪂𫉑𫗞𫘛𫢉𫷔𫷕𫷖𫹯𬋪𬏎𬫆𬬧𬰱𬴸𭀧𭅖𭆺𭇖𭎎𭑃𭒋𭕍𭘿𭙀𭙃𭠦𭩧𭱌𭽶𮒹𮤨𮬰𮶗𰏢𰏩𰏪𰏭𰐎𰞛𰯶𱅾𱆱𱉊𱉋𱒙𱖇𱜽𱜾𱟛𱮪𲔳𲘸𲞺𲞻𲡴𲦹𲺅𳋀
平	㛁㼞䍈䍬䶄伻匉呯坪岼怦抨枰泙玶砰秤胓苹蚲評评軯閛駍鮃鲆𠁈𠱪𠹶𡊞𢆊𢆓𢆕𢆠𢆮𢏊𢬪𣸞𤇊𤖳𤘾𤵣𥘴𥞯𥹒𦐜𦓬𦨫𧲺𧻈𨒳𨠟𨥾𨸶𩑳𩒤𪜉𪥈𪪄𪪅𪪆𪪇𪪭𪰓𪲅𫥶𫯡𫷙𫷚𫷝𬈽𬑈𬔳𬛙𬳴𭙁𭛩𭽏𮄪𮈈𮸺𰂝𰃯𰏣𰏦𰏨𰏬𰛟𰡮𰹽𰿬𲂴𲃆𲏓𲞹𲞽𲧸𲪥𲳔𳄛
年	哖姩脌鵇𠈠𠺈𡋂𡒛𢆘𢆡𢆤𢆥𢆫𢆭𢧚𢬧𣑻𣠊𤩻𦀅𦒌𦮴𨚶𨚽𨦧𨴞𪪈𪰟𫑑𫮱𫷗𫷜𫷞𫻽𭙂𭙄𭙅𭙆𭯌𭽨𭾮𮗐𮜵𰏥𰏧𰏫𰑖𰪹𱚑𱝂𲡑𲧵𲩅𳇀
幵	㿼䵤䶬倂咞姸岍幷栞汧烎硏筓茾荆蚈詽豣趼郉銒雃鳽麉𠛬𡐪𢁅𢁌𢆒𢆙𢆛𢆞𢆬𢏗𢝐𣥭𣬊𥅝𥅳𦐧𧙧𧵭𧷩𨴚𩒖𩔛𩩄𪄃𪊑𪚜𪬑𫷛𬙲𮀶𲛩
并	㔙㤣㻂䈂䑫䦕䴵併偋剏剙垪塀姘屏帡庰恲拼栟洴瓶皏硑竎絣缾聠胼艵荓蛢誁賆跰軿迸郱鉼頩餅饼駢骈骿鮩鵧𠛼𠬌𡐱𡸫𡾛𢆗𢆛𢆟𢆢𢆣𢆩𢍪𢏳𢼩𢼶𣁊𣸹𤙾𤝴𤭅𤮖𤲒𤳊𥞩𥩵𦐵𦫏𦴏𧚭𧟁𧩱𧳉𧻓𨈾𨗙𨹗𩂦𩈚𩊖𩫐𩫑𪋋𪕒𪘀𪚏𪠆𪪃𫐌𫛨𫷘𬣲𬼩𬾺𭇴𭎪𭙇𭦘𭮎𭯱𭰲𭴡𮇛𰁀𰐨𰚗𰟷𰬔𰭙𰽼𱂦𱋔𱝀𲑢𲞼𲟣𲿄
幷	䈂倂姘屛帲庰洴甁絣缾聠腁艵荓蓱賆輧逬郱鉼餠騈骿鵧𠆕𠌸𠝵𡸫𢆟𢆢𢆩𢏳𤙾𤲒𤳊𥞩𧁕𧚭𧫮𩅅𪋋𱗈
幸	㓑㼬䁄䂔䕉䛭倖啈圉執報婞悻涬瓡盩盭睪緈辜逹﨨𠙜𠤄𠦧𠫃𡐿𡡘𢆧𢆨𢆪𢔛𢩓𢱬𢻏𢽞𢿐𣀐𣈑𣊮𤜔𤲜𤿹𥂎𥃁𥃍𥃏𥦭𥧗𥨴𥨼𥰬𥱩𥷚𦍒𦵳𦶗𧅹𨇭𨘈𨝜𨬕𨬵𨵉𨷂𩍸𩜜𪈅𪈓𪈢𪡒𪪉𪯎𪲟𫈐𫓗𫡈𫳐𬍬𬎍𬙨𬟲𭄬𭋔𭎬𭖩𮎙𮕡𰏮𰖹𰙫𰟚𰠈𰵰𱛱𱜿𱝁𱨲𱯻𱿔𲀴𲂀𲦸𲫩
幹	擀檊澣簳𠿨𦼮𩼛𭗠𮍿𳏯
幺	㓜㡉㡫㡬㣧㭃㰿䫣䯚䵈乣吆嚒嬤幻幼幾後愫湚潔玄率畿盭糸糹谿酳雞麼鼷𠄂𠇓𠉥𠖂𠙡𠣎𠦼𠧏𠧦𠬳𠭟𡄹𡆩𡏸𡑜𡓩𡕯𡕺𡗞𡗰𡞅𡢛𡴁𡵏𡶹𡿙𢆯𢆰𢆱𢆲𢆳𢆴𢆵𢆶𢆷𢆹𢆺𢆾𢆿𢇀𢇃𢇄𢇌𢇎𢇐𢇝𢒵𢙰𢣗𢦙𢨂𢩼𢿐𣆂𣘚𣢄𣱋𣲑𣸠𣼅𣼌𣼠𤌑𤔐𤔪𤕀𤨊𤪫𤵋𥃊𥃎𥌝𥝮𥡙𥳏𥼘𦀣𦔷𦘷𦙌𦙍𦛬𦞩𦠄𦫬𦬜𦭙𦲘𦻷𦼡𧎶𧗇𧗒𧜋𧰙𧴺𨄮𨒥𨘁𨙖𨢖𩉌𩑗𩪮𩴆𩼾𪓷𪘋𪥣𪪊𪭞𪲏𪹩𪺕𪺙𫀡𫌃𫐃𫕊𫧦𫨙𫨢𫷟𫷡𫹀𫹈𬋸𬍏𬚏𬟰𬟲𬾫𭀹𭗄𭙈𭙉𭙊𭙋𭣎𭫦𭼧𮁚𮄓𮈓𮍉𮕡𰋴𰏯𰏰𰏱𰐶𰒨𰔻𰕡𰳭𰴷𱤛𱬎𱯠𱱆𲀜𲏒𲞅𲞾
幻	㘭䒛抝𠯻𡵿𢇉𥄠𥥆𩉷𬇚𬏠𬨳𬱶𱞇𲜯
幼	㑃㶭䬀䱂呦坳孧岰怮拗柪泑狕眑窈聈苭蚴袎詏軪靿鴢黝𠢢𡌝𡛙𡢵𡲍𢂊𢇔𢩃𣅺𣢜𣢢𣧥𤤬𤱎𥁒𥑑𥬓𥹱𥿌𨱧𩈏𩑴𩢒𩬗𪀂𪊛𫳀𫷤𬣦𭄹𭎍𭑵𭠞𭭠𰎓𱃖𱇤𱉢𳅸
幽	㗀䫜𠋔𡺖𢇑𢇕𢉾𢰠𥠃𦂣𦇵𧍘𩘈𩡎𪃨𪋎𪴉𫲪𫶹𬱮𭱒𮠀𱗎
幾	㙨㡮䟇䤒僟嘰機璣磯禨穖耭蟣譏鐖鞿饑魕𠟣𡡤𡼠𢇒𢇓𢡧𢴰𣊉𣰈𥳏𥼘𦏑𦠄𦺬𧗒𧗓𧝞𧰙𨗂𩦋𩴪𪅹𪙧𬘁𲞿𲲰𳂤𳍾
广	㚧㡯㡰㡱㡲㡳㡴㡵㡶㡷㡸㡹㡺㡻㡼㡽㡾㡿㢀㢁㢂㢃㢄㢅㢆㢇㢈㢉㢊㢋㢌㢍㢎㢏㢐㢑㢒㢓㢔㢕㢖㢗㢘㢙㢚㢛㢝㢞㥷㦄㲿䕠䜆䧹䨾䭖䳸劆唐圹塺席庀庁庂広庄庅庆庇庈庉床庋庌庍庎序庐庑庒库应底庖店庘庙庚庛府庝庞废庠庡庢庣庤庥度座庨庩庪庫庬庭庮庯庰庱庲庳庴庵庶康庸庹庺庻庼庽庾庿廀廁廂廃廄廅廆廇廈廉廊廋廌廍廎廏廐廑廒廓廔廕廖廗廘廙廚廛廜廝廞廟廠廡廢廣廥廦廧廨廩廪廫廬廭廮廯廰廱廲廳応慶扩旷犷矿磨緳纩艔螷蠯邝鄽酈魔鷛鹿麻麾黀龐鿮𠆲𠚳𠜢𠳓𡅝𡐝𡔏𡡉𡢜𡢦𡪼𡮰𡻤𢇗𢇘𢇙𢇚𢇛𢇜𢇝𢇞𢇟𢇠𢇡𢇢𢇣𢇤𢇥𢇦𢇧𢇨𢇩𢇪𢇫𢇬𢇭𢇮𢇯𢇰𢇱𢇲𢇳𢇴𢇵𢇶𢇷𢇸𢇹𢇺𢇻𢇼𢇽𢇾𢇿𢈀𢈂𢈃𢈄𢈅𢈆𢈇𢈈𢈉𢈊𢈋𢈌𢈍𢈎𢈏𢈐𢈑𢈒𢈓𢈔𢈕𢈖𢈗𢈘𢈙𢈚𢈛𢈜𢈝𢈞𢈟𢈠𢈡𢈢𢈣𢈤𢈥𢈦𢈧𢈨𢈩𢈪𢈫𢈬𢈭𢈮𢈯𢈱𢈲𢈳𢈴𢈵𢈶𢈷𢈸𢈹𢈺𢈻𢈼𢈽𢈾𢈿𢉀𢉁𢉂𢉃𢉄𢉅𢉆𢉇𢉈𢉉𢉊𢉋𢉌𢉍𢉎𢉏𢉐𢉑𢉒𢉓𢉔𢉕𢉖𢉗𢉘𢉙𢉚𢉛𢉜𢉝𢉞𢉟𢉠𢉡𢉢𢉣𢉤𢉥𢉦𢉧𢉨𢉩𢉪𢉫𢉬𢉭𢉮𢉯𢉰𢉱𢉲𢉳𢉴𢉵𢉷𢉸𢉹𢉺𢉻𢉼𢉽𢉾𢉿𢊀𢊁𢊂𢊃𢊄𢊅𢊆𢊇𢊈𢊉𢊊𢊋𢊌𢊍𢊎𢊏𢊐𢊑𢊒𢊓𢊔𢊕𢊖𢊗𢊘𢊙𢊚𢊛𢊜𢊝𢊞𢊟𢊠𢊡𢊣𢊤𢊥𢊦𢊧𢊨𢊫𢊬𢊭𢊮𢊯𢊰𢊱𢊲𢊳𢊵𢊷𢊹𢊺𢊻𢊼𢊽𢊿𢋀𢋁𢋂𢋃𢋄𢋅𢋆𢋇𢋈𢋉𢋊𢋋𢋌𢋎𢋏𢋐𢋑𢋒𢋓𢋔𢋕𢋖𢋘𢋛𢋜𢋞𢋟𢋡𢋢𢋣𢋥𢋧𢋨𢋪𢋫𢋬𢋭𢋮𢋯𢋰𢋵𢋶𢋷𢋸𢋹𢋺𢋻𢋼𢋽𢋾𢋿𢌀𢌂𢌃𢌄𢌅𢌆𢌈𢌉𢌋𢌍𢌎𢌏𢌐𢌒𢌓𢌔𢌕𢌖𢑶𢑻𢒹𢜆𢞢𢣽𢳁𢳅𢷹𢻘𢾖𣀃𣀊𣂁𣍙𣒷𣔳𣖸𣘋𣟜𣠯𣤤𣮒𣳝𣴔𣴿𣼟𣾩𤆓𤐅𤨫𤩻𤪮𤯎𥂓𥈚𥜢𥯯𥴿𥹺𦀫𦆍𦉨𦳅𦶹𦺮𦾰𧈴𧍽𧑢𧓣𧩅𧩔𧩯𧫨𧫯𧷫𧻧𧼳𧽴𧾡𧿈𨀠𨄀𨄬𨇭𨌱𨍗𨓀𨓍𨓩𨖓𨝎𨪞𨭤𨮻𨸘𨿶𩃽𩐕𩒩𩒯𩕅𩖆𩣴𩼼𩾦𪁈𪁱𪇛𪈲𪉉𪎑𪎒𪎕𪎖𪎗𪎚𪎡𪎢𪎥𪗆𪪌𪪍𪪎𪪏𪪑𪪒𪪓𪪔𪪕𪪖𪪗𪪘𪪙𪪚𪪛𪪜𪪝𪪞𪪟𪪡𪪢𪪣𪪥𪪦𪪧𪪨𪪪𪭽𫑃𫑭𫙴𫝶𫝷𫩕𫷥𫷦𫷧𫷨𫷩𫷪𫷫𫷬𫷭𫷮𫷱𫷲𫷳𫷴𫷶𫷷𫷸𫷹𫷺𫷼𫷽𫷾𫸀𫸁𫸂𫸃𫸄𫸆𫸇𫸈𫾝𬞈𬦺𬪺𬸐𭄉𭗞𭙍𭙎𭙏𭙐𭙑𭙒𭙓𭙔𭙕𭙖𭙗𭙘𭙙𭙚𭙛𭙜𭙝𭙞𭙟𭙠𭙡𭙢𭙣𭙤𭙥𭙦𭙧𭙨𭙩𭙫𭙬𭙭𭙮𭙯𭙰𭙱𭙲𭙴𭙵𭙷𭙸𭙹𭙺𭙻𭙼𭙽𭙾𭙿𭚀𭚁𭚂𭚃𭚅𭚆𭚈𭚊𭚌𭚍𭚐𭚦𭭖𭱙𮈞𮌣𮎶𮘶𮚊𮚥𮜟𮞳𮠒𮠔𮢔𮬁𮭱𮭴𮮈𰏲𰏳𰏴𰏵𰏶𰏷𰏸𰏹𰏺𰏻𰏼𰏽𰏾𰏿𰐀𰐁𰐅𰐾𰑸𰗓𰨜𰪩𰽚𱄾𱋈𱍪𱝃𱝄𱝅𱝆𱝇𱝈𱝉𱝊𱝋𱝌𱝍𱝏𱟗𱩲𱬉𱸩𱹜𲁂𲂁𲅝𲅞𲎎𲟀𲟁𲟂𲟃𲟄𲟅𲟆𲟇𲟈𲟉𲟊𲟋𲟌𲟍𲟏𲟐𲟑𲱺𲹗𳐊𳐥𳐧𳐰𳐲𳐴𳐶𳐷𳐽𳑂
庁	𥑈𫐤
庂	㡵𡢺𢈁𢈈𢉃𥈚𫷸𰏶𲝏
広	䇊拡昿砿絋鉱𢇰𢈋𢈟𢊩𬽷𭀨𭇗𭜡𭾦𮇋𮤾
庄	㛇䂯庤桩粧脏賍赃𠲕𢈩𢬂𣆮𤕸𥅾𦀐𨀵𪁈𪉉𪣐𫇺𬫝𬵐𲁩𲟎
庅	𰓥𰦺
庆	庵𢋔𢌋𪪔𫷱𮲲𮴕𮸆
庇	䊌𠉆𠳓𫈋𮑯𮑷
庈	𢈸𭙞
床	𠒥𠳹𢃅𢊲𢭩𣵄𤉜𦀾𨁤𨌟𨧖𪲝𫷰𬕌𮶢𱜖
序	垿𡜾𢭸𦯅𨹘𫸉𱷨
庐	𭰢𲾧
庒	賘𤥦𥒹𥺁𪸱𬫝
库	裤𰾋
应	𬾖𭈉𭡆𮸍𰑦𰱊𱴉𲾩
底	㭽䣌掋菧鯳𡍓𡞖𢋠𢋴𣷳𤚃𤯰𤯿𥓵𦝉𧍉𧨱𨌮𪂑𪂰𪝊𪽅𫪭𬫩𬼰𭙪𮊭𱏥𱞧𲝨𲸄
庖	𠝇𩎾
店	䛸惦掂踮𠶧𡌽𣈔𣈘𣎀𣷀𤉽𥯎𥺦𦁦𧍈𩤎𪦃𫁥𫢶𰥳𱘩𱫛𱴗𲃂𳆊
庙	𠶦𫮂𬳙
庚	㗮㹹掶椩焿菮賡赓鶊鹒𡌻𢈰𢉼𢊪𢡒𢱅𣮒𣮣𣷄𥓷𥚏𥺧𦁶𧍁𧩉𨘟𨿶𫀻𫧆𫷯𫷵𫷻𫺝𬅪𬛇𬵛𭉍𭾿𮖒𮛭𮞨𮢘𰇺𱓒𲐲𲯤
庛	㖢𢉪𢊳𢋀𣓄
府	俯捬椨焤腐腑𢉶𢊾𢜆𣩇𨁵𩸅𪪠𫎃𬽂𭦥𮅟𰨈𱧀𲁭𲕏𲙝𲾹
废	𪲮𫂈𱽱
庠	𭚎𱗗𲢄𲩪
庣	𠝡𢊙𣂁
庥	𢊒𲼙
度	䩲剫喥渡艔踱鍍镀𡍨𢜬𢱋𢾅𢾖𣨲𤚡𥯖𦂀𦳔𧩧𧶴𨍏𩩮𪃒𪳁𪳿𪻿𫛻𫱩𬤏𬵟𮔦𮯍𰐂𰐄𰚌𰡠𰺕𱫪𲐿
座	蓙𡎻𣖵𨫈𪶶𭢂
庫	㐣廤褲龲𠺟𣘍𣹫𥌙𦟏𧁷𧁹𪪫𪰽𪹜𭚏𮜇𲼥
庭	㨩榳𡀈𡟾𤠜𤧻𦪅𨫆𪶹𬝪𭵬𮦥𳍯
庳	㯅螷蠯𢳋𥼊𦸣
庵	蓭𧫥𪩑𫫡𮰫𱏋𲢟𳋣𳋰
庶	㫂㵂䉀䗪䩾䭖嗻墌嫬摭樜熫蔗蟅謶蹠遮鏣鷓鹧𠌮𡻠𢋳𢠫𤡍𤯋𤳌𤳐𤳯𤳼𥼌𦄝𧀹𧜥𩔼𪪩𮟛𰊤𱴰𲂔𲵒𲻥
康	㝩㱂䆲䗧嫝嵻慷槺漮穅糠躿鏮鱇𠻞𡐓𡻚𢠓𢳧𣫥𤎖𤮊𥉽𥕎𨄗𨎍𨝎𨻷𩾌𪏢𫂞𬿛𭧠𮭔𰭅𰯑𰿔𱛂𱮝𲌑𲵝𲹜𲼰
庸	㟾㣑㺎䗤䧡傭嘃墉嫞慵槦滽牅牗鄘鏞镛鱅鳙鷛𢧳𣁠𤛑𤨭𤮇𤰋𤰎𥡲𥧱𦄢𦟛𧱿𧴄𩀬𩌨𩞋𩥻𩫱𩴔𪅟𪒒𪮧𪹨𫃍𫉘𬹁𭄊𮜑𱊤𱰡𲴵𲵯𲻘
庻	𡂭𬩦
庾	𢊻𣚲𥛩𦺮𭊙𱡨
廆	䕇𢋝𥴯
廉	䆂䭠劆嬚濂燫簾臁薕蠊譧鐮镰𠓌𠿳𢅏𣀃𣍙𣜰𣤤𤬚𤻑𥋲𥖝𦆆𦤩𦧷𧞋𧸖𨎷𩆌𩪬𩼔𪼥𬁛𬴯𬶶𭬴𰬾𰷬𱘉𲂕
廊	𭏱𲪊
廌	灋薦韀𠏰𡦲𡦵𢋱𢌇𢖇𢢘𣿕𤢒𥴱𦆉𦉙𧲊𨷓𪢔𪴇𫋡𫬅𫸠𬋽𬰟𮣘𰐆𱝎𱝐𳁋
廓	𮟜𱳒
廖	𡽟𡽦𥵬𦆲𨮛𫜆𫟇𫬏𫲋𲚚
廚	幮櫥躕𧔋𪻋𫴶𲪤
廛	㙻瀍纏躔𡃚𢷹𤪮𥌬𧔊𧸳𧾡𨮻𨷠𩼼𪇮
廟	𫗻𱕜
廡	𤮢𧓼
廢	䉬䕠櫠𡓊
廣	㼅䊯儣兤嚝壙彍懬懭擴曠櫎瀇爌獷矌礦穬纊鄺鑛𠘛𠠎𠢹𡾇𢌊𢌌𣋷𤒼𤳱𥀱𥜟𦓣𦘅𦢎𧥌𧭰𧸼𨇁𨤡𨽏𩑈𩧉𪇵𪍿𪏪𪠢𫋧𫸊𫸋𫸌𫸍𫸎𫸏𫸐𭜉𮛀𲘄𳎋
廩	𠘡𡄁𡓔𡾭𢤭𤃢𤒢𦢵𪥀
廱	𡔏𢺠𦉨𧖇
廳	𣡹𲘜
廴	㢟㢠䜥廵延廷廸廹建廻廼廽𢉊𢌗𢌘𢌙𢌚𢌛𢌜𢌝𢌞𢌟𢌠𢌡𢌢𢌣𢌥𢌦𢌧𢌨𢌩𢌪𢌫𢵂𣅄𥣊𦨿𧈰𧥡𧩙𨝜𨧞𨺘𩁾𩃀𩳹𪝴𪤞𪪬𪪭𪪮𪪯𪪰𪪱𪪲𪮸𪼅𫆩𫐨𫸑𫸒𫸓𫸔𫼼𬂹𬍻𭚒𭚓𭚔𭚕𭠹𮂂𮡻𱝑𱝒𱝓𲙱𲟓𲟔𲟕𲟖
延	㝚䀽䗺䘰䩥唌埏娫挻梴涎烻狿硟筵綖脠莚蜑蜒誕诞郔鋋駳鯅𠈰𢚀𣆴𣇇𤥻𦋪𦕣𦧝𨁆𩃀𫄧𫷳𭦋𮁺𮃾𮣴𮥋𰜂𱈁𱤨𳄉
廷	㨩㹶䅍䩠䯕䱓侹娗庭挺梃涏烶珽筳綎脡艇莛蜓誔鋌铤閮霆頲颋鼮𠋽𠩢𡋺𡟾𢌦𢽄𣉡𤠜𥆑𥏎𥥶𦐿𨁗𨉈𪊶𪶹𫳋𫸔𬘩𬣻𬶓𰄰𲰿
建	㯬䊕䭈健徤揵旔楗毽湕煡犍睷腱踺鍵键鞬騝鰎𠸻𡞹𡩌𡺅𢉆𤧣𥍹𥯦𦂩𦞘𦡐𨵭𨺩𩨃𩱃𩱤𪑼𪰷𫁀𫘳𫮑𫸕𭸠𮀴𰔑𰣜𰨍𰯻𱄃𱞻𲄨𲊤𲖖𲿃
廻	𡹯𦂆𧍚𭫎𰂿𱤑
廼	𩳹𮤛
廾	㘟㚏㟖㢡㢢㢣㫒㬒㰘㳤䁳䒎䢠井其卉喯奔并开弁异弃弄弅弆弇弈弉弊彛彜彝彞戒漭灷竎笲筭算羿舁茾莽萛葊葬開頮顨颒餴馵鼻龏𠆉𠇋𠝢𠦃𠦄𠦌𠦑𠬺𠮽𠹞𡗹𡞌𡧅𡪃𡪮𡫳𡭛𡲱𢇂𢌭𢌮𢌯𢌱𢌲𢌳𢌴𢌵𢌶𢌷𢌸𢌹𢌺𢌻𢌼𢌾𢌿𢍀𢍁𢍂𢍄𢍅𢍆𢍇𢍈𢍉𢍊𢍌𢍍𢍎𢍏𢍐𢍑𢍒𢍓𢍕𢍖𢍗𢍘𢍙𢍛𢍜𢍝𢍟𢍠𢍡𢍢𢍣𢍤𢍥𢍦𢍧𢍩𢍪𢍬𢍮𢍯𢍰𢍱𢍲𢍳𢍴𢍵𢍶𢍷𢍸𢨬𢬵𢰘𢱰𢶛𣅹𣆼𣍹𣔬𣪞𣬓𣬗𣭌𣯬𣹚𣼨𤁌𤃙𤉻𤟻𤠈𤶦𤸞𤼷𤾵𥃲𥐧𥝯𥤬𥤰𥫠𥫲𥮈𥮎𥯹𥰰𥱅𥶝𥸭𥹻𥻔𦁰𦃍𦅳𦥸𦧄𦩎𦬇𦬠𦬧𦮁𦮘𦯨𦯳𦯸𦰙𦰠𦱓𦱤𦱭𦱱𦲇𦲈𦲱𦳕𦳴𦴮𦴰𦴳𦵝𦶪𦶭𦶯𦸳𦹈𦹉𦹊𦹍𦻟𦻠𦻡𦻢𦻣𦻥𦻦𦻧𦻨𦻪𦽷𦽸𦽹𦽻𦿔𦿠𦿢𦿣𦿤𦿥𦿩𦿪𧁕𧁗𧁻𧂑𧂱𧂳𧂴𧂵𧃺𧃻𧄩𧄫𧅎𧅏𧆁𧆚𧎔𧘬𧙒𧜋𧟤𧟥𧠋𧠌𧡉𧡗𧬏𧯭𧳳𧽁𨁐𨐢𨓋𨔰𨗕𨗮𨤝𨧂𨴂𨵹𩀂𩂽𩅁𩒶𩓉𩓚𩚇𩪎𪂻𪞷𪪳𪪴𪪵𪪶𪪷𪪸𪪹𫌲𫔭𫙐𫢡𫸖𫸗𫸘𫸙𫸚𫸛𫸜𫸝𫸞𫸟𫸠𫸡𫸢𫸣𫸤𫸦𫹈𬅝𬆕𬌑𬌪𬔍𬙬𬜦𬝧𬝭𬪑𬪢𬶽𭚖𭚗𭚘𭚚𭚜𭡢𭰡𭱄𭱐𭿗𮅫𮟒𮩴𮬘𮰰𮶇𰅽𰏤𰐇𰐈𰐉𰐌𰪧𰱂𰴡𱄼𱍁𱔈𱚜𱝔𱝕𱝗𱝘𱧍𱪻𱲞𱶘𱽙𱾌𱾍𱾤𱾩𲆑𲇅𲟗𳈖
廿	㒼㔮㷼䁧䊟䎯䐽䖄傼卋嘆堇嬊度庶庹庻暵棄歎滿漢炗熯燕甘簔艱蟎難革鷰黃𠀠𠂯𠂺𠃟𠔏𠔝𠕯𠖉𠙨𠙯𠢀𠣦𠦜𠦶𠪛𠺇𠼄𡆒𡎸𡏳𡕛𡚟𡳴𡳼𢚈𢴁𢷥𣀱𣁒𣋅𣏼𣢓𣲟𣼛𣾑𤂒𤅽𤈲𤉻𤨢𤨰𤨸𤫝𤳉𤹝𤻠𥏴𥪽𥫍𥲈𥴂𥽒𥾰𦆐𦒅𦟫𦣚𦫒𦬵𦰩𧡙𧢚𧭩𧮃𧺧𧿰𨑬𨖓𨪬𨫪𨬪𨭯𨽝𨽴𩁘𩁣𩁤𩁪𩁬𩁳𩑪𩮽𩴓𪄿𪇠𪇽𪤱𪩙𪪫𪹒𫆊𫖆𫷄𬥮𬫮𬸧𭁔𭨊𭩠𭫐𮏩𮐤𮑟𮣥𮬿𰃬𰟓𱍨𱎘𱏌𱕭𱷢𲆡𲟁𲽩
开	㓫㕃㟖㢅㰢㼛㿼䀘䄯䍾䙹䢎䵤刑咞妍岍并弄形枅栞汧烎研笄筭茾蚈訮豜趼邢鈃钘開雃鳽𠂸𠆻𠇋𠌤𠤡𠾝𡐪𢁅𢆚𢆛𢆬𢇩𢌮𢍫𢏗𢓄𢕆𣂖𣢴𣥎𣬊𤕑𤜵𤣿𤶦𤿐𥅝𥈪𥓨𥝯𥤴𥦌𥳐𥸶𦈨𦐧𦧄𦫍𦰃𦸟𦼠𧗦𧙧𧲨𧵭𨃿𨊻𨐆𨕧𨚆𨡶𨨊𨨵𨴂𨴚𨸦𩂽𩒖𩓍𩔛𩩄𪂍𪄃𪊑𪎙𪔾𪗛𪚜𫈴𫔭𫛚𬌳𬙬𬴧𬻦𭆚𭍿𭜕𭨩𭱍𮍩𮲏𰏤𰐇𰐊𰐋𰢹𰱂𰷋𱌿𱦺𱪩𱼲𲞺𳈖
弁	㭓㳎㺹䒪䣲䪻䮁匥峅弃弆拚昪笲閞鴘𠦷𡊅𡊯𡏰𡗹𡛞𢍭𤝏𤼪𥴥𥹇𥿋𦰠𧉤𨋒𨚕𨠢𩚳𪌚𪪳𫔰𫖘𫨄𫴕𬢢𭚞𭜢𰕇𱉡
异	𢼷𦚪𩐦𫷩𮹆
弃	㳰𢬵𤥡𥟋𥹻𨁐𨓋𩓗𬻭𮗱𮧜𲫣
弄	㑝㛞㟖㢅㳥哢挵梇硦筭𠑋𠸙𡋱𡫶𡱯𡳊𡷟𢃈𢌊𢌌𢕁𢙱𢚸𣭿𤞬𤯨𤯩𤲌𤶦𤿬𤿰𥦌𥧪𥨋𦡠𧋼𧚂𧚠𨁦𨓡𨛓𨲀𩀳𩂽𩩖𪔠𪟤𪪩𪫵𪻠𫠯𫥌𫪹𫴳𫸷𬊊𬏇𬏖𬖆𬙬𬚼𬟎𬴑𭀮𭚙𭚛𭠴𭦄𰅙𰨀𰱂𰻖𱗼𱘱𱝖𱰟𲇎𲎚𲎛𲕝𲘤𲜞𲰯𲶮𲽮𳂥𳄶𳈖𳈟𳑔
弆	𡍊𢍨𤼴𥨜𨝈𮞗
弇	啽媕揜渰葊鞥黭𠝢𡹮𢜰𣉂𥚫𦝡𧍬𧩸𭫃𮅫𮪓𰴊𰸡𲐺
弊	𡃇𣋹𤾵𦿔
弋	㚤㢤㢥㢦䄩䘝䞖䣧䬥䴬代弌弍弎式忒杙此武浳甙芅貣釴隿骮鳶鸢黓𠯅𢇙𢍻𢍼𢍽𢍿𢎀𢎁𢎂𢎃𢎄𢎅𢎆𢎇𢎉𢎊𢎋𢎑𢎒𢎓𢎕𢎖𢓀𢖺𢖼𢩮𣍑𣧆𤘚𤬩𤮼𤴵𤼕𥘒𥫝𥭿𥾐𦏵𦨒𧈩𧈱𧈺𧴮𧴰𧶣𧿑𨟲𨸽𨾍𩲭𩾢𪎈𪧝𪵫𫎊𫐟𫞕𫞖𬗋𬢜𬬩𭚡𭚢𭚣𭜚𮀕𮉽𮟪𰁶𰎣𰐍𰐎𰐏𰐐𰐑𰐒𰷞𰼩𱑘𱺴𲸅
弌	弍弎式𢍾𢎈𢗥𭚟
弍	弎弐貳贰𠱌𢎏𬫇𰮓𱎔𱎗𲹣
式	侙弑弒恜拭栻烒試试軾轼鉽𠲧𢂑𢎍𢎎𤀏𤞔𥁦𥅞𥹨𥿮𧊖𧙢𧵻𩗎𪀦𪀸𪉅𪰜𪻙𫟸𫭫𭚤𮗫𮩧𰧶
弓	㔇㚕㢧㢨㢩㢪㢫㢬㢭㢮㢯㢰㢱㢳㢴㢵㢶㢷㢸㢹㢺㢻㢼㢽㢾㢿㣀㣁㣂㣄㣅㣆㧈䕠䚨䠻䩑䰜夷宆弔引弖弗弘弙弛弜弝弞张弡弢弣弤弥弦弧弨弩弪弫弬弭弮弯弰弱弲弳弴張弶強弸弹强弼弽弾弿彀彁彃彄彅彆彇彈彉彊彋彌彍彎彏撥杛橃潑發矤穹粥芎荑葞虇襏蹳躬鱍𠀓𠖦𠢛𠣀𠤂𠥚𠯶𠰀𠱣𠱳𠸃𡉖𡕋𡗝𡝡𡰬𢀶𢁠𢎚𢎛𢎞𢎟𢎠𢎡𢎢𢎣𢎤𢎥𢎦𢎩𢎪𢎫𢎬𢎭𢎮𢎯𢎰𢎲𢎳𢎴𢎵𢎶𢎷𢎸𢎹𢎺𢎻𢎼𢎽𢎾𢎿𢏀𢏁𢏂𢏃𢏄𢏅𢏆𢏇𢏈𢏉𢏊𢏋𢏌𢏍𢏎𢏏𢏐𢏑𢏒𢏓𢏔𢏕𢏖𢏗𢏙𢏚𢏛𢏜𢏝𢏞𢏟𢏠𢏡𢏢𢏣𢏤𢏥𢏦𢏧𢏨𢏪𢏫𢏬𢏭𢏮𢏯𢏰𢏱𢏲𢏳𢏴𢏵𢏶𢏷𢏸𢏹𢏺𢏻𢏼𢏽𢏾𢏿𢐁𢐂𢐃𢐄𢐅𢐇𢐈𢐉𢐊𢐋𢐍𢐎𢐏𢐒𢐓𢐔𢐕𢐖𢐗𢐘𢐙𢐚𢐛𢐞𢐟𢐠𢐡𢐢𢐣𢐤𢐦𢐧𢐪𢐯𢐰𢐱𢐲𢐳𢐴𢐵𢐶𢐷𢐸𢐻𢐽𢐿𢑀𢑁𢑂𢑃𢑄𢑆𢑇𢑈𢑉𢑊𢑎𢖸𢗂𢙰𢠺𢤉𢰕𣁺𣇎𣐢𤉝𤏯𤓷𤵶𤼰𤼲𥚜𥝙𥫤𥴳𥸲𥾏𦂷𦦎𦪑𦯢𦶁𦷆𦸹𦹽𦽙𧆅𧘏𧢺𧣚𧦮𧬋𧱶𨀇𨂺𨈊𨕿𨞉𨶾𨺕𩁽𩎴𩞽𩨙𩯃𩾫𩿴𪎔𪓯𪖆𪪺𪪻𪪼𪪽𪪾𪪿𪫀𪫁𪫂𪫄𪫅𪰩𪼵𪽯𫆷𫛇𫝳𫢏𫸟𫸥𫸦𫸧𫸩𫸪𫸫𫸭𫸮𫸯𫸰𫸱𫸲𫸳𫸵𫸶𫸸𫸹𫸼𫸾𫹀𫹁𫹂𫹃𫾰𬇗𬶿𭇂𭙗𭚦𭚧𭚨𭚩𭚪𭚫𭚬𭚮𭚯𭚰𭚱𭚲𭚳𭚴𭚵𭚶𭚷𭚸𭚹𭚺𭚻𭚼𭚽𭚿𭛀𭛃𭛄𭛅𭛆𭛈𭛉𭛋𭨧𭨴𭩲𭪗𭯆𭾤𮂖𮆦𮋴𮌏𮓶𮮻𮰆𮱴𮱵𮱶𮱷𰁣𰂄𰇉𰎉𰐓𰐔𰐗𰐘𰐙𰐚𰐛𰐜𰐞𰐟𰤍𰮴𰸻𰺳𰻱𱝙𱝚𱝛𱝜𱝝𱝞𱧝𱪆𱪼𱯣𱱷𲐟𲟘𲢞𲹩𳉚
弔	䘟伄弚盄鈟𠰀𢎨𢟛𤝠𥝼𥾯𦙨𧔨𧔩𧘨𨑩𨧙𨳤𪫥𫄝𫼛𬠆𰰣𳃊
引	㽼䀕䇙䏖䒡吲矧粌紖纼蚓訠鈏靷𠀓𠇁𠒒𡗵𡛅𢏄𢪉𣏖𦙢𧿯𨈧𪵰𫙒𫸬𫸷𬻏𭚭𮚵𮝅𮡕𰉞𰤎𰶻𰽣𱛐𱿷𲟴𳐡
弖	𡉶𢪕𦙠𧦒𪿓
弗	㔗㚕㪄䀟䄶䛍䞞佛刜咈坲岪彿怫拂昲柫氟沸炥狒疿砩笰紼绋羛胇艴茀費费鉘髴鮄𠄴𠍟𠔘𠡂𡗻𡘉𡛯𡶒𢂀𢏇𢒍𢘍𣙶𣭘𣲴𤇝𤝟𤤖𤫰𤯽𥄱𥘬𥝃𥡀𥿏𦐡𦕚𦨡𧉸𧕒𧙂𧠤𧿳𨋥𨚓𨚭𨱰𩂕𩃸𩉽𩎛𩎡𩐚𩖼𩱎𫚒𫸨𫸴𫸻𬝱𬡐𬣧𬨙𬩉𬽀𭀯𭯗𮩽𰁰𰐕𰐖𰐝𰓖𰕧𰯵𰽱𱑚𱶵𲜶𲡧𲢀𲰵𲵃𳑑
弘	䡏䨎宖泓紭苰鞃𠰈𢘌𢫠𣐜𣴦𥥈𨥺𪜴𪨭𪨮𪸡𬍝𬭂𮘆𰬋
弜	㢲㢸㢽㣃䰜弻弼粥𠱳𠴀𠸇𢏄𢏝𢏺𢐀𢐁𢐆𢐈𢐌𢐐𢐑𢐘𢐜𢐥𢐨𢐬𢐭𢐮𢐲𢐷𢐹𢐺𢐼𢐾𢑅𢑌𢑍𢑎𤑜𤑨𤙗𥋡𦭲𧙭𩰲𩱒𩱠𪾞𫳆𫸺𬑂𭛂𭶡𮫛𮱸𲈪𲺂𳉤
弟	㖒㣢䏲䑯䬾䶏俤剃娣悌挮晜梯涕焍珶睇祶稊綈绨罤豑豒递銻锑鬀鮷鵜鹈𡌡𡥩𢚖𣋥𣜹𤫼𤭌𥊽𥺀𦯔𦸫𧀾𧃣𧋘𧯪𧳋𧳼𨁃𨹥𨿘𨿝𩓂𪁩𪕧𪖦𪫃𫤜𫸽𬀹𬑳𬡜𬲻𬶕𭃦𭄍𭄽𭘨𭚾𭛊𭪗𭻘𮌬𮑟𱔃
张	涨𬦵𱒻
弥	㟜㳽猕𠵸𡝠𣓔𤦀𥇎𥮜𦰴𧢖𧤆𨧮𨨮𩸹𪋈𰳉
弦	㡉㭹娹婱惤誸𢛆𢮂𦱁𧼏𨧻
弧	𥏩𥮰
弩	𢮫𫯅𬊨𱓕𱣳𳋝
弭	㢽㥝渳葞麛𢐩𪓯
弯	塆湾𨂺𬶥𭉎𭺯𮍽𮱐𰐡𰐢𱛾𲇓𲟙𲦗𳏕
弱	䐞䚥嫋嵶愵搦榒溺篛糑蒻鰯鶸𠺁𡎳𡲳𢞔𢾲𢾼𤲹𥉧𦩸𨉱𨐪𨪤𨷊𩥩𪝟𭛇𰕛𱈍𱤹𲮯
張	㙣㯑漲瘬𢊜𢐓𢐘𢳫𦸾𧐊𨄰𫣖𫫧
強	䥒勥嵹摾漒犟糨繈膙蔃襁謽鏹𠼢𡠤𡠥𢠌𣚦𣩴𥨀𩌾𩝽𩴒𪻈𫋙𭽅𮂏𮜓𲟚
弹	𠽂𢠤𫸿𬑫𰐠
强	䃨䥒勥嵹摾漒犟糨繦膙蔃襁謽鏹镪𠎦𠼢𡠤𡠥𣚦𣩴𩌾𩝽𩴒𫄶𫗳𫮬𮴵𱸨
弼	𩅭𫓎𰘰𰘱𲑐𳍃
彈	𤻾𱡊𳀊
彊	䕬疆𠣀𠣃𡾪𦇤𧖑𧟂𨯞𫕘𭌡𭛌𭬰𲣟
彌	㜷䉲䕳䥸瀰獼瓕𡄣𡓭𡾱𦇯𨣾𬬠𭣐𮕖𮩚𮬚𱋂𲧡
彎	䘎壪灣𡤶𡿞𢺯𣡩𨈊𬣗𱇋𲘘𲴡
彐	㞪夛妇彐归录彖彚彞灵禄縁邍𠆟𠭣𠱲𡩚𡰩𢎝𢑏𢑑𢑒𢑔𢑕𢑖𢑘𢑙𢑜𢑢𢑨𢑪𢑳𢒓𣊸𣪣𤶍𥂼𥯵𦄳𦇚𦮑𨓶𨔡𩈟𩰸𰐥𰯓𰶩𱝟𱝠
彑	㣇㫽㬪㯟互彔彖彘彙彜彝疉蠡𠈳𡗨𢑓𢑗𢑛𢑞𢑡𢑣𢑦𢑱𢑷𤟘𤴁𥪬𦇚𦬚𦯥𧁸𧰲𧰺𧱈𧲁𩻼𩼍𪫇𫹈𭛏𭛑𱝡
归	岿𫢔𰰮
当	㓥垱挡档珰筜裆铛𤇻𥹥𪠽𫀮𫟰𫰠𫵃𬐉𬙏𬠅𬣭𭕈𭰎𮛗𮜴𮰑𰁸𰖂𰗞𰷁𱎄𱫂𱳹𲄝𲺑
彔	㖨㪖㫽㯟䎑䎼䐂䘵䚄䟿䩮䰁䱚䴪剝娽椂氯淥琭盝睩碌祿箓粶綠菉觮趢逯邍醁錄騄鵦龣𠷍𢅞𢑾𢒚𢮑𤊒𤷚𤽺𤿴𥧴𥪋𥼙𦌟𦧽𧌍𧨹𨌠𨘭𨮦𨲒𩓪𩛼𪋵𪍄𪑔𬙐𬺠𭁖𭂕𮚓𱚌𲈭𲎌𳋶
录	㖨㟤㪖㫽㯟䎑䎼䐂䘵䚄䟿䩮䰁䱚剥娽椂氯渌琭盝睩碌禄箓粶緑绿菉觮趢逯邍醁録騄鵦龣𠷍𡍖𡸮𢅞𢑾𢕲𢮑𤟘𤷚𤽺𤿴𥪋𥭼𥼙𦋏𦋔𦘞𧌍𧨹𨌠𨘭𨲒𩓪𩛼𪋵𪍄𪑔𪤤𫘧𬆚𬓗𭦧𮬠𱖂𱞩𱷐𲃃𲈊𲌏𳀤
彖	㑰㥟䂕䗍䛹䞼䤸䧘䱲剶喙堟墬掾椽湪猭瑑盠禒篆緣缘腞蒃蝝蠡褖餯鶨𠠂𠠞𠭣𠿔𡒰𡓬𡟇𡦁𡩀𢍝𢐄𣂵𣈬𣨶𤊺𤬌𤸁𥂻𥂼𥯵𦑙𦧫𦧬𧱤𧳩𨂦𨔵𨙅𩀅𩄖𩌁𩔂𩘐𩫞𫀿𰾦𱄄𱊘
彗	㨹㻰䨮䵻嘒慧暳槥熭篲蔧轊鏏𢄣𢑹𢟩𣊄𦄑𦒄𩏚𫐕𫳯𬭬𮔷
彘	璏𩻼
彙	𱯲𳇍
彝	㰘𬯧𱽆
彡	㐱㟌㣉㣊㣋㣌㣍㣎㣏㣐㣑㣒㣓㤶䀐䏵䑣䚲䤯䫇䫠䵨丯修参參哤娏尨嵃形彣彤彥彦彨彩彪彫彬彭彮彯彰影彲杉楌毝毵浝浵滮澎烿牻狵珳硥羏耏肜蓚虨蛖衫諺辵釤钐須頿须颩駹髟鬰鬱鬽𠆹𠈵𠘱𠝁𠝉𠝦𠪏𡂵𡆱𡈖𡈝𡈪𡎑𡐐𡔻𡕜𡖰𡛆𡡓𡯎𡿽𢀽𢁘𢄮𢌘𢐅𢒀𢒁𢒂𢒃𢒄𢒅𢒆𢒇𢒈𢒉𢒊𢒋𢒌𢒍𢒎𢒏𢒐𢒑𢒒𢒓𢒔𢒕𢒖𢒗𢒘𢒙𢒚𢒛𢒜𢒝𢒞𢒟𢒠𢒡𢒣𢒤𢒦𢒧𢒨𢒩𢒪𢒫𢒬𢒭𢒮𢒯𢒱𢒳𢒴𢒵𢒸𢒹𢒺𢒻𢦑𢱘𢿬𣁝𣂠𣚤𣥲𣭫𣰘𣲀𣸥𣹊𣼀𤁀𤂖𤑊𤥍𤧎𥂑𥆙𥒱𥘎𥝞𥟙𥟟𥢣𥭇𥱤𥲲𦅨𦏲𦓘𦘔𦤒𦩔𦭏𦳳𦷇𧂓𧆵𧈎𧐸𧗃𧠿𧢰𧨘𧩒𧱓𧴭𨂪𨊨𨐍𨒠𨓼𨟈𨟌𨡳𨤅𨧗𩁺𩇕𩑘𩒧𩓄𩓣𩓭𩓿𩔹𩔻𩖕𩚎𩚺𩣤𩥷𩩼𩰧𩰪𩲆𩷙𪛑𪞋𪠟𪠡𪥹𪧉𪫉𪸹𪻴𫖠𫙯𫜮𫴑𫵞𫹉𫹊𬑖𬓽𬥜𬧌𬱬𬱰𭉫𭛓𭛔𭛕𭛖𭛗𭛘𭛙𭛚𭣞𭥥𮃗𮈭𮍖𮗢𮙕𮚳𮟫𮫘𮱹𰍐𰐦𰐧𰐨𰐩𰐪𰐫𰺼𱃔𱄰𱐠𱗱𱝢𱝣𱝤𱝥𱝦𱟫𱥨𱬢𱼱𱾕𲌾𲜊𲟝𲟞𲟟𲤌𲦃𲦦𲩽𲫟𲬡𳉖
形	䤯𡌑𥒱𧨘𨴸𩃋𪫊𫌟𬑖𭑾𮏂𳋄
彣	珳𠲲𣁝
彤	浵烿
彥	偐喭嵃楌諺遃顏齴𠷗𡙓𢒶𣨹𥀆𦫨𧱱𨂪𩕝𩜽𩠪𪃛𪦎𪵏𪻾𫈱𫝏𬛝𮂉𰖙𰫮𲽂
彦	偐喭嵃楌諺谚遃顔颜齴𠦳𠷗𡎑𡙓𢞆𢢋𢱘𢵲𣨹𣸥𦞎𧱱𨂪𨩱𩕝𩜽𩠪𩩷𪃛𫜮𫫹𬊰𭔂𭛛𰌭𲖐
彧	稶𠸹𢒰𢞿𣤁𧫊𨪎𪏞𪒃𫮓𮡃𮩫𰭥𱯎𲈯𲑁𲩮
彩	𣙓𤨽𦹮𬗹𭊑𮜎
彪	滮𤹼𧜺𧷠𬧌𬩃𱬂𲌾
彫	簓𦸔𧐸𱗱𲩽
彬	霦𧈇𪬟𪹡𬈥
彭	㱶嘭憉澎甏膨蟚蟛𠎎𡐶𢵓𤡭𤺬𥕱𥕽𥛱𥛻𦅈𦗭𦪟𨅘𨎧𨭌𩻬𪹫𫄵𫚩𬭵𮟊𰅿𰸫𲦰
彰	𢣪𤁀
影	𡂵𤂖𥶩
彳	㞛㣔㣕㣖㣗㣘㣙㣚㣛㣜㣝㣞㣟㣠㣡㣢㣣㣤㣥㣦㣧㣨㣩㣪㣫㣬㣭㣮㣯㣰㣱㣲㣳㣴㣵㣶㣷㣸㣹䘖䡓䵈僕屜屦屧屨幑彴彵彶彷彸役彺彻彼彽彾彿往征徂徃径待徆徇很徉徊律後徍徎徏徐徑徒従徔徕徖得徘徙徚徛徜徝從徟徠御徢徣徤徥徦徧徨復循徫徬徭微徯徰徱徲徳徴徵徶德徸徹徺徻徼徽徾徿忀忁忂懲暀潃癓行衍衡霺鰴黴鿈鿉𠉫𠕮𠝨𠞾𠣾𠤇𠥌𠪍𡀏𡋩𡕴𡱱𡱹𡲁𡲏𡲕𡲟𡲲𡳌𡳐𡽪𢋋𢒼𢒽𢒾𢒿𢓀𢓁𢓂𢓃𢓄𢓅𢓆𢓇𢓈𢓉𢓊𢓋𢓌𢓍𢓎𢓏𢓐𢓑𢓒𢓓𢓔𢓕𢓖𢓗𢓘𢓙𢓚𢓛𢓜𢓝𢓞𢓟𢓠𢓡𢓢𢓣𢓤𢓥𢓦𢓧𢓨𢓩𢓪𢓫𢓬𢓭𢓮𢓯𢓰𢓱𢓲𢓳𢓴𢓵𢓶𢓷𢓸𢓹𢓺𢓻𢓼𢓽𢓾𢓿𢔀𢔁𢔂𢔃𢔄𢔅𢔆𢔇𢔈𢔉𢔊𢔋𢔌𢔍𢔎𢔏𢔑𢔒𢔓𢔔𢔕𢔗𢔘𢔙𢔚𢔛𢔜𢔝𢔞𢔟𢔠𢔡𢔢𢔣𢔤𢔥𢔦𢔧𢔨𢔩𢔪𢔫𢔭𢔯𢔰𢔱𢔲𢔳𢔴𢔵𢔶𢔷𢔸𢔹𢔺𢔻𢔼𢔽𢔾𢔿𢕀𢕂𢕃𢕄𢕆𢕇𢕈𢕉𢕌𢕍𢕎𢕏𢕐𢕑𢕒𢕓𢕔𢕕𢕖𢕗𢕘𢕙𢕚𢕛𢕜𢕝𢕞𢕟𢕠𢕡𢕢𢕣𢕤𢕦𢕧𢕨𢕩𢕪𢕫𢕬𢕭𢕮𢕯𢕰𢕱𢕲𢕴𢕶𢕷𢕸𢕹𢕺𢕻𢕼𢕽𢕾𢕿𢖁𢖂𢖃𢖄𢖆𢖇𢖈𢖊𢖌𢖎𢖏𢖐𢖑𢖒𢖓𢖔𢖘𢖙𢖚𢖛𢖜𢖝𢖞𢖟𢖠𢖢𢖣𢖤𢖥𢖦𢖧𢚐𢛛𢝐𢝩𢝱𢷸𣈧𣌎𣤳𣰒𣰓𣰪𣶂𤁚𤁲𤎇𥅇𥆜𥉎𥟲𥧽𥨑𥨝𥨡𥷉𥷲𦂵𦑸𦖴𦱿𦵌𦹟𧗞𧗱𧠃𧠅𧢒𧢡𧢤𧲓𧸮𧾘𨇕𨑠𨝔𨟃𨤅𨪯𨷋𨷣𨼕𨿒𩕂𩙃𩙉𩜔𩴰𪁛𪎓𪨗𪫋𪫌𪫍𪫎𪫏𪫐𪫑𪫒𪫔𪫕𪫖𪫗𪫘𪫙𪫛𪫜𫈙𫳩𫵩𫹋𫹌𫹍𫹎𫹏𫹐𫹑𫹒𫹓𫹔𫹕𫹖𫹗𫹘𫹙𫹚𫹛𫹜𫹝𫹞𫹟𫹠𫹡𫹢𫹣𫹤𫹥𫹧𫹨𫹩𫹪𬨀𬷘𭐈𭕞𭗒𭗓𭛜𭛝𭛞𭛟𭛠𭛡𭛢𭛣𭛤𭛥𭛦𭛧𭛨𭛩𭛪𭛫𭛬𭛭𭛮𭛯𭛱𭛲𭛳𭛴𭛵𭛶𭛷𭛸𭛹𭛺𭛻𭛼𭛽𭛾𭛿𭜀𭜁𭜂𭜃𭜄𭜆𭜇𭜈𭜉𭜊𭲤𭶜𮄘𮜕𮱺𮱻𮱼𮱽𮱾𰐬𰐭𰐮𰐯𰐰𰐱𰐲𰐳𰐴𰐵𰐶𰐷𰐸𰐹𰶮𱈑𱉷𱚻𱝑𱝫𱝬𱝭𱝮𱝯𱝰𱝱𱝲𱝳𱝴𱝵𱝶𱝷𱝹𱝺𲟠𲟡𲟢𲟣𲟤𲟥𲟦𲟧𲟨𲟩𲟪𲟫𲟭𲟮𲟯𲶤𳈺
彷	𢕐𩭔𭝁
役	䓈垼𠖊𣒃𤈧𤥞𤶣𥆛𧱕𨦯𨿒𩂹𩎶𩷍𪁛𭙠𰥦𱎑𱒵𲵻
彼	𠥌𠶎𡮌𢜢𢯏𣔓𣷭𥓳𥨑𦋕𩏃𫖽𱝻𲙜𲟬𲤢𲪣𲼎𳈈
彿	𩭬𭝖
往	暀𠉫𠗤𢛛𣶂𤷮𥆜𥯂𫃮𬻯𭈕𮤵𰖿𰗴𰱖𱛶𲉾𲕌𲡹
征	惩𣔥𦲵𧗪𨨨𩸵𫤎𱱗𱳂𲥠𲵱
徂	䓚𣨖𱿭
徃	𣇭𥯁𭰵𱻃𲁬
径	径𱽮
待	偫崻𠸤𢱜𣹘𤋵𤚟𤲵𦃀𦞒𧛶𧶱𨃉𪃝𫁧𫹦𱝸𱸯𱹑𲅪𲛄𲞳𲟥𲤨
徇	𢔐𢕊
很	䓳𢉟𧩺𭉂𭝮𭦶𭿉
律	嵂箻葎𠷈𢖀𢯰𣕖𣹕𦂻𧍶𪑯𪫓𪫚𪻃𫆧𱛼𲞾𲫵𲲊𳀿𳃘
後	䵈𠷴𢖕𢖖
徐	蒣𡲰𣉹𣻄𪹘𬁊𭞃𰈘𲠘𲥁𳍭
徒	蓗𠻀𢕤𢕳𢖂𢟎𢲛𣘊𣺺𤸭𥱰𦪂𨃝𪼊𭄂𭕫𮐓𱼓𲺫
従	縦𧱷𫞋𭞁𮋹𮜀𱁋
得	嘚𡐙𣘱𤹬𥊤𥕣𪮦𫣓𬈫𬋂𭏢𮔹𰙃𰸪𲟰
徙	㿅嘥屣漇簁縰蓰褷蹝𢇌𢊚𢒩𢳜𣘩𣯪𥊂𥛨𦹼𩌦𫄳𫆎
從	㗰㙡㜡㞞㢔㹐㼻䐫䗥䙕䡮䢨䰌䳷傱嵷嵸慫摐暰樅漎熧瑽瘲瞛磫篵縱聳蓯豵蹤鏦𢐔𢕩𢖗𢠰𣯨𤡆𥡬𦌇𦗜𧐱𧽵𨄦𨲧𩀨𩀰𩞆𩞐𪅜𪖁𬥯𭜅𰟕𲛇
御	䥏禦篽蓹𣊗𬄧𭊷
徥	𢖤𦻀
復	㠅䨱履澓癁蕧覆𠣾𡐣𡑉𥨍𥳇𥷱𧄏𧕡𫓍𭌆𭙷𭸬𮇼𮖵𮬑𰊯𲯾
循	㵌𣛝𦅑𧝩
徫	衛𩙃
微	㜫㵟䉠䥩嶶癓矀薇覹霺鿦𡀎𢋋𣌎𣰒𥋪𦆓𦗸𦡒𧒰𧢒𧢓𧾘𨣟𨱖𨷋𩼌𫌭𫲛𭶓𰎆𱬙𲥄𳀗
徴	懲𤑈𭒧𭺉𮣚
徵	㠞懲瀓癥藢𢷸𦘇𧢡𨟃𨷣𪿂𰎾𲐓𲞑𳃬
德	𥌩𪢝𮕏𰔹𱤰
徸	𢖜𧘂
徹	勶𠖢𡫠𣰪𤁲𨇂
徽	𧃸𩽚𭐈
心	㘂㝕㢜㣻㣽㤀㤁㤂㤅㤈㤍㤎㤐㤙㤟㤠㤣㤩㤫㤮㤰㤲㤵㤻㥁㥈㥋㥎㥐㥑㥕㥣㥤㥦㥨㥯㥲㥶㥷㥹㥻㥿㦁㦂㦄㦌㦔㦘㦚㦛㦝㦞㦟㦣㦤㦥䈚䉍䉞䏋䓗䓤䗹䘆䧭䧮䨚伈吢吣嬨嬺孞寧崽幰徳忈忌忍忎忐忑忒志忘応忞忠忢忥忩念忽忿态怂怎怒怘思怠怣怤急怨怱怷怸怹总怼恁恋恏恐恕恖恙恚恝恣恥恧恩息恳恴恵恶恷恿悆悉悊悐悘悠悡患悤悥您悪悫悬悲悳悶悹惁惄惉惌惎惑惒惖惠惡惢惣惥惩惪惫想惷惹愁愂愆愈愍意愗愙愚感愨愬愳愸愻愿慁慂慇慈態慐慗慙慜慝慤慦慧慫慭慮慰慸慹慼慾慿憃憄憅憇憊憋憌憑憖憗憙憝憠憥憨憩憲憵憼懃懇應懋懑懕懖懘懟懣懬懯懲懸戀戁戅戆戇抋攇敜杺櫶沁濨瀗甯痣瘱癋癒癔礠穏窻縂聴芯荵莣菍葱葸葾蒠蒽蔥蕄蕜薏藘藯藼虑訫鈊闷隠𠅤𠌤𠍌𠍴𠎝𠎢𠎰𠎱𠏨𠐃𠐥𠐷𠓣𠖶𠨛𠨝𠪰𠪾𠲹𠴤𠺨𠺱𠼿𠿔𡂔𡉾𡚿𡟟𡡌𡢆𡧫𡩉𡪥𡪾𡫃𡫇𡬕𡬛𡮮𡲦𡷢𢅪𢈸𢊕𢓿𢕆𢕞𢖘𢖫𢖰𢖴𢖶𢖻𢖼𢖽𢖿𢗀𢗁𢗂𢗊𢗍𢗏𢗐𢗓𢗣𢗤𢗥𢗦𢗧𢗨𢗩𢗪𢗫𢗬𢗭𢗮𢗯𢗰𢗱𢗹𢗻𢘁𢘂𢘅𢘇𢘋𢘍𢘒𢘓𢘖𢘗𢘞𢘟𢘠𢘡𢘢𢘣𢘤𢘫𢘯𢘰𢘱𢘲𢘳𢘴𢘵𢘻𢘼𢘿𢙁𢙂𢙄𢙅𢙈𢙌𢙍𢙎𢙏𢙞𢙟𢙠𢙡𢙢𢙣𢙤𢙥𢙦𢙭𢙮𢙯𢙰𢙶𢙷𢙸𢙻𢙽𢚅𢚊𢚎𢚏𢚐𢚑𢚒𢚓𢚖𢚟𢚠𢚡𢚢𢚣𢚤𢚥𢚦𢚧𢚨𢚩𢚪𢚫𢚳𢚸𢚿𢛀𢛁𢛂𢛃𢛆𢛇𢛈𢛋𢛑𢛓𢛖𢛚𢛜𢛝𢛣𢛥𢛦𢛧𢛪𢛬𢛭𢛮𢛱𢛲𢛳𢛶𢜂𢜃𢜄𢜅𢜆𢜇𢜈𢜉𢜋𢜌𢜍𢜎𢜏𢜐𢜑𢜒𢜓𢜔𢜕𢜖𢜛𢜣𢜦𢜧𢜨𢜯𢜷𢜹𢝃𢝅𢝊𢝍𢝏𢝐𢝑𢝔𢝕𢝖𢝗𢝦𢝧𢝨𢝩𢝪𢝫𢝬𢝭𢝯𢝰𢝱𢝲𢝳𢝴𢝵𢞀𢞈𢞉𢞋𢞍𢞒𢞔𢞚𢞢𢞣𢞤𢞥𢞩𢞪𢞫𢞭𢞯𢞱𢞽𢞾𢞿𢟀𢟁𢟂𢟃𢟅𢟆𢟇𢟍𢟛𢟜𢟤𢟥𢟪𢟬𢟮𢟯𢟲𢟻𢟽𢠀𢠃𢠋𢠒𢠓𢠔𢠕𢠖𢠘𢠙𢠚𢠛𢠜𢠝𢠬𢠱𢠴𢠶𢠸𢠾𢡂𢡃𢡆𢡈𢡊𢡑𢡔𢡕𢡗𢡙𢡛𢡟𢡢𢡪𢡫𢡬𢡭𢡮𢡯𢡰𢡱𢡲𢡳𢡴𢡵𢡶𢡷𢡸𢡹𢡺𢡻𢢉𢢌𢢍𢢎𢢐𢢑𢢞𢢠𢢡𢢢𢢣𢢦𢢧𢢨𢢫𢢭𢢱𢢵𢢶𢢷𢢹𢢿𢣁𢣉𢣋𢣍𢣑𢣓𢣕𢣖𢣘𢣠𢣡𢣣𢣥𢣪𢣬𢣭𢣮𢣯𢣰𢣱𢣲𢣽𢤀𢤁𢤂𢤃𢤅𢤉𢤊𢤌𢤍𢤎𢤐𢤑𢤒𢤔𢤖𢤘𢤙𢤤𢤧𢤰𢤲𢤵𢤷𢤹𢤿𢥍𢥗𢥛𢥤𢥦𢥧𢥨𢥩𢥫𢥮𢥰𢥲𢥹𢥺𢥽𢥿𢦀𢦁𢦆𢦇𢦉𢦊𢧯𢰌𢲀𢵃𢶴𢷝𣅵𣖯𣞝𣟥𣠣𣣈𤄋𤆸𤣇𤨫𤫈𤵂𤷞𤸊𤹏𤹕𤹛𤹯𤻮𤼂𤼉𤼣𥀽𥌷𥘚𥥁𥦾𥧛𥧟𥭜𥮘𥮨𥯱𥲅𥴳𥴺𥶙𥷌𥹀𥽊𥿂𦁔𦁞𦃳𦅋𦒎𦘛𦘜𦘝𦘡𦙦𦛂𦜙𦡵𦢑𦪐𦮤𦮼𦯌𦯡𦰸𦳌𦴜𦵃𦵇𦵚𦶐𦷋𦷚𦹎𦼇𦽫𦽳𦾂𦾤𧀱𧁊𧁋𧁗𧁜𧂡𧃅𧄄𧆹𧒧𧕝𧗺𧝮𧢅𧤶𧧴𧩇𧮗𧺨𧾨𨊘𨊳𨎢𨏀𨏥𨔇𨗫𨙤𨠉𨣭𨬂𨭨𨯶𨴮𨴽𨵖𨶡𨼆𨼶𩂈𩟳𩭤𩮪𩯲𩵽𩼰𩾽𪇈𪇔𪏤𪐊𪪟𪫠𪫥𪫩𪫫𪫰𪫱𪫳𪫴𪫵𪫷𪫼𪫽𪫾𪬂𪬄𪬅𪬆𪬈𪬊𪬋𪬍𪬐𪬒𪬓𪬛𪬟𪬥𪬩𪬯𪬴𪬵𪬿𪭀𪭁𪭂𪭅𪶚𪷨𪹄𪻒𫁑𫉅𫍆𫑭𫔪𫜿𫭻𫲽𫳾𫴔𫴭𫵯𫶃𫹭𫹯𫹰𫹱𫹲𫹳𫹵𫹹𫹻𫹾𫹿𫺁𫺄𫺅𫺇𫺉𫺋𫺍𫺐𫺑𫺔𫺕𫺖𫺗𫺚𫺛𫺜𫺞𫺠𫺡𫺩𫺮𫺯𫺲𫺵𫺷𫺸𫻆𫻇𫻍𫻎𫻒𫻓𫻕𫻙𫻚𫻛𫻝𫻢𫻥𫻪𫾿𬅟𬈞𬈬𬌓𬌔𬐘𬔰𬙃𬚲𬜫𬣐𬲡𬼫𭂅𭂦𭌃𭔎𭔗𭔝𭚄𭜋𭜍𭜎𭜑𭜓𭜘𭜝𭜣𭜤𭜥𭜦𭜧𭜨𭜩𭜪𭜫𭜯𭜰𭜳𭜵𭜶𭜷𭜹𭜺𭝁𭝆𭝇𭝉𭝊𭝍𭝒𭝓𭝖𭝘𭝙𭝛𭝜𭝡𭝢𭝤𭝥𭝦𭝨𭝫𭝮𭝱𭝴𭝵𭝶𭝸𭝾𭞁𭞃𭞈𭞊𭞌𭞍𭞏𭞑𭞓𭞕𭞗𭞘𭞝𭞠𭞤𭞦𭞧𭞨𭞫𭞮𭞲𭞳𭞸𭞽𭟂𭟄𭟋𭟌𭟏𭟔𭟕𭟛𭟝𭟟𭟠𭟡𭟢𭟦𭟪𭬁𭱖𭲓𭶖𭼚𮃐𮅪𮅱𮈯𮌢𮐔𮕄𮙄𮨞𮪾𮲄𮲆𮶴𰐺𰐻𰐼𰐽𰑀𰑆𰑈𰑉𰑋𰑑𰑒𰑓𰑔𰑕𰑜𰑟𰑡𰑢𰑣𰑧𰑨𰑩𰑭𰑲𰑵𰑶𰑷𰒃𰒄𰒊𰒌𰒍𰒒𰒖𰒛𰒣𰢧𰩍𰱉𰱥𰱶𰴉𰹣𰻝𰻞𱃤𱉀𱏢𱝼𱝾𱝿𱞂𱞃𱞄𱞆𱞉𱞍𱞎𱞓𱞖𱞜𱞝𱞡𱞱𱞲𱞼𱟍𱟛𱡫𱭎𱮬𱯒𱸒𱻾𱿀𱿜𲇴𲌠𲜏𲝧𲟲𲟴𲟵𲟸𲟺𲟻𲟽𲟿𲠀𲠁𲠃𲠇𲠊𲠌𲠍𲠒𲠕𲠙𲠚𲠝𲠤𲠨𲠬𲠱𲠴𲠶𲠻𲠽𲠾𲠿𲡂𲡄𲡆𲡌𲤿𲧔𲳒𳌩𳐛𳐠
忄	㣺㣼㣾㣿㤃㤄㤆㤇㤈㤉㤊㤋㤌㤏㤑㤒㤓㤔㤕㤖㤘㤚㤛㤜㤝㤞㤡㤢㤤㤥㤦㤧㤨㤬㤭㤯㤱㤳㤴㤶㤷㤸㤹㤺㤼㤽㤾㤿㥀㥂㥃㥄㥅㥆㥇㥉㥊㥌㥍㥏㥒㥓㥔㥗㥘㥙㥚㥛㥜㥝㥞㥟㥠㥡㥢㥥㥧㥩㥪㥫㥬㥭㥮㥰㥱㥳㥴㥵㥺㥼㥽㥾㦀㦃㦅㦆㦇㦈㦉㦊㦋㦍㦎㦏㦐㦑㦒㦓㦕㦖㦗㦙㦜㦠㦡㦢㦥㦦㦧㦨㦩㦪㦫㦬㦭㮓堩州忆忇忉忊忋忏忓忔忕忖忙忚忛忟忡忣忤忦忧忨忪快忬忭忮忯忰忱忲忳忴忶忷忸忹忺忻忼忾怀怃怄怅怆怇怈怉怊怋怌怍怏怐怑怓怔怕怖怗怙怚怛怜怞怟怡怢怦性怩怪怫怬怭怮怯怰怲怳怴怵怶怺怽怾怿恀恂恃恄恅恆恇恈恉恊恌恍恎恑恒恓恔恗恘恛恜恞恟恠恡恢恤恦恨恪恫恬恮恰恱恲恸恹恺恻恼恽恾悀悁悂悃悄悅悇悈悋悌悍悎悏悑悒悓悔悕悖悗悙悚悛悜悝悞悟悢悦悧悩悭悮悯悰悱悴悵悷悸悺悻悼悽悾悿惀惂惃情惆惇惈惊惋惍惏惐惓惔惕惗惘惙惚惛惜惝惞惟惤惦惧惨惬惭惮惯惰惱惲惴惵惶惸惺惻惼惽惾惿愀愃愄愅愇愉愊愋愌愎愐愑愒愓愔愕愖愘愜愝愞愠愡愢愣愤愥愦愧愩愪愫愭愮愯愰愱愲愴愵愶愷愹愺愼愽愾慀慃慄慅慆慉慊慌慍慎慏慑慒慓慔慖慘慚慛慞慟慠慡慢慣慥慨慩慪慬慯慱慲慳慴慵慷慺慻慽憀憁憆憈憉憍憎憏憐憒憓憔憕憘憚憛憜憞憟憡憢憣憤憦憧憪憫憬憭憮憯憰憱憳憴憶憷憸憹憺憻憽憾憿懀懁懂懄懅懆懈懊懌懍懎懏懐懒懓懔懗懙懚懛懜懝懞懠懡懢懤懥懦懧懨懩懪懫懭懮懰懱懳懴懵懶懷懹懺懻懼懽懾戂戃戄揯緪𡩃𡽼𢒆𢖪𢖬𢖭𢖯𢖱𢖲𢖳𢖵𢖷𢖸𢖹𢖺𢖾𢗃𢗄𢗅𢗆𢗇𢗉𢗋𢗌𢗎𢗑𢗒𢗔𢗕𢗖𢗗𢗘𢗙𢗚𢗛𢗜𢗝𢗞𢗟𢗠𢗡𢗢𢗲𢗳𢗴𢗵𢗶𢗷𢗸𢗼𢗽𢗾𢗿𢘀𢘃𢘄𢘆𢘈𢘉𢘊𢘌𢘎𢘏𢘐𢘕𢘘𢘙𢘚𢘛𢘜𢘝𢘥𢘦𢘧𢘨𢘩𢘪𢘬𢘭𢘮𢘶𢘷𢘸𢘹𢘺𢘽𢘾𢙀𢙃𢙆𢙇𢙉𢙊𢙋𢙐𢙑𢙒𢙓𢙔𢙕𢙖𢙗𢙘𢙙𢙚𢙛𢙜𢙝𢙧𢙨𢙩𢙪𢙫𢙬𢙱𢙲𢙳𢙵𢙹𢙺𢙼𢙾𢙿𢚀𢚁𢚂𢚃𢚄𢚆𢚇𢚉𢚋𢚌𢚍𢚔𢚕𢚗𢚘𢚙𢚚𢚛𢚜𢚝𢚬𢚭𢚮𢚯𢚰𢚲𢚴𢚵𢚶𢚷𢚹𢚺𢚻𢚼𢚽𢚾𢛄𢛅𢛉𢛊𢛌𢛍𢛎𢛏𢛐𢛒𢛔𢛕𢛗𢛘𢛙𢛛𢛞𢛟𢛠𢛡𢛢𢛨𢛯𢛰𢛴𢛵𢛷𢛸𢛹𢛺𢛻𢛼𢛽𢛾𢛿𢜀𢜁𢜗𢜘𢜙𢜚𢜜𢜝𢜞𢜟𢜠𢜡𢜢𢜥𢜩𢜪𢜫𢜬𢜭𢜮𢜰𢜱𢜲𢜳𢜴𢜵𢜶𢜸𢜺𢜻𢜼𢜽𢜾𢜿𢝀𢝁𢝂𢝄𢝆𢝇𢝈𢝉𢝋𢝌𢝎𢝒𢝓𢝘𢝙𢝚𢝛𢝜𢝞𢝟𢝡𢝢𢝣𢝤𢝥𢝴𢝶𢝷𢝸𢝹𢝺𢝻𢝼𢝽𢝾𢝿𢞁𢞂𢞃𢞄𢞅𢞆𢞇𢞊𢞌𢞎𢞏𢞐𢞑𢞓𢞕𢞖𢞗𢞙𢞛𢞜𢞞𢞟𢞠𢞡𢞦𢞧𢞬𢞮𢞲𢞳𢞴𢞶𢞷𢞸𢞹𢞺𢞻𢞼𢟈𢟉𢟊𢟋𢟌𢟎𢟏𢟐𢟑𢟒𢟓𢟔𢟕𢟖𢟗𢟘𢟙𢟚𢟝𢟞𢟟𢟠𢟡𢟢𢟣𢟦𢟧𢟨𢟩𢟫𢟭𢟰𢟱𢟳𢟴𢟵𢟶𢟷𢟸𢟹𢟺𢟼𢟾𢟿𢠁𢠂𢠄𢠅𢠆𢠇𢠈𢠉𢠊𢠋𢠌𢠍𢠎𢠏𢠐𢠑𢠕𢠟𢠠𢠡𢠢𢠣𢠤𢠥𢠦𢠧𢠨𢠩𢠪𢠫𢠭𢠮𢠯𢠰𢠲𢠳𢠵𢠷𢠹𢠺𢠻𢠼𢠽𢠿𢡀𢡁𢡄𢡅𢡇𢡉𢡊𢡋𢡌𢡍𢡎𢡏𢡐𢡒𢡓𢡖𢡚𢡜𢡝𢡞𢡠𢡡𢡤𢡦𢡧𢡨𢡩𢡼𢡽𢡾𢡿𢢀𢢁𢢂𢢄𢢅𢢆𢢇𢢈𢢊𢢋𢢏𢢒𢢓𢢔𢢕𢢖𢢗𢢘𢢙𢢚𢢛𢢜𢢝𢢟𢢥𢢩𢢪𢢬𢢮𢢯𢢰𢢲𢢳𢢴𢢺𢢻𢢼𢢽𢢾𢣀𢣁𢣂𢣃𢣄𢣅𢣆𢣇𢣊𢣌𢣎𢣏𢣐𢣒𢣔𢣖𢣗𢣙𢣚𢣛𢣜𢣝𢣤𢣦𢣧𢣨𢣩𢣴𢣵𢣶𢣷𢣸𢣹𢣺𢣻𢣼𢣾𢣿𢤄𢤆𢤇𢤈𢤋𢤓𢤗𢤚𢤛𢤜𢤝𢤞𢤟𢤠𢤡𢤢𢤣𢤦𢤨𢤩𢤪𢤫𢤬𢤭𢤮𢤯𢤱𢤳𢤴𢤸𢤺𢤻𢤼𢤽𢤾𢥂𢥃𢥄𢥅𢥆𢥇𢥈𢥉𢥊𢥋𢥌𢥎𢥏𢥐𢥑𢥓𢥕𢥖𢥘𢥚𢥝𢥞𢥟𢥠𢥡𢥢𢥣𢥥𢥪𢥬𢥯𢥱𢥳𢥴𢥵𢥶𢥸𢥻𢥼𢥾𢦂𢦃𢦄𢦅𢦇𢦈𢿹𣀪𣈶𣎄𥖒𥦿𥧴𦑑𦷻𦼝𪫝𪫞𪫟𪫡𪫢𪫣𪫤𪫦𪫧𪫨𪫪𪫬𪫭𪫮𪫯𪫲𪫸𪫹𪫺𪫻𪫿𪬀𪬁𪬃𪬉𪬌𪬏𪬑𪬔𪬕𪬖𪬗𪬘𪬙𪬚𪬜𪬝𪬞𪬠𪬡𪬢𪬣𪬦𪬨𪬮𪬰𪬱𪬶𪬷𪬸𪬹𪬺𪬻𪬾𪭃𪭄𪭆𪭇𪭈𫹫𫹮𫹴𫹶𫹷𫹺𫹼𫹽𫺀𫺂𫺃𫺆𫺈𫺊𫺌𫺎𫺏𫺒𫺓𫺘𫺙𫺝𫺟𫺢𫺣𫺤𫺧𫺨𫺪𫺫𫺬𫺭𫺰𫺳𫺶𫺹𫺺𫺻𫺼𫺿𫻀𫻁𫻃𫻄𫻊𫻌𫻏𫻑𫻔𫻖𫻗𫻘𫻞𫻟𫻡𫻤𭜌𭜏𭜐𭜒𭜔𭜕𭜖𭜗𭜚𭜛𭜜𭜞𭜟𭜠𭜡𭜢𭜬𭜭𭜱𭜲𭜴𭜸𭜻𭜼𭜽𭜾𭜿𭝀𭝂𭝃𭝄𭝅𭝈𭝋𭝎𭝏𭝐𭝑𭝔𭝕𭝗𭝚𭝟𭝣𭝧𭝩𭝪𭝬𭝭𭝰𭝳𭝷𭝹𭝺𭝻𭝼𭝽𭝿𭞄𭞅𭞆𭞋𭞎𭞒𭞖𭞙𭞚𭞛𭞜𭞞𭞟𭞡𭞣𭞥𭞩𭞪𭞬𭞭𭞯𭞰𭞴𭞵𭞶𭞷𭞹𭞺𭞻𭞼𭞽𭞾𭟁𭟃𭟅𭟆𭟇𭟈𭟉𭟍𭟎𭟐𭟑𭟒𭟓𭟖𭟗𭟘𭟙𭟞𭟣𭟤𭟥𭟧𭟩𭟫𭟬𭟭𮑺𮬩𮱿𮲀𮲁𮲂𮲃𮲅𮲇𮲈𮲉𮲊𮲋𰄜𰐾𰐿𰑁𰑂𰑃𰑄𰑅𰑊𰑌𰑍𰑏𰑐𰑖𰑘𰑙𰑚𰑛𰑝𰑞𰑠𰑤𰑥𰑦𰑪𰑫𰑬𰑮𰑯𰑰𰑱𰑳𰑹𰑺𰑽𰑾𰑿𰒀𰒂𰒅𰒆𰒇𰒈𰒉𰒋𰒎𰒏𰒐𰒑𰒓𰒔𰒕𰒗𰒙𰒞𰒟𰒡𰒢𰩘𱝽𱞀𱞁𱞅𱞇𱞈𱞊𱞋𱞌𱞏𱞐𱞒𱞔𱞕𱞗𱞘𱞙𱞚𱞛𱞞𱞟𱞠𱞢𱞣𱞤𱞦𱞧𱞨𱞩𱞪𱞫𱞬𱞭𱞮𱞯𱞰𱞳𱞴𱞶𱞷𱞸𱞺𱞻𱞽𱞾𱞿𱟀𱟁𱟂𱟃𱟄𱟆𱟇𱟈𱟉𱟊𱟋𱟌𱟎𱟏𱟑𱟒𱟓𱟕𱟗𱟚𱸪𲟱𲟳𲟶𲟷𲟹𲟼𲟾𲠂𲠄𲠅𲠆𲠈𲠉𲠎𲠑𲠓𲠔𲠘𲠜𲠞𲠠𲠡𲠢𲠣𲠥𲠦𲠩𲠪𲠫𲠯𲠰𲠲𲠳𲠵𲠺𲠼𲡀𲡊𲡋𲡍𳏒
必	㘠㧙䀣䎵䏟䖩䛑䟤䩛䪐䫾佖咇妼宓怭柲毖泌珌瑟祕秘苾虙袐覕邲鉍铋閟飶馝駜鮅鴓𠉘𠚊𠛡𠨘𠰣𠳢𡊭𡚉𡶇𢁽𢖮𢗈𢗺𢞵𢳼𣁆𣁉𣕾𣢠𣣑𣭈𤇩𤨝𤵘𤽣𥁑𥑖𥗚𥡔𥹅𦣥𦻞𦼣𧍦𧸈𧸠𨌕𨐵𨒜𨠔𨤩𨸼𩨲𪏺𪣊𪬇𪬤𪰗𪴸𫗣𫚑𫠈𫵘𬍾𬨘𬱂𬱚𭐡𭖑𭞇𮅆𮈊𮐜𮔀𮤲𮭤𮶊𰀜𰑇𰑒𰑗𰑴𰒝𰠜𰢲𰯾𰴕𰸽𱂅𱅈𱈶𱚙𱞑𱟣𲂬𲉴
忌	䋟梞誋跽鵋𠲹𡜱𡷞𢚁𢭄𣇡𥭜𦮼𧋷𧚈𨛑𩷱𪬧𫍪𫔷𭔲𮢁𱉽𲠖𲢝
忍	㸾䏰梕涊綛荵認躵𠗋𠴍𡝖𢂻𢚴𢠗𢭝𤉃𤶝𥆾𥊟𥚆𦓖𦖆𧖷𨧟𨲅𩇻𩈢𩊫𪐁𪞹𪪄𫀷𫻉𬠍𭞂𭸑𰰅𱴋𲐫𲙎𲛐
忒	脦鋱铽𠈸𠴆𱿢𲃧
志	䄊䏯䓌俧娡梽痣綕覟誌鋕鿵𢂴𢙺𣇌𤥴𥒺𥭡𥺃𦄥𦐼𧋺𩊴𩛣𩷓𪁓𪫍𫨺𫭰𬇨𬊌𬘨𬢌𭝝𭠶𮚣𰑎𰒘𰵧𰺻𲇽
忘	莣𠨛𡷢𢚚𪬳𫒥𫺴𰘘𰛹𱎱𲠹𲷼
忝	㖭㮇䋬婖悿掭添舔菾𡍞𢧏𤲖𥪌𧨩𩋅𩡋𫔗𬁮
忠	㥙䛱贒𠊞𢘑𢘗𣷡𦜦𨨩𨵖𩗻𫁑𬅇𰑻𱖽𲈅𲠧𲳨
忩	㥖䐋䓗䙂䶼倊捴棇焧総聡𢃧𢈳𢚱𢛌𤗉𤥼𥮨𦹎𧗺𧩟𨌪𨨟𩣭𩭤𪠎𫃄𬄔𭷨𰥯𰬥𱄰𲿣
快	筷𢭴𧋿𪬭𫪎𬜴𭝞𭧚𮛞𰴌𱟐𲙋
念	㑫䂼䄒䧔䭃唸埝惗捻敜棯淰焾稔腍艌菍諗谂趝踗錜騐鯰鲶𡹓𢈸𢚏𢞘𣣈𤚋𤦬𤽿𥍵𥮘𥵮𥺴𦁤𧛋𨡎𨡣𩋏𩐭𩠈𩭮𪌿𪑡𪞤𪪆𪫶𪯺𪳋𪺥𫓻𫫞𫱁𬑛𬠖𬹌𭃮𭝌𭝯𮞤𰘬𱍟𱟔𱠑𱢌𱻻𲠮𲮒
忸	𠴐𦁁𦛾𫭵
忽	㧾㺀䓤䨚䬍唿惖惚淴鍃锪𡝲𡱽𢽨𣇤𤙹𤦏𥇰𦁕𦖟𦜩𧇰𧩓𩋚𩭳𪂒𪍃𪯏𪲨𫆒𫜚𫻜𬊡𬲀𬾠𭞿𰃒𰬦𲀠𲝧𳍜
忿	𠴮𢡙𢮈𩸂𪬲𪬼𫺦𫺾𭒄𭝗𲌠
怎	𠷿𱸒𲤦
怒	𦵚𧪅𪶨𫻂𫻈𭉏𱮐
怕	𫻅𫻋𰯜𱘶
怗	𢛈𪬍𱞰
怘	𢝨𢢤𢤶𦣶
怛	𠝗𠶒𦝇𬄮𬗥𲒮
思	㢜㥸㴓䚡䞏䰄偲勰媤崽惫愢慮揌楒毸禗緦缌罳腮葸諰鍶锶顋颸飔騦鰓鳃𠅤𠖓𢛥𢞨𢞭𢞰𢠞𢣢𤄦𤋘𤟧𤸛𤹸𥎙𥯨𥻏𦋮𦖷𦖻𦩭𦻇𧍤𧗂𨜐𨡾𨺯𪃄𪕳𪮏𫀼𫍰𬜉𭓑𭞐𭟜𭳩𮱽𰔮𱂲𱞥𱢔𲕢𲚹𲠱𲠷𲱅𳂾
怠	䈚緿𠕡𠷂𢰾𤸊𧜐𪶩𫛋𫺭𬓐𭵟𮧢𰱥𱟅𲠛𳁃
怡	𦲀𮳊𲕐
急	㴔喼稳隐𠋎𢰽𤌀𥈲𦳌𧼾𩴃𪂺𪬎𪬽𬃡𬧫𭖷𮁉𮅪𮇮𮈮𮔤𮱏𰸣𱗔𱟖𱟙𱢘𲠏𲠐𲡁𲵭
怨	㤪惌葾𢛪𥧉𧩷𪝔𭝭𰣸
怩	㥡𲕔
怪	𠶔𢯑𬏴𰸘
怯	㤼㥘𠵐𢝍𢯖𨨤𪫸
怱	㷓㹅䆫䈡䗓偬愡揔楤牎緫聦葱鍯騘𠡻𡟟𡹸𢃭𢉛𤧚𥈝𥍷𥠡𦝰𧛤𧩪𨂴𨍉𨡮𩮀𬤋𬭥𭼙𰍋𰬰𳍥
总	搃縂聪𥧁𩨂𮳳𮴨𱗖𱶚𲋼𲜔𲠸
怽	𭓺𮄆
恁	𰑲𱓶
恆	㮓䱭堩揯暅緪𡩃𢰨𣈶𣎄𥔂𦵕𱈇
恋	𢣫𦃳𨄄𪮠𰰚𱓽𱗨𱙥𲘩𲩲𲷕
恐	𠺱𢟈𦃵𦶐𫻐𮅱
恒	䱴搄暅縆𠋧𠷐𡍷𣕲𦞌𪶥𬘵𬝖𭏃𭖿𮀲𱈈𱞵
恖	顖𦃞𧏀𧪳𪙋𰌒𱂶
恙	㺊䭐𣗹𧏮𪬝𫱛𭼞𱹘𲇛𲩴
恚	㜇㥣𠹤𤌷𥉖𥧟𧫉𩝤𬃰
恠	𭵛𰈠
恢	䈐𢉸
恣	懿𢤥𧫎𩥝𫱝𬤹𮢯𲊟
恥	𠺨𢟛𮝡
恧	𢟄𢡵𦗂𭝼𰈒𱠠
恨	𢝧𥈥𪬲𭉆𭏂𭦼𰜠
恩	䅰嗯摁煾蒽𡟯𢞴𤨒𤹕𨪜𪩊𫣆𬃼𬻹𮸚𰜩𱴨
恪	𠸧𢜥𥯚𩹕
恬	湉𦳇
恭	塨𠹅𢞺𣺖𤧴𤲻𥔸𦷧𧎦𧫃𫱔𫺯𭧂𭳲𭻥𮘫
息	㮩㴧䭒媳熄瘜蒠螅鄎鎴𠒸𠺒𢚧𢥔𢥷𤻦𥰝𦞜𦧯𦧰𧪩𨃡𨻁𩔨𪃼𪄛𪬐𪬤𫺱𫺽𬳋𮱝𮴩𮹍𰊔𱠢𲠟𲠭
恰	𪣺𰍍𲕬
恳	𫠺𭞀𱃤
恵	穂𨫍𬾽𮋍
恶	𪶮𫫇𭂿𭃀𭞔𭡵𰄗𰒜𰾪𱏀𱫯𲠗
恿	𤹯𨎢𱝉
悁	𫡾𫻠𲠹
悉	㗭㣰㴽䊝僁窸蟋鏭𠞹𡡁𢥒𢴑𤎕𦄵𦸝𨄠𨎒𬋚𬛐𭔎𱜈
悎	𥧦𭔋
悔	𢠨𱔁
悖	𧪶𭉱
悘	嫕𧏽𲟊
悟	𡩺𥧝𦷮𩄭𭉰𮒽𮢬
悠	滺𲶔
患	䍺䗭䜨槵漶瞣贃𠌼𡠛𢡃𢤏𣟻𤍲𤡟𧴊𧹗𨄲𨫑𪪟𭊍𭟜𭼢𮬌
悤	䡯傯幒憁摠樬漗熜牕璁窻總聰蔥蟌謥鏓驄骢𡠴𢊕𢤄𣎗𤁬𥎋𥡥𥫑𦇎𦪐𧁗𧄉𧜢𨢨𩕄𩮰𪺠𬓔𬯗𰶂𰾱𲌿𲜗𳊄𳑂
悥	𠻫𨶡
悪	𨉼𫫖𬅂𬹓
悲	蕜𠎩𠖤𠾦𢤕𢴾𣊾𣛥𤮑𨅥𨭍𨼚𩈂𩙻𩻺𪪈𪺵𫅰𫇟𫨯𫨰𫮦𫷞𬈺𬲊𮡉𱝨𱝩𲋒𲛰𲜱𲟞𲟨𲤿𳋑
悳	𣚅𭲚𭶁𮄖𰽆𱟇
悶	㦖㵍䉍燜蕄𠎒𡮬𡮮𤺯𪮰𫃐𫵈𬛗𭊳𱗹𲆻
惑	𤏘𪏤𰈪
惜	𥧶𮶲
惟	罹𢦄𣻰𦌐𪠕𭵼𮆄𮊔𮒭𲼯
惠	䧥僡寭憓橞潓璤穗繐蕙蟪譓鏸韢𠦽𠽡𢴥𥛸𦒎𨎥𪒜𪱇𫂠𫆵𫱮𬋅𬤝𬰶𬵪𬺡𰬸𰾶𱜵𲴃
惡	䜑僫噁癋鐚𡢇𢵣𣩤𣽏𤡾𥼳𦠲𦼇𧑕𨉼𪅴𪹪𬄚𭃁𭞪𱄲𱅳𲡃𲻮
惢	橤繠蕊𠕫𢣫𢣳𣛚𣾫𤡧𤺫𥳝𦠤𧴕𲠧
惮	𠼺𱟎
惰	墯𱟘
惱	𢣈𦼝
想	𫾋𰶢𱔵
惷	𣜚𳌩
惹	㘃𭞱𱑌𱠺𲬚
惺	㝭𥨕𮓏
愁	㵞僽矁𠿈𢶲𣜷𦡗𧒸𩼗𭅿𮧿𰂵𰒁𱟓
愈	癒𠏚𡀍𢷀𣜴𤀒𤪂𥣒𦾤𨮋𩙍𪤣𪬪𫗃𫗄𬕷𬲇𬲠𬷴𱢻𲊊𲋊𲡈𳋋
意	䖁䗷䪰億噫嬑憶檍澺燱癔繶臆薏譩醷鐿镱鷾𡄯𢥭𢶶𤢛𥜇𥵆𩁈𩍖𩪣𩯵𪤥𪬫𪱍𪼦𫁈𫄷𫵋𭕌𭷇𰍬𰒚𰶊𱊰𱚁𱥉𱹤𲵰𳊽
愔	𡪟𢡠𢣇
愚	㦙𠏋𡪾𦔧𦽳𰒠𰝖𰟦𲡇𲡉
愛	僾噯嬡懓曖燰璦皧瞹薆鑀靉鱫𣜬𤻅𥖦𥣁𥴨𦆔𦡝𧓁𧞇𨙤𨣥𩡣𪒱𭌥𭩊𮙀𲓖𲡅𲢽𲪒
感	㙳䃭䉞䜗䫲憾撼澸轗鱤鳡𠿑𡢳𣛴𣤮𤐉𤛸𤜁𥽇𦒝𦽫𧾔𨣝𩞿𪊄𫄅𫐘𫓏𬿯𭂢𭤚𭭹𮭗𰎺𱼞𲋃𲧯
愿	𨆸𩕮
慈	㘂䗹嬨濨礠𢶴𥣓𥴺𨭨𩉋𪇔𪴆𫃕𫻌𬞧
慐	𢣁𤐾𩼲
慓	𢢼𭟅
慕	𤪶𫲎𫾕𭋼𮍋𮪶
慚	𢣥𰖴
慜	𥵴𧁋
慝	嬺𰔸𱕔
慧	㩨㬩䎚䡺嚖懳櫘譿𡣺𢅫𤑡𤪳𥣴𥶙𦇀𦢔𧁜𨯚𩏲𪔊𫗆𬤭
慮	儢勴攄櫖濾爈藘鑢𠣊𡃖𡣭𡾅𢣿𣀞𤻱𥌠𥖼𥜜𥶌𥽜𦢛𧓻𧭜𧾧𪇸𭐁𱡆𳌒
慰	藯𲗦
慱	𭋪𭟫
慶	櫦羻𡂻𥽝𨯙𪮿𪷸𫑭𮆯𲬫𲰍𲺽𲽥
慸	𤢻𧀱
慼	𡂔𢅪𢷾𥀽𦢑𧞰𭟍
憂	䜡䥳優嚘懮擾櫌瀀獶瓇纋耰鄾𢋣𢖒𤛾𥜚𥣯𥽟𧀥𧾤𨇄𩽇𩾎𭐰𭒩𭼵𰭀𲴖
憃	𣞝𩯲
憑	𧂋𰏡
憨	𠐣𤼉𥷌
憲	㦥䘆䜢䧮幰攇櫶瀗藼𡾢𢖘𤼂𥌷𧾨𨏥𨐊𩍹𪺅𪼭𮨥𰩀𰫸𰴉𲴛𲹠𲺃
憾	𡄏𥩇
懇	𡄩𧄅
應	㒣㣹㶐軈𡄖𡾶𥌾𥗡𧃽𧕄𪈠𪯂𭺓𮫪𰅚𲑫
懶	𱙀𱜝𲧨𲽼
懷	蘹𡅬
懺	𭍃𲊔𲥏
懿	𡤵𤅮
戀	㜻纞𡆕𡈻𢦋𤼣𦣛𧆎𨈌𬬦𲫉𲷨
戈	㘍㡲㦯㦰㦱㦴㦵㦶㦷㦸㦹㦺㦻㦼㰕㳀䁉䂝䄀䇅䇝䋯䣬䰹䴰伐划啔嘠嬂巀幟戎戏我戒戓戔戕或戗战戙戛戜戝戞戟戠戡戢戣戤戥戦戧戨戩戬戭戮戯戰戱戲戳戵找擑旘樴檝濈熾牫盞箋織羲聀職肈膱艥菚蟙蠽識賊軄鈛𠎰𠏔𠏞𠯫𠶶𠷧𠺵𡃣𡃹𡓥𡛏𡣯𡤪𡧿𡾃𢄅𢅓𢈽𢌵𢕽𢟟𢡠𢤚𢥇𢦌𢦎𢦏𢦐𢦒𢦔𢦕𢦖𢦗𢦘𢦙𢦚𢦜𢦝𢦞𢦟𢦠𢦢𢦤𢦥𢦦𢦧𢦨𢦪𢦫𢦭𢦮𢦯𢦰𢦱𢦳𢦴𢦵𢦶𢦸𢦺𢦻𢦿𢧀𢧁𢧃𢧄𢧅𢧆𢧈𢧉𢧊𢧍𢧎𢧏𢧐𢧔𢧕𢧘𢧙𢧛𢧝𢧟𢧠𢧢𢧣𢧤𢧥𢧩𢧪𢧫𢧮𢧰𢧱𢧳𢧴𢧵𢧶𢧷𢧹𢧺𢧻𢧼𢧽𢧾𢨁𢨂𢨃𢨄𢨇𢨈𢨉𢨌𢨍𢨐𢨒𢨓𢨔𢨕𢨖𢨗𢨘𢨙𢨛𢨜𢨝𢨠𢨡𢲦𢳴𢴠𢶩𢿀𣄞𣌀𣏩𣏾𣙅𣛔𣧌𣶔𣽚𤁢𤉫𤎷𤑂𤰭𤻦𥊬𥋏𥋚𥏛𥖘𥖙𥗜𥢈𥢧𥾮𦁋𦁓𦃎𦄩𦋈𦏁𦐂𦖎𦠾𦣣𦨜𦬗𦸑𦺿𦿐𧀅𧂝𧔠𧔼𧕂𧕹𧛦𧝊𧝧𧟀𧥄𧥾𧨺𧬣𧵪𧵶𧵸𧶒𧸠𧹹𧺱𧽫𧾢𨈟𨉙𨟶𨭟𨯱𨳮𨵊𨾓𩂅𩆉𩚧𩞡𩢅𩫅𩯈𩯷𩰎𩰭𩾷𩿙𪗠𪙧𪝠𪥅𪦷𪧮𪩔𪭉𪭊𪭌𪭍𪭎𪭐𪭑𪭓𪭔𪭕𪭖𪮮𪱞𪵷𫏳𫓤𫓨𫦟𫷣𫹳𫻦𫻧𫻨𫻩𫻪𫻫𫻬𫻮𫻯𫻰𫻱𫻲𫻳𫻴𫻵𫻷𫻹𫻺𫻻𫻼𫻾𫻿𫼀𫼁𫼃𫼄𫼅𫼆𫼇𫼈𫼉𫽃𬀃𬂄𬉢𬐜𬙣𬠾𬩰𬷁𬽎𭆧𭍡𭝞𭟮𭟯𭟰𭟱𭟲𭟳𭟴𭟵𭟷𭟺𭟼𭟽𭟾𭨜𭨴𭨵𭨺𭬐𭬪𭻀𭼪𮉋𮏎𮖹𮙦𮢿𮣃𮲌𮲜𰇣𰏈𰒕𰒤𰒥𰒦𰒧𰒨𰒩𰒪𰒫𰒬𰒭𰒯𰒰𰒱𰓂𰘛𰟧𰡯𰦎𰲞𱄌𱆿𱔩𱞰𱟎𱟛𱟜𱟝𱟞𱟟𱟠𱟡𱫳𱬄𱬛𱮙𱯘𲡐𲡒𲫦𳄘𳇐𳉤
戉	㞽䋐䎀䟠䡸䬂䮅怴樾泧狘眓越鉞钺魆𠇘𠾲𡛟𡠃𢅶𢵼𣐋𣜀𣧡𥩡𧊎𧑅𧵝𧻂𨅿𨒋𩎙𩥸𩿠𩿰𪌝𪐶𫇮𫑛𫯢𫵐𫸗𬘙𬱸𰙯𱥟
戊	㥻㧔䛋䮅咸感戌戍成戚烕茂龯𠆝𠗱𡏜𡚓𡶔𡶙𢏌𢑶𢘱𢦓𢦡𢦩𢦬𢦲𢦽𢧒𢧓𢧞𢧡𢧦𢧯𢳒𣆈𣦬𣬽𣳡𣺭𣾒𤇦𤋆𤬹𥍥𥰓𥱗𥱡𧂪𧂻𧉦𨉧𨎕𨱆𩂟𩒃𩬕𪉠𪌙𪗥𪭏𪴢𪾤𫀄𫁸𫂔𫈦𫈼𫨵𫻶𫿎𬏡𬏻𬕪𬗇𬝏𬵇𭟸𭟹𭩤𭷂𭸀𭸿𮁥𮊥𮍏𮍐𮐻𮙏𮧬𮨹𮲎𰎻𰠌𰳧𱆕𱐷𱒐𱜁𱨍𲡏𲲾𳄚
戋	刬栈残浅溅盏笺线贱践钱饯𠈙𣸶𥒎𩧩𪽭𫞣𬃦𬍙𬢕𬢣𬣡𬪨𮲶𰏕𰠛𰲠𰲳𰹼𱖒𱣴𲍯
戌	㖅䎉䢕䬄咸威嵗感成歲歳瀎烕珬蔑銊鱴𠷼𢦡𢦹𢬮𣧵𣹹𣺁𤇳𥅛𥅜𥎕𦐴𦮠𧊥𧧐𧻗𩣊𩱵𩱷𩱸𪉇𫓰𬕭𭬗𮬇𱫢
戍	㤜㲓㳚䎉䢕䤒幾荗蔑𠲌𡋊𡜐𢣳𣆒𣆭𤞉𥎕𥥰𥯣𥴸𦇪𦺬𧊥𧙠𧶂𨹇𨹒𩦋𪅹𪑆𫊕𬙱𭟈𮅇𮍆𰒮𰒳𱅍𱤖
戎	㣝㭜䄾䘬䯷娀毧狨絨绒羢茙賊贼駥𠈋𠲦𡊸𢦛𢫨𣉝𣛸𣴛𣿐𤇽𥅯𥑳𥬪𦕧𧊕𧒿𧻪𨀻𨆎𨠤𨱿𩶺𪀚𪀵𫂽𫻸𬫍𮁱𮸄𱅉𱉣
戏	𰇣𱣘
成	㼩䫆城墭娍宬峸晟晠珹盛窚筬絾膥臹荿誠诚郕鋮铖鯎𠉛𠎶𠕠𡓖𡡛𡩍𡷫𢑻𢧓𢧚𣎉𣚺𣜽𣫽𣫿𣬀𤳡𤺁𤻯𤽷𥆏𥊱𥓉𥢲𦑆𦔣𦗱𦛙𨞐𨠽𨹚𩫨𩯎𪁋𪞞𪨯𪸤𫻽𬅄𬇠𬓻𬛻𬦌𬲐𬴡𭩴𮊅𮊽𮝍𰉯𰑜𰬖𱈨𱤭𱼚𲍒𲑸𲛮𲡑𲤾𳊴𳑫
我	㧴䄉䖸䞲䳗䳘俄哦娥峨峩涐珴皒睋硪義莪蛾誐鋨锇餓饿騀鵝鵞鹅𠩙𠹷𡦛𡱫𡻍𡽥𢐯𢐱𢧲𣇕𣟝𤄣𤘋𤯫𥪺𦏡𦩆𦾒𧒎𧚄𧭖𧶕𨁟𨉐𨿍𩒰𩣣𩣨𩭝𩷦𪘐𪭗𪱤𪲘𫇇𫠰𫨎𫪋𬐡𬓬𬕆𬚚𬚾𬪂𬻪𭔒𭧦𭭯𮳂𰵮𱅗𱕥𱞛𲒡𲠃𲡓𲱽𲷈𳉔
戒	㑘㖑㳦悈械祴裓誡诫駴𡯰𢂵𢧧𢬿𤈪𤞫𧇑𪁫𫒞𬗕𬭋𭑺𮚆𮪢𱆭𲡔𲡕𲺕𲾣
戓	哉或戜𠳆𡙮𢔹𢕂𢧂𧚑𧾞𨫓𨮯𩧀𪸬𮲍
戔	㟞㣤㥇㰄㹽䎒䏼䗃䙁䧖䱠䴼俴剗帴棧殘淺濺牋琖盞碊箋綫菚虥虦諓賤踐輚醆錢餞馢𠒲𠵖𡍌𡸚𢈽𢧗𢯆𣂧𣚙𣮏𣽖𤖆𤷃𥂥𥟥𦈻𦋈𦎗𧗸𧣴𧮺𧶤𨏺𨵊𩋋𩤊𪏊𪘪𪸶𫑠𫻔𬷟𮋇𲉺𲑞𲛒
或	㖪㚜㰲㳼㵄㽣䂸䈅䍞䤋䧕䬎䮙䰥䱛國域惐惑戜戫掝棫淢琙稢窢緎罭聝蜮閾阈馘魊𠒬𠜻𡌳𡚞𡿿𢃎𢃤𢈿𢒖𢧋𢧌𢨊𢨋𢹖𣀪𣍻𣤐𣨤𤉨𤉹𤊨𤦂𤦒𤷇𥇙𥇿𦈸𦎘𦑌𦑍𦱂𧌒𧖻𧣼𧤅𧥀𧯱𧼑𨨅𩋉𩎹𪂉𪂵𪏇𪏤𪑝𪜗𪾀𫧳𫳿𬌶𬥂𬪇𬱿𭍮𭍷𭟻𭨎𭲼𭳒𮬟𰒲𰬟𰭏𰹓𰼊𱄍𲁟𲈃𲋯𲬼𲴨𳌛𳑲
战	𰞿𱞰
戚	㗤㞝䗩䙘䠞傶嘁墄慼慽摵槭磩縬蹙鏚顣𠗼𡂔𡠽𡻷𢅪𤠽𤨟𥀻𥉷𥼀𦄉𦈚𦟠𦢑𦪊𦸗𧐶𧫳𩥼𪔯𫖹𬭭𬴈𮙖𮜦𲚛𲧔𳏟𳑀
戛	嘎𢧖𣼸𦸘𬫿𬲚𬳎𱼕𲀁𲈖
戜	𡙮𢧜𢧤𦸴𧽮𨫓𩥳
戝	𰘛𱆽
戞	嘠𡼛𪭔𰋁𱆿
戟	撠橶𠽤𦻝𧾂𩯋
戠	嬂幟旘樴熾織職膱蟙識軄𡑌𡑠𢡠𢨀𢴠𣄞𣽚𤎷𥋏𥢧𦺿𧝊𧬣𧸉𧹹𩞡𩯈𪼞𫤶𬥭𮢿𮶚𱳓𳄑
戡	𥖘𪭕
戢	嶯擑檝濈艥蕺霵𠿠𤖞𥊬𥖙𦠾𧥄𨎵𩦤𫍎𫙺
截	㵶䕙䘁䟌䥫䰏䶪嶻擮蠘𡁶𡽱𣝫𤪚𤻛𥵞𥸔𧕾𧞛𨲹𩟙𩦷𪖋𫚂𬺕𮟙𳏸
戯	㩬𡃰𡾟𡾠𤂴𮙅𱀼
戰	𡃹𡓥𢥇𥗜𧂁𧟀𬉢𭌓𭬪
戱	㩬𡾟𤂴
戲	㚀㸍㺣嚱巇隵𢋼𢹍𣟵𣤴𤃪𧕆𧲘𫍔𬑁𭗲
戴	瀻襶𠑀𰖺𱮮𲂸
戶	㣗㦾㦿㧀㧁㧂㪐䁈䁉䋀䋜䋯䡎启啔妒帍庐戹戺戻戽戾房所扁扂扃扄扅扆扇扈扉扊护昈枦棨沪炉牖肁肈肩芦雇馿魲鳸𠗬𠜺𠩞𠯖𠶳𡉴𡵘𢜄𢨤𢨥𢨦𢨧𢨨𢨩𢨪𢨬𢨭𢨮𢨯𢨰𢨱𢨲𢨳𢨴𢨷𢨸𢨹𢨺𢨻𢨼𢨽𢨾𢨿𢩀𢩁𢩂𢩄𢩅𢩆𢩇𢩈𢩋𢩍𢩎𢩏𢩑𢩒𢩓𢩕𢩖𢩘𢩞𢩠𢩢𢻄𢻻𢼄𢾥𣓠𣢖𣢵𣪔𣭺𣷙𤔚𤟵𥄅𥫿𦂟𦅺𦔁𦙅𦚑𦪯𧦈𧫲𨂇𩅶𩗭𩛪𩢉𩿇𫼊𫼋𬙣𭟿𭠀𭠂𭠃𭠄𭠅𭠆𭠉𰎣𲂩𲧬𲯜
户	㦾㦿㧀㧁㧂㪐䋀䋜䡎启妒帍庐戹戺戻戽戾房扁扂扃扄扅扆扇扈扉扊护掮昈枦棨沪炉牖粐肁肩舮芦鈩雇馿驴魲鳸𠜺𠞛𠩞𠯖𠶳𡉴𡲠𡵘𢗼𢧊𢨥𢨦𢨧𢨨𢨩𢨪𢨫𢨮𢨯𢨰𢨱𢨲𢨳𢨴𢨵𢨶𢨷𢨸𢨹𢨺𢨾𢨿𢩀𢩁𢩂𢩃𢩄𢩅𢩆𢩇𢩈𢩉𢩊𢩌𢩍𢩏𢩐𢩑𢩒𢩓𢩔𢩕𢩖𢩘𢩛𢩜𢩞𢩠𢩡𢩢𢻄𢻻𢼄𢾥𣂋𣓠𣘾𣢖𣭺𣱆𤉰𤔚𤟵𥄅𥳃𦂟𦑗𦔁𦙅𦚑𦠘𦠰𦢳𧦈𨂇𨹖𩅶𩗭𩛪𩢉𩿇𪘷𪭘𪭙𪭚𫆥𫆶𫉚𫎠𫰮𫼉𫼌𫼍𫼎𫼏𫼐𫼒𬇋𬏞𬯛𬽬𭠁𭠅𰃸𰒵𰓈𰦩𰬁𱂹𱉓𱵾𱻥𱻸𲜋𲦚𲺬𲺰𲺻𲾧𳌻
戸	䋆䡎戻戾房所扁扇扈扉枦沪炉粐肩舮鈩雇𠧕𠯖𡲠𡳴𢼄𨘶𭇪𱂔𱻺𲑂
戹	㧖呝砨豟軶阸𡶃𢼚𣐖𣢛𤝤𧉵𧠞𨸷𩚬
戺	焈𨧒
戻	捩涙綟
戼	𣆻𥥺𦯆𧶻𨌡𩜕
戽	𣂋𣶉𫽒𬃐𱟥
戾	㑦㪐䈆䓞唳悷捩棙淚睙綟蜧錑𡝢𡸒𢽲𤟑𥓎𦅺𦜏𧩈𨁸𨉕𩗭𩸭𫄫𫑐𬭜𮭂𱝲𲻈𳑝
房	椖𠉱𡍀𡸰𢛷𢩣𣓯𣷔𤗐𦲏𩸗𫋈𬢰𭠈𮅝𮇫𰒴𰒶𰘪𰨯𰮯𱆝𱟢𱟤𱟦𱟧𱟨𱠒𲂱𲕍𲛙𲲩𳆉
所	㫹乺齭𢀦𢯢𣷲𪘷𫜭𫿐𬾟𭈝𭾾𭿡𰇵𰈕𱡥𲈬𲏿𲡖𳀹𳆈
扁	㓲㞈㲢㴜㻞㼐㾫䐔䡢䭏偏匾媥徧惼揙斒楄煸牑犏猵甂碥稨篇糄編编翩艑萹蝙褊諞谝蹁遍鍽騗騙骗鯿鳊鶣𠋅𠪂𠷨𡎚𡺂𢉞𢐃𢩚𢩟𣝜𣩀𤬊𥚹𥣝𦄟𦑮𧡤𨖠𨲜𩩯𩴄𪉱𪏗𪓎𪖯𫕌𬩢𬸜𬸸𭞒𭠌𭨿𭶳𮰩𮸸𰀙𱅝𱖄𱜯𱟣𲜻𲡗𲵮𳂅𳑢
扃	𡹫𣕄𧍮𨩮𭵚
扆	𡙤𢲙
扇	㮼䡪䥇䦂傓搧煽謆騸骟𠞛𢄒𢲒𥔱𥛊𥡇𥰢𦑗𦶋𧎥𧷘𨃩𪤆𫍸𬎁𬚇𭀵𭉮𭠊𭠋𲡘𳊋
扈	㨭槴滬熩簄蔰𡻮𤨖𳃠
手	㐿㧘㧛㧝㧬㧭㧱㧳㨇㨌㨍㨻㨼㩓䖂䦐劧嚤廷抙拏拲拳拿挈挐挙挚挛挲掌掔掣掰掱揅揧揫揱搫搴搿摩摮摯摰摹撀撃撆撉擊擎擘擥擧擪擵攀攣杽癴篫蒘藦鎼﨔𠓢𠨾𠰅𡆺𡙳𡛊𡰀𡾉𢎇𢣾𢩦𢩬𢩷𢩸𢪇𢪒𢪓𢪖𢪘𢪥𢪳𢪸𢪻𢪽𢪿𢫀𢫗𢫪𢫰𢫴𢬙𢬛𢬣𢭋𢭤𢭥𢭶𢮃𢮏𢮗𢮘𢮜𢮝𢮟𢮠𢮣𢯄𢯌𢯣𢯲𢰞𢰣𢰨𢰱𢰿𢱀𢱞𢱬𢱯𢱵𢲒𢲓𢲝𢲤𢲱𢲴𢲿𢳁𢳈𢳉𢳔𢴝𢴞𢴭𢴳𢴷𢴸𢴺𢴽𢵠𢵡𢵤𢵥𢵨𢵩𢵬𢵿𢶗𢶜𢶟𢶡𢸁𢸇𢸧𢸭𢹁𢹏𢹘𢹭𢺋𣠧𣧙𣩌𣲬𤕛𤘶𤠵𤸻𥆶𥓨𥗂𥗘𥗩𥤺𥩝𥬄𥰪𥵱𥾹𦇑𦈾𦎚𦞿𦥹𦵛𧅩𧆠𧟳𧦌𧵃𨑲𨢙𨥋𨬦𨬳𩇮𩉑𩏗𪊗𪌐𪎚𪎮𪔍𪭩𪭳𪮀𪮃𪮍𪮏𪮒𪮚𪮩𪮽𪲦𪼰𫼓𫼔𫼙𫼜𫼠𫼴𫼷𫼿𫽓𫽡𫽬𫽭𫽯𫽷𫽺𫾌𫾜𫾝𬂹𬅍𬝩𭙕𭚋𭠏𭠓𭠔𭠕𭠖𭠞𭠧𭠫𭠰𭠲𭠳𭠴𭠸𭠺𭠻𭡇𭡋𭡎𭡙𭡣𭡤𭡰𭡻𭡼𭢅𭢇𭢊𭢐𭢑𭢩𭢷𭣀𭣆𭣈𮀶𮅚𮓂𮛋𮞞𮟖𮡻𮢐𮪐𮲒𰒻𰓁𰓂𰓃𰓅𰓇𰓈𰓉𰓍𰓎𰓏𰓑𰓒𰓖𰓙𰓚𰓛𰓦𰓪𰓯𰓰𰓲𰓵𰓶𰓽𰔀𰔃𰔄𰔅𰔊𰔌𰔐𰔑𰔕𰔙𰔟𰔰𰔶𰔽𰔾𰔿𰟥𰠂𱄒𱋉𱟲𱟴𱟷𱟻𱠅𱠌𱠑𱠔𱠞𱠡𱠥𱠱𱡆𱡉𱱭𱳰𲞥𲡛𲡟𲡤𲡦𲡧𲡬𲡭𲡮𲡰𲡳𲡺𲡻𲢋𲢌𲢒𲢱𲢲𲢶𲢷𲣒𲣗𲣘𲣟𲭋𲱩𲽡
扌	㧃㧄㧅㧆㧇㧈㧉㧊㧋㧌㧍㧎㧏㧐㧑㧒㧓㧔㧕㧖㧗㧙㧚㧜㧞㧟㧠㧡㧢㧣㧤㧥㧦㧧㧨㧩㧪㧫㧮㧯㧰㧲㧴㧵㧶㧷㧸㧹㧺㧻㧼㧽㧾㧿㨀㨁㨂㨃㨄㨅㨆㨈㨉㨊㨋㨎㨏㨐㨑㨒㨓㨔㨕㨖㨗㨘㨙㨚㨛㨜㨝㨞㨟㨠㨡㨢㨣㨤㨥㨦㨧㨨㨩㨪㨫㨬㨭㨮㨯㨰㨱㨲㨳㨴㨵㨶㨷㨸㨹㨺㨽㨾㨿㩀㩁㩂㩃㩄㩅㩆㩇㩈㩉㩊㩋㩌㩍㩎㩏㩐㩑㩒㩔㩕㩖㩗㩘㩙㩚㩛㩜㩝㩞㩟㩠㩡㩢㩣㩤㩥㩦㩧㩨㩩㩪㩫㩬㩭㩮㩯㩰㩱㩲㩳㩴㩵㩶㩷㩸㩹㳺䉗䔱扎扏扐扑扒打扔払扖扗托扙扚扛扜扝扞扟扠扡扢扣扤扥扦执扨扩扪扫扬扭扮扯扰扱扲扳扴扵扶扷扸批扺扻扼扽找技抁抂抃抄抅抆抇抈抉把抋抌抍抎抏抐抑抒抓抔投抖抗折抙抚抛抜抝択抟抠抡抢抣护报抦抧抨抩抪披抬抭抮抯抰抱抲抳抴抵抶抷抸抹抺抻押抽抾抿拀拁拂拃拄担拆拇拈拉拊拋拌拍拎拐拑拒拓拔拕拖拗拘拙拚招拝拞拟拠拡拢拣拤拥拦拧拨择拪拫括拭拮拯拰拱拴拵拶拷拸拹拺拻拼拽拾挀持挂挃挄挅挆指按挊挋挌挍挎挏挑挒挓挔挕挖挗挘挜挝挞挟挠挡挢挣挤挥挦挧挨挩挪挫挬挭挮振挰挱挳挴挵挶挷挸挹挺挻挼挽挾挿捀捁捂捃捄捅捆捇捈捉捊捋捌捍捎捏捐捑捒捓捔捕捖捗捘捙捚捛捜捝捞损捠捡换捣捤捥捦捧捨捩捪捫捬捭据捯捰捱捲捳捴捵捶捷捸捹捺捻捼捽捾捿掀掁掂掃掄掅掆掇授掉掊掋掍掎掏掐掑排掓掕掖掗掘掙掚掛掜掝掞掟掠採探掤接掦控推掩措掫掬掭掮掯掲掳掴掵掶掷掸掹掺掻掼掽掾掿揀揁揂揃揄揆揇揈揉揊揋揌揍揎描提揑插揓揔揕揖揗揘揙揚換揜揝揞揟揠握揢揣揤揥揦揨揩揪揬揭揮揯揰揲揳援揵揶揷揸揹揺揻揼揽揾揿搀搁搂搃搄搅搆搇搈搉搊搋搌損搎搏搐搑搒搓搔搕搖搗搘搙搚搛搜搝搞搟搠搡搢搣搤搥搦搧搨搩搪搬搭搮搯搰搱搲搳搵搶搷搸搹携搼搽搾摀摁摂摃摄摅摆摇摈摉摊摋摌摍摎摏摐摑摒摓摔摕摖摗摘摙摚摛摜摝摞摟摠摡摢摣摤摥摦摧摨摪摫摬摭摱摲摳摴摵摶摷摸摺摻摼摽摾摿撁撂撄撅撇撈撊撋撌撍撎撏撐撑撒撓撔撕撖撗撘撙撚撛撜撝撞撟撠撡撢撣撤撥撦撧撨撩撪撫撬播撮撯撰撱撲撳撴撵撶撷撸撹撺撻撼撽撾撿擀擁擂擃擄擅擆擇擈擉擋擌操擏擐擑擒擓擔擕擖擗擙據擛擜擝擞擟擠擡擢擣擤擦擨擩擫擬擭擮擯擰擱擲擳擴擵擶擷擸擹擺擻擼擽擾擿攁攂攃攄攅攆攇攈攉攊攋攌攍攎攏攐攑攒攓攔攕攖攗攘攙攚攛攜攝攞攟攠攡攢攤攥攦攧攨攩攪攫攬攭攮毮簼逰鋬𠚶𠺃𡉈𡥅𢩧𢩨𢩩𢩪𢩫𢩭𢩮𢩯𢩰𢩱𢩲𢩳𢩴𢩵𢩶𢩹𢩺𢩻𢩼𢩽𢩾𢩿𢪀𢪁𢪂𢪃𢪄𢪅𢪆𢪈𢪉𢪊𢪋𢪌𢪍𢪎𢪏𢪑𢪔𢪕𢪗𢪚𢪛𢪜𢪝𢪞𢪟𢪠𢪡𢪢𢪣𢪤𢪦𢪧𢪨𢪩𢪪𢪫𢪬𢪭𢪮𢪯𢪰𢪱𢪲𢪴𢪵𢪶𢪷𢪹𢪺𢪼𢪾𢫁𢫂𢫃𢫄𢫆𢫇𢫈𢫉𢫊𢫋𢫌𢫍𢫎𢫏𢫐𢫑𢫒𢫓𢫔𢫕𢫖𢫘𢫙𢫚𢫛𢫜𢫝𢫞𢫟𢫠𢫡𢫢𢫣𢫤𢫥𢫦𢫧𢫨𢫩𢫫𢫬𢫭𢫮𢫯𢫱𢫲𢫳𢫵𢫷𢫸𢫹𢫺𢫻𢫼𢫽𢫾𢫿𢬀𢬁𢬂𢬃𢬄𢬅𢬆𢬇𢬈𢬊𢬋𢬌𢬍𢬎𢬏𢬐𢬑𢬒𢬓𢬔𢬕𢬖𢬗𢬘𢬜𢬝𢬞𢬟𢬠𢬡𢬢𢬤𢬥𢬦𢬧𢬨𢬩𢬪𢬭𢬮𢬯𢬰𢬱𢬲𢬳𢬴𢬵𢬶𢬷𢬸𢬹𢬺𢬻𢬼𢬽𢬾𢬿𢭀𢭁𢭂𢭃𢭄𢭅𢭆𢭇𢭈𢭉𢭊𢭌𢭍𢭎𢭏𢭐𢭒𢭓𢭔𢭕𢭗𢭘𢭙𢭚𢭛𢭜𢭝𢭞𢭟𢭠𢭡𢭢𢭣𢭦𢭧𢭨𢭩𢭪𢭫𢭬𢭭𢭮𢭯𢭰𢭱𢭲𢭳𢭴𢭵𢭷𢭸𢭹𢭺𢭻𢭼𢭽𢭾𢭿𢮀𢮁𢮂𢮄𢮅𢮆𢮇𢮈𢮉𢮊𢮋𢮌𢮍𢮎𢮐𢮑𢮒𢮓𢮔𢮕𢮖𢮙𢮚𢮛𢮞𢮡𢮢𢮤𢮥𢮦𢮧𢮨𢮩𢮪𢮫𢮬𢮭𢮮𢮯𢮰𢮱𢮲𢮳𢮴𢮵𢮶𢮷𢮸𢮹𢮺𢮻𢮼𢮽𢮾𢮿𢯀𢯁𢯂𢯅𢯆𢯇𢯈𢯉𢯊𢯋𢯌𢯍𢯎𢯏𢯐𢯑𢯒𢯓𢯔𢯕𢯖𢯗𢯘𢯙𢯚𢯛𢯜𢯝𢯞𢯟𢯠𢯡𢯢𢯤𢯥𢯦𢯧𢯨𢯩𢯪𢯫𢯬𢯭𢯮𢯯𢯰𢯱𢯳𢯴𢯵𢯶𢯷𢯸𢯹𢯺𢯻𢯼𢯽𢯾𢯿𢰀𢰁𢰂𢰃𢰄𢰅𢰆𢰇𢰈𢰉𢰊𢰋𢰌𢰍𢰎𢰏𢰐𢰑𢰒𢰓𢰔𢰕𢰖𢰗𢰘𢰙𢰚𢰛𢰜𢰝𢰟𢰠𢰡𢰢𢰤𢰥𢰦𢰧𢰩𢰪𢰫𢰬𢰭𢰮𢰯𢰰𢰱𢰲𢰳𢰴𢰵𢰶𢰷𢰸𢰹𢰺𢰻𢰼𢰽𢰾𢱁𢱂𢱃𢱄𢱅𢱆𢱇𢱈𢱉𢱊𢱋𢱌𢱍𢱎𢱏𢱐𢱑𢱒𢱓𢱔𢱕𢱖𢱗𢱘𢱙𢱚𢱛𢱜𢱝𢱟𢱠𢱡𢱢𢱣𢱤𢱥𢱦𢱧𢱨𢱩𢱪𢱫𢱭𢱮𢱰𢱱𢱲𢱳𢱴𢱶𢱷𢱸𢱹𢱺𢱻𢱼𢱽𢱾𢱿𢲀𢲁𢲂𢲃𢲄𢲅𢲆𢲇𢲈𢲉𢲊𢲋𢲌𢲍𢲎𢲏𢲐𢲑𢲔𢲕𢲖𢲗𢲘𢲙𢲛𢲜𢲞𢲟𢲠𢲡𢲢𢲣𢲥𢲦𢲧𢲨𢲩𢲪𢲫𢲬𢲭𢲮𢲯𢲰𢲲𢲳𢲵𢲶𢲷𢲸𢲹𢲺𢲻𢲼𢲽𢲾𢳀𢳂𢳃𢳄𢳆𢳇𢳊𢳋𢳌𢳍𢳎𢳏𢳐𢳑𢳒𢳓𢳕𢳖𢳗𢳘𢳙𢳚𢳛𢳜𢳝𢳞𢳟𢳠𢳡𢳢𢳣𢳤𢳥𢳦𢳧𢳨𢳩𢳪𢳫𢳬𢳭𢳮𢳯𢳰𢳱𢳲𢳳𢳴𢳵𢳶𢳷𢳸𢳺𢳻𢳼𢳽𢳾𢳿𢴀𢴁𢴂𢴃𢴄𢴅𢴆𢴇𢴈𢴉𢴊𢴋𢴌𢴍𢴎𢴏𢴐𢴑𢴒𢴓𢴔𢴕𢴖𢴗𢴘𢴙𢴚𢴜𢴟𢴠𢴡𢴢𢴣𢴤𢴥𢴦𢴧𢴨𢴩𢴪𢴫𢴬𢴮𢴯𢴰𢴱𢴲𢴴𢴵𢴶𢴹𢴻𢴼𢴾𢴿𢵀𢵂𢵃𢵄𢵅𢵆𢵇𢵈𢵉𢵊𢵋𢵌𢵍𢵎𢵏𢵑𢵒𢵓𢵔𢵕𢵖𢵗𢵘𢵙𢵚𢵛𢵜𢵝𢵞𢵟𢵢𢵣𢵦𢵧𢵪𢵫𢵭𢵮𢵯𢵰𢵱𢵲𢵳𢵴𢵵𢵶𢵷𢵸𢵹𢵺𢵻𢵼𢵽𢵾𢶀𢶁𢶂𢶃𢶄𢶅𢶆𢶇𢶈𢶉𢶊𢶋𢶌𢶍𢶎𢶏𢶐𢶑𢶒𢶓𢶔𢶕𢶖𢶘𢶙𢶚𢶛𢶝𢶞𢶠𢶢𢶣𢶤𢶥𢶦𢶧𢶨𢶩𢶪𢶫𢶬𢶭𢶮𢶯𢶰𢶱𢶲𢶳𢶴𢶵𢶶𢶷𢶸𢶹𢶺𢶻𢶼𢶽𢶾𢶿𢷀𢷁𢷂𢷃𢷄𢷅𢷇𢷈𢷉𢷊𢷋𢷌𢷍𢷎𢷏𢷐𢷑𢷒𢷓𢷔𢷕𢷖𢷗𢷘𢷙𢷚𢷛𢷜𢷝𢷞𢷟𢷠𢷡𢷢𢷣𢷤𢷥𢷦𢷧𢷨𢷩𢷪𢷫𢷬𢷭𢷮𢷯𢷰𢷱𢷲𢷳𢷴𢷵𢷶𢷷𢷸𢷹𢷺𢷻𢷼𢷽𢷾𢷿𢸀𢸂𢸃𢸄𢸅𢸆𢸈𢸉𢸊𢸋𢸌𢸍𢸎𢸏𢸐𢸑𢸒𢸓𢸔𢸕𢸖𢸗𢸘𢸙𢸚𢸛𢸜𢸝𢸞𢸟𢸠𢸡𢸢𢸣𢸤𢸥𢸦𢸨𢸩𢸪𢸫𢸬𢸮𢸯𢸰𢸱𢸲𢸳𢸴𢸵𢸶𢸷𢸸𢸹𢸺𢸻𢸼𢸽𢸾𢸿𢹀𢹂𢹃𢹄𢹅𢹆𢹇𢹈𢹊𢹋𢹌𢹍𢹎𢹐𢹑𢹒𢹓𢹔𢹕𢹖𢹘𢹙𢹚𢹛𢹜𢹝𢹞𢹟𢹠𢹡𢹢𢹣𢹤𢹥𢹦𢹧𢹨𢹩𢹪𢹬𢹮𢹯𢹰𢹱𢹲𢹳𢹴𢹵𢹶𢹷𢹸𢹹𢹺𢹻𢹼𢹽𢹾𢹿𢺀𢺁𢺂𢺃𢺄𢺅𢺆𢺇𢺈𢺉𢺊𢺌𢺍𢺎𢺏𢺐𢺑𢺒𢺓𢺔𢺕𢺖𢺗𢺘𢺙𢺚𢺛𢺜𢺝𢺞𢺟𢺠𢺡𢺢𢺣𢺤𢺥𢺦𢺧𢺨𢺩𢺪𢺫𢺬𢺭𢺮𢺯𢺰𢺱𢺲𢺳𢺴𣠅𤃧𤆎𥲷𥷐𦆫𦷀𧌕𧑺𨗅𨙰𨝨𪇪𪭜𪭝𪭞𪭟𪭠𪭡𪭢𪭣𪭤𪭥𪭦𪭧𪭨𪭪𪭬𪭭𪭮𪭯𪭰𪭱𪭲𪭴𪭵𪭶𪭷𪭸𪭺𪭻𪭼𪭽𪭾𪭿𪮁𪮄𪮅𪮆𪮇𪮈𪮉𪮊𪮋𪮌𪮎𪮐𪮑𪮓𪮔𪮕𪮖𪮗𪮘𪮙𪮛𪮜𪮝𪮞𪮟𪮠𪮡𪮢𪮤𪮥𪮦𪮧𪮨𪮪𪮫𪮬𪮭𪮮𪮰𪮱𪮲𪮳𪮴𪮵𪮶𪮷𪮸𪮹𪮺𪮻𪮼𪮾𪮿𪯀𪯁𪯂𪯃𪯄𫙡𫛒𫝺𫝻𫝼𫝽𫝾𫝿𫰷𫼕𫼖𫼗𫼘𫼚𫼛𫼝𫼞𫼟𫼡𫼢𫼣𫼤𫼥𫼦𫼧𫼨𫼩𫼪𫼫𫼬𫼭𫼮𫼯𫼰𫼱𫼲𫼳𫼵𫼶𫼸𫼹𫼺𫼻𫼼𫼽𫼾𫽀𫽁𫽃𫽄𫽅𫽆𫽇𫽈𫽉𫽊𫽋𫽍𫽎𫽏𫽐𫽒𫽔𫽕𫽖𫽗𫽘𫽙𫽚𫽜𫽝𫽞𫽠𫽢𫽣𫽤𫽥𫽦𫽧𫽨𫽩𫽪𫽫𫽬𫽮𫽱𫽲𫽳𫽴𫽵𫽸𫽻𫽼𫽽𫽾𫽿𫾀𫾁𫾂𫾃𫾄𫾆𫾇𫾈𫾉𫾊𫾋𫾍𫾎𫾏𫾐𫾑𫾒𫾓𫾔𫾕𫾗𫾘𫾙𫾚𫾛𫾜𫾞𫾟𫾠𫾡𫾢𭉛𭕙𭗦𭠎𭠐𭠑𭠒𭠗𭠘𭠙𭠛𭠜𭠝𭠟𭠡𭠣𭠤𭠥𭠦𭠨𭠩𭠪𭠬𭠭𭠮𭠱𭠵𭠶𭠷𭠹𭠼𭠽𭠾𭠿𭡀𭡁𭡃𭡄𭡅𭡆𭡈𭡉𭡊𭡌𭡏𭡐𭡑𭡒𭡓𭡔𭡕𭡖𭡗𭡘𭡚𭡛𭡜𭡝𭡞𭡟𭡠𭡡𭡢𭡥𭡦𭡧𭡨𭡩𭡪𭡫𭡬𭡭𭡱𭡲𭡳𭡴𭡵𭡶𭡷𭡸𭡹𭡺𭡽𭡾𭡿𭢀𭢁𭢂𭢃𭢄𭢆𭢈𭢉𭢋𭢌𭢍𭢎𭢏𭢐𭢒𭢓𭢔𭢕𭢖𭢗𭢘𭢙𭢚𭢛𭢜𭢝𭢞𭢟𭢠𭢡𭢢𭢤𭢥𭢦𭢧𭢨𭢪𭢫𭢬𭢭𭢯𭢰𭢲𭢳𭢴𭢵𭢶𭢸𭢹𭢺𭢻𭢼𭢾𭢿𭣁𭣃𭣄𭣅𭣇𭣉𭣊𭣋𭣌𭣍𭣎𭣏𭣐𭣓𮆢𮲏𮲑𰒷𰒸𰒹𰒺𰒼𰒽𰒿𰓀𰓄𰓆𰓊𰓋𰓌𰓐𰓓𰓔𰓕𰓗𰓘𰓜𰓝𰓞𰓟𰓠𰓡𰓢𰓣𰓤𰓥𰓧𰓨𰓩𰓫𰓬𰓭𰓱𰓳𰓴𰓷𰓸𰓹𰓺𰓻𰓼𰓾𰓿𰔁𰔆𰔇𰔈𰔉𰔋𰔎𰔏𰔒𰔓𰔔𰔖𰔚𰔛𰔜𰔝𰔞𰔠𰔡𰔢𰔣𰔤𰔦𰔧𰔨𰔪𰔫𰔬𰔭𰔮𰔯𰔱𰔲𰔳𰔴𰔸𰔹𰔺𰔻𰔼𰞟𱟩𱟪𱟫𱟬𱟭𱟮𱟯𱟰𱟱𱟳𱟵𱟶𱟸𱟹𱟺𱟼𱟽𱟾𱟿𱠀𱠁𱠂𱠃𱠄𱠆𱠇𱠈𱠉𱠊𱠍𱠎𱠏𱠐𱠒𱠓𱠕𱠖𱠗𱠙𱠚𱠛𱠜𱠝𱠠𱠢𱠣𱠦𱠧𱠨𱠩𱠪𱠫𱠬𱠭𱠮𱠯𱠰𱠲𱠳𱠴𱠵𱠶𱠷𱠸𱠹𱠺𱠻𱠼𱠽𱠾𱠿𱡁𱡂𱡃𱡄𱡅𱡇𱡈𱡊𱡋𱡌𱡍𱡎𱡏𱡐𱡔𱡕𱡖𱢓𱫰𱷓𲖴𲜬𲡙𲡚𲡜𲡝𲡞𲡠𲡡𲡢𲡣𲡥𲡩𲡪𲡫𲡯𲡱𲡲𲡴𲡵𲡶𲡷𲡸𲡹𲡼𲡽𲡾𲡿𲢀𲢁𲢂𲢄𲢆𲢇𲢈𲢉𲢊𲢍𲢎𲢏𲢐𲢑𲢓𲢔𲢕𲢗𲢘𲢙𲢚𲢛𲢜𲢞𲢟𲢠𲢡𲢢𲢣𲢤𲢥𲢦𲢧𲢩𲢪𲢫𲢬𲢭𲢮𲢯𲢰𲢳𲢴𲢵𲢸𲢹𲢺𲢻𲢼𲢽𲢾𲢿𲣀𲣁𲣂𲣃𲣄𲣆𲣇𲣈𲣉𲣊𲣋𲣌𲣍𲣎𲣏𲣐𲣑𲣔𲣕𲣖𲣙𲣚𲣛𲣜𲣝𲣞𲣠𲣡𲣢𲣣𲣤𲣥𲣦𲣧𲣨𲣩𲩘𳎼𳎿
才	㝳䊷䌶䞗䴭团材牙犲豺財财釮閉闭鼒𠄒𠆫𠠸𠮹𡮣𢦔𢩱𣑝𣘥𣺠𤿋𥘔𦨑𦬁𧆯𧎆𧛌𧤳𨃁𨙴𩛥𩭘𩵝𪟞𪪋𬁱𬏛𬹅𭨟𮮥𮰱𰀑𰅡𰌜𰏚𰝸𱠋𱷯𲀦𲀰𲁡𲇭𲕳𲚴𲜉𲞃𲞞𳄗
扎	紥𠯩𣲞𥾱𧉒𳎧
扏	抛𢬐𪭹
打	咑𨴆𪭫𫩿𭠢𭯾𰁫𰒾𰓮𰔥𰥗𱠘𲛋
托	𠱹𡱩𢫅𢭑𣨰𣴜𫊴𫵟𬻙𭐹𭥮𮅈𮡛𰞌𰺸𲇌
扛	拒𠲞𢬀𪭤
扣	筘𢫃𢭻𢴙𢵲𪧊𪭸𫅖𫽞𰇗𱟺𱹰𱺚𲢗𲣝𲻵
执	亵势垫挚热絷蛰贽鸷𠢞𠢟𥅿𪠺𫐋𬏧𬔦𬡓𮲐𰑔𰛣𰸈𱅊𱦊𱷷𱽜𲉵𲷰𳎖𳎲
扩	㨩拡捬掂掋擴𢬂𢭩𢭸𢯪𢳀𢳋𢳧𢳿𢷱𢷹𢺠𪮧𫾚𰓥𰔩𰔷𱡀𲢟
扮	㧳𢚅
扯	𠳏𨁘
扱	𠳖𥮁
扲	𦰄𪡆
扳	鋬𫩾
扶	荴𢏪𥆭𨁜𨦶𫐧𰓻𲕙
扸	𣨊𩃑𭡂𮔋𰛫
批	𫵫𳈰
找	𭠤𱠤𱲷
承	㴍𠉹𢁇𢬫𢬬𢮋𤗓𦜎𦫠𦲶𨛾𮰂𮴤𰇻𰔄𰗸𰸧𳆌
技	庪𠴜𢴛𨅅𪨵𪮣𫽂𰍸𲲢
抄	莏𠳕𣴷
抈	掤𢲂𢲰𢴎𢵁𢷁𢺎𭠾𭢝𰔘𰔮𲡴
抉	䆢𱒫
把	筢𠴙𥖖𥺕𨁩𫽶𬇫𰌅𱡓𱴃𱽩𳋖
抓	𰔍𲔮
投	𠲴𡷠𥦆𫽌𫽟𭠚
抖	唞𭡮
抗	𩷠𫩽𮅑𰞠𳋕
折	㑜㝂㿱䀸䀿䁀䇽䋢䏳䓆䟷䩢䭁䱑乴哲哳埑娎悊掀晢晣梊浙烲焎狾硩蜇裚誓踅逝銴𡘭𡝊𢂼𢏨𢴛𢼺𣇄𣨋𣩁𣩂𤄌𥍭𥺈𦕶𧋍𧑧𧣯𧶇𧻸𨦬𩗙𩣩𪁊𪘔𪮣𪲽𪻢𫎘𬗗𭜻𭡓𰔗𰤙𱥘𱰌𲒩𲒪𲜪𲢝𲢨𲢻
抛	𠴋𤽵𦰖
护	㧖㨭捩掮揙搧𢬉𢭖𢮄𢯢𢲙𢳹𢵞𢸐𢹞𫽒𫽓𰓸𱠒
报	𭓄𱒧𱷾𲱛
披	𠵿𣈓𦰽𩸉𬐌
抱	菢𢛺𥮼𩃧𪾑𲔿
抳	𭎵𭣑𭰬
押	𠶟𳎿
抽	菗𫽹
抾	𢬱𢭙𫽅𭡊
拂	𦲫𫂅𱠟
拃	𢜉𮅖
担	𠵆𦏄𭻛
拈	𢜋𤭥𥮠𭾄
拉	啦菈鞡鿜𡝰𤷟𬠏𬻡𭄻𭘏𭰪𭾺𰄀𰋪𰐣𰼷𲳧𳆄
拍	啪𢯊𣁨𲦇
拏	𠸎𡰀𢜲𣸏𤸻𭒌𭢱
拐	捌箉𮛠𳎼
拑	㟛箝
拓	𫾊𰔓
拔	菝𧛌
拘	㐝𢛑𭕣
拙	𠶯𡮍𢮬𲜫𲜭𲣅
招	萔𠶅𢜌𪶎𪸳𭾃𮀢𲙕𲝣𲫧
拜	㗑湃𡍹𢱎𥛉𥯟𦤛𦳞𨃅𪩹𪲻𪿪𫅫𫒲𫱋𫴵𫹊𫺨𫾖𬾳𭡍𰎬𰹅𱆞𱝧𱳄𲅩𲢖
择	箨萚
括	葀𠸓𢯔𣕔𣸅𭡃𮖔𰄷𰪆
拮	撷擷𢮌
拯	𩄔𰞼
拱	𫪵𲺻
拳	搼𡺹𦶸𨃪𩏗𰯈𱐉𲿐
拾	湁𫽰𰈄𱿰
拿	嗱鎿镎𠌧𢲡𣗯𫦏𫱗𱁰𲮧𲺨𳁅
持	𣖖𤸟𥻣𧎋𨃌𨨲𩹭𱓙
挈	㮮䤿𠹙𢊏𢲞𢹫𤠵𤸪𱧯
挐	蒘𢞙𣖹𣹤𥰪𲱩
挑	𨃑𰈁
挕	掫揶𢬴𢲠𢲦𢲮𢳞𢵑
挙	﨔𧜎
挛	𰣽𲼤
挨	𫫃𮐉
振	䳲搙𠺃𠺲𫕫𱊙𱞾𱧳𲓁
挼	𥱮𦵭𩝺𫃸𫏙𬈗𱙢
挽	𢯂𢱍
捇	𢲳𢷓
捉	𫠼𬳚
捎	䈰𰱬
捔	㩂𢶷𫾅
捕	蒱𥱴𧏳𨕝𬙤
捙	搟摲𢮊𢷦𢷰
捨	𭕹𱔄
捷	蓵𠽕𧐥𮰇
捼	𠼈𨄖
捽	𪨃𲩹
掉	𦄹𧐼𪮮𬕩
掌	幥撑礃罉鐣𡑄𣛟𣾦𥋇𥳶𦪦𦺡𩇢𩞦𩠏𩻰𫫮𬶰𭋵𮴴𰂱𰯗𱝋𲞄𳃣𳇲
掑	撕𭢘𲖄
排	𠄽𠍣𠼕𡀪𫄐𫿟𮂤𱸞𱻖𲖶𳈹
掛	𦟺𫫔
掣	𢳅𪷘𲬊
接	𠙤𤮌𦌈𪡸𬵤
推	㔼嶊蓷𡙱𤍐𧤹𨫻𫤄𭞓𮘱𲖀
措	簎𨝨𪮫𰱳
掽	𥲵𦆫
提	䔶䶶𠤧𠽮𡐾𣾸𥳳𰔾𰸬𰽇𱠪𲺳𲿫
揖	䉗䔱擑𪮯𮣇𲖜
揚	𥨛𲿩
揞	𢴠𣚮𱡁
揭	䔾䥟𢶆𭊪𮆉
搴	藆𠏯𢷘
搶	𥴻𰝔
搷	攧𢺗𭣇
摇	𰔵𱩋
摘	𢸈𢸑𪇪
摝	㩠攈攗攟𢹲𪮾𭢻𲣁
摩	嚤擵藦𠘚𠠒𡾉𢣾𥗂𦇑𨣴𩉑𭢽𭣒𱇇
摷	𦾱𫬈
摹	𢸆𤑮
摽	𢶏𢷋
撒	𫬒𰪟
撢	𤁡𲶥
撩	𡃔𲲷
播	𡃓𭳐𲸥
撮	𢤎𪢚
撲	𡃒𤾷𦢟
撻	𡃿𢹗𤃧
撿	籡𭕽
擇	籜蘀𮟢
操	𥩃𧂈𲗬𳇚
擎	𢹘𨰈𩽡𱕨
擔	𲗩𲶧
擢	𥷘𧃔
擧	㐦㩮欅襷𪼰𮂥𮒾𲻍
攀	襻鑻𢺏𣡄𥜳𱕮𲲼
攝	𡆄𥸓𳊔
攣	䖂癴𧖘
支	㩺㩻㩼㩽㩾㲍㽻䃽䅩䚳䞚䡋䣫䧴䰙伎吱妓岐庋忮技攰攱攲攳枝歧汥秓翄翅肢芰蚑衼豉跂鈘頍馶鬾鳷鼓𠚽𡰸𡲆𡻧𢉎𢎼𢏫𢔠𢺵𢺶𢺷𢺸𢺹𢺺𢺻𢺼𢺽𢺾𢺿𢻀𢻁𢻂𢻃𢻄𢻅𢻆𢻇𢻈𢻉𢻊𢻋𢻌𢻍𢻎𢻏𢻐𢻑𢻒𢻓𢻔𢻕𢻖𢻗𢻘𢻙𢻚𢻛𢻜𢻝𢻞𢻟𢻠𢻡𢻢𢻣𢻤𢻥𢻦𢻧𢻨𢻩𢻪𣇠𣖌𣦲𣦳𣯕𣲰𤯙𤹹𤽑𥁈𥄏𥑂𥧽𥭸𥸳𥽤𥾣𦌖𦜚𦧉𦨟𦷨𦼽𧃭𧄋𧣄𧷱𧹛𧻝𨈛𨑤𨙸𨙾𨤺𨱜𨱹𨸠𩂏𩉨𩐾𩓠𩓸𩔩𩚡𩨝𩰇𩵾𪓏𪔋𪔠𪦶𪯅𪯆𪯇𫑆𫛛𫠆𫶰𫹍𫾣𫾤𫾥𬣛𬱧𭍾𭑏𭖗𭣖𭣗𭣘𭣙𭣛𭣜𭣝𭣞𭣟𭣠𭪘𭮂𭸷𭻁𮙙𮡏𮲴𰅪𰎪𰕀𰕁𰕂𰝀𰠩𱑜𱘳𱡗𱡺𱣀𱨶𱪫𱬋𱭯𱭴𱷲𲇱𲒈𲛂𲣪𲣫𲣬𲣭𲥘𳎨
攴	㢭㪁㪂㪃㪅㪆㪈㪊㪋㪌㪎㪏㪐㪑㪒㪓㪔㪕㪖㪗㪛㪜㪝㪞㪠㪡㪢㪥㪧㪨㪩㪪㪫㪬㪭㪮㺳䜴䨷冦敁敆敊敍敠敡敤敥敧敮敯敱敲敺敼敽斀斅軙鈙闅鼔𠅬𠆸𠋛𠍞𠓠𠓥𠞲𠪬𡁁𡁞𡅴𡆉𡑼𡔋𡪌𡫪𡰵𡵨𢁵𢇮𢝠𢪊𢮽𢵿𢻫𢻭𢻰𢻲𢻳𢻴𢻵𢻶𢻷𢻸𢻻𢻼𢻽𢻿𢼀𢼌𢼍𢼎𢼐𢼒𢼖𢼗𢼛𢼝𢼞𢼟𢼢𢼣𢼤𢼦𢼧𢼨𢼩𢼬𢼯𢼰𢼱𢼲𢼹𢼺𢼻𢼼𢼽𢼾𢼿𢽀𢽁𢽂𢽃𢽄𢽅𢽕𢽖𢽚𢽜𢽝𢽞𢽢𢽣𢽥𢽦𢽧𢽨𢽩𢽪𢽫𢽭𢽾𢽿𢾀𢾁𢾂𢾃𢾆𢾇𢾈𢾊𢾋𢾌𢾍𢾎𢾏𢾐𢾑𢾒𢾓𢾖𢾙𢾠𢾥𢾦𢾧𢾨𢾩𢾪𢾫𢾬𢾮𢾯𢾱𢾲𢾴𢾵𢾸𢾻𢾽𢾿𢿀𢿁𢿅𢿆𢿇𢿈𢿉𢿊𢿍𢿎𢿏𢿑𢿒𢿕𢿘𢿚𢿝𢿞𢿟𢿠𢿡𢿢𢿣𢿤𢿥𢿦𢿧𢿨𢿩𢿪𢿮𢿳𢿷𢿸𢿹𢿺𢿾𢿿𣀀𣀁𣀂𣀃𣀄𣀇𣀍𣀎𣀏𣀑𣀒𣀓𣀔𣀕𣀖𣀙𣀛𣀜𣀝𣀞𣀣𣀤𣀥𣀦𣀧𣀨𣀪𣀫𣀮𣀯𣀰𣀲𣀵𣀶𣀷𣀺𣀻𣀾𣁀𣏽𣦞𣧏𣯷𣲏𣼝𣽠𤄑𤆝𤔮𤕝𤘴𤼧𤽐𥂱𥃍𥃎𥃏𥄎𥆗𥾲𦌤𦔼𦤺𦨗𦷻𧔅𧗑𧙾𧣀𧤿𧥙𧥚𧨪𧱰𧾬𨈙𨜦𨠃𨦷𨧔𨰮𨰯𩄸𩉲𩐅𩠮𪈷𪌏𪎘𪓍𪔿𪗡𪢺𪥩𪪾𪯉𪯋𫣇𫸸𫹏𫾦𫾲𫾸𫾿𫿅𫿊𫿎𫿗𬢟𬨞𬳩𭇅𭣢𭣭𭣯𭣳𭣴𭣷𭣸𭣹𭣽𭣿𭤁𭤅𭤉𭤐𭤒𭭛𭯠𮕡𮘽𮫱𰋤𰌡𰍕𰕃𰕅𰕆𰕉𰕊𰕋𰕐𰕒𰕘𰭈𰸅𱡙𱥌𱩯𲡲𲣮𲳮𲻱𳌲
攵	㢸㣊㣲㩿㪀㪁㪄㪇㪈㪉㪌㪍㪎㪘㪙㪚㪜㪟㪢㪣㪤㪦㪬㬚㮘㯙㯳㲠㳊㹈㿂䌘䍩䒆䖍䚺䠥䢟䢩䰻䱷䲄䲣䵇倣做僌僘务呚啟坆媺孜幑弊微徴徹徽徾恪撆撤擞擻收攷攸改攺攻攼攽放政敀敂敃敄故敇效敉敋敌敎敏敐救敒敓敔敕敖敗敘教敚敛敜敝敞敟敢散敦敨敩敪敫敬敭数敳敵敷數敹敻敾敿斁斂斆条枚櫢殳潃潎潵澈炇牧玫璥畋癃癓瞮竷致虌螫襒變贁败赦轍遫霺霿駇鰴𠉿𠊅𠊹𠌒𠍁𠐍𠑛𠘄𠘜𠩺𠪫𠪭𠲠𠶂𠷙𠺛𠻲𠼌𠼍𠼏𠼚𠽊𠾀𠾝𡀏𡂡𡏯𡓌𡕙𡖙𡙐𡛇𡟁𡟋𡠬𡠯𡠾𡡠𡡵𡢝𡢩𡥽𡨥𡪂𡵲𡹀𡼦𡽪𢄯𢅷𢋋𢋮𢌦𢍗𢍛𢎿𢐧𢓹𢔼𢕄𢕦𢕧𢕲𢕴𢕹𢕿𢖄𢖉𢖜𢖢𢗡𢚐𢜕𢝽𢞾𢠨𢠳𢠵𢡷𢢡𢣈𢣮𢥦𢥲𢪛𢰴𢲳𢳺𢶗𢸑𢹗𢹘𢻬𢻮𢻯𢻱𢻹𢻾𢼁𢼂𢼃𢼄𢼅𢼆𢼇𢼈𢼉𢼊𢼋𢼏𢼑𢼓𢼔𢼕𢼘𢼙𢼚𢼜𢼡𢼥𢼪𢼫𢼭𢼮𢼳𢼴𢼵𢼶𢼷𢼸𢽆𢽇𢽈𢽉𢽊𢽋𢽌𢽍𢽎𢽏𢽐𢽑𢽒𢽓𢽔𢽗𢽘𢽙𢽛𢽟𢽠𢽡𢽤𢽬𢽮𢽯𢽰𢽱𢽲𢽳𢽴𢽵𢽶𢽷𢽸𢽹𢽺𢽻𢽽𢾄𢾅𢾉𢾋𢾕𢾗𢾚𢾛𢾜𢾝𢾞𢾟𢾡𢾢𢾣𢾤𢾭𢾰𢾳𢾶𢾷𢾹𢾺𢾼𢾾𢿃𢿄𢿋𢿐𢿓𢿔𢿖𢿗𢿙𢿛𢿜𢿬𢿯𢿰𢿱𢿲𢿳𢿴𢿵𢿶𢿻𢿼𢿽𣀅𣀆𣀈𣀉𣀊𣀋𣀌𣀐𣀘𣀟𣀠𣀡𣀢𣀣𣀩𣀬𣀭𣀱𣀳𣀸𣀹𣀼𣀿𣁋𣁛𣇻𣊶𣊽𣔌𣕌𣗣𣘮𣙕𣚿𣟷𣬲𣮖𣰓𣵑𣶌𣷜𣷫𣸗𣺨𣻊𣻪𣿊𣿗𤀂𤁁𤁚𤁲𤉧𤉺𤊦𤊮𤋈𤎦𤏆𤏰𤏺𤐳𤔠𤖚𤟸𤢄𤢉𤢝𤨣𤨨𤯛𥂚𥃊𥅪𥎟𥎪𥓴𥓶𥖻𥘦𥠛𥢭𥦵𥨄𥱙𥲖𥳃𥷭𥼖𦀏𦃡𦅄𦆮𦇕𦓫𦔞𦗥𦗷𦜍𦞀𦠣𦤶𦪰𦱿𦵌𦵍𦽗𦽠𦽺𦿎𧋮𧐭𧒀𧒥𧘶𧢍𧢠𧩥𧫬𧭁𧸁𧸞𧸮𧾣𨅊𨈡𨊴𨏁𨏣𨖟𨗯𨝟𨟮𨧋𨩺𨪣𨬊𨯃𨯍𨰩𨱝𨲶𨸩𨻮𩀼𩆥𩉩𩍒𩐇𩐈𩞥𩡡𩪵𩺕𩻇𩼡𩽋𪈶𪉾𪌑𪍾𪐫𪑛𪑢𪓴𪓾𪔀𪔻𪖖𪘯𪘻𪚐𪝇𪝉𪠲𪢀𪢒𪤓𪦐𪦚𪦩𪫏𪫕𪫜𪮅𪮫𪯈𪯌𪯍𪯎𪯏𪯐𪯑𪯒𪯓𪯔𪯖𪯘𪯙𪯚𪯜𪯟𪯱𪰋𪱃𪳞𪵊𪷁𪹖𪹲𪻯𪻰𪼂𪾇𪾰𫀙𫂙𫏂𫑍𫒋𫓡𫘓𫡣𫢽𫣈𫣫𫬚𫮆𫴄𫺗𫾧𫾨𫾩𫾪𫾫𫾬𫾭𫾮𫾯𫾰𫾱𫾳𫾴𫾵𫾶𫾷𫾹𫾺𫾻𫾼𫾽𫾾𫿀𫿁𫿂𫿃𫿄𫿆𫿈𫿋𫿌𫿍𫿏𫿑𫿒𫿓𫿔𫿖𫿘𫿙𫿚𫿛𫿜𫿝𫿟𫿠𫿡𫿢𫿣𫿤𫿦𫿧𫿩𫿪𫿫𫿬𬄎𬉘𬐽𬑿𬞯𬟡𬥋𬥧𬥱𬯟𬵶𬿒𬿙𬿣𬿮𭀉𭃯𭄍𭄐𭄯𭄽𭆆𭆕𭌔𭐈𭒀𭒫𭕲𭗭𭙱𭜁𭜂𭜈𭞑𭟗𭡓𭣡𭣣𭣤𭣥𭣦𭣧𭣨𭣩𭣪𭣫𭣬𭣮𭣰𭣱𭣲𭣶𭣻𭣼𭣾𭤀𭤂𭤃𭤄𭤆𭤈𭤊𭤌𭤏𭤑𭤓𭦔𭧊𭧨𭪔𭫣𭬅𭬡𭭰𭯫𭱾𭲅𭲋𭲕𭶔𭷁𭷥𭹞𭹯𭾢𭾹𮆖𮈄𮊻𮌼𮒎𮕍𮚚𮜬𮟅𮡟𮢓𮢸𮬓𮮦𮲓𮲔𮲕𮳀𮳒𮷺𰀟𰁦𰂪𰇷𰉂𰊲𰌚𰍞𰑭𰑮𰕄𰕇𰕈𰕊𰕌𰕎𰕏𰕑𰕓𰕔𰕕𰕖𰕗𰕙𰘸𰡣𰥼𰧋𰧜𰴈𰹭𰽁𱇕𱈑𱌛𱎓𱔻𱖼𱘀𱘊𱠓𱡘𱡛𱡜𱡝𱡞𱡟𱡠𱤉𱦯𱨝𱨬𱩵𱪐𱭽𱯿𱱌𱳜𱶝𱶢𱷏𲌔𲌶𲎓𲚅𲟯𲢮𲣯𲤻𲩚𲩼𲪔𲮠𲷋𲷍𳃜𳎾
收	荍𠈅𠲠𡱙𤙘𥅪𦀏𩷊𪯊𫆃𭠰
攸	㛜㫍㫦䀺䖺䩦䱔修倏倐偹儵峳悠條浟焂窱筱絛縧翛脩莜跾鋚鎥鞗鯈𠌪𠎕𠐃𠗆𠤼𠳘𡩢𢢑𣒼𥁮𥴽𦐻𦺰𧇐𧌁𨁀𩗚𩛢𫚿𬰽𬲓𬿧𬿩𭞂𱇱𲑃𲮄
改	𠳚𢚢𢚲𢭮𣒵𥦄𦀻𦰦𫏍𫼿𫿐𭦔𱑑𲂶𲞬𲢓
攺	𢚓𫿉𭦖
放	䢟倣𡌼𡥮𣮙𣷫𤊦𥓴𦜍𧌱𨅢𩕣𩜢𪬆𪯕𪯛𪯞𪻯𪾰𫅵𫈚𫿇𫿕𫿨𭣺𭼕𭽂𮗄𮢓𮤖𮩀𰇷𰑮𰕍𰤑𱠓𱣬𲵠𲷋𳍝
政	䈣晸𣀚𤣙𥪛𧁎𩠰𪣴𪰱𭤍𮈤𮒆𮢙𰀚𰞺𰱞𲩠
敀	𭖸𮀯
敂	𠄹𣕌𤋥𫉦
敃	㟩愍暋睯𢰞𭽞𮔧
敄	㡔㮘䋷䓮䜼䨁䱯堥婺嵍愗暓楘瞀蝥鍪霚鞪騖骛鶩鹜𠊮𠝸𢝽𤋄𥓺𥠪𦎦𧎄𨂣𨍎𨡭𨩺𩝕𩤝𩭾𪍓𪍘𪧮𭄶𭤇𭷳𱋤𱋥𲮠
故	做𡟁𢰴𫮆𰽁𲷍
敇	蓛𢲆𢿋𥰡𧜌
效	傚滧𠙟𭉲𭞆
敉	𢄞𥨺𥩂𦷥𧷍𨻖𩄧𰥼𳃜
敍	潊𮐮
敎	䃝漖𥲯𪖄
敏	䲄慜瀪繁鰵鳘𠍁𠽊𢄯𢠨𢳺𣙕𤛎𤨨𥼖𪄴𪉾𪤓𪪉𪱃𬥧𭄼𭒘𭔍𭛿𭲅𰴈𱥝𱾗𲓊
救	慦𭛾𭫣𰪔𲼧
敕	䔩嫩慗整潄瘷遫鷘𠍏𠻳𡁛𡏴𡠼𢕡𢠂𢳯𣙙𤃏𦌉𧫣𨤸𨫾𩐎𩥹𩮸𩺾𪞫𫂙𬗳𭄺𮔳
敖	㜜㟼㠂㥿㾲䦋䫨䮯䵅傲厫嗷嗸嫯嶅廒慠摮滶熬獒獓璈磝聱蔜螯謷謸贅赘遨鏊隞驁骜鰲鳌鷔鼇𠞪𠢕𡏼𢕟𢧴𢳆𣊁𣘢𤎅𤘒𥂢𥨆𦪈𧑃𨄨𨅚𨎞𨫼𩕀𩘮𩪋𩪕𩮯𩱏𪉑𪍮𪙠𪧜𪵧𫆰𫍵𫗺𫘀𬑞𭵶𭽠𮅻𮌳𰖢𰘗𰧑𰾧𲀿𲑶𳅮𳍳𳐿
敗	闝𠮆𠼚𡏯𡫄𤼹𥨇𪦚𬄎𰂪𰩞𲣲𲩼
敘	漵𲙹
教	䃝嘋漖𢠛𥲯𨬊𪖄𪳞𲙲𳅜
敛	潋蔹𬋃𲶓
敝	䌘䠥䥕䨆嫳幣弊彆徶憋撆撇斃暼潎獘獙瞥蔽虌蟞襒蹩鄨鐅鱉鳖鷩鼈龞𠍯𠒳𠟈𠢪𡐞𡚁𡡹𢠳𣀽𣁢𣊶𣘮𣰉𣱔𤎨𤏰𤮕𤺓𤾵𥋗𥢭𥳆𦒐𦗥𦠞𧒀𧝬𧢍𧸁𩡡𩦉𫜁𬢓𬭯𮦮𰈡𱌇𱍈𱎏
敞	㢢僘厰幤廠氅𠔷𢠵𢢌𣀴𣚿𤏮𤢄𤺲𦒚𦦢𩞥𩻪𪅶𪛆𫠝𭏭𭜂𭧨𮑇𱨬𲚅𲢮𲦲𲿲𳐒
敢	㒈㜟㦑㺖䆻䧩䭛䲎儼噉嚴憨撖橄澉瞰譀豃闞饏𠪚𡑒𡪯𢕭𣊟𤅾𤺍𥕵𥴊𥼲𦏦𦗪𦘑𦪧𧄆𧗐𧠀𧸂𨅺𨬒𩍉𪉿𪒠𪠛𫤌𫶔𫶝𫿞𫿥𬸹𭅞𭐑𭗐𮡜𰯔𰶆𰾳𱯨𲍙𲼴𲿭
散	䃟䉈撒橵潵糤繖鏾霰饊馓𠎭𠪣𠾎𢄻𢊰𤩀𥂪𥋌𦠐𦺻𧝠𧽾𨅖𪯗𪯝𫔌𮣂𰬷𲠤
敦	㬿㻻䃦䔻䪃噋墩墪憝憞撉撴暾橔潡燉犜獤礅譈蹾鐓鐜镦驐鷻𠎄𠓎𡡬𡼖𣦤𥂦𥋆𦪔𧑒𧝋𧝗𩞤𪆃𪆝𫄃𫜶𬚧𬤣𬸫𮕁𮪥𮵃𰖬𰫑𱱤𳐓
敫	㦘䁶䚫䥞儌噭墽嬓徼憿撽曒檄激燩獥璬皦礉竅繳缴薂覈譤譥躈邀鸄𡫀𡽄𢅎𢶡𣎣𣜥𥐊𥢹𥨶𥽶𦅾𦇸𧝳𧾐𩅢𩦨𩯛𬭻𱊯𱜐
敬	㢣㯳䜘儆憼擎擏曔檠璥蟼警驚𠧂𢐧𢢩𤀂𩼃𫄿𫱻𭋆𭘷𭶍𮬘𱅽𱔻𲬗𳏱
数	䉤擞薮𡦤𥐈𥨧𪢒𫣫𬳛𰘸𱘊𲌔𲣰𲪔𳁦
敲	𡁞𱩯𲣎𲬤
整	𡓟𱕠𳃭
敵	𡒱𢸑𧁱𭟗𰅇𰉂𳎉
敷	㩤懯璷𡣷𡫣𣞒𥼼𦇁𧀮𨯋𬵶𭭺𰊲𲉣
數	擻櫢籔藪𠐍𡂡𡾄𣀟𤻺𥖻𦇆𨯃𩖅𩪵𩽋𭒫𭯫𮕍𱩵𲣱𲳅
敻	瓊矎藑觼讂𧁰𧓬𩧊
斁	𪾜𫓡𭟟
斂	瀲籢蘞𢅸𢋻𣟺𤒥𤒦𫾛𭟠𲯒
文	㐎㓙㓺㞵㞶㨜㪯㪰㪱䘇䝺䰚产伩刘剂剤吝呅坟妏対彣彥忞忟憫抆斈斊斋斌斍斏斐斑斒斓斔斕斖旻旼榩汶渂潣炆燘玟琝產盿砇簢紊紋纹芠虔蚉蚊螡螤辬这鈫閔閺闵雯馼魰鰬鳼鴍鼤齐﨎𠇥𠉸𠋵𠌍𠎓𠏒𠛶𠞑𠠼𠡧𠢍𠳵𠳺𠳻𠻎𡢄𡢏𡦍𡲈𡵡𡷁𡹋𢜑𢡻𢪖𢱨𣁁𣁂𣁃𣁄𣁅𣁆𣁇𣁈𣁉𣁊𣁌𣁍𣁎𣁏𣁐𣁑𣁓𣁕𣁖𣁗𣁘𣁙𣁚𣁜𣁞𣁟𣁠𣁡𣁢𣁣𣁤𣁥𣁧𣁨𣁩𣁪𣁫𣂂𣈝𣍵𣐀𣒒𣓰𣙛𣚳𣠴𣺒𤋩𤔟𤚳𤛄𤝋𤨘𤪨𤱭𤵒𤺖𤼄𥄐𥕁𥩛𥫾𥸹𥺪𦀮𦈆𦍡𦍢𦐐𦐑𦙟𦜢𦮫𦲴𦻔𦿵𧏎𧜯𧨐𧬖𧲃𧴻𧶆𧸠𧽐𨔉𨜻𨬦𨷜𨻕𩅒𩇿𩓉𩔬𩖣𩖰𩢌𩣖𩤾𩰩𩵳𪉃𪊓𪊙𪊺𪐰𪙘𪞙𪢨𪦹𪪍𪪐𪫋𪬣𪮉𪯠𪯡𪯢𪯣𪯤𪯥𪯦𪯧𪯨𪯩𪯪𪰎𪴦𪶺𪽌𪽼𫆷𫌴𫔤𫔳𫔻𫘜𫠇𫡴𫰥𫸲𫾨𫿭𫿮𫿯𫿰𫿱𫿲𬀫𬀸𬈀𬉪𬍆𬐅𬜰𬝓𬡻𬰇𬸀𬾄𭃉𭉽𭓾𭕬𭙁𭚱𭜭𭟁𭤔𭤕𭤖𭤗𭤘𭤙𭤚𭤛𭦸𭧆𭪃𭮢𭲴𭷏𭷴𭹓𭹡𭺐𮂹𮍧𮘝𮟼𮥷𮦢𮨂𮱟𮱸𮲖𮲗𮸾𮹓𰄢𰄥𰆗𰈽𰐪𰓉𰕚𰕛𰕜𰘐𰡲𰢉𰶹𰼸𱌪𱖐𱠷𱡢𱡣𱡤𱡥𱡦𱡧𱣅𱭩𱱷𱳊𱳽𱶙𲀀𲉠𲉯𲊦𲋢𲔧𲕖𲚮𲣳𲣴𲣵𲣶𲣷𲣹𲣺𲣻𲦉𲨽𲭓𲾺
斈	𢚙𫒤
斉	㑪㨈剤斎済緕萕𦜝𨂋𪯼𫊢𫕅𫡀𫷙𬰁𭝚𮟧𮢕𰪄𲵏
斊	𠻎𡦍𤛄𥕁𥡒𨻕𪙘𰄘𰜮𰯉
斋	𤧿𱸘
斌	贇赟𣁦𧸔𨭉
斍	𦹺𰔤
斎	𣙮𦄴𩴚𬓖𭲍𲢠
斐	𢵪𦻔𩇿𩦎𪷕𱟋𲿳
斑	癍𢴬𤡰𫫨𬷱𳏥
斗	㖍㘰㞳㩂㪲㪳㪴㪵㪶㪷㪸㪹㪺㪻㳆㸯㺶䀞䇆䚵䢏乧呌嘝戽抖斘料斚斛斜斝斞斟斠斡斢斣枓槲櫆炓科紏蚪酙鈄钭閗阧鬦魁﨣𠒚𠒡𠺫𡀃𡐗𡗴𡦶𡯏𡰷𢗸𣁭𣁮𣁯𣁰𣁱𣁲𣁳𣁴𣁵𣁶𣁷𣁸𣁹𣁺𣁻𣁼𣁽𣁾𣁿𣂀𣂁𣂂𣂃𣂄𣂅𣂆𣂇𣂈𣂉𣂊𣂋𣂌𣂍𣂎𣂏𣂐𣃜𣬯𣶉𣷊𤁔𤓺𤯘𤾍𥁇𥐿𦆫𦙒𦮜𦻶𧏆𧘞𧠕𧴼𧺯𧿫𨋼𨣫𨮊𩑯𩫄𩰮𩵬𩿚𪇫𪌉𪖘𪚛𪞒𪭸𪯫𪯬𪯭𪯮𪰍𫁵𫃼𫔯𫖗𫩰𫴣𫺅𫼼𫽒𫿳𫿴𫿵𫿶𫿷𬃐𬖠𬣟𬬖𬷄𬻢𬽫𭑎𭤜𭤝𭤞𭮃𭷾𮋸𮪿𮯁𰁩𰂤𰋁𰌔𰔛𰞈𰰩𱁉𱄋𱡨𱶲𲎮𲣽𲣾𲣿𲰉𲳾𲿟𳆞
料	窲𠺫𫃼𬝮𰌔𰒄𰔛𰘑𱸚𲳾
斛	㩂䈸嘝槲蔛𡐗𣘳𥡿𫁚𲿟
斜	㙦䔑厁𣻠𪯯𪯰𫿸𱗯𱳇
斝	𬅰𮗶
斟	𡀃𨮊
斤	㒋㠼㪼㪾㪿㫀㫁㫂㯕㸫㹞䉼䎰䖐䜣䤺䰺䱿䲉伒劤匠听嘶噺圻妡岓嶃庍忻慚所折摲撕斦斧斨斩斪斫斬断斮斯新斱斲斳斴斵斶斷斸旂昕析欣歽沂漸澌澵炘燍玂盺祈籪紤肵芹蕲蚚螹蟖訢赾近邤釿鏩鐁靳頎颀馸鬬鬭鬿齗龂𠌲𠒙𠜝𠦉𠦛𠧣𠯓𠼗𠼹𡆏𡆞𡐛𡒧𡗲𡡒𡵱𢏂𢗹𢜛𢠹𢦲𢯢𢰂𢳮𢺼𢿚𣁰𣂒𣂓𣂔𣂕𣂖𣂗𣂘𣂙𣂚𣂛𣂜𣂝𣂞𣂟𣂠𣂡𣂢𣂣𣂤𣂥𣂦𣂧𣂨𣂩𣂪𣂫𣂬𣂮𣂯𣂰𣂱𣂲𣂳𣂴𣂵𣂶𣂷𣂸𣂹𣂺𣂻𣂼𣂽𣂾𣂿𣃀𣃁𣃂𣃃𣃄𣃅𣃆𣃇𣃈𣃉𣃊𣃋𣃌𣃍𣃎𣃏𣃐𣃑𣃓𣃔𣃕𣃖𣉛𣣒𣣪𣥍𣥪𣷲𤊑𤍖𤞆𤤆𤩐𤴾𥐀𥕌𥕶𥙚𥝹𥬊𥺐𥼤𦆰𦋒𦕄𦠀𦠟𦠠𦠭𦶘𦽪𧘻𧝤𧣊𧪷𧬜𧯞𧵆𧿧𨇰𨠇𨭠𨰉𨳜𨸢𩂋𩐙𪂥𪊼𪌍𪏴𪘷𪛊𪩗𪬷𪯱𪯲𪵮𪷀𪿆𫉈𫗲𫢍𫣩𫥁𫨍𫿹𫿺𫿻𫿼𫿽𫿾𫿿𬃞𬇳𬎔𬓁𬔘𬥔𬥡𬧋𬬱𬲛𬸻𭅉𭤠𭤡𭤢𭤣𭤤𭤦𭦢𭭜𭯐𭸨𭾾𮞆𰇵𰕝𰕞𰕟𰕠𰕡𰕢𰕣𰕤𰕥𰡩𰯱𰻋𰾴𱈒𱈞𱌓𱎥𱟺𱡩𱡪𱡫𱡭𱡮𱡯𱰵𱺓𲁒𲁵𲂼𲅟𲅫𲌁𲤀
斥	㿭䂨䞣䟟坼拆柝泝蚸訴诉跅𡛴𡶜𢘛𣂙𣂭𤇚𤏣𤖴𤤐𥿊𦈈𦭐𧙝𩎚𩨯𩿪𪉄𪎺𪜲𫖞𬱘𭇓𭚪𭣨𭦹𮁪𱶁𲤖
斦	啠質𣃊𣃒𩙗𬻱𭋖𲼏
斧	䗄𢯋𨨞𪂀𫿿𱡬𲈇
斨	𣈈𥇴
斩	堑崭惭暂椠渐錾𥇢𪮃𫎸𫏐𫪚𬆂𬊗𬲕𰌆𰑧𰓼𰡔𰱑𰳂𰾌𲙏𲳦𳅘
斫	䤺𥯩𦳵𬗩𮀰𱡰𲳩
斬	㜞㟻㨻䁪䟅䭕䱿䳻塹嶃嶄慙慚摲暫槧漸獑磛蔪螹覱蹔鏨鏩𠌲𠼃𠼗𡐛𢄤𣊙𤍖𥕌𥪭𦗚𦗝𧐮𧴃𧽯𩀧𩈻𩞏𩴕𬆉𬧋𭄇𮅼𰅨𱹿𲤂𲱐𲱑𳅝
断	簖𫏞𭁜𭊜𰄽𱼗𲁵𲙼𲤁𳆳
斯	㒋㯕㽄䔮䡳䲉凘厮嘶廝撕澌燍簛蟖蟴鐁𡡒𢠹𣚄𣤘𣩠𤩐𤮓𤺊𥐀𥕶𥼤𦠭𧝤𧬊𧬜𩅰𪆁𪆗𪖉𫗲𬲛𭸨𰧣𰾴𱈒𲌁
新	㜪噺澵薪𨑁𨭩𪧭𪬴𫚀𫣩𬎖𬷵𭏻𭢭𭺦𮵟𰕦
斲	鬬鬭𤂊𧞐𧞗𨮕𨷖
斵	𤃮𨷵
斷	籪𨇰𩠹𩪽𱘚
方	㕫㗄㝑㤃㧍㫃㫄㫆㫉㬅㰾䄱䟍䢍䫯䫵䰓䲱仿圀坊堃妨彷愣房放敖敫敷斺於施旀旁旈旉旋旑旔旘旙旞昉昘枋椖楞櫋汸牥瓬瘀眆矈矏祊紡纺肪臱舫芳菸蚄訪访趽遨邀邊邡鈁钫閍閼防雱髣魴鲂鴋𠆖𠉱𠏛𠐈𠑟𠛍𠥫𠪭𠰤𡇅𡍀𡑔𡒙𡒳𡞶𡸰𢁸𢎷𢕅𢕨𢢡𢣔𢦷𢧴𢨲𢵿𢶗𢾍𢾕𢾾𣁅𣃗𣃘𣃙𣃚𣃛𣃜𣃝𣃞𣃟𣃠𣃡𣃣𣃤𣃥𣃧𣃪𣃫𣃱𣃶𣃷𣃺𣃾𣄁𣄂𣄃𣄄𣄅𣄇𣄈𣄉𣄋𣄌𣄍𣄎𣄏𣄓𣄔𣄗𣄚𣄛𣄜𣄝𣄟𣄣𣄤𣄧𣄩𣄫𣆍𣌷𣑈𣕶𣗦𣞌𣨝𣪧𣬵𣶢𣷔𣹿𣿗𤁻𤂷𤄺𤉪𤏺𤠩𤢝𤤁𤾜𥌂𥡐𥣰𥤓𥫳𥰁𥵨𦍇𦗷𦪤𦪰𦱘𦲏𦴪𦵖𦽠𦾊𧒥𧘩𧬚𧭇𧭮𧰛𧸞𧸨𨁳𨆭𨇱𨗌𨗤𨗯𨘁𨘋𨜃𨜤𨟁𨭜𨲶𨲾𨸂𨹛𨾔𩓁𩕇𩕰𩖫𩘦𩚠𩛙𩜏𩨣𩩘𩭎𩮇𩲌𩲠𩷜𩷸𩸗𩺑𩼡𪍾𪓾𪕃𪟀𪟑𪤟𪬆𪭫𪯲𪯴𪯵𪯷𪯹𪯺𪯻𪯼𪯾𪯿𪰁𪰂𪳏𪴩𫁊𫉐𫋳𫎒𫞀𫞁𫞊𫠤𫢿𫯄𬀉𬀊𬀎𬀑𬀗𬀛𬄻𬉘𬊀𬒂𬙙𬝧𬢰𬬐𬱲𬷧𭁌𭄦𭍣𭖴𭠈𭤁𭤨𭤩𭤪𭤫𭤬𭤭𭤮𭤯𭤱𭤲𭤳𭤴𭤵𭤶𭤷𭤸𭤹𭤺𭤼𭤽𭤾𭤿𭥀𭥁𭥂𭥄𭥅𭥆𭥇𭥉𭱢𭺄𭽍𮃕𮆅𮇉𮇫𮈫𮑸𮞽𮞾𮟚𮨗𮲘𮲙𰂣𰈳𰊲𰌚𰕆𰕧𰕨𰕩𰕪𰕫𰠚𰧜𰨯𰮯𰲱𰳮𱆸𱗬𱘮𱠒𱡱𱡲𱡴𱡵𱡷𱣭𱨟𱰫𲀪𲅯𲆒𲉭𲍮𲕍𲕓𲛙𲝀𲝪𲤄𲤇𲤈𲤉𲤊𲤋𲦘𲭱𲲩𲼓𳃃𳆉𳌃
於	㫇㫈乻唹旕棜淤瘀箊菸閼阏鯲𡌧𢛨𢮁𣄒𣨝𤉪𤥽𨔆𨨡𩜏𩩘𩩦𪦟𫵦𬱍𬿎𭂔𮌠𰂔
施	㒾㻢䗐䞄崺揓暆椸湤箷葹鍦𠷇𡟕𤖌𤟽𥍸𥠥𦂛𦋤𦖮𧛖𧩹𧷆𨡪𬜌𮵗𰾢𱿸
斿	䑻游蝣遊𢝡𢰧𤦽𥯞𦳧𩘓𩹊𫹛𬫲𬶦𭂗𳂿
旁	㥬㿶䄘䅭䒍䠙䧛䨦䩷傍嗙塝嫎嵭徬搒榜滂牓磅篣縍耪膀艕蒡螃覫謗谤鎊镑騯髈鰟鳑𠗵𢄎𢐊𣂆𣄥𣄬𣯊𣯟𤚰𤧭𤹔𥉣𥻭𦗍𧤞𨍩𨏰𨜷𨢐𩡕𪟸𪪇𪹚𫄰𫐼𫜡𬌿𬒩𬳣𬴅𭥁𭥈𮖧𮤂𰅾𰋯𱂜𱍦𱱼𲁙𳋢𳏜
旂	𬁩𬣃𰒃𱟀
旃	㮵𩔣𪄟𱂷
旅	膂膐𣖺𥰠𩥆𬐰𬫽𬮐𭄸𱾊𲅭𳏛
旉	懯敷𠌽𥡨𦒊𧁉𩺹𪵐
旋	㯀䁢䃠䗠䲂嫙暶漩璇縼蔙鏇镟𢄲𢕐𢳄𣎓𥪱𧐗𧜽𩘶𩠍𪍧𭥄𰕯𰘡𰬵𱬊𲙽𲶕𳈭
族	㵀䃚嗾瘯簇蔟鏃镞鷟𡻬𢄧𢩜𢳇𢳈𧐈𨄕𩀥𩺯𩻀𪼕𫦓𬸦𲀆
旑	䫯𣚂𬉀
旖	檹𢷔𩕲
旗	籏𪇥𪰃𫰁𲽛
旙	𤃃𮒳
无	䥻呒妩庑怃抚朁羌芜𡆶𡕠𣄳𣓢𣲘𨂟𩇳𪢸𪸓𫁲𬂠𭘓𭴊𮬫𰕰𰢢𰮇𰲫𰻡𱲦𱿛
旡	㔆㤅䀈䇒䊠䐴䫬兓厩嘅墍廐慨摡既旣旤曁朁槩槪櫭漑炁穊蔇鬵鱀黖𠌰𠎱𡄊𡉙𡍳𡏲𡒖𡲽𡳅𢙴𢙸𢟪𢪑𢷽𣄭𣄮𣄯𣄰𣄱𣄲𣄴𣄵𣄶𣄷𣄸𣄹𣄺𣢕𣯦𣲪𣳌𤞄𤤍𤵀𥝪𥬗𦟡𧐆𧖛𧗨𧜳𧢾𧫜𨚁𩀿𩇗𩑬𩜚𩞊𩞚𩞞𩳯𩵪𩿑𪄵𪅽𫴽𬀥𬆟𬵺𭞦𮎁𮓨𮙵𮤈𮩷𱘻𲘠𲤌𲤍𲯍
既	㮣䀈䇒䊠䐴厩嘅塈廐慨摡暨概槩溉穊蔇鱀𠌰𠣹𡏲𡠣𡳅𢟪𣯦𤡚𦔙𦟡𧐆𧑂𧜳𧫜𨙐𩞊𩞚𩯂𩺺𪄵𪖺𬚢𬶨𭡰𭥊𰅓𰟅𰭯
旣	厩嘅墍廐曁槩漑𣯦𦟡𩞚𩺺𬑦𬛑
日	㑹㒲㔆㝸㞓㞱㤤㫐㫑㫒㫓㫔㫕㫖㫗㫘㫙㫚㫛㫜㫝㫞㫟㫠㫡㫢㫣㫤㫥㫦㫧㫨㫩㫫㫬㫭㫮㫯㫰㫱㫲㫳㫴㫵㫶㫷㫸㫹㫺㫻㫼㫽㫾㫿㬀㬁㬂㬃㬄㬅㬆㬇㬈㬉㬊㬋㬌㬍㬎㬏㬐㬑㬒㬓㬔㬕㬖㬗㬘㬙㬚㬛㬜㬝㬞㬠㬡㬢㬣㬤㬦㬨㬩㬫㬬㬭㬮㬯㬰㬱㷖㷸㸓㻀㼔䈋䍝䒤䓠䕎䖑䖜䛕䪯䫬䫻䳟䵒亀冐冒冕勗叀喝圼奄妟嬂孴尃幟惖戠戥捑掲旘旦旧旨早旪旫旬旭旮旯旰旱旲旳旴旵时旷旸旹旺旻旼旽旾旿昀昁昂昃昄昅昆昇昈昉昊昋昌昍明昏昐昑昒易昔昕昖昗昘昙昚昛昝昞星映昡昢昣昤春昦昧昨昩昪昫昬昭昮是昰昱昲昳昴昵昶昷昸昹昺昻昽显昿晀晁時晃晄晅晆晇晈晊晋晌晍晎晏晐晑晒晓晔晕晖晗晘晙晚晛晜晞晟晠晡晢晣晤晥晦晧晨晩晪晫晬晭普景晰晱晲晳晴晵晶晷晸晹智晻晼晽晾晿暀暁暂暃暄暅暆暇暈暉暊暋暌暍暎暏暐暑暒暓暔暕暖暗暘暙暚暛暜暝暞暟暠暡暣暤暥暦暧暩暪暫暬暭暮暯暰暱暲暳暴暵暶暷暸暹暺暻暼暽暾暿曀曂曃曄曅曆曇曈曉曊曋曍曎曏曒曔曕曖曗曘曙曚曛曜曝曞曠曢曣曤曥曦曧曨曩曪曫曬曭曮曯曱曲曳更曷書曹曺曻曼曽替最朁朂東杲杳樴櫭欥毀氜汨沓渂渇澘炅炚熾琝甠由甲申甴电異痻瘖白百稥竃竜箺簡織罯者耆職膱茰荀菖萅萫萻蓍蕳蚎蟙蠁蠺衵褐謁謈識軄鈤間閶闇间阊阳陹電音韾顕饜香馨馹驲鬐鬼魯鲁鷐麘黁黶黾龟龧𠀥𠃫𠄄𠄊𠄋𠄲𠉒𠊋𠋍𠍶𠓤𠔙𠕌𠕙𠕾𠖆𠘀𠘗𠚠𠝅𠞒𠟘𠠡𠢾𠣚𠦟𠦱𠩊𠩒𠫁𠫮𠭩𠭿𠯐𠯭𠳲𠷳𠹉𠽳𠾝𡀋𡁥𡂶𡃮𡄌𡄚𡅟𡅰𡆓𡉭𡋵𡐑𡒧𡔻𡕱𡕳𡕺𡘤𡘬𡙺𡠕𡡨𡢧𡥌𡥨𡦇𡦏𡦗𡦬𡦶𡧼𡨕𡩘𡩟𡩦𡬩𡬭𡭪𡯒𡯙𡯟𡯸𡰶𡱔𡲉𡳟𡴏𡴜𡸱𡹋𡹒𡺞𡾡𡿤𡿯𢁯𢆍𢈔𢉩𢊓𢋡𢌂𢎃𢐉𢑢𢒠𢒧𢒳𢓴𢔕𢔽𢕿𢗭𢙶𢚹𢛝𢛹𢞯𢡄𢢳𢥱𢦣𢦱𢧋𢧠𢧫𢨙𢪏𢬐𢰐𢵧𢸹𢻣𣃧𣃸𣄞𣄻𣄼𣄽𣄾𣄿𣅀𣅁𣅂𣅃𣅄𣅅𣅆𣅇𣅈𣅉𣅊𣅋𣅌𣅍𣅏𣅑𣅒𣅓𣅔𣅕𣅖𣅗𣅘𣅙𣅚𣅜𣅝𣅞𣅟𣅠𣅡𣅢𣅣𣅤𣅥𣅦𣅧𣅨𣅩𣅪𣅫𣅬𣅭𣅮𣅯𣅰𣅲𣅳𣅴𣅵𣅶𣅷𣅸𣅹𣅺𣅻𣅼𣅽𣅾𣅿𣆀𣆁𣆂𣆄𣆅𣆆𣆇𣆈𣆊𣆋𣆌𣆍𣆎𣆏𣆐𣆑𣆒𣆓𣆔𣆕𣆖𣆗𣆘𣆙𣆚𣆛𣆜𣆝𣆞𣆠𣆡𣆢𣆣𣆤𣆥𣆦𣆧𣆩𣆪𣆫𣆬𣆭𣆮𣆯𣆰𣆱𣆲𣆳𣆴𣆵𣆶𣆷𣆸𣆹𣆺𣆻𣆼𣆾𣆿𣇀𣇁𣇂𣇄𣇆𣇉𣇊𣇋𣇌𣇍𣇎𣇏𣇐𣇒𣇓𣇔𣇕𣇖𣇗𣇘𣇙𣇚𣇛𣇜𣇝𣇞𣇟𣇠𣇡𣇢𣇣𣇤𣇥𣇦𣇧𣇨𣇩𣇪𣇫𣇬𣇭𣇮𣇯𣇰𣇲𣇳𣇵𣇷𣇹𣇺𣇻𣇼𣇽𣇾𣇿𣈀𣈁𣈃𣈄𣈅𣈈𣈉𣈊𣈋𣈌𣈍𣈎𣈏𣈐𣈑𣈒𣈓𣈔𣈕𣈖𣈗𣈘𣈙𣈚𣈛𣈜𣈝𣈞𣈠𣈢𣈣𣈤𣈥𣈦𣈧𣈨𣈩𣈪𣈫𣈬𣈭𣈮𣈯𣈰𣈲𣈳𣈴𣈵𣈶𣈷𣈸𣈹𣈺𣈻𣈼𣈽𣈾𣈿𣉀𣉁𣉂𣉃𣉅𣉆𣉇𣉉𣉊𣉋𣉌𣉍𣉎𣉏𣉐𣉒𣉓𣉔𣉕𣉖𣉗𣉘𣉙𣉚𣉛𣉜𣉞𣉟𣉢𣉣𣉤𣉥𣉦𣉧𣉨𣉩𣉪𣉫𣉭𣉮𣉯𣉰𣉲𣉳𣉴𣉵𣉶𣉸𣉹𣉻𣉼𣉽𣉾𣉿𣊀𣊁𣊃𣊄𣊅𣊆𣊇𣊈𣊉𣊊𣊌𣊍𣊎𣊏𣊐𣊑𣊓𣊕𣊗𣊘𣊙𣊛𣊜𣊝𣊞𣊟𣊠𣊡𣊢𣊥𣊦𣊩𣊪𣊫𣊬𣊮𣊯𣊱𣊲𣊳𣊴𣊵𣊶𣊹𣊺𣊾𣊿𣋁𣋂𣋃𣋅𣋆𣋉𣋊𣋋𣋌𣋍𣋏𣋑𣋒𣋓𣋔𣋖𣋗𣋘𣋙𣋚𣋛𣋜𣋝𣋞𣋟𣋠𣋡𣋢𣋣𣋤𣋥𣋧𣋩𣋪𣋫𣋬𣋭𣋱𣋲𣋳𣋴𣋵𣋶𣋷𣋸𣋹𣋺𣋻𣋼𣋽𣋾𣋿𣌀𣌁𣌂𣌄𣌅𣌆𣌇𣌈𣌉𣌊𣌋𣌌𣌍𣌐𣌑𣌓𣌔𣌕𣌖𣌗𣌘𣌙𣌜𣌝𣌟𣌡𣌢𣌤𣌥𣌦𣌧𣌩𣌫𣌬𣌭𣌮𣌯𣌰𣌲𣌳𣌷𣌸𣌻𣌼𣌽𣌿𣍄𣍆𣍉𣍌𣍑𣍓𣍔𣍘𣏬𣑢𣔑𣕩𣗨𣘒𣚐𣚤𣝖𣠨𣡘𣤝𣤞𣥜𣬰𣯎𣱩𣴉𣷐𣷤𣸼𣹈𣺝𣼦𣽉𣽚𣾝𤂽𤃑𤅍𤈋𤎷𤐇𤐲𤑻𤑼𤓗𤕋𤗱𤘵𤜌𤜔𤝍𤦄𤦴𤧜𤨜𤨱𤫝𤬥𤰔𤰞𤰶𤳍𤵖𤸅𤸐𤹵𤻣𤻰𤻼𤼰𤽳𥃠𥅭𥋁𥋏𥎇𥎭𥒏𥓣𥘗𥜏𥟙𥠎𥡳𥢧𥣣𥣷𥦦𥧤𥩬𥪰𥫅𥬽𥭣𥯯𥲹𥴉𥸢𥺸𥽾𥿀𦀆𦀒𦃙𦄩𦊣𦋙𦋷𦋸𦏩𦐇𦒂𦒎𦔢𦘙𦛭𦜄𦟢𦣙𦣵𦨙𦰨𦳅𦳜𦴄𦵻𦶛𦷹𦹕𦺿𦻍𦻤𦽍𧀈𧀦𧂓𧄪𧅝𧅿𧆒𧇋𧈔𧈘𧋯𧏒𧑵𧓟𧕜𧖛𧖤𧖮𧗧𧚵𧜊𧝄𧝊𧞈𧟔𧠗𧡰𧡶𧥵𧦊𧨥𧩍𧫭𧬣𧬰𧭘𧰮𧲥𧴞𧴴𧹹𧺝𧽫𧽰𧾉𧿭𨅔𨊢𨍯𨏀𨑨𨓆𨓤𨔒𨔫𨔯𨔹𨕚𨕲𨕻𨖞𨗍𨗐𨗣𨘜𨙘𨙠𨛴𨜵𨟣𨠷𨢔𨤈𨨇𨨊𨨌𨬵𨭜𨴄𨵝𨵽𨷉𨺎𨺐𨽭𨾳𩀙𩀭𩀿𩁪𩁳𩄀𩄒𩅆𩅐𩅨𩆉𩆗𩉉𩉎𩋲𩌀𩍋𩎂𩒨𩓷𩓺𩔏𩔐𩘠𩚣𩞡𩠾𩡍𩢶𩣙𩭣𩭰𩮋𩮺𩯈𩳺𩴏𩶳𩺏𪅽𪊂𪊨𪋠𪍭𪎗𪏰𪐒𪓕𪕈𪜌𪝿𪣍𪥨𪧨𪫉𪬷𪰆𪰇𪰈𪰉𪰊𪰋𪰌𪰍𪰎𪰏𪰐𪰑𪰒𪰓𪰔𪰕𪰖𪰗𪰘𪰙𪰚𪰛𪰜𪰝𪰞𪰟𪰠𪰡𪰢𪰣𪰤𪰥𪰦𪰧𪰨𪰩𪰪𪰫𪰭𪰮𪰱𪰲𪰳𪰴𪰵𪰶𪰷𪰸𪰹𪰺𪰻𪰼𪰽𪱀𪱂𪱃𪱄𪱅𪱆𪱇𪱈𪱉𪱋𪱌𪱍𪱏𪱑𪱒𪱓𪱔𪱖𪲂𪴊𪴯𪸻𪹒𪼚𪿬𫀝𫂓𫂵𫃨𫈉𫖢𫖥𫗇𫘲𫛂𫜀𫝐𫞂𫞃𫞄𫤥𫦐𫧍𫨉𫨏𫨟𫩥𫴸𫸸𫺍𫽰𬀦𬀧𬀨𬀩𬀪𬀫𬀬𬀭𬀮𬀯𬀰𬀱𬀲𬀳𬀴𬀶𬀸𬀹𬀻𬀽𬀾𬀿𬁁𬁂𬁃𬁅𬁆𬁇𬁈𬁉𬁊𬁋𬁍𬁎𬁐𬁑𬁒𬁓𬁕𬁖𬁗𬁘𬁙𬁛𬁜𬁞𬁟𬁠𬁡𬁢𬁣𬁤𬁦𬁧𬁨𬁩𬁪𬁯𬅮𬈌𬋟𬓁𬔁𬕑𬖂𬖻𬜩𬝫𬝶𬞯𬢂𬪥𬰼𬱉𬱌𬵅𬷳𬺩𬻌𬻍𬽪𬾊𬾮𬿄𬿤𬿽𭀃𭀯𭅝𭆂𭆔𭇽𭌺𭍞𭏏𭔌𭚃𭛲𭞽𭟆𭟺𭡑𭤤𭥋𭥌𭥍𭥎𭥏𭥐𭥑𭥓𭥔𭥕𭥖𭥗𭥘𭥙𭥚𭥛𭥜𭥝𭥞𭥠𭥢𭥣𭥤𭥥𭥦𭥧𭥨𭥩𭥪𭥫𭥭𭥮𭥯𭥰𭥱𭥲𭥳𭥴𭥵𭥶𭥷𭥸𭥹𭥺𭥻𭥼𭥽𭥾𭥿𭦀𭦁𭦂𭦃𭦄𭦅𭦆𭦇𭦈𭦉𭦊𭦋𭦍𭦎𭦏𭦐𭦑𭦒𭦓𭦔𭦕𭦖𭦙𭦚𭦛𭦟𭦠𭦡𭦢𭦣𭦤𭦥𭦦𭦧𭦨𭦩𭦫𭦬𭦭𭦮𭦱𭦲𭦳𭦴𭦵𭦶𭦷𭦹𭦺𭦻𭦼𭦽𭦾𭦿𭧀𭧂𭧅𭧆𭧇𭧈𭧉𭧊𭧋𭧌𭧍𭧎𭧏𭧐𭧒𭧔𭧕𭧖𭧗𭧘𭧙𭧛𭧜𭧞𭧠𭧡𭧣𭧤𭧥𭧧𭧨𭧩𭧪𭧫𭧬𭧭𭧮𭧰𭧱𭧲𭧳𭧴𭧵𭧶𭧷𭧸𭧹𭧻𭧼𭧽𭧾𭧿𭨁𭨃𭨄𭨅𭨆𭨇𭨈𭨉𭨊𭨋𭨌𭨍𭨏𭨐𭨑𭨒𭨓𭨕𭨖𭨘𭨚𭨝𭨞𭨠𭨣𭨲𭩵𭭑𭮢𭲾𭳃𭴋𭴌𭴫𭺄𭺽𭼖𭼿𭽒𮄁𮅾𮇇𮉊𮊎𮊸𮎩𮏚𮏥𮏪𮑤𮑥𮗭𮗳𮞯𮟻𮡵𮢡𮢿𮣕𮥀𮫲𮭎𮮼𮲚𮲛𮲜𮲝𮲞𮲟𮲠𮲡𮲢𮲣𮲤𮲥𮲦𮲧𮲨𮲩𮳴𮷬𮸶𰆌𰐒𰐸𰑃𰑶𰕱𰕲𰕳𰕵𰕶𰕷𰕸𰕺𰕻𰕼𰕽𰕾𰕿𰖁𰖂𰖃𰖄𰖅𰖆𰖇𰖈𰖉𰖋𰖌𰖍𰖎𰖏𰖐𰖑𰖒𰖓𰖔𰖕𰖖𰖘𰖙𰖚𰖛𰖜𰖝𰖟𰖠𰖡𰖢𰖣𰖤𰖥𰖧𰖩𰖪𰖬𰖭𰖮𰖯𰖱𰖲𰖴𰖵𰖶𰖸𰖺𰖻𰖼𰖽𰖾𰖿𰙏𰛃𰛕𰢷𰤏𰨎𰨑𰨮𰪍𰪸𰭽𰲐𰲭𰻼𰼀𰼄𰼸𰽡𱀤𱆶𱊂𱎮𱎵𱚓𱚙𱟛𱡣𱡹𱡺𱡻𱡼𱡽𱡾𱡿𱢁𱢂𱢃𱢄𱢆𱢇𱢈𱢉𱢊𱢋𱢌𱢍𱢎𱢏𱢒𱢓𱢔𱢕𱢖𱢗𱢘𱢙𱢚𱢛𱢜𱢝𱢞𱢟𱢠𱢢𱢣𱢤𱢦𱢨𱢩𱢪𱢫𱢬𱢮𱢯𱢰𱢱𱢲𱢳𱧞𱧱𱨂𱨨𱨱𱨲𱨽𱩜𱩝𱩥𱩧𱩾𱫕𱫥𱫿𱬄𱬛𱭕𱮳𱯓𱯫𱯶𱯿𱴺𱵕𱵸𱶺𱷧𱷳𱹖𱼫𱾕𲆊𲉞𲊍𲊐𲊨𲊱𲊷𲊿𲌭𲚽𲚾𲛳𲟉𲠼𲢀𲤏𲤐𲤑𲤒𲤓𲤔𲤕𲤖𲤗𲤙𲤚𲤛𲤝𲤞𲤟𲤠𲤡𲤢𲤣𲤤𲤥𲤦𲤨𲤪𲤬𲤭𲤮𲤯𲤲𲤴𲤵𲤶𲤷𲤸𲤹𲤺𲤻𲤽𲤿𲥀𲥂𲥃𲥄𲥅𲥇𲥈𲥉𲥊𲥌𲥍𲥎𲥏𲥐𲬉𲹙𲼸𳄤𳅃𳉃𳊱𳊸𳐟
旦	㝵㡺㫕㫜㫫䁀䋎䕊䖧䜥䞡䡗䦔䱇䵣亘亶但呾坦妲宣怛担旱昊昙昜是昰昺昼晝暨曁查柦櫭泹炟狚疍疸皶笪胆荁莗萱董虘袒觛詚車重量鉭钽靼鴠鼂鼌𠍩𠏑𠛣𠡎𠡱𠢻𠣡𠦆𠿲𡘍𡨕𡨵𡩉𡩦𡩶𡪏𡫝𡱌𢁎𢄾𢋃𢘇𢸶𢺖𣄾𣄿𣅐𣅘𣆃𣆞𣆟𣆧𣆽𣇅𣇇𣊏𣌚𣌛𣙁𣝖𣽀𤇁𤖛𤙫𥅃𥑲𥘵𥚜𥛠𥟙𥟟𥧍𥷛𦊥𦋸𦤾𦨪𦬹𦳘𧩙𧰮𧵯𧶬𨀏𨈱𨋅𨋑𨋟𨋧𨏶𨠚𨲦𩁤𩂬𩈍𩑰𩚃𩠺𩮎𩼻𪒇𪝂𪪤𪰑𪰬𪲩𪼍𫅑𫟱𫺄𬀧𬀼𬃱𬇀𬐃𬖭𬘜𬝫𭎤𭕐𭖌𭡹𭤘𭥐𭥒𭥕𭥖𮙻𮧊𰃚𰄼𰅊𰐔𰕿𰪈𱇞𱈣𱉗𱐖𱚼𱢀𱢭𱨓𱫹𱯔𲃷𲕪𲤎𲱖𲵧𳅎𳊾
旧	㫪㴞㷔児焔稲陥𠖚𠢎𠮘𡄚𡅟𡘨𢧠𣅯𣆨𣇃𣇑𣐤𣵥𥦇𦆊𦾔𨵻𨽭𪜢𪥮𫂻𫇰𫝒𫩥𫮾𬞨𭐬𭑣𭓿𭤥𭮳𭲦𭴷𮇺𮉆𮘦𮣈𮨌𰨬𰯤𰸒𰹣𱊹𱡹𱦞𱬹𲄁
旨	㔬㚛㞓㞛㮷㴯㸟䭫䭬嘗恉指栺稽耆脂詣诣酯鑙鮨鴲𠍬𠤚𠤞𠤟𠩊𠺳𡜖𣿉𤎙𥠻𥡞𥿻𦓀𦦃𦮂𧊙𨌁𩊝𩒨𩠜𩬺𪉆𪊨𪗷𪜵𪰾𫥉𬫏𬭿𭇣𭥲𭦰𭴛𭺬𮇖𮗬𮩡𮬜𲝑𳌶
早	㔬㜤㢓㣏卓圼戅杲瘴皁章草蔁覃龺𠐱𠦝𡴐𢤚𢫵𣁌𣉮𣊚𣑬𤌰𤞋𥏅𥏯𥲺𥴃𥷦𨚰𨟜𨴝𨶤𩅈𩕆𪞂𪭛𪸣𫂍𫅃𫘷𫣁𫩭𬀵𬁄𬈪𬢼𬺥𭅸𭈼𭎓𭑷𭗍𭜬𭥡𭥳𭦞𭧃𭧓𮁲𮇘𮈎𮓫𮙙𮡲𮲞𰁹𰍯𰏄𰒩𰕬𰕴𰖀𰚁𰤖𰦸𱢴𱨯𱫁𱼿𲤫𲤳𲶑𳆬𳐩
旬	㝁㡄㧦㫬㰬㶷䖲䘩侚咰姰峋徇恂栒殉毥洵狥珣眴筍絢绚荀詢询迿郇銁銞駨𠣤𠣬𠳉𡋕𢏔𢞛𢞧𢲰𣓓𣕍𣖼𣱡𣹯𤈎𤱬𤳠𤶇𤿟𥒘𥖒𥙣𥛠𥫂𦐥𦚧𧩛𧪱𧵣𧻛𨀴𨋮𨝁𪀠𪀽𫓲𫭈𭽕𮄮𮥄𮫞𮮣𰃢𰃽𰉭𰺆𲆫
旭	𢬐𣑢𪺬𫀯𫘲𬲑𮎴𮡵𰪸
旱	㪋䏷䓍䛞䳚亁哻垾娨悍捍晘桿焊猂皔睅稈筸臯貋趕銲駻𠧄𡝎𡷛𢏥𢙶𢧀𢽎𣉡𣊋𣭸𣵡𤥚𤿧𦋁𦋃𦩅𨁄𨛎𨿑𩗤𩛧𫘣𬁔𬖝𬣸𬭍𭥕𭦜𭦝𭧄𮥈𰐎𰕹𰲼𱈫𱉶𲐥𳄠𳌸
旲	㚖莫𠖇𡋵𡚙𡢊𢒣𢞹𣘔𣝖𣵖𥦏𦀤𦜃𦶺𧁠𧋯𨘳𩓌𪅐𪠊𪴡𪸮𫂁𫤳𭔁𭨊𮊎𱩏
旳	𥮀𬊏
旵	𡌕𤉆𧘁𲝍
时	埘莳鲥𣠈𦋂𪶄𫪅𬌠𬖞𰗨𱛬𱢐𲤘
旷	昿曠𣆮𣈘𣊍𪰽𬁛
旺	𣶪𦁽
旻	㥗渂琝閺𡹋𪸻𫹗𬐅𭪟
旾	萅𢧭𢧸𢨢𩭱𰒫
昀	𫈔𬕐
昂	㭿𠵫𢯤𩜟𪸺𰸖𱞞𲅠𲝦
昃	𦝈𱢧
昆	䃂䅙䊐䐊䚠䛰䵪倱堒婫尡崐崑惃掍棍混焜猑琨窤箟緄绲菎蜫裩輥辊醌錕锟餛馄騉鯤鲲鵾鹍𠝕𡥵𢃚𣈀𣙹𣬑𣮎𣽙𤑎𤽏𥇊𥚛𦓼𦠺𧱟𧳢𨿪𩭭𪂳𪋆𪌽𪡓𪢬𪹩𫘥𫤠𫯬𫴾𬦸𬧨𬪈𬹋𭃫𭡎𭯐𮥍𰜁𰿲𱟥𱠋𲜂
昇	焺髜鵿𢛿𦃷𧖿𨵒𨺒𩳪𫢰𬴙𭖬𭦠𮢆𮴢𮸒𳈪
昉	暆暶
昊	䆨淏𡚈𢮚𪪙𮯽𰞮
昋	𤾄𰋭𰖒
昌	㫀㫯䅛䗉䞎䮖倡唱娼晿椙淐焻猖琩竃縄菖蝿裮誯錩锠閶阊鯧鲳𠭒𡩦𡪫𢃑𢔒𢛝𢛽𢮵𣉑𣊦𣊫𣊭𣋎𣣘𣮑𤏒𤬆𤰶𥓥𥕠𥚕𥜩𥧄𧶧𨍆𩎿𩩪𩩫𪂇𪉨𪛋𪣧𬁝𬕑𬗡𬸶𭽒𮛤𮠰𮨮𰎅𰖊𰣕𰤮𱄯𱍊𲍽𲑲𲓅𲔃𲢗𳅃
昍	䥌晶焸蕌𠄊𠄋𠄵𠆝𠐱𡅟𡕾𡾍𢵃𢸉𢸲𣉬𣊛𣊭𣎱𤕄𤦉𥫐𥷍𦍄𦑾𦦄𦿑𨙘𩯾𪓤𫓣𬊘𭺔𮲗𮵸𰀛𰖦𰤼𱪔𳈌
明	㿢䳟奛奣曌朚焽琞盟萌𠒫𠓓𡦀𡪙𡹌𢜏𢜠𢢤𣇴𣇵𣈂𣈇𣊧𣋐𣔂𣷠𤊉𥯋𦁠𦡉𧖽𧡜𨞚𨧹𨮠𨵛𩣶𪂡𪢣𪣦𪴞𪻪𫀹𬊚𬯿𭎮𭨽𮄱𰂚𰖫𱊂𱵗𲕄𲤱𲥆𳁯
昏	㖧䄑䎽䫒婚崏惛捪棔殙涽焝琘痻睧碈緍諙錉閽阍𠉣𡝪𡨩𢽹𣇲𣉈𣋯𣣏𣨯𤘏𥟴𦈏𦖞𦟕𧍎𧓢𨌲𨿹𪂆𪆨𪉎𪑕𬀠𬁀𬁌𬛆𭤉𮏚𮛨𮦘𰐲𰡙𱖀𱗃
昒	𭝓𲕂
易	㑥㛫㻛䓪䞶䯜儩剔埸惕惖掦敡晹瀃焬痬睗緆舓蜴裼賜赐踢逷錫锡鬄鯣鶍𠖞𠴭𡐀𡱿𡸑𢃡𢒗𢡕𣂨𣈱𣉝𣉷𣊷𣋇𣌒𣓾𣨟𣱢𣽷𤂞𤃄𤓑𤟍𥂺𥍴𥓘𥚯𥟘𥪔𥮬𦓻𦦸𧩎𨲎𩃮𩋌𩗺𩛿𪎥𪎧𪕩𪙶𪱁𫀒𫨭𫶁𫾻𬀺𬁏𬊙𬊛𬙢𬪉𬬏𬯆𭕏𭧚𭧺𭶱𭽛𮌝𮷉𮸻𰂭𰬣𰭤𱟐𱢅𱤅𲆰𲤜𲤩𲭈
昔	㛭㝜㟙㪚㳻䄍䇎䜺䧿䱜借剒厝唶庴徣惜措斮棤焟猎瘄皵矠碏稓耤腊荁蜡諎趞踖逪醋錯错鵲鹊齰𠒮𠝖𢃟𢒻𢧉𣈏𣊣𣋄𤦘𤿸𥕉𥕒𥺮𦁎𦁬𦝙𧃫𧛊𧹨𨆮𨛳𨯆𩊿𩜅𩤈𩭡𩼫𩽫𪏈𪣤𪴮𫀥𫎯𫗸𫜬𬣾𭊸𭢝𭣚𭨂𭬄𭯜𭲢𮝖𮯠𰃩𰄌𰓽𰯼𰱏𱀗𱇷𱋃𱍳𱬕𱱈𱸃𲨏𳄲𳊵𳊿
昕	㪽𩃟𭦡𮲘
昗	㝠冥蓂𤊋
昙	𤽎𬎬
昚	尞遼𤊽𤋯𤺂𧽽𩭻𩴤𬩪
昛	煚𤌮𪥖
昜	㦹㼒䁑䑗䬗䵘䵮偒啺場婸崵愓揚敭暘暢楊氱湯煬瑒畼瘍碭禓糃腸薚蝪諹踼輰逿鍚鐊陽颺餳鰑𠢃𠧊𠭲𡀻𡃯𡾎𢾙𣈟𣉠𣉺𣝻𤋁𤔰𤾉𥌖𥏫𥏬𥠜𥯕𦎪𦳝𧶽𧼮𨵶𩋬𩤟𪃌𪕫𫌅𫌰𫭍𫯭𫳞𬀑𬀷𬋺𬌤𬌺𬟎𬪌𬻸𭃶𭘩𭭐𮈬𰘲𱏭𱢡𱭀
昝	偺喒揝糌𣌿𣸄𭧹𮛼𱣹𳆔
星	䃏䗌惺戥暒湦煋猩瑆睲篂腥謃醒鍟鯹𠬋𡟙𣋀𣋮𣨾𣮶𥠀𦎬𦖤𦩠𧛟𨩛𨭲𩄆𩤵𪞃𪱊𪱎𪻹𫎻𫠛𫬞𬀶𬁚𬉚𬴄𬶢𬾰𭈻𭔘𭡦𮂇𮛲𮩥𮸩𰋭𰑶𰖞𰖳𰗼𰯷𰾝𱆂𱹏𲙥𲤾𲪯𳌽
春	㖺㿤䐏䞐䦮䮞䲠偆堾媋惷暙椿湷瑃睶箺萶蝽蠢賰踳鬊鰆𠝩𢝣𢥤𢧔𢧨𢰦𢶩𢾎𢾜𣁤𣋕𣋨𣌠𣕮𥠔𧇶𧎌𧡲𨉩𨕌𨩃𩄄𩨁𩳽𪂹𪃣𫅽𬌸𬓉𬯌𭨀𭾇𮄵𮸔𰲍𱛸𱥢𲡐𲫰𲱄
昦	𠍩𤽟
昧	𮦠𲕡
昨	葃𥯭𱗑
昫	煦𣊤𤋗
昬	㗃㛰㟭㨉㬆㱪䁕䃉惽敯湣瑉緡缗鍲𠊽𢾞𣊽𣣤𤸅𦖫𦝮𦳜𧓹𨍌𨵽𩀃𩔉𪃯𳌧
昭	照𡎣𣸬𤋜𧼹𭫁𲏮𲕠𲫲𲮙
是	㓳㔭㖷㮛㼵䅠䈕䊓䐎䚣䜻䪘偍匙堤媞寔尟崼徥惿提湜煶瑅睼碮禔緹缇翨蝭褆諟趧踶遈醍鍉隄鞮韙韪題题騠鯷鳀鶗𠸭𡄷𡯻𡰖𡺔𢁈𢃰𢅦𢅨𢆝𢉴𢐂𢻖𣄍𣈡𣉄𣉆𣊒𣊰𣌎𤐔𤓐𤗘𤟥𥦽𦉁𦋨𦑡𦑧𦔂𦧧𦧪𦳚𧡨𧤘𧸯𨤱𩏿𩝊𪂿𪧺𪩃𪰯𪰾𪰿𫃆𫔂𫘨𫛸𫡝𬁔𬤊𬼲𭁼𭓒𭕦𭦯𭧦𮍂𮧏𰁉𰖰𱍤𲋭𲤧𲤳𲥋𳊢
昰	𠷚𢌪𤽢𧡭𨕒𩄕𪹈𫠱𱀣
昱	䗑喅煜𡟄𣇛𣈫𣊂𣊹𣸭𥫅𥳲𧼺𨩄𬍶𮰧𰗽𱞮𲐷
昴	𨺸𩤶𩹡𪲺𬶘𭈾𭡧𮧠𮭅
昷	㬈䯠嗢塭媪愠揾榅殟氲温煴瑥瘟緼缊腽蒀蝹褞豱輼辒醖鎾鞰韞韫饂馧鰛鳁𣌃𤛁𤬒𥔋𥠺𥫊𦤨𦪯𧪍𨵷𩄅𩟣𩥈𪉸𪍝𪓲𪝑𫀚𫔹𫜊𫧩𬟇𭞙𭦗𭽾𭾇𮛴𮹌𰝕𱮋𱲖𲂑𲭎
昺	𠨈𡹾𨕈𩱪
显	湿𫠃𬊭𭸚𮸗𱓛𱞯𱠚𱼎𲂒𲅧𲍖𲙤𳁗
晁	㿡𦃻𩺣𪳒𮄍
時	塒嵵榯溡蒔鰣𠺮𡻄𤨅𥱯𥻵𨃯𨫉𪕵𪮛𪰰𬌦𬰈𭝿𱢑𱢥𱻇𲥁𲿌
晃	㨪䁜幌愰榥滉熀皩縨鎤𠒼𣄙𤨆𦵽𨻙𪝚𫦴𭧌𮃜𮔫𰣐𱗢𱼽𲈒
晉	㬐戩搢榗溍瑨縉鄑𡦌𡺽𥰸𦵻𧎽𨍬𨫌𪬕𲓇𲙫𲲯
晋	㬐戬搢普榗溍瑨縉缙鄑𡠂𡦌𡺽𢨙𤨁𥐄𥰸𦵻𧎽𧪽𨍬𨫌𪹓𫨤𬓎𭉟𭚣𭭒𮥔𮰳𱎿𳄧
晏	䁙䨃䰋暥騴鷃鼹𠍾𠹵𡩷𢣮𢲋𣗤𣚼𣺂𤑅𧤨𧽉𨪶𨶁𨻂𩹽𪤃𫑦𫘫𬶩𭶜𮭨𰩖𱘼𱴪𱺳𲊵𲚂𲢥𲨑𲺦𳅋𳊣
晒	嗮𲢊
晜	𦸫𧴉𩻋
晝	𣻱𮉂𲺱
晟	𤁑𤺁𫮕𱤋𱬃𲩺
晦	𤹾𪱃
晨	𣊐𤍴𤡠𫳳𬞀𮱗𮳐𮴭
普	㠮䲕氆潽譜谱鐠镨𠒻𠽾𡐭𡚈𡡝𢢏𣌞𣚴𣯽𤩓𥐄𥐅𦏏𦡮𧑹𧾃𪨟𪾿𫌑𬶴𭢞𭧱𰂰𲱰𲴉𳂣𳈶
景	㔀䭘䯫幜影憬撔暻澋燝璟鐛顥颢𠎠𠑱𠘉𠾶𡐹𡡡𡼩𡼮𢀍𢇔𢒬𣌚𥋓𥖉𦅡𧑊𨗈𩐿𩻱𪆣𫃏𫖧𬄣𬳑𬶱𭞳𭧟𭨗𮂙𮶎𰻜𲈚𲺵
晶	㬪曐曑曟曡橸蕌𣊖𤩜𦣖𨗏𨼗𩅟𪱈𫦡𬁬𭲟𮵸𮹐𱗷𲬉𲴄𲺴𳈌
晷	厬𣽞
智	䚐䠦潪𡐻𡡧𥋒𥏯𧒊𨼓𪳲𫋰𫣠𭧝𭨔𮟎𰖨𲼸𳇅
暃	𭽜𲤿
暈	𠪷𣜸𥣐𦅿𦾥
暏	𨷄𪹶
暑	濐鱪龧𢋂𤻃𦾧𭧶𭿦𮘼𮟕𰖹𰷙𲬑
暖	𧞈𰈰
暗	𢶹𭋎𰖷𲠰𲬖𲱶𲽇
暘	霷𤻈𲽈
暜	𥪰𧭘
暠	𡦩𤀰𰨕
暢	𡒮𦿄
暦	𪎗𫞒𱕅
暨	櫭𡃢𩽙𲵜𲶬
暫	𡃞𡗎𧔜𪮻𲬦
暮	𢸓𣞩𫲍𬣒𭟒𭨊𰕦𲗟𲵲
暴	㩧㿺䂍䤖儤嚗懪曝瀑爆犦襮鑤鸔𢑾𢖔𣀛𣀠𣋰𣞺𥗋𦆿𦢊𧔙𧭤𧲐𨇅𩁠𩙕𩯱𪇰𭻶𮂡𮆭𱊲𳋐
暵	𣋸𣌖
暹	𧔷𭀌𭶤𲌣
曁	櫭𡃢
曅	爗𨯮𫤨𭨋𰘿𰢗
曆	𢍷𤃝𦏩𱡌𱵃
曇	壜罎𤃅𤮦𦉡𩪺𪓂𪩿𪴘𭗮𲇬
曡	𣱁𫲞
曩	㶞𡔒𣌝𣡤𤓢𥘀𥸒𦣙𨤼𨰴𩟻𭍈𭒴𱮱𱿉
曰	抇曰曶欥汩𣊫𱒈
曲	㑋㖆㤟㻃䐌䒼䢗浀筁粬蛐豊農髷麯𠃪𡂶𡄌𡪊𢏢𢏣𢬑𢻅𢼰𣌱𣌴𣌵𣌶𣌹𣌺𣍀𣍁𣍂𣍅𣍍𣍔𣍕𣍗𣎭𣒠𤒍𤔱𤣁𥠠𦚼𦦤𦩯𧧥𨀪𨀲𨦈𩤰𩳄𪜔𪨰𪱘𪲇𫅻𫠲𫭭𫵢𫷠𬁥𬅒𬧣𭃗𭆒𭨙𭨛𭨜𮑅𰗁𰲥𱈦𱋐𱚾𱝒𱢵𱨯𲥑𲥒𲷲
曳	㖂㡼㹭䄿䇩䎈䒶䛖拽曵栧洩絏跩齥𠈐𠻇𡜄𡲕𡲝𡲭𡲿𢂝𢘽𤤺𤲼𤵺𥹞𦐪𦓕𦛈𧊣𧙟𧻭𧽇𧽈𨋯𨒧𨱽𩊒𩎥𩬲𪀕𫒗𫲥𭽘𭾫𱌱𱑦𲃐𲥓𲫗
更	㛐㬲㹴㾘䢚便哽埂峺挭梗浭甦硬稉筻粳綆绠莄郠鞕骾鯁鲠𠡣𠫿𢙾𣆳𣍇𣍏𣍙𣍛𥙴𦑃𦛟𧋑𧣲𧨒𨁈𨵸𨸇𩂼𪏬𪯍𪸫𫅩𫒝𫨨𫵼𬳬𭙜𭱉𭺵𮉳𮝓𰒋𰠞𱠘𱻒𲁜𲒏𲣾𲥕𲺰𳃸
曵	㡼𢚕𤥟𫀍𬽛𭆭𮍚𮜸𱺅
曶	㳷䐇匫𣊸𣓗𬨰
曷	㓭㔠㡫㬞㷎㹇㿣䅥䈓䋵䦪䨠䫘偈喝堨嵑幆愒揭暍朅楬歇毼渴猲碣竭羯葛蝎褐謁谒輵遏鍻鞨餲馤騔鶡鹖齃𠂄𠥜𠾩𡇼𢆜𢇋𢉥𢎔𣂰𣍊𣎅𣨵𣮷𤣨𤸎𥃞𥈎𥻉𦝲𦤦𦤪𦩥𧇷𧼨𨃃𨉪𨲲𩏌𩦏𩨀𩩲𩮂𩹄𪑦𪓮𪕭𪘹𫕈𫱊𬟞𬨍𬰵𭧑𭹨𭾓𮍻𮩝𰝯𰿴𱑙𱛀𱲅𱾮𲂲𲨤𲲘
書	圕晝𡳩𢅺𢆅𣍚𣍜𤾭𤾳𦘢𦥌𦧶𦶕𧺅𨃲𪳛𫫒𬁫𬣄𬮑𭓙𭨡𮓎𰗂𲒆
曹	㜖㡟㷮䄚䏆䐬䜊傮嘈嶆慒槽漕糟艚蓸螬褿蹧遭醩鏪鰽𡐋𡮦𢲵𣉿𣍖𣩒𤗰𤡐𥀛𥕢𥲍𦄧𦋿𧕐𨎝𨘨𩆦𩘳𩞄𩠎𪙡𪯓𫚧𬘿𬟠𭿕𮮁𰅕𱐽𱜅𱯞𲂓𲖱
曺	𩘤𮞸
曻	𬴛𮪻
曼	㻴㿸䅼䊡䜱䝢䟂䡬僈墁嫚幔慢摱槾漫熳獌縵缦蔓蟃謾谩鄤鏝镘饅馒鬘鰻鳗𠢝𠼦𡻩𢩤𢿜𣁜𣡠𤔫𤛔𥀗𥊑𥧭𥲑𦔔𧜞𨞼𨢥𨲩𩅍𪉽𪍩𪴏𫆳𫇞𫖏𫙿𫲏𫽺𬩩𭼡𮄸𮝽𮥝𮹎𰁛𰐷𱢶𱭧𲝹𲳿𳐞
曽	僧増層憎贈
曾	㣒㬝㬟㽪䁬䆵䉕䎖䒏䙢䰝僧噌囎增層嶒憎朆橧潧熷璔甑矰磳竲繒缯罾譄贈赠蹭鄫鏳驓鬙鱛𠟂𡃆𡡑𡪠𡼳𢅋𢎒𢐞𢐷𢨉𢴣𣍎𣯿𤎯𤎰𤛢𤺧𤾥𥃙𥢥𦌘𦌛𦌝𦒗𦠇𦼏𧢐𧯒𧲅𧸑𨲯𩱭𪒟𪙭𪱗𫘯𬁭𬁮𬛪𬛫𬤤𬯣𭂡𭍳𭙇𭨟𮓆𮔿𰗃𰝉𰣛𰣝𰫓𰿼𱡷𱤜𲈜𲑷𲸻𲻩
替	䣠䲋僣潜簮譛鐟𠟆𠾱𡼫𢡚𣚽𤏖𥋋𦅦𦏋𦠛𦻘𨅕𩁀𩅮𩕗𩞲𪍲𪖽𭛆𭢗𰧢𰨸𰼓𱀱𱈻𱗶𲋂𲯶𳑇
最	㵊䴝嘬撮樶熶穝繓蕞襊𡡔𢄸𢢇𣋁𣠏𣩡𤑧𤩛𥊴𥕸𥪳𥳣𦈛𦦣𨅎𨣅𨼥𩯉𪒙𪙦𪧨𪱕𬓙𭕁𭞮𱊼𱗸𱝂𲇤𲎪𲑟𲤽𲧷𲿰
朁	㔆㣅㻸㿊䁮䃡䅾䍼䐶䣟䤐䫬䭙僭噆嶜憯撍橬潛熸簪糣蠶譖谮鐕𡡖𣩳𥎑𦻳𧝆𨅔𨼐𩀿𩅨𩻛𪅽𪖼𪯘𰾷𱈔𲤎
會	䢈䭝䯤䵳䶐儈劊噲嬒廥徻懀旝朇檜澮燴獪璯癐瞺禬糩繪膾薈襘譮鄶鬠鱠𠁚𠁞𠑱𠘎𡑭𡳳𡼾𢶒𣋘𣍋𣍐𣞄𣩮𣫪𥖩𥢶𥫁𥵊𦓊𦔦𧒯𧴚𧸤𨆝𨗥𨞡𨭗𩆁𩠴𩦱𪩚𫅋𫏱𭯅𮫨𱑃𱢷𲑨𲓕𲓙𲝂𲣝𲥔𲥖𲰤𲸼𳁥𳊼
月	㗅㞕㬳㬴㬵㬶㬷㬸㬹㬺㬻㬽㬿㭀㱚㳉㻚㽰䄴䊨䎳䏌䏍䏎䏏䏐䏒䏓䏔䏕䏖䏗䏘䏙䏚䏛䏜䏝䏞䏟䏠䏡䏢䏣䏤䏥䏦䏧䏨䏩䏪䏫䏬䏭䏮䏯䏰䏱䏲䏳䏴䏵䏶䏷䏸䏹䏺䏼䏽䏾䐀䐁䐂䐃䐄䐅䐆䐇䐈䐉䐊䐋䐍䐎䐏䐐䐑䐒䐓䐔䐕䐖䐗䐘䐙䐚䐛䐜䐝䐞䐟䐠䐢䐣䐤䐥䐦䐧䐩䐪䐫䐬䐭䐮䐯䐰䐱䐲䐳䐵䐶䐷䐸䐹䐺䐻䐼䐽䐾䐿䑀䑂䑃䑄䑅䑆䑇䑈䑉䑊䑋䑌䑍䑎䑏䑚䙀䚴䠒䢁䤚䩗䩴䲢䶺䶻䶼䶽仴佾倗兪冐刖勝嗍堋媩岄幐抈掤明有朊朋朌服朎朏朐朑朒朓朔朕朖朗朘朙望朜朝朞期朠朡朢朣朥朦朧枂棚楜榺樃洕浳淜湇湖湚滕潮潸焩焴煳猢玥瑚甧甩眀硼稝糊綳縢羘肊肋肌肍肎肐肑肒肔肕肖肗肘肙肚肛肜肝肞肟肠股肢肣肤肥肦肧肨肪肫肬肭肮肯肰肱肳肵肶肷肸肹肺肼肽肿胀胁胂胅胆胇胈胉胊胋胍胎胏胐胑胒胓胕胖胗胘胙胚胛胜胝胞胟胠胡胢胣胦胧胨胩胪胫胭胮胯胰胱胲胳胴胵胶胸胹胺胻胼胿脁脂脃脄脆脇脈脉脊脋脌脍脎脏脐脑脒脓脕脖脗脘脙脚脛脜脝脞脟脠脡脢脤脥脦脧脨脪脫脬脭脮脯脰脱脲脳脴脵脶脷脸脹脺脻脼脽脾脿腀腁腂腃腄腅腆腇腈腉腊腋腌腍腎腏腑腒腓腔腕腖腗腘腙腚腛腜腝腞腟腠腡腢腣腤腥腦腧腨腩腪腫腬腭腮腯腰腱腲腳腴腵腶腷腸腹腺腻腼腽腾腿膀膁膃膄膅膆膇膈膉膊膌膍膎膏膑膒膓膔膕膖膗膘膙膛膜膝膞膟膠膡膢膣膤膦膧膨膩膪膫膬膭膮膯膰膱膲膳膴膵膶膷膸膹膻膼膽膾膿臁臃臄臅臆臇臈臉臊臌臍臎臏臐臑臒臓臔臕臗臘臙臚臛臜臞臟臢蕑藤蚏蝴螣謄豚跀輣迌遡醐鈅錋鍸钥閒阴霡青餬騰鰗鰧鵬鹏𠉈𠉸𠉽𠎞𠕔𠜳𠡮𠪠𠯲𡋜𡐐𡑤𡕙𡝑𡞂𡞇𡦇𡨪𡲊𡹔𢉋𢉼𢕤𢗯𢛻𢜑𢜠𢝒𢧠𢭓𢲍𢳕𢶖𢻿𢼿𢿨𣂤𣌴𣍝𣍞𣍟𣍠𣍢𣍣𣍤𣍥𣍦𣍧𣍨𣍩𣍪𣍫𣍬𣍭𣍮𣍯𣍰𣍱𣍲𣍴𣍵𣍶𣍷𣍸𣍹𣍺𣍻𣍼𣍽𣍾𣍿𣎀𣎁𣎂𣎃𣎄𣎅𣎇𣎈𣎊𣎋𣎌𣎍𣎐𣎑𣎒𣎓𣎔𣎕𣎖𣎗𣎘𣎙𣎚𣎛𣎜𣎝𣎟𣎠𣎢𣎣𣎤𣎦𣎧𣎨𣎩𣎪𣎫𣎭𣎮𣎯𣎰𣎱𣎲𣔂𣦲𣧚𣨥𣪏𣱙𣷎𣷠𣷥𣹀𣺁𣼌𣽽𤁲𤅘𤊉𤋝𤟂𤟶𤫮𤯝𤰑𤰾𤸾𤼑𥀮𥁾𥛂𥥃𥦵𥩿𥬅𥮄𥲠𥳑𥺪𥺵𥾶𦇽𦍤𦘩𦘪𦘭𦘯𦘰𦘱𦘲𦘳𦘴𦘵𦘶𦘷𦘸𦘹𦘺𦘼𦘿𦙀𦙁𦙃𦙅𦙆𦙇𦙈𦙉𦙊𦙋𦙍𦙏𦙐𦙗𦙘𦙙𦙚𦙛𦙜𦙝𦙞𦙠𦙣𦙤𦙥𦙦𦙨𦙫𦙬𦙭𦙮𦙰𦙱𦙳𦙴𦙶𦙷𦙸𦙹𦙻𦙽𦙾𦚀𦚁𦚃𦚈𦚊𦚎𦚏𦚐𦚔𦚕𦚖𦚗𦚚𦚝𦚞𦚟𦚠𦚡𦚢𦚣𦚤𦚥𦚦𦚧𦚪𦚫𦚬𦚭𦚰𦚸𦚹𦚺𦚻𦚼𦚽𦚿𦛀𦛁𦛈𦛉𦛊𦛋𦛌𦛍𦛎𦛏𦛐𦛑𦛒𦛓𦛔𦛕𦛖𦛗𦛘𦛙𦛚𦛛𦛜𦛞𦛟𦛠𦛡𦛢𦛣𦛤𦛥𦛦𦛧𦛨𦛩𦛰𦛱𦛲𦛳𦛴𦛵𦛸𦛺𦛻𦛼𦛽𦛾𦛿𦜀𦜂𦜃𦜄𦜅𦜆𦜇𦜈𦜉𦜊𦜋𦜌𦜍𦜎𦜏𦜐𦜒𦜓𦜔𦜕𦜖𦜘𦜙𦜝𦜞𦜟𦜡𦜢𦜤𦜪𦜫𦜬𦜭𦜮𦜯𦜰𦜱𦜲𦜳𦜵𦜶𦜷𦜸𦜺𦜻𦜼𦝀𦝁𦝂𦝃𦝄𦝅𦝆𦝇𦝈𦝉𦝊𦝋𦝌𦝏𦝐𦝑𦝒𦝓𦝔𦝖𦝗𦝚𦝛𦝜𦝝𦝞𦝟𦝠𦝡𦝢𦝣𦝤𦝥𦝦𦝧𦝨𦝩𦝪𦝬𦝮𦝯𦝰𦝱𦝲𦝳𦝴𦝵𦝶𦝷𦝹𦝺𦝼𦞁𦞂𦞃𦞄𦞅𦞆𦞇𦞈𦞌𦞎𦞐𦞑𦞒𦞓𦞔𦞕𦞖𦞗𦞙𦞚𦞛𦞜𦞝𦞞𦞟𦞠𦞡𦞢𦞣𦞤𦞥𦞦𦞧𦞨𦞪𦞬𦞭𦞮𦞯𦞰𦞲𦞴𦞶𦞽𦞿𦟀𦟁𦟂𦟃𦟄𦟅𦟇𦟈𦟉𦟊𦟋𦟌𦟍𦟏𦟐𦟑𦟓𦟔𦟕𦟗𦟘𦟙𦟚𦟛𦟜𦟝𦟞𦟟𦟠𦟢𦟣𦟤𦟥𦟨𦟩𦟪𦟮𦟯𦟰𦟱𦟳𦟵𦟶𦟷𦟸𦟹𦟺𦟻𦟼𦟽𦟾𦟿𦠀𦠃𦠄𦠅𦠆𦠇𦠈𦠉𦠊𦠌𦠍𦠎𦠏𦠐𦠑𦠔𦠖𦠛𦠜𦠝𦠟𦠠𦠢𦠣𦠤𦠥𦠦𦠧𦠨𦠭𦠯𦠱𦠲𦠳𦠴𦠵𦠸𦠻𦠼𦠽𦠾𦠿𦡀𦡁𦡂𦡃𦡄𦡅𦡆𦡉𦡊𦡋𦡕𦡖𦡗𦡘𦡙𦡞𦡡𦡢𦡣𦡤𦡥𦡦𦡧𦡩𦡪𦡫𦡬𦡮𦡯𦡰𦡱𦡲𦡳𦡴𦡵𦡶𦡷𦡸𦡹𦡻𦢃𦢄𦢅𦢈𦢉𦢊𦢋𦢌𦢍𦢎𦢏𦢐𦢑𦢒𦢓𦢕𦢙𦢚𦢛𦢜𦢝𦢞𦢟𦢠𦢣𦢥𦢦𦢧𦢨𦢩𦢪𦢫𦢭𦢮𦢯𦢲𦢵𦢶𦢷𦢸𦢹𦢺𦢾𦢿𦣀𦣁𦣂𦣃𦣆𦣇𦣈𦣋𦣌𦣍𦣎𦣑𦣒𦣓𦣔𦣕𦣗𦣘𦣙𦣛𦣜𦦬𦯟𦱔𦴗𦴠𦼶𧀬𧌇𧒞𧘯𧛞𧜜𧜲𧟩𧟳𧡯𧦗𧪜𧫢𧭅𧱔𧱯𧲩𧵂𨂃𨇋𨊸𨏣𨐱𨓔𨕆𨗽𨘹𨙆𨢏𨧹𨱠𨵐𨹹𨻔𩄹𩋒𩌒𩢋𩥔𩬏𩲞𩳬𩵺𩸀𩹙𩺄𩼿𩿊𪅣𪏍𪐉𪗇𪚲𪝓𪠥𪢻𪣦𪣪𪤀𪱙𪱚𪱜𪱠𪱡𪱢𪱣𪱥𪱦𪱧𪱨𪱩𪱬𪱭𪱮𪱯𪵗𪵵𪹆𪻪𫆗𫆘𫆚𫆛𫆝𫆟𫆠𫆢𫆣𫆤𫆧𫆨𫆩𫆪𫆬𫆮𫆯𫆱𫆲𫆳𫆴𫆷𫆹𫆼𫆾𫇀𫇂𫇃𫔮𫕟𫗫𫜾𫞅𫞆𫞇𫡯𫣍𫥂𫰒𫱄𫿷𬁰𬁱𬁲𬁳𬁴𬁵𬁶𬁷𬁸𬁺𬁻𬁽𬁿𬂀𬂁𬂂𬂄𬂅𬂇𬂊𬂌𬂍𬂎𬂐𬂒𬂔𬂗𬄙𬈀𬈝𬎾𬚯𬚳𬚷𬚹𬚻𬚼𬚽𬚾𬛁𬛂𬛄𬛅𬛆𬛇𬛋𬛑𬛒𬛓𬛖𬛗𬛘𬛚𬛜𬛞𬦈𬦒𬫮𬫼𬭖𬶈𬶞𬾎𭈒𭊫𭢘𭨤𭨥𭨦𭨧𭨨𭨩𭨪𭨫𭨬𭨭𭨮𭨯𭨰𭨲𭨳𭨴𭨵𭨶𭨷𭨸𭨹𭨺𭨻𭨽𭨿𭩀𭩁𭩂𭩃𭩄𭩅𭩆𭩈𭩉𭩊𭩋𭩍𭩎𭩏𭩐𭩑𭩒𭩓𭩖𭩗𭰴𭱑𮇧𮈨𮌋𮌌𮌍𮌏𮌐𮌒𮌓𮌖𮌗𮌘𮌚𮌝𮌞𮌟𮌠𮌡𮌢𮌣𮌤𮌦𮌧𮌨𮌩𮌪𮌮𮌯𮌰𮌲𮌴𮌵𮌶𮌷𮌹𮌺𮌻𮌼𮍀𮍁𮍃𮍄𮍆𮍇𮍈𮍊𮑚𮔮𮘚𮝁𮣭𮲪𮲫𮳟𮴲𮶔𮶕𮷩𰆎𰗅𰗆𰗇𰗉𰗊𰗋𰗌𰗍𰗎𰝚𰢨𰣰𰮁𰮃𰮅𰮇𰮊𰮋𰮐𰮒𰮓𰮙𰮚𰮝𰮟𰮠𰮤𰮥𰮦𰮩𰮬𰮭𰮯𰮰𰮲𰮳𰮷𰮸𰮺𰮼𰮽𰮾𰯀𰯁𰯂𰯃𰯄𰯅𰯈𰯉𰯊𰯌𰯍𰯎𰯏𰯐𰯑𰯒𰯓𰯔𰯕𰯗𰯘𰯚𰯛𰯝𰯞𰯟𰯡𰯤𰯧𰯨𰯩𰯪𰯫𰯬𰱇𰴟𰺏𰻝𰻞𱉒𱓍𱝣𱢸𱢹𱢻𱢼𱤵𱥒𱦚𱨇𱨉𱨏𱨒𱨠𱪊𱰜𱳮𱸶𱼁𱼂𱼅𱼆𱼇𱼈𱼉𱼊𱼋𱼌𱼍𱼎𱼏𱼐𱼒𱼓𱼔𱼕𱼖𱼗𱼙𱼜𱼝𱼞𱼡𱼢𱼣𱼤𲈋𲉠𲉱𲋻𲕄𲙰𲟓𲠷𲥗𲥙𲥚𲥛𲥜𲥝𲥞𲥟𲥠𲥡𲥢𲥣𲥤𲥥𲥦𲥨𲥫𲥬𲥭𲩖𲺇𲺈𲺉𲺊𲺋𲺌𲺍𲺎𲺐𲺑𲺓𲺕𲺖𲺗𲺙𲺚𲺛𲺝𲺞𲺟𲺠𲺢𲺣𲺧𲺨𲺩𲺪𲺭𲺮𲺯𲺳𲺵𲺶𲺷𲺸𲺹𲺺𲺼𲺾𲻀𲻁𲻂𲻃𲾃𳀯𳁯
有	㤢㤫㦽㬼䀁䆜䒴䞥䨖䳑䵋侑哊囿姷宥峟戫栯椭洧烠珛痏絠肴蛕詴賄贿迶郁酭銪铕陏鮪鲔龓𠖅𡓉𡡭𡭮𢈓𢒰𣍳𣎉𣎏𣎥𣎬𣥯𤃽𤐟𤙼𤷤𥑿𦛒𧅽𧆴𧍂𧠶𨎼𨚺𨚼𨴜𩉎𩣋𩭀𩰑𩲾𩼮𪘃𪚞𪧰𪭂𪱤𪱰𪳊𫋸𫎋𫗏𫚸𫜲𫪩𫪫𬂑𬑐𬘠𬡑𬣩𬳼𭁬𭂱𭎽𭠥𭥯𭯴𮁰𮰌𰉦𰗈𰗏𰥉𰶭𱐴𱢺𲍳𲔁𲚷𲥧𲥸𲨓𳐧
朋	㥊㻚㽰䙀䙖䣙䨜倗傰剻堋塴奟崩弸掤朤棚淜漰焩痭硼磞稝綳绷萠蹦輣錋鬅鵬鹏𠜳𠞳𠡮𡎾𡕑𡞇𡡈𡹔𡼜𢉁𢐒𢽩𣂤𣎠𣎡𣨥𤊏𤑌𥂀𥦜𦎿𦜳𦣓𧌇𧽹𨂃𨞞𨲰𨹹𨻱𩋒𩸀𪂙𪼔𫳕𫷚𬓃𬕔𬙶𬦒𬭖𬽚𭈒𭑚𭘯𭩀𭩇𮇧𮘚𮥾𮹊𰁝𰉼𰜆𰤜𰺏𰿱𱃅𱃫𱝣𱪋𱮄𱰙𱻝𲆱𲉔𲎽𲞽𲠇𲥩𲻠𳑵
服	棴箙菔鵩𣔚𦋉𧌘𧟱𧟵𨵟𩸤𪂖𫛳𬶚𲾴
朐	葋𥯷
朔	㮶嗍塑愬搠槊溯蒴遡鎙𢍥𣺩𥉮𦃗𧪜𧫋𪇐𪹛𫏤𫔈𬂚𭞨𮸧𱮗𲁌𲷤𳈆
朕	㮳㴨𠹻𢲂𣞅𤌯𨃵𨫇𪝝𫧄𫮗𬁨𬝤𬟀
朗	㙟㮾塱樃蓢𠓇𠻴𡂯𢀬𢠯𣼽𤎜𤨡𦄺𨅉𩅜𩡜𪮡𫆍𫻠𬂆𬕨𬡨𰐁𱏃𱏮𱢞𱱽𲿒
朙	𥂗𦹩𪆌
望	𠻾𥊛𥲠𦹑𧫢𪚤𬂙𬖉𭩌𭩔𭩕𱢽𱼙𲥪𲮳
朝	嘲廟潮謿𠎫𡡲𡼼𢀭𢢅𢴿𣊿𣋂𣎠𣎢𣛨𦺓𨅹𨗛𩻹𪆘𪤾𫑱𫡯𭵿𰤂𲯸𲶘𳁻𳉭
期	𠎞𫂣𬄙𭊫𭢘𮴲
木	㕖㕲㚓㟳㠍㤾㥡㦿㪔㭁㭂㭃㭄㭅㭇㭈㭉㭊㭋㭌㭍㭎㭏㭑㭒㭓㭔㭕㭖㭗㭘㭙㭚㭛㭜㭞㭟㭠㭡㭢㭣㭤㭥㭦㭧㭨㭩㭪㭫㭬㭭㭮㭯㭱㭲㭳㭴㭵㭶㭷㭸㭹㭺㭻㭼㭽㭾㭿㮀㮁㮂㮃㮄㮅㮆㮇㮈㮉㮊㮋㮌㮍㮎㮏㮐㮑㮒㮓㮔㮕㮖㮗㮘㮙㮚㮛㮜㮝㮞㮟㮠㮡㮢㮣㮤㮥㮦㮧㮨㮩㮪㮫㮬㮭㮮㮯㮰㮱㮲㮳㮴㮵㮶㮷㮸㮹㮻㮼㮽㮾㮿㯀㯁㯂㯃㯅㯆㯇㯈㯉㯊㯋㯌㯍㯎㯏㯐㯑㯒㯓㯔㯕㯖㯗㯘㯙㯚㯛㯜㯝㯞㯠㯢㯣㯦㯧㯨㯪㯫㯭㯮㯯㯰㯱㯲㯳㯴㯵㯶㯷㯸㯹㯺㯻㯼㯽㯾㯿㰀㰁㰂㰃㰄㰅㰇㰉㰊㰋㰌㰍㰎㰏㰐㰑㰒㰓㰔㰕㰖㰗㰘㰙㰚㰛㰜㳿㴤㾹㿋䂞䈎䈢䊾䍒䒳䓱䔧䔵䕁䕆䛶䝗䞮䢞䢶䣋䯂䰆䲷䴢亲休余凩叙呆喿困圞塗宋寨屟嵀嵞床彩彬恷探敘斜新本札术朰朲朳朴朵朶朷朸朹机朻朼朽朾杀杁杂权杄杅杆杇杈杉杊杋杌杍李杏材村杒杓杔杕杖杗杘杙杚杛杜杝杞杠条杢杣杤杦杧杨杩杪杫杬杭杮杯杰杲杳杴杵杶杷杸杹杺杻杼杽松板枀极枂枃构枅枆枇枈枉枊枋枌枍枎枏析枑枒枓枔枕枖林枘枙枚枛枝枞枟枠枡枢枤枥枦枧枨枩枪枫枬枭枮枯枰枱枲枳枴枵架枷枸枹枺枻枼枽枾枿柀柁柂柃柄柅柆柇柈柉柊柋柌柍柎柏某柑柒染柔柕柖柗柘柙柚柛柜柝柞柟柠柡柢柣柤查柦柧柨柩柪柫柭柮柯柰柱柲柳柴柵柶柷柸柹柺査柼柽柾柿栀栁栂栃栄栅标栈栉栊栋栌栍栎栏栐树栒栓栔栕栖栗栘栙栚栛栜栝栞栟栠校栢栣栤栥栦栧栨栩株栫栬栭栮栯栰栱栲栳栴栵栶样核根栺栻格栽栾栿桀桁桂桃桄桅框桇案桉桊桋桌桍桎桏桐桑桒桓桔桕桖桗桘桙桚桛桜桝桞桟桠桡桢档桤桥桦桧桨桩桪桫桬桭桮桯桰桱桲桳桴桵桶桷桸桹桺桻桼桽桾桿梀梁梂梃梄梅梆梇梈梉梊梋梌梍梎梏梐梑梒梓梔梕梖梗梘梙梚梛梜條梞梟梠梡梢梣梤梥梧梨梩梪梫梬梭梮梯械梱梲梳梴梶梷梸梹梻梼梽梾梿检棁棂棃棅棆棇棈棉棊棋棌棍棎棏棐棑棒棓棔棕棖棙棚棛棜棝棞棟棠棡棢棣棤棦棧棨棩棪棫棬棭森棯棰棱棲棳棴棵棶棷棸棹棺棻棿椀椁椂椃椄椅椆椇椈椊椋椌植椎椏椐椑椒椓椔椕椖椗椙椚椛検椝椞椟椠椡椢椣椤椥椦椧椨椩椪椫椬椭椮椯椰椱椲椳椴椵椶椷椸椹椺椻椼椽椾椿楀楁楂楃楄楅楆楇楈楉楊楋楌楍楎楏楐楑楒楓楔楕楖楗楘楙楛楜楝楞楟楠楡楢楣楤楥楦楧楨楩楪楫楬楮楯楰楱楲楳楴極楶楷楸楹楺楻楼楽楾楿榀榁概榄榅榆榇榈榉榊榋榌榍榎榏榐榑榒榓榔榕榖榗榘榙榚榛榜榝榞榟榠榡榢榣榤榥榦榧榨榩榪榫榬榭榮榯榰榱榲榳榴榵榶榷榸榹榺榻榼榽榾榿槀槁槂槃槄槅槆槇槈槉槊構槌槍槎槏槐槒槓槔槕槖槗様槙槚槛槜槝槞槟槠槡槢槣槤槥槦槧槨槩槪槫槬槭槮槯槰槱槲槳槴槵槶槷槸槹槺槻槼槽槾槿樀樁樂樃樄樅樆樇樈樉樋樌樍樎樏樐樑樒樓樔樕樗樘標樚樛樜樝樞樟樠模樢樣樤樥樦樧樨権横樫樬樭樮樯樰樱樲樳樴樵樶樸樹樺樻樼樽樾樿橀橁橂橃橄橅橇橈橉橊橋橌橍橎橏橑橒橓橔橕橖橗橘橙橚橛橜橝橞機橠橡橢橣橤橥橦橧橨橩橪橫橬橭橮橯橰橱橲橳橴橵橶橷橸橹橺橻橼橽橾橿檀檁檂檃檄檅檆檇檈檉檊檋檌檍檎檏檐檑檓檔檕檖檗檘檙檚檛檜檝檞檟檠檡檢檣檤檥檦檧檨檩檪檫檬檭檮檯檰檱檲檳檴檵檶檷檸檹檺檻檼檽檿櫀櫁櫂櫃櫄櫅櫆櫇櫈櫉櫊櫋櫌櫍櫎櫏櫐櫑櫒櫓櫔櫕櫖櫗櫘櫙櫚櫛櫜櫝櫞櫟櫠櫡櫢櫣櫤櫥櫦櫧櫨櫩櫪櫫櫬櫭櫮櫯櫰櫱櫲櫳櫴櫵櫶櫷櫸櫹櫺櫻櫼櫽櫾櫿欀欁欂欃欄欅欆欇欈欉權欋欌欍欏欐欑欒欓欔欕欖欗欘欙欚欛欜欞欟沐淭深渠滌炑烋燊牀狇琛琹畬皶相禾穼窱築篠縧罙臬茶荣菒葇葈葉蓧蔾蕖藁蘂蘃蘖蘗蘽虊蚞螙親賝途郴采鈢鎥閑闲集雧雬髤鰷鱳鷋鿄﨓﨔𠅅𠅺𠆅𠉪𠋸𠍇𠍝𠎀𠎳𠏉𠐸𠓸𠕖𠗛𠚐𠜽𠝚𠝱𠞘𠟕𠟘𠡷𠣛𠣺𠤡𠥂𠥑𠥽𠨇𠫃𠫡𠱞𠱟𠳸𠳹𠴬𠵟𠹠𠾤𡂢𡉣𡉿𡍕𡍼𡏪𡏫𡑙𡑻𡒟𡒩𡙚𡙸𡝥𡞓𡞮𡡵𡩁𡩈𡩎𡩢𡩣𡩼𡪔𡪧𡫝𡬾𡭌𡭢𡯐𡳭𡵬𡾹𡿈𡿛𢆨𢉪𢋏𢋝𢌑𢌶𢎊𢏲𢑯𢑿𢗦𢛐𢠖𢠘𢣬𢧊𢧣𢧹𢪮𢭒𢭩𢮄𢮕𢳗𢵍𢶱𢷽𢽓𢽫𢾂𣀝𣁝𣇆𣈌𣊝𣎶𣎷𣎸𣎹𣎻𣎼𣎽𣎾𣎿𣏀𣏁𣏅𣏆𣏇𣏈𣏉𣏊𣏋𣏌𣏍𣏎𣏏𣏐𣏑𣏒𣏓𣏔𣏕𣏖𣏗𣏘𣏙𣏚𣏛𣏜𣏝𣏞𣏠𣏡𣏢𣏣𣏤𣏥𣏦𣏧𣏨𣏩𣏪𣏫𣏬𣏭𣏯𣏰𣏱𣏳𣏴𣏵𣏶𣏷𣏸𣏹𣏺𣏻𣏼𣏽𣏾𣏿𣐀𣐂𣐃𣐄𣐅𣐆𣐇𣐈𣐉𣐊𣐋𣐌𣐍𣐎𣐏𣐐𣐑𣐒𣐓𣐔𣐕𣐖𣐗𣐘𣐙𣐚𣐛𣐜𣐝𣐞𣐟𣐠𣐡𣐢𣐣𣐤𣐥𣐦𣐧𣐨𣐩𣐪𣐫𣐬𣐭𣐮𣐯𣐰𣐱𣐲𣐳𣐴𣐵𣐶𣐷𣐸𣐹𣐻𣐼𣐾𣐿𣑀𣑁𣑂𣑃𣑄𣑆𣑇𣑈𣑉𣑊𣑋𣑍𣑏𣑐𣑑𣑒𣑓𣑕𣑖𣑗𣑘𣑙𣑚𣑛𣑝𣑞𣑟𣑠𣑡𣑢𣑤𣑥𣑦𣑧𣑨𣑩𣑪𣑫𣑬𣑭𣑮𣑯𣑰𣑱𣑲𣑳𣑴𣑵𣑶𣑷𣑸𣑹𣑺𣑻𣑿𣒀𣒁𣒂𣒃𣒄𣒅𣒆𣒇𣒈𣒉𣒊𣒋𣒌𣒍𣒎𣒏𣒐𣒑𣒒𣒓𣒔𣒕𣒖𣒗𣒘𣒙𣒛𣒜𣒝𣒞𣒟𣒡𣒢𣒣𣒥𣒦𣒨𣒩𣒪𣒫𣒬𣒭𣒮𣒯𣒰𣒱𣒲𣒴𣒵𣒶𣒸𣒹𣒺𣒻𣒼𣒽𣒾𣒿𣓀𣓁𣓂𣓃𣓄𣓅𣓆𣓇𣓈𣓉𣓊𣓋𣓌𣓍𣓎𣓏𣓐𣓒𣓓𣓔𣓖𣓗𣓘𣓙𣓛𣓝𣓞𣓟𣓠𣓡𣓢𣓣𣓤𣓥𣓦𣓧𣓨𣓩𣓫𣓬𣓭𣓮𣓯𣓰𣓱𣓲𣓳𣓵𣓶𣓸𣓹𣓻𣓽𣓾𣓿𣔀𣔁𣔂𣔃𣔄𣔅𣔆𣔇𣔈𣔉𣔊𣔋𣔌𣔎𣔏𣔐𣔑𣔒𣔓𣔔𣔖𣔘𣔙𣔚𣔛𣔜𣔝𣔞𣔟𣔠𣔡𣔢𣔤𣔥𣔦𣔧𣔨𣔪𣔫𣔬𣔭𣔮𣔯𣔰𣔱𣔲𣔳𣔴𣔵𣔶𣔸𣔹𣔺𣔻𣔼𣔽𣔾𣔿𣕀𣕁𣕂𣕃𣕄𣕅𣕆𣕇𣕈𣕉𣕊𣕋𣕌𣕍𣕎𣕐𣕒𣕓𣕔𣕕𣕖𣕗𣕘𣕚𣕛𣕜𣕝𣕞𣕟𣕠𣕡𣕢𣕣𣕥𣕦𣕧𣕨𣕩𣕫𣕬𣕭𣕮𣕰𣕱𣕲𣕳𣕴𣕵𣕶𣕷𣕸𣕹𣕺𣕻𣕼𣕿𣖀𣖁𣖂𣖃𣖄𣖅𣖆𣖇𣖈𣖉𣖋𣖌𣖍𣖎𣖏𣖐𣖑𣖒𣖓𣖔𣖕𣖖𣖗𣖘𣖙𣖚𣖜𣖝𣖞𣖟𣖠𣖡𣖣𣖥𣖧𣖨𣖩𣖪𣖫𣖬𣖭𣖮𣖯𣖰𣖱𣖲𣖳𣖴𣖵𣖶𣖷𣖸𣖹𣖺𣖻𣖼𣖽𣖾𣖿𣗀𣗄𣗆𣗇𣗈𣗉𣗊𣗋𣗌𣗍𣗎𣗏𣗐𣗑𣗒𣗔𣗕𣗖𣗘𣗙𣗛𣗜𣗝𣗟𣗠𣗣𣗤𣗦𣗨𣗩𣗪𣗫𣗬𣗭𣗮𣗯𣗰𣗲𣗳𣗴𣗵𣗶𣗹𣗼𣗽𣗿𣘀𣘁𣘂𣘃𣘄𣘅𣘆𣘇𣘉𣘊𣘋𣘌𣘍𣘎𣘓𣘔𣘕𣘖𣘗𣘘𣘙𣘚𣘛𣘜𣘝𣘞𣘟𣘠𣘡𣘢𣘣𣘤𣘥𣘦𣘧𣘨𣘩𣘪𣘬𣘭𣘮𣘯𣘰𣘱𣘲𣘳𣘴𣘵𣘶𣘷𣘸𣘹𣘺𣘻𣘼𣘽𣘿𣙀𣙁𣙃𣙅𣙆𣙇𣙉𣙊𣙋𣙌𣙍𣙎𣙏𣙐𣙑𣙒𣙓𣙔𣙕𣙖𣙗𣙘𣙙𣙚𣙛𣙜𣙝𣙞𣙟𣙠𣙡𣙢𣙣𣙤𣙥𣙦𣙧𣙨𣙩𣙪𣙫𣙭𣙮𣙯𣙱𣙲𣙴𣙵𣙶𣙷𣙺𣙻𣙼𣙽𣙾𣙿𣚀𣚁𣚂𣚃𣚄𣚅𣚆𣚇𣚈𣚉𣚊𣚋𣚌𣚍𣚎𣚏𣚐𣚑𣚒𣚓𣚔𣚕𣚖𣚘𣚙𣚚𣚛𣚜𣚝𣚞𣚟𣚠𣚡𣚢𣚣𣚥𣚦𣚧𣚩𣚪𣚫𣚬𣚭𣚮𣚰𣚱𣚲𣚳𣚴𣚵𣚶𣚸𣚹𣚼𣚽𣚾𣚿𣛀𣛁𣛂𣛃𣛄𣛆𣛇𣛈𣛉𣛊𣛎𣛏𣛐𣛑𣛓𣛔𣛖𣛗𣛘𣛚𣛛𣛜𣛝𣛞𣛟𣛠𣛡𣛢𣛣𣛥𣛦𣛧𣛨𣛩𣛪𣛫𣛬𣛭𣛮𣛯𣛰𣛱𣛲𣛴𣛵𣛶𣛷𣛸𣛹𣛺𣛻𣛼𣛽𣛿𣜀𣜁𣜂𣜃𣜄𣜅𣜆𣜇𣜉𣜊𣜌𣜍𣜎𣜏𣜐𣜑𣜒𣜔𣜖𣜗𣜘𣜙𣜚𣜛𣜜𣜝𣜞𣜟𣜠𣜡𣜤𣜥𣜦𣜧𣜪𣜫𣜬𣜭𣜮𣜯𣜰𣜲𣜳𣜴𣜵𣜶𣜷𣜸𣜼𣜿𣝀𣝁𣝂𣝃𣝄𣝅𣝆𣝇𣝈𣝉𣝊𣝋𣝌𣝍𣝎𣝏𣝐𣝑𣝒𣝓𣝔𣝕𣝗𣝘𣝙𣝚𣝛𣝟𣝠𣝡𣝢𣝣𣝤𣝦𣝧𣝨𣝩𣝫𣝬𣝰𣝱𣝲𣝳𣝵𣝶𣝷𣝸𣝺𣝻𣝼𣝽𣝾𣝿𣞀𣞁𣞂𣞆𣞇𣞈𣞉𣞋𣞌𣞍𣞎𣞏𣞐𣞑𣞒𣞓𣞔𣞕𣞗𣞘𣞚𣞛𣞜𣞝𣞞𣞠𣞡𣞢𣞣𣞥𣞦𣞧𣞨𣞩𣞪𣞫𣞬𣞭𣞮𣞯𣞱𣞲𣞳𣞶𣞷𣞸𣞹𣞺𣞻𣞼𣞽𣞾𣞿𣟀𣟁𣟂𣟃𣟄𣟅𣟆𣟇𣟉𣟊𣟋𣟌𣟍𣟎𣟏𣟐𣟑𣟓𣟔𣟕𣟖𣟗𣟘𣟙𣟚𣟛𣟝𣟞𣟟𣟠𣟡𣟢𣟣𣟤𣟥𣟦𣟧𣟨𣟩𣟪𣟫𣟬𣟭𣟯𣟰𣟱𣟲𣟳𣟴𣟵𣟶𣟷𣟸𣟹𣟺𣟻𣟾𣟿𣠂𣠃𣠄𣠅𣠇𣠉𣠊𣠋𣠌𣠍𣠐𣠑𣠓𣠔𣠗𣠘𣠙𣠚𣠛𣠜𣠝𣠞𣠟𣠠𣠡𣠢𣠣𣠤𣠥𣠦𣠧𣠨𣠩𣠪𣠬𣠭𣠯𣠰𣠱𣠲𣠵𣠷𣠸𣠹𣠺𣠻𣠼𣠽𣠾𣠿𣡀𣡁𣡂𣡃𣡄𣡅𣡊𣡋𣡌𣡎𣡏𣡐𣡑𣡒𣡓𣡔𣡘𣡛𣡞𣡟𣡠𣡢𣡣𣡤𣡦𣡧𣡨𣡩𣡪𣡫𣡭𣡮𣡱𣡲𣡴𣡵𣡶𣡷𣡹𣡼𣡿𣣙𣤜𣤰𣤷𣨚𣩣𣫙𣫩𣮓𣮥𣳰𣵄𣷘𣸑𣸴𣻤𣼃𣼅𣼝𤀻𤄄𤅨𤅯𤆰𤈀𤈢𤉜𤉬𤉲𤉾𤌓𤏆𤓄𤔥𤗊𤗣𤘬𤚊𤚦𤞷𤟬𤥾𤦲𤧮𤨗𤪒𤫿𤯃𤱃𤴜𤴷𤵦𤹄𤹅𤼨𥄢𥇱𥌟𥎢𥒯𥓼𥖥𥙭𥝰𥤏𥦼𥧽𥨑𥬸𥭰𥮣𥮧𥮮𥮹𥰿𥱘𥲒𥲧𥲴𥴌𥴍𥴽𥵡𥵰𥶺𥷃𥸉𥿴𦁛𦁝𦂘𦃨𦊋𦊧𦊻𦌮𦐔𦕂𦙣𦚬𦜈𦜊𦦗𦧢𦨀𦩺𦮇𦯕𦯧𦰔𦰕𦲜𦳑𦳮𦳿𦵴𦵶𦷎𦸯𦸸𦹁𦹂𦺀𦺴𦺵𦼊𦾈𦿕𧀵𧁈𧃫𧃬𧃾𧄡𧅟𧅦𧆘𧉓𧏪𧚦𧜯𧠸𧤇𧨇𧨯𧨾𧩴𧴿𧷱𧾠𨁤𨁻𨃓𨃭𨃮𨐣𨑋𨓫𨓳𨓸𨔘𨔱𨘒𨛌𨜎𨝮𨟥𨟧𨥀𨧲𨧸𨨥𨬘𨬮𨼙𨽌𩁱𩅤𩋑𩍳𩏁𩓠𩓡𩓬𩓮𩓸𩔛𩕌𩗆𩠽𩤞𩬻𩭘𩭚𩰦𩰧𩰩𩲙𩴙𩵦𩵴𩷌𩽑𪀶𪁱𪃥𪄃𪆂𪆐𪇱𪈻𪌎𪑘𪑤𪔇𪝉𪢮𪣖𪥄𪦖𪧌𪫟𪮅𪮾𪱱𪱲𪱳𪱴𪱵𪱶𪱷𪱸𪱹𪱺𪱻𪱽𪱾𪱿𪲀𪲁𪲂𪲃𪲄𪲇𪲉𪲊𪲋𪲌𪲍𪲎𪲏𪲐𪲑𪲒𪲓𪲔𪲖𪲗𪲘𪲙𪲚𪲛𪲜𪲝𪲞𪲟𪲠𪲢𪲤𪲦𪲧𪲨𪲩𪲪𪲫𪲮𪲯𪲰𪲱𪲲𪲳𪲴𪲶𪲷𪲹𪲺𪲻𪲼𪲾𪳀𪳁𪳂𪳃𪳄𪳅𪳆𪳇𪳈𪳉𪳊𪳍𪳎𪳏𪳐𪳑𪳒𪳓𪳕𪳖𪳗𪳘𪳙𪳚𪳛𪳜𪳞𪳠𪳡𪳢𪳣𪳤𪳥𪳧𪳩𪳪𪳬𪳮𪳰𪳱𪳲𪳳𪳴𪳵𪳶𪳷𪳸𪳹𪳺𪳾𪴀𪴁𪴂𪴃𪴅𪴆𪴇𪴈𪴉𪴊𪴌𪴍𪴎𪴐𪴑𪴒𪴓𪴔𪴕𪴖𪴗𪴘𪴙𪴚𪴛𪴜𪴝𪴟𪴠𪴡𪴢𪴤𪴥𪴧𪽻𪿈𫀔𫂋𫐠𫑃𫔶𫕱𫖟𫗹𫙢𫞈𫞉𫞊𫞋𫞌𫞍𫞎𫞏𫞐𫞑𫞒𫠏𫯹𫳍𫹎𫿻𬂜𬂝𬂞𬂟𬂠𬂡𬂢𬂣𬂤𬂦𬂩𬂪𬂫𬂬𬂭𬂮𬂯𬂰𬂱𬂲𬂳𬂵𬂶𬂷𬂹𬂺𬂻𬂼𬂾𬂿𬃀𬃁𬃂𬃃𬃄𬃆𬃇𬃈𬃉𬃊𬃋𬃌𬃍𬃎𬃏𬃐𬃑𬃒𬃓𬃗𬃘𬃛𬃜𬃝𬃞𬃟𬃠𬃡𬃢𬃣𬃤𬃥𬃦𬃧𬃨𬃩𬃪𬃫𬃬𬃭𬃮𬃰𬃳𬃴𬃵𬃶𬃸𬃹𬃺𬃼𬃽𬃾𬃿𬄀𬄁𬄂𬄃𬄄𬄅𬄆𬄇𬄈𬄉𬄊𬄋𬄌𬄎𬄏𬄑𬄒𬄓𬄔𬄕𬄖𬄗𬄘𬄙𬄚𬄛𬄝𬄟𬄠𬄡𬄢𬄣𬄤𬄥𬄦𬄧𬄨𬄩𬄪𬄫𬄬𬄭𬄯𬄱𬄲𬄳𬄴𬄵𬄸𬄹𬄺𬄻𬄼𬄽𬄿𬅀𬅁𬅅𬅆𬅇𬅈𬅉𬅊𬅋𬅌𬅎𬅏𬅑𬅒𬅕𬅗𬅘𬅚𬅜𬇏𬈇𬋁𬍓𬎳𬒟𬔫𬕢𬕣𬖚𬘸𬡲𬧪𬬈𬱧𬷠𬸐𬸿𬺜𬿥𭁁𭁃𭃯𭈴𭋅𭌖𭍓𭍹𭢠𭧔𭩘𭩙𭩚𭩛𭩜𭩝𭩞𭩟𭩠𭩡𭩢𭩣𭩤𭩥𭩦𭩧𭩨𭩩𭩪𭩫𭩬𭩮𭩯𭩰𭩱𭩲𭩳𭩴𭩵𭩶𭩷𭩸𭩹𭩺𭩻𭩼𭩽𭩾𭩿𭪁𭪂𭪃𭪄𭪅𭪆𭪇𭪉𭪊𭪌𭪏𭪐𭪒𭪓𭪔𭪕𭪖𭪗𭪘𭪚𭪜𭪞𭪟𭪡𭪢𭪣𭪤𭪦𭪧𭪨𭪩𭪪𭪮𭪯𭪰𭪱𭪲𭪴𭪵𭪶𭪷𭪸𭪺𭪽𭪾𭫀𭫁𭫂𭫃𭫄𭫅𭫆𭫉𭫊𭫋𭫍𭫎𭫏𭫐𭫑𭫒𭫓𭫔𭫕𭫖𭫗𭫙𭫚𭫜𭫟𭫠𭫡𭫢𭫣𭫤𭫥𭫦𭫨𭫩𭫪𭫯𭫰𭫱𭫲𭫳𭫴𭫵𭫶𭫷𭫸𭫺𭫻𭫼𭫽𭫾𭫿𭬁𭬂𭬃𭬄𭬅𭬆𭬇𭬈𭬉𭬋𭬌𭬍𭬎𭬏𭬒𭬔𭬕𭬖𭬗𭬘𭬙𭬚𭬛𭬜𭬝𭬞𭬟𭬠𭬡𭬢𭬣𭬤𭬥𭬦𭬧𭬨𭬩𭬪𭬫𭬬𭬭𭬮𭬯𭬰𭬱𭬳𭬵𭬶𭬷𭬸𭬹𭬻𭬼𭬽𭬾𭬿𭭀𭭁𭭂𭭃𭮸𭰏𭷉𭼫𮁄𮁚𮅭𮆥𮋆𮏦𮏿𮐟𮐪𮓌𮗼𮠏𮠛𮢇𮣩𮤠𮤣𮥬𮦀𮫄𮫗𮮈𮲬𮲭𮲮𮲯𮲰𮲲𮲳𮲴𮲵𮲶𮲷𮲸𮲹𮲺𮲻𮲼𮲽𮸓𰊏𰊝𰊧𰍇𰍒𰍗𰒛𰗑𰗒𰗓𰗔𰗕𰗖𰗗𰗘𰗙𰗚𰗛𰗜𰗝𰗞𰗟𰗠𰗡𰗢𰗤𰗥𰗦𰗧𰗨𰗪𰗫𰗬𰗮𰗯𰗱𰗲𰗴𰗵𰗶𰗸𰗹𰗺𰗻𰗼𰗽𰗾𰗿𰘀𰘁𰘂𰘄𰘅𰘆𰘇𰘈𰘌𰘍𰘏𰘑𰘒𰘔𰘕𰘖𰘗𰘛𰘜𰘝𰘟𰘠𰘡𰘢𰘣𰘤𰘥𰘧𰘨𰘩𰘫𰘭𰘮𰘯𰘰𰘱𰘲𰘳𰘴𰘵𰘶𰘷𰘸𰘹𰘽𰘾𰘿𰙀𰙅𰙈𰜎𰜘𰝒𰞽𰣟𰱅𰱒𱂘𱈮𱈾𱕇𱘞𱘧𱢾𱢿𱣀𱣁𱣂𱣃𱣄𱣅𱣆𱣇𱣈𱣉𱣊𱣋𱣌𱣍𱣎𱣏𱣐𱣑𱣒𱣓𱣔𱣕𱣖𱣗𱣘𱣙𱣚𱣛𱣜𱣝𱣞𱣠𱣡𱣢𱣣𱣤𱣥𱣧𱣩𱣪𱣫𱣬𱣭𱣮𱣯𱣰𱣱𱣲𱣳𱣴𱣵𱣶𱣷𱣸𱣹𱣺𱣻𱣼𱣽𱣾𱣿𱤀𱤁𱤂𱤃𱤄𱤆𱤇𱤊𱤋𱤌𱤍𱤎𱤏𱤐𱤓𱤔𱤕𱤖𱤘𱤙𱤚𱤛𱤝𱤞𱤟𱤡𱤣𱤤𱤥𱤦𱤨𱤩𱤪𱤫𱤬𱤭𱤮𱤯𱤰𱤱𱤳𱤵𱤶𱦙𱧂𱨏𱩃𱮉𱯦𱴺𱶇𱼿𱾀𲇨𲉚𲍟𲍷𲐙𲕖𲛂𲝽𲡱𲥮𲥯𲥱𲥲𲥳𲥴𲥵𲥶𲥸𲥹𲥺𲥻𲥼𲥽𲥾𲥿𲦁𲦂𲦃𲦄𲦅𲦇𲦈𲦊𲦋𲦌𲦍𲦎𲦏𲦐𲦒𲦓𲦕𲦖𲦗𲦘𲦙𲦛𲦜𲦞𲦟𲦠𲦡𲦢𲦤𲦥𲦦𲦨𲦩𲦪𲦫𲦬𲦭𲦮𲦯𲦰𲦱𲦲𲦳𲦴𲦵𲦶𲦷𲦹𲦺𲦼𲦽𲦾𲦿𲧀𲧁𲧂𲧅𲧆𲧇𲧈𲧉𲧊𲧋𲧌𲧎𲧒𲧓𲧔𲧕𲧗𲧘𲧙𲧚𲧜𲧟𲧠𲧡𲧢𲧣𲧤𲧦𲧧𲧩𲧪𲩸𲫦𲭂𲯍𲵘𲵳𲽜𲽯𲾺𳅇𳆼𳋟
朩	㥻䣄䳜亲余叙嗏宲寨搽敍敘斜新朩杀杂条條窱茶親途雓雜鷋𠑝𠓐𠮁𡒟𡩁𢎊𢧅𣁏𣕘𣗷𣼝𤞥𤯏𥀏𧾠𨝛𨠹𨴩𪁁𪇝𪝃𫛬𫝌𫶨𫿼𬽼𭨾𭬓𮜌𮲱𰕑𰗑𰗣𰨂𰰶𱊠𱎻𱧗𱪍𱬻𲆙𲨥
未	㖝㭑㲠㹈䏞䙿䵢佅味妹寐怽抺昧沬眛祙膥苿跊魅鮇𠃥𠇠𠎶𠛐𠝁𠞲𠩺𠩼𠵈𡁖𡟋𡠃𡥒𡥽𡲧𡶎𢍛𢓛𢡷𢼡𢿄𢿹𣂺𣐽𣑜𣒠𣗓𣚺𣜾𣞥𣠕𣠖𣭐𣯷𣳕𣸗𣺇𤔮𤳡𤽜𤿖𥑘𥞊𥥘𥧌𥻕𦆏𦍎𦓤𦕜𦗱𦫕𧉿𧔵𧙕𧡿𧩥𧭵𧵖𧻇𨚘𨠝𨨓𩈐𩎟𩑄𩑵𩳗𩴈𩿲𪘻𪜬𪟾𪥊𪥋𪱼𪲅𪳼𪸙𪽬𫃟𫊕𫎜𫨃𫨴𫭆𫭥𫹻𬂧𬄞𬅄𬔴𬞍𬨗𭘕𭯀𭹯𮁤𮞦𮡮𮫩𮴾𮷔𰗐𰘉𰘦𰚾𰠭𰡃𰭰𰴫𱂄𱇛𱤜𱥛𱧁𱧐𱭏𱶽𱷁𱷑𱻶𱼚𲌯𲏕𲕡𲛮𲜦𲟃𲟛𲦥𲧄𳁕
末	㭆㭐㶬䍪䏞䬴䱅䴲唜妺帓抹昩末枺沫皌眜砞秣粖膥茉袜靺韎𠅍𠅒𠇱𠖾𠰌𡊉𡘮𢗿𣔍𣖛𣖢𣚺𣝖𣞄𣧣𤿖𤿗𥘯𥬎𥿉𦚜𦥦𦫕𧿴𩈘𩑷𩗂𩠿𩢖𩿣𪜑𫈪𫖀𫖼𫤳𬑉𬗱𬘚𬟼𬰠𮋥𮘀𮠢𮹅𰓮𰧍𰼤𰼼𱇚𱋊𱒮𱤒𲦑𲦔𲲭𳂦𳇹𳉄𳐅
本	㡷㤓㮺㶱䬱䱁体呠泍砵笨絊缽翉苯躰鉢钵骵𠄯𠦪𡇐𡊖𡭦𡽒𡿶𢫆𣌃𣒬𣕢𣽵𤅆𤙃𤧆𤱙𤵳𤾲𥥑𦊚𦏓𦤎𦱧𧙄𧦹𧿾𩇶𩒅𩢕𪊜𪎝𪰐𪱻𪹸𪼹𫚏𫯐𬇸𬑊𬖓𬟰𬡩𬬌𭕕𭝯𭯓𭿸𮟄𮲞𰄱𰐅𰪇𰭦𰹍𱱀𲂪𲚿𲦣
札	㳐紮蚻𡥑𢫄𤵦𧉹𨥼𩿤𫛠𫴺
朮	㺷㾁䘤䟣怵怷沭炢秫絉術訹述鉥𠰲𡊍𢫖𣏂𣪩𣭍𣸃𤇍𤝞𤞠𥄵𥥇𦈭𦬸𦸇𧉱𧺶𩖶𩶄𪲭𫀦
术	㺷㾁䘤䟣䢤怵怸沭炢秫絉蒁術訹述鉥𠇲𠊍𠰲𡊍𣏂𣪩𤇍𤝞𥄵𥑡𥟲𥥇𦈭𦬸𦳯𧉱𧲷𧺶𩖶𩧌𩶄𩿯𬖔𬬸𰵓𱫭
朰	𰀹𲏥
朱	㦵㧣㸡㼡䇬䎷䏭䣷侏咮姝株殊洙珠璳硃祩秼絑茱蛛袾誅诛趎跦邾銖铢陎駯鮢鴸鼄𠙎𠱒𡥛𡱖𢲬𢼲𣂛𣆦𣗾𣘈𣙸𣜱𣞊𣠒𣠶𣥵𤈐𤊣𤔏𤝹𤶎𥅲𦅱𦐣𦐨𦧙𧑤𧵺𨒲𨾲𩊣𩢻𩳅𪎡𪏿𪣎𪨴𪬔𪳔𪴄𫁍𫷨𫾭𬆤𬹣𭉝𮧱𰞐𰬏𱉫𱤢𱤧𱤴𱬜𲈼𲏟𲒍𲕊𲟺𲧏𳅡𳇻
朴	烞𠡙𠧭𬇑𱒖𲏝𲥰
朵	㛊䤪剁哚垛挆趓跺躲𡇙𡯦𡷔𣑫𣧷𣳼𤤸𤬾𤱧𥙨𥞛𥬲𦀉𦕰𦚩𧊶𧧨𨹄𩊜𩎫𩬻𪘉𫬀𬒋𬡖𬭆𭪋
朶	㛆䑮䒳刴垜尮挅桗跥躱𡶲𣧷𤬾𤱧𥞛𥬸𥿰𧊱𧙤𧧇𧻞𨦃𨹃𩒜𩬻𩶹𪜷𪸨𫩴𬆔𬎨𬚹𬱡𬹵𭻐𮁳𮃄𮫄𰡼𲌎
朹	𣏫𣑢𤄄𮰝
机	𣌯𦊵𩍊𱽟
朽	𪳋𰘙
朿	㞖㢀㭰㾊䊂䔫䟱僰刺拺敇枣栜棗棘洓策茦𠄬𠞁𠢠𠲋𡭂𢓣𢙀𢛱𢞸𢿋𣝯𣡍𣨁𤒗𤕹𤤹𤫷𤯡𥢉𦸺𧊸𧑖𧙞𧠵𧢔𧧒𧵩𧷕𧻕𨋵𨒪𨦉𩂴𪀜𪥱𪲕𪲸𫐛𫸮𬃔𬅼𬊃𬝸𬢍𭣯𭭇𰀮𰖁𲭼𲺍
杀	刹弑殺脎蔱铩閷𠜽𢘹𢫬𢼢𣈎𣪩𤀚𤍁𤞠𥻦𦝹𨐖𨦅𨶓𩗉𩮫𩲺𩳃𩴇𩶼𪀣𪄅𪑂𪲽𫂿𫊷𬂮𬡕𬨥𬩻𬸌𭂽𭃛𭅱𭠋𭣱𭩭𭪍𭪎𭪬𭫇𭰒𰄪𰍑𰘞𰪻𰫢𰰵𰿳𱒞𱤃𱤅𲃞
杂	雑𠱞𡜉𰓟𰞗𰰶𱳼
杉	彬涁𣒡𣛪𣡨𪓫𬫕𱒩𲦃
李	季𣒶𣵎𦰁𪴏𭇶𮱜
杏	㕿莕𠉉𡜺𢎋𣇏𣑅𣑾𣒙𣖎𥆪𨛢𨡋𨧃𨿟𩭖𪴋𪵾𫘢𱤠𲦝
村	𠴘𢚳𦀹𦛻𨴺𬂨𬗽𭌴𭿴𮥳
杗	𨛌𱣣
杘	㦿𡳨𣒺𥦃𧨇𱚼𲅂
杛	㭹㯑𣏖𣐜𣚦𭬰𲧡
杜	荰𠴗𢭰𥮊𧹥𨁥𨧀𪳌𬇩𬭊𬼦𲏸𲒂𲠖
束	㑛㩽㻋䀳䇿䜹凁剌勅娕悚慗捒敕梀欶殐涑疎竦綀脨觫誎賴赖趚踈辢辣速鋉頼餗駷鵣𠁃𠒹𠠅𠣩𠭄𠲿𠾋𡇯𡖯𡘝𡘸𡝁𡣂𡦚𡩆𡭂𡷽𢆚𢆞𢆬𢈠𢊳𢐌𢑤𢑧𢖗𢧧𢳮𢵽𣋩𣏮𣒛𣓺𣔩𣕤𣗞𣗥𣗧𣙈𣙹𣚯𣜋𣝝𣝞𣝮𣠆𣦚𣫎𣭴𣭵𤁕𤃏𤎊𤖂𤙨𤴚𤶬𥜖𥟈𥢉𥦈𥹵𦈌𦎏𦎖𦐾𦖰𦠁𦾄𧆄𧋐𧚏𧞺𧥆𧫣𧵩𨃢𨆹𨌛𨱈𨴨𩂺𩇹𩊯𩎯𩐒𩐫𩗣𩞌𩞕𩥲𩦙𩱖𩳒𩼱𪅙𪌶𪘜𪢘𪲥𪲸𪲿𫂙𫇎𫇿𫉈𫊚𫗧𫛶𫶼𬂥𬃅𬃔𬃭𬃷𬄍𬅀𬅓𬆊𬆥𬒶𬓊𬛮𬟥𬣷𬴇𬹩𬼥𭣴𭪈𭪿𭵫𭸋𮥪𰀟𰉮𰒮𰓯𰙇𰞡𰲗𱅔𱊞𱛩𱟍𱣦𱤉𱴂𱿌𲋮𲒨𲡘𲦀𲧝𳍑𳏠
杠	柜柾𫰬
条	涤筿绦鲦𠨌𡸇𢸹𤶫𥓃𥱥𦩁𦰏𩐾𬦹𭛹𭪠𭫭𮞓𰘼𰩏𱧘𲏥𳂻
杢	𫀧𭩜
来	俫崃徕慭梾涞睐莱赉铼𠂲𠡠𢣡𣑎𣘐𣘾𣜻𥟂𦣓𧟜𧳕𩓋𩠄𪎌𪲬𪺽𫍧𫏌𫝫𫣙𫣚𫪁𫷬𫼲𬩾𬹗𬻢𬻮𭤎𭫝𭻔𮚅𮵱𰄯𰆙𰘚𰙉𰚙𰡎𰴤𱅕𱇭𱉵𱋀𱌴𱖬𱙻𱡘𱤑𱩣𱮾𱰺𱰼𱴄𱹴𱺜
杨	𬐠𱉴
杪	𣶲𲵼
杭	𠵉𥮕𫙤𰱓
杯	𮫾𱒽𱠈
杰	錰𤇍𤇕𦲓𭪞𮯼𮳉𮳮𰅼𰳃𱒾
東	㖦㨂㯥㼯䍶䦨䰤䵔倲凍埬娻崠崬棟樄氭涷練腖菄蘭蝀諌錬陳鯟鶇𠁋𠒽𠼂𡅰𡍺𢆦𢔅𢛔𢥱𢴟𢽬𣌾𣍖𣡘𤅍𤒖𤓗𤕌𤗗𤟈𤡻𤦪𤩘𤲚𤴋𤴎𤷆𥓝𥔝𥠗𥽾𦑿𧅝𧓕𧖤𧟔𧡍𧯾𧳣𧹩𧼓𨌿𨗐𨙠𨣹𨤈𨼤𨿢𩜍𩣳𩭩𪂝𪳚𪳭𫉓𫞸𫨽𫳒𬌃𬨮𬯔𭒜𭫧𮁂𮟽𮵇𰄋𰖍𰘺𰟴𰪀𱁛𱺉𲋰𲕰
杲	桌菒𡩕𣈁𣐩𣕮𣠀𣫙𥓖𥺰𦷎𨜍𩓢𬾛𭝑𭬀𭾻𮲞𰹔
杳	䦭查香𠄃𣇿𤉲𨓳𨖚𨫜𩠼𩭰𬇷𮋆𱫽
杴	𠩱𦰻
杼	㮊櫲𣛿𨬮𪳻
松	㟣䘴倯凇崧淞硹菘蜙鬆𡨭𢃓𢃪𢔋𢛒𣕙𥯆𦦵𧌻𩃭𩸝𪁿𬸔𮪺𰉹𰑩𱆳𱲽𲙑𳆂𳆃
板	𥯈𨧸𫪒
枀	庺梥
枂	㮳棚棴橳𣔷𣝗𭬄𲦋
枈	𣔵𣗸𨹼
枉	㳹𠶖𣒳𲝠
枋	㯀堏棜椸𣚂𬄶𭫛𱣭
析	㱤䨛唽惁晰晳椞淅皙菥蜤蜥𠵍𣔙𣨗𥇦𥓊𥮥𥺚𩗱𪁻𪻩𮞝𰡕𲫨
枒	㭨𦰳
枕	萙𠶍𡹟𲝤𲩔𲺘
林	㑣㚞㛦㝝㣩㨆㪔㭝㮊㮟㯄㯎㯟㯬㰈㷊䗫䠂䢞䦥䨷䫐冧啉嘛埜婪嫲崊彬惏晽梦梵梺棥森棼棽棾椕椘楙楚榃樷橆檒檾欁淋潸澘焚琳痳碄禁箖綝罧菻虨諃辳郴醂霖鬱麓麻𠄻𠍨𠐙𠓭𠩵𠵂𠹝𡈹𡍚𡑕𡘽𡙻𡚣𡢥𡹇𡹚𢊲𢋹𢒹𢛓𢠩𢳀𢺱𢻦𢿨𢿱𣀙𣀧𣁩𣇰𣈅𣊍𣐾𣑔𣑽𣒑𣒜𣓏𣓕𣓜𣓴𣓼𣕎𣕑𣕦𣕪𣕯𣕽𣕾𣗂𣗗𣗚𣗛𣗡𣗢𣗣𣘲𣙄𣙳𣛅𣜈𣜕𣜺𣝒𣝪𣝹𣝺𣞆𣞖𣞣𣞤𣟈𣟒𣟜𣠮𣡕𣡡𣡸𣡽𣫄𣫓𣻕𣽽𣾕𤀮𤃺𤅅𤊩𤍾𤎎𤑖𤓣𤓥𤳥𤴜𤹳𤺢𤼍𤼑𤾓𥁹𥓙𥢂𥦝𥲢𥷭𦇕𦉚𦉠𦋗𦝃𦡨𦣌𦨅𦼚𧇃𧇥𧇨𧖥𧛀𧩋𧯴𧰔𧹫𧼖𧾬𨂕𨝵𨟤𨤳𨨗𨪧𩀼𩆥𩆱𩏴𩕌𩙐𩤆𩰩𩱬𪎦𪧵𪩦𪲡𪲴𪲵𪳟𪳯𪳻𪳽𪴦𪵝𪺂𪾭𪿳𫃎𫇓𫓞𫦯𫬴𫱒𫻓𫽷𫾝𫿱𬂽𬃂𬃕𬃚𬃲𬃴𬄄𬄜𬄰𬅃𬅄𬅍𬅐𬅔𬅛𬍄𬘭𬜂𬜄𬩊𬰸𬱾𬴫𬷞𭃩𭆟𭐧𭕸𭛗𭪑𭪘𭪝𭪫𭪳𭬊𭬑𭬴𭮜𭲡𭵦𭸓𭻜𮇥𮟘𮟝𮢅𮨭𮨴𮮙𮰅𮸑𰏐𰗰𰗾𰘓𰘘𰘚𰙆𰪗𰮫𰯸𰵱𰶯𰷹𰻼𱆴𱈮𱡈𱣨𱣭𱤈𱤏𱤭𱩄𱬗𱬤𱬩𱿨𲥪𲥷𲦁𲦃𲦆𲦛𲦦𲦧𲦻𲰱𲲃𳉮
枚	𠦩𠶣𡮋𢆧𢆨𣈕𤷠𥯍𦁼𦩚𦲲𧛉𨨦𩃝𩅤𩘄𩜫𩸳𪂜𪜚𪝅𪿥𫋿𫥏𬂸𭡋𱕓𱜿𱠇𱦲𲗝𲦸𲧐𲾮𳋍
果	㚌㞅㪙㷄㼫㾧䂺䊬䙨䴹倮堁夥婐巢巣彙彚惈捰敤棵淉猓祼稞窠粿綶腂臝菓蜾裸裹褁課课踝躶輠錁锞顆颗餜馃騍骒髁𠒪𠜴𠪧𠵩𡅁𡅓𡱼𡸖𢃦𢑥𢒙𢡑𢻔𣇫𣉰𣓑𣛕𣛤𣜢𣞅𣡈𣡗𣡙𣡚𣡰𣡾𣨪𣮔𤔖𤖇𤬁𥇬𥚌𥣷𦖍𦣔𧀞𧁣𧁸𧅬𧅾𨞶𨵚𨺁𩋗𩸄𪂠𪋊𪳨𪳿𫉂𫚝𬃻𬌡𬍯𬹮𭄰𭪥𭪹𭪻𭮲𭯃𭽝𮖐𰗩𰗳𰘊𰘋𰘪𰘬𰙁𰙃𰯹𰺍𱋙𱚉𲉼𲎜𲑙𲗥𲦉𲧍𲧞𲧨𲵿𳆆
枝	㟚䓩𠔢𡍁𡲅𧌔𪂅𬯾𭪘𮵴𲢨
枦	㮼棙椖楄槴𣐖𣓅𣓖𣓠𣕄𣗉𣟴𣡬𬃐
枭	𫋇𫪧𫽐𬇼𰻮
枯	喖楜𢉽𣚷𤋹𩹬𬃱𬄮𬅂𰏪𰙈𲶂
枲	㷘䈢䢄葈𠢺𢻙𣔗𣕘𣗺𣗻𣙂𣜨𣝜𣞟𣟼𣟽𣠎𣠏𦂅𦈒𦥅𦥐𨐠𨽿𭱠
架	㗎𢉤𢱌𣕧𦩪𭃼𭐾𭫹𮅭𲑀𲦚𲩬𳍧𳐐
枼	㻡䁋䈎䐑䑜䕈䚢䢡䥡䭎䮜偞喋堞媟屟屧幉弽惵揲楪殜渫煠牃牒碟緤艓葉蝶褋諜谍蹀鍱鞢韘鰈鲽𠗨𠝝𡳙𡺑𢜨𢶳𣈽𣓪𣖦𣛻𤭴𥏭𥠓𥷕𥻈𦉃𦼶𧃹𧄠𧽅𨍕𨤘𨵳𩄓𩐱𩔑𩘏𩳶𪃸𪍐𪑧𫄬𫌣𫖷𬃯𬙾𬿃𬿱𭪭𭫮𭫳𭸗𮆩𮋶𮓎𰃜𰔊𰻙𰾕𱂊𱃇𱢯𲆗𲆲𲲍
枽	𭐛𭫏
柏	湐𫢾𬝌
某	㖼䗋䤂媒楳湈煤禖腜謀谋𠋦𠝺𠝼𠿃𡎡𡮘𢃱𢜮𢜯𢱖𣚻𣨴𤧀𤯏𦋡𦨂𦳑𧗅𨪀𩝇𩹮𪃏𪉏𪉴𪤘𪮍𪲣𫂋𫄼𫡪𫯊𬄪𬲞𭸘𭸲𰍇𰍦𰸜𱹍𱻟𱼵𲀙𲓘𲳯𲽅𳇥𳌎
柑	䈤𦴑
染	媣蒅𩃵𫽦
柔	㑱㖻㽥䂋䋴䰆媃揉楺渘煣猱瑈糅腬葇蝚蹂輮鍒鞣韖騥鰇鶔𠢢𢔟𢜸𣟮𣠳𣮪𥍲𥍳𥎁𥠊𦎤𦔇𧳨𨜙𩜷𪍚𪑶𪿌𫍅𫐓𫔄𫲑𬟟𬶧𭏋𰗭𱅟𱊗𱋣𲎟
柕	㮘楙𰘃𱣼
柖	𣑌𤋐
柘	㮟𣗁𱤓𲦼
查	㜁喳嵖揸楂渣猹碴蹅餷馇齄𣉎𥻗𦉆𦳘𨩨𩠺𩮎𪃵𪙁𬊩𬠜𬭠𮅤𮖕𰘞𰪈𰶪𱑟𱚼𱞬𱼍
柬	㪝㱫㼑堜媡徚揀暕朄楝湅煉瑓籣練萰蘭諫谏鍊闌阑鰊鶫𠋖𠒵𠣂𠷬𢃿𢒞𣍃𣞰𣱨𣿊𤗛𥈵𥻂𧍴𧡴𧹯𨃀𨐤𪧶𫌫𫔀𫴨𬚎𬞕𬮔𬶠𮌥𰢯𰫖𱞫𱺧𲳱𳁟
柯	樖𫈥
柰	㮏㲡歀渿隸𡞫𣛒𣜩𤸏𥈡𥊨𥞆𦤧𦳐𦽣𧛮𩈶𩹟𪑨𫎉𫩀𬄷𭔢𭡠𮨕
柱	嵀𥯸𭝦𰘺
柳	𦵂𩋶𲕛
柴	㾹䓱䠕偨喍𡍥𢉪𣖧𤠌𥈐𥓽𪑽𪘿𪪀𭱨𰘐
柺	㭭𮅦
査	㾴喳嵖揸楂渣猹蹅齄𦉆𦳘𪙁
柿	𪲳𱓖
栄	𭱚𮈰𮢚
栈	𡺄𲡿
栗	㗚㟳䔁傈凓塛慄搮溧瑮篥鷅麜𠞉𣗖𣙬𣝭𣠁𤌣𤠫𥠲𦃊𦞰𧢀𨃙𨍫𨜼𨫊𩘟𩺤𫛽𭧅𮂌𮞶𮪕𮫦𱯑
校	𰝱𱃭
栢	𪶯𬃴
栮	㭯棷椰𣘪
样	𣉫𱓫𱸖𲆠
核	𫈺𱓯
根	𡏒𦶠𬓓𬕤𬻩𱈴
格	䈷鿚鿤𠺝𣓌𣗛𥂌𨃶𩹿𪄎𱞼𱤗
栽	溨𨃭𮐅𰖜𰶞𰷊𲸇
栾	滦𪢮𬤗𱠧
桀	㻧䮪傑嵥搩椉榤滐磔謋𠓲𠟇𠹳𡏝𡩣𢞼𣔕𣩊𤌴𥠹𦵴𧎩𧤠𨃥𩫤𫙮𮌪𰈽𰵼𳏚
桂	溎蓕𠺺𥉯𭵣𱣧𲝳𲶆𳉝
案	𣗈𭢀
桊	榺𣚗𧏪𬄆
桌	槕𮄡𮰨
桑	㯩䡦䮣嗓搡槡磉縔褬鎟顙颡𡕏𡠏𡳨𡳭𢧱𢻚𢾪𣉕𣙰𣜹𣜽𣞙𣞰𣞵𣡆𣡉𤌧𤖒𤸯𥛋𦟄𦶿𧏠𨢆𨻗𩮧𩺞𪤌𪳫𪶽𪼏𫶐𬧉𬨑𭄅𭫌𮪼𱈎𳏞
桒	䫙𠦪𢐇𤗥𩐷𩝀𪔬𭪷𰧨𲉗
桓	𦶙𨕹𭗁𲦛𳉞
桔	𬅁𮲺
桘	𫞌𬄁𬄄
桝	𣛋𮀇
桭	槈𣘣
桷	槲檞
桻	𲖂𲶌
桼	㓼㯃㯡䜉䣛䰍厀漆膝黍𠻟𣠬𣠴𥣥𦸓𧀬𧜝𩺲𪄭𬤘𭂜
梁	墚樑簗𥛫𨄈𨎛𨫟𬪔𮌹𲯳
梄	槱𣜙𤍕𪳝𫂘
梅	䔦𠻽𡠫𣙕𣛏𫂚𲿛
梎	楖槪
梖	㰄𣖡𣛸𦹶𬄎𰘛
梚	㭸𲦓
條	樤滌窱篠縧蓧螩鎥鰷𠥑𠺧𡠊𡩢𥉉𨃜𩌜𭞝𭢌𮶃𱟁𲊅𲏲𲝽𲶤
梟	嘄蟂鄡𡏭𡠿𢳚𣘖𣻏𤡔𥉼𱴯𳆮𳍶
梢	䈾䔠𣻘𦄏𲺯
梦	𡪎𢟼𮱖𮴬𰋗
梧	𥲐𫉎
梨	䔧蟍鏫𠼝𣗱𣙔𣞴𣼖𥊈𥲧𩦀𩻌𪅌𬿘𭢍𭧜𭹳𮜏𮤠𮥟
梵	滼𪎒𫍉𭊃𳉥
梹	𬄂𲧖
棃	蔾𥣥𧑇𨬏𩦅𩻳𰢎𰦃
棄	𠾍𣙆𭗦𮑒𲿴
棊	㯦𤩒𦻆𧬗𰟙
棋	㯕簯𦻊𬄙
棐	㰆䕁𢌑𢡅𣚡𣡖𥼠
棒	𠾴𥴇
棓	𣘙𥳖
棕	䉘𤏇𩯖
棗	𣡍𤒗𪦡𫓇𫼄𭫼𮐿𱢦
棘	㻷䪂蕀襋𠍷𠒧𠢠𣝯𣡍𫂡𬮓𭞧𰘥
棠	㒉䉎橖鏿饓𡡢𢴤𢿧𢿵𣪿𥊲𦼕𨅨𩘽𩙆𬈷𭣜
棤	𣛵𥳯
棥	䙪樊欎欝燓蠜鐢鬰𡑀𡡴𢒻𢡟𣛍𣠈𣠧𣠫𣡇𣡜𤕩𥖎𥖯𦉤𧢎𧢣𩕒𪋤𬅖𬅙𬅴𭚅𭫽𰐌𰟛
棧	嶘𥖔𥴈𲚄
森	潹𠎊𠘆𠾣𠾤𡑓𢊲𢵳𣛧𤏗𤺢𥗘𦼚𨅾𰅀𰪗𱏝𲯷𳄏𳆻𳉮
棱	𡼹𦼊
棸	𠟕𦺵𨝮
棹	𠕭𣛔𥴙
棻	㯣𢵙
棼	𠾞𪎕
椂	𦼋𱔘
椉	𠟇𣽘𩦆
椎	𢡫𥴛𩠳𬋈𭗔𱾝
楇	𤬙𨗷
楊	鸉𣿘𥂸𦼴𩁒𬬍𰟣𱈾
楙	壄懋𣜓𣝥𦼪𧃺𧝺𧞉𪴈𲬏
楚	儊憷檚濋璴礎齼𠪴𠿝𡢟𤻇𨆄𨭣𨼪𪹵𬺓𮱰𰏠𰔪𱳋𲴹
楞	㘄鿝
楫	檝𡀞
楬	𥴭𦼰
業	㒒㗼㡤㱉㸁㸣䌜䧨嶪嶫擈曗檏澲礏鄴驜鸈𠄅𠟪𡑿𢢜𣩫𤩶𤾧𥋙𥣈𥴼𦡧𧬬𧸢𨗩𨭥𩑃𩕟𩪤𩼋𪋫𪒲𪖊𪴨𫰃𭳪𮖷𮜙𮡅𰴍𱵬
極	𤺷𦽯𨅰𮔼𱔶𲧥𲺺
楺	𡀐𦽩
楼	𰘸𱔹
楽	䃯檪薬𣛙𪴞𫊚𭢫𭶒𮝩𮣏𰔰
榖	濲𣫪𲧝
榜	𡽲𭋞
榦	𦾮𭬕𱸫
榮	㘇㩞儝嬫嶸濚爃蠑鑅𠓐𣞁𤪤𦆱𦾵𨏍𫮴𬄾𬧘𬷷𰋇𲥊𲯈𲱸𲴿
榴	籕𡂆
槀	燺藁𣝩𩫡𮆥
槃	𤻧𧓙𲞍
構	𡒫𥵡
槐	櫆𥖸
槖	驝𢆇𢷌𣝔𧓜𩏮
槩	𢷽𰝧
槮	𥶠𲣐
槯	𢋬𥶮
槽	𨘨𰘻
樂	㜰㦡䁻䑈䟏䤕嚛擽櫟濼爍瓅皪礫纅藥觻躒轢鑠鱳𠘙𡾒𣀝𣋵𣡝𣡳𣤰𤢴𤻲𤾾𥽗𦘈𧔉𧭥𩟧𩧂𪇱𫿾𬌖𭀅𰙂𱿌
樊	䙪䫶攀礬蠜𡃎𢸅𣝴𥌞𥽢𧀭𧢜𨟄𨟅𩧅𫖺
樋	𥶥𨯁
樓	櫢𭋶𮓍
標	㯹檦𰤉𲗘
樚	𣟸𭭀
樞	䉩藲
模	𡃗𤂨𥀳𰪞
樢	鵂𱈮
横	㶇𱕟𲌕
樵	藮𡃼
樸	𡃾𤒊
橆	𢋰𢸮
橋	𡳯𧂼
橐	𢸨𣟄𥩀𧔬𩟰𩧐𬴎𮕛𳌁
橤	㰑蘂𡾚
橧	𬅎𱕝
橫	㶇𬉟𬣕
檗	蘗𢹐
權	欟𣡒𣡻𪈻
欒	圞灤虊𣡵𬣘𱡖
欝	㠨𤓭𪓉𲰕𳇦
欠	㐸㜛㦤㰝㰞㰟㰠㰡㰢㰣㰤㰥㰦㰧㰨㰩㰪㰫㰬㰭㰮㰯㰰㰱㰲㰳㰴㰵㰶㰷㰸㰹㰺㰻㰼㰽㰾㰿㱀㱁㱂㱃㱄㱅㱆㱇㱈㱉㱊㱋㱌㱍㱎㳄㵣㸝㺵䇜䊻䚿䢭䤰䥲䪠䯉䶴䶾佽俽僛劂吹噷坎嬜弞忺惞扻掀擨擹杴次欢欣欤欥欦欧欨欩欪欫欬欭欮欯欰欱欲欳欴欵欶欷欸欹欺欻欼欽款欿歀歁歂歃歄歅歆歇歈歉歊歋歌歍歎歏歐歑歒歓歔歕歖歗歘歙歚歛歜歝歞歟歠歡炊焁焮燞盜砍缼肷芡螸蠍赥赼趑軟软遬鍁钦锨闕飮飲饮龡𠍫𠎮𠏩𠥜𠩼𠲭𠸰𠺡𠺼𠾗𠿁𠿒𠿖𡁀𡁌𡁍𡂿𡣂𡪡𢁧𢆘𢇣𢌃𢓑𢜛𢡮𢢚𢢶𢣇𢦆𢭻𢶆𢶖𢸈𣆾𣋸𣒱𣒿𣔙𣢀𣢁𣢂𣢃𣢄𣢅𣢆𣢇𣢈𣢉𣢊𣢋𣢌𣢍𣢎𣢏𣢐𣢑𣢒𣢓𣢔𣢕𣢖𣢗𣢘𣢙𣢚𣢛𣢜𣢝𣢞𣢟𣢠𣢡𣢢𣢣𣢤𣢥𣢦𣢧𣢨𣢩𣢪𣢫𣢬𣢭𣢮𣢯𣢰𣢱𣢲𣢳𣢴𣢵𣢶𣢷𣢸𣢹𣢺𣢻𣢼𣢽𣢾𣢿𣣂𣣃𣣄𣣅𣣆𣣇𣣈𣣉𣣊𣣋𣣍𣣎𣣏𣣐𣣑𣣓𣣔𣣕𣣖𣣗𣣘𣣙𣣚𣣛𣣜𣣝𣣞𣣟𣣠𣣡𣣢𣣣𣣤𣣥𣣦𣣧𣣨𣣩𣣪𣣫𣣬𣣭𣣮𣣯𣣱𣣲𣣳𣣴𣣵𣣶𣣷𣣸𣣹𣣺𣣻𣣼𣣽𣣿𣤀𣤁𣤂𣤃𣤄𣤆𣤇𣤈𣤉𣤊𣤋𣤌𣤍𣤎𣤏𣤑𣤒𣤓𣤔𣤕𣤖𣤗𣤘𣤙𣤚𣤛𣤜𣤝𣤞𣤟𣤠𣤡𣤢𣤣𣤤𣤥𣤦𣤧𣤨𣤩𣤪𣤫𣤬𣤭𣤯𣤰𣤱𣤲𣤳𣤴𣤵𣤶𣤷𣤸𣤹𣤺𣤻𣤼𣤽𣤾𣤿𣥀𣥁𣧋𣪄𣪳𣬴𣳩𣵶𣶙𣶛𣼴𣽌𣽟𣿁𤁤𤈾𤊑𤐚𤒡𤘯𤜹𤝀𤝆𤡻𤢔𤩤𤪵𤴼𤻍𤼢𥋵𥎯𥕔𥗄𥴋𥸷𥺏𥽁𦂯𦆃𦜓𦥞𦪬𦽣𧓗𧝽𧞨𧷕𧽓𧿞𨅄𨅠𨍁𨖯𨠅𨡢𨮈𨱟𨵇𨶕𨶦𨼤𩉢𩎗𩐆𩞌𩞺𩪢𩲟𩵢𪅾𪇽𪉁𪌒𪕆𪖗𪗀𪛐𪡗𪥒𪴩𪴪𪴫𪴬𪴭𪴮𪴯𪴰𪴱𪴲𪴳𪴴𪾯𫆁𫜌𫣑𫪘𫰑𫺸𬅝𬅞𬅟𬅠𬅡𬅢𬅣𬅤𬅥𬅦𬅨𬅩𬅪𬅫𬅬𬅭𬅮𬅯𬅰𬅱𬅲𬅴𬅵𬋏𬝺𬩠𬫘𬮼𬶷𬸨𭆇𭆏𭆣𭇳𭈔𭈤𭒖𭖳𭗊𭞗𭤠𭦡𭧸𭭄𭭅𭭆𭭇𭭈𭭉𭭊𭭋𭭌𭭍𭭎𭭏𭭐𭭑𭭒𭭓𭭔𭭕𭭖𭭗𭹒𮂸𮐁𮗦𮛧𮢞𮢵𮤉𮩹𮮅𮯀𮲾𰅢𰇚𰈱𰙊𰙋𰙌𰙍𰙎𰙏𰙐𰙑𰙒𰙓𰙔𰙕𰙖𰙗𰙘𰙙𰛐𰛳𰡚𰶷𰹚𱙴𱜠𱤷𱤸𱤹𱦢𱦷𱧆𱨧𱬨𱷙𲁈𲂞𲂟𲃒𲊩𲎯𲐜𲗈𲞰𲟫𲠕𲠾𲥦𲧫𲧬𲧭𲧮𲧯𲧰𲯚𲰔𲱺𲳩𳈅𳈘𳏠𳏨
次	䅆䢭䨏䪡䪢䪣䯸䳐乲佽咨垐姿恣栥栨楶瓷盗秶粢絘羡茨資资趑趦餈𠃻𠸆𡄻𡷑𢙊𢝩𢫴𣣀𣣌𣣰𣤮𣧸𣯃𣳩𥴃𥿩𦈱𧊒𧜍𧰕𧰝𧾒𨀥𨋰𨒮𨦠𩐊𩐒𩶲𩽑𪅵𪾪𫻢𬁦𬁼𬅧𬏗𬓯𬚺𬢤𭁊𭛨𭯎𮊰𮣤𰬒𰲗𰸏𱍞𱤗𱤺𱳞𲂠𲛦𳊯
欢	𣤅𭇲𭇳𰴸𱞓
欣	俽惞掀焮鍁锨𣔙𣣁𣤘𤊑𤷓𦜓𦲽𪡗𪾯𬢀𭦡𭮙𮛧𰡚𱦷𲞰𲳩
欦	𡸛𢉄𨡢
欧	𫪘𰎦𱫓
欬	𠺡𤸺
欮	㙭厥嶡瘚闕阙𣖬𥕲𥗮𨇮𫟔𰘒𱱱
欲	慾螸𠁓𢊦𣩭𧐄𧢊𫮟𬅳𭊒𭊖𲩿𳂠
欵	窽𦹔𨶦𩺶𪶿𫥗𫫙𫽸𰟖
欶	嗽嫰摗樕漱瘶簌蔌遬鏉𠘂𢹀𤡃𦌊𧐁𧫷𨱒𩌱𩐋𩞌𩮶𭋯𲃒𲠜
欹	𡼭𱨧
欺	㠌僛𠿁𡮪𥳽𪅾𮑁𮑡
欻	㗵𣊞𦌗
欽	䃢嶔廞撳𠪢𠾬𡼲𢵡𣾠𤺰𨅠𨯎𨼌𰒏𱏒𱢭
款	㯘䕀䥗䲌窾𡪡𢕫𢡜𢴪𣽟𫔋𫫬
欿	𣽌𦻁
歃	𬋐𰈱
歆	噷嬜𢋆𢣇𣋚𤐚𤻐𥋵𥵗𨮈𩪢𫉮𫘃𫻎𲥦𲬞
歇	㵣蠍𠥜𠿒𡽙𢢚𢶆𤢔𦪬𧓃𧝽𪗀𬋏𭧸
歈	𢋅𢶖𤻍
歋	擨𠐀𧓗
歌	𫉸𲗈
歎	擹𣋸𣞔𤁤
歐	䥲𡂿𤮥𥗄𧞨𰎼𰟱𰲊𲍨
歛	㶑籨蘝𠑁𡄥𡾴𢌃𢹦𣌋𤼏𨰇𪩪𱢴𱬬𳀏
歡	𤼢𭄝𰫻𱙴
止	㒪㡪㢟㱏㱑㱒㱓㱕㱖㱗㱘㹛㺡䄳䇛䊼䍽䕫䤠䧳䳄企凪址堽夒峜延扯昰杫櫪正此步武歧歨歩歪歫歬歭歮歯歱歲歳歴歵歷歸沚渋症砋祉耻肯芷蘷虁訨讈豈趾辪阯靂頉齒齿𠂛𠂜𠇈𠏔𠐰𠑍𠑚𠑛𠚠𠜶𠝣𠟞𠠝𠣏𠩧𠪈𠭓𠮋𠯽𠳰𠹜𠾋𡂥𡇬𡇴𡈖𡓼𡕼𡕽𡖀𡖰𡚍𡚓𡠔𡠡𡡸𡧡𡴧𡵩𡿚𡿟𡿽𢀽𢆃𢆆𢉍𢋹𢌨𢍷𢒕𢒸𢓊𢕜𢕱𢠟𢡒𢦰𢭌𢲮𢵏𢹎𢺕𢽗𣀥𣂠𣂯𣂶𣂸𣆞𣏔𣒉𣗀𣗫𣢃𣢸𣤻𣥃𣥅𣥆𣥇𣥈𣥉𣥊𣥌𣥍𣥎𣥏𣥐𣥑𣥒𣥓𣥔𣥕𣥖𣥗𣥘𣥙𣥚𣥜𣥝𣥞𣥟𣥠𣥡𣥢𣥣𣥤𣥦𣥧𣥩𣥪𣥫𣥬𣥭𣥮𣥯𣥰𣥱𣥲𣥳𣥴𣥷𣥸𣥹𣥺𣥻𣥼𣥽𣥾𣥿𣦀𣦁𣦃𣦄𣦅𣦇𣦈𣦉𣦊𣦋𣦌𣦐𣦑𣦒𣦔𣦕𣦗𣦘𣦙𣦚𣦜𣦝𣦞𣦟𣦠𣦡𣦢𣦨𣦩𣦪𣦬𣦯𣦱𣦲𣦳𣦴𣧐𣴻𣹣𣾅𤁍𤅌𤉭𤎵𤑊𤔿𤧧𤪨𤫘𤵁𤷺𤸕𤼬𤽢𥅵𥎩𥎼𥏁𥐃𥒿𥓇𥘣𦈍𦈢𦊆𦑳𦒕𦖐𦙡𦪍𦭒𦮳𦷘𦾪𧁅𧃍𧃰𧉀𧉘𧖭𧘲𧠛𧢏𧣆𧫌𧳺𧸥𧺠𧻂𧾭𧾷𨂇𨅅𨈉𨊺𨏵𨑭𨒠𨓧𨓼𨕐𨖸𨛷𨜁𨮷𩄗𩉮𩑽𩒞𩓯𩔤𩕨𩚻𩛒𩠮𩵉𩵊𩾰𪃚𪥧𪫘𪫣𪬞𪭆𪰊𪴵𪴶𪴷𪴸𪴼𪴾𪴿𪵺𪸔𫓊𫖠𫝍𫟞𫠱𫢂𫧎𫧽𫨞𫭠𫰏𫲺𫵙𫹔𬅶𬅷𬅸𬅹𬅺𬅻𬅼𬅽𬅾𬆀𬆇𬆌𬆏𬈰𬒪𬔊𬜙𬞯𬟡𬠿𬩿𬯪𬲤𬷏𬻪𬾜𭅊𭆨𭐎𭐱𭖇𭟰𭤆𭧹𭨪𭪠𭭙𭭚𭭛𭭜𭭝𭭞𭭟𭭠𭭡𭭢𭭣𭭤𭭥𭭦𭭧𭭨𭭪𭭬𭭰𭭲𭭳𭭵𭭶𭭷𭭻𭭼𭮿𭰱𭲾𭺖𭻼𭼃𮀉𮀗𮇦𮇬𮨜𮮽𰀜𰂮𰅷𰋞𰌠𰌾𰍪𰐶𰕤𰙚𰙜𰙝𰙞𰙟𰙠𰙡𰙢𰙣𰙦𰙧𰙨𰙩𰙫𰙬𰙭𰙮𰙯𰙰𰙱𰙲𰙳𰙴𰙵𰙷𰙹𰙺𰩠𰳐𰳭𰳮𰶵𰺵𰺼𰻤𰽠𱀦𱂛𱄮𱌮𱏞𱑤𱡫𱤻𱤼𱤽𱤾𱤿𱥀𱥁𱥄𱥅𱥆𱥇𱥈𱥊𱦬𱨃𱩕𱫆𱭍𱳠𱼷𱿇𲀖𲊱𲍵𲒤𲓷𲧱𲧳𲬆𲽠𳈠𳊷𳌉
正	㓻㫌㱏㱐䆙䇥䋊䢥佂佱囸姃征怔政整昰柾歪泟炡焉症眐竀罡聇証证鉦钲阷靕頙鴊𠊦𠑳𠙁𠝙𠢦𠢫𠭅𠰪𡆅𡛵𡧡𡩞𡬺𢁿𢌛𢌫𢘫𢝒𢠟𢨂𢾘𢿄𢿋𢿫𣁇𣂾𣄩𣄫𣆞𣚪𣥄𣥛𣥵𣦍𣦎𣦓𣦛𣦤𣦥𣪅𣫆𤑠𤧏𤫒𤭺𤯅𤽢𥓱𥘺𥦰𥩠𥫇𦋳𦙫𦟆𦦜𦭒𧁅𧗪𧘿𧡰𧣠𧨋𧶷𨒌𨕆𨚣𨠣𨺛𨺼𨺾𨾖𩒞𩚫𩬧𩶝𩿳𪤶𪪎𪭤𪭻𪴹𪴺𫅏𫠱𫿮𬅸𬆃𬆄𬆅𬆈𬇵𬈈𬋮𬝸𬟿𬨶𬱐𬼉𭆱𭍓𭍖𭐠𭣼𭤖𭤗𭤻𭪉𭭘𭭱𭰸𭶷𭿖𮈞𮛐𮝆𮣓𮣟𮲿𰀟𰁔𰃪𰋞𰎻𰕸𰙛𰙤𰙨𰙪𰙶𰙸𰡴𰩓𰮖𰼯𰿓𱅸𱥂𱩤𱪲𱲿𲊪𲊺𲑄𲒵𲓒𲧲𲧴𲧶𳄤
此	㖢㘹㠿㧗㧘㫮㭰㰣㱔䂑䂣䖪䘣䳄些佌呰呲啙姕庛柴歶泚玼疵皉眥眦砦祡紪紫胔茈觜訾訿貲赀跐鈭雌頾頿飺骴髭鮆鴜齜龇𠀢𠂱𠩆𠹮𡗼𡘌𡥎𢃌𢓗𣆟𣐑𣜁𣢙𣥥𣥨𣭁𤇬𤝭𤽤𤿙𥞅𥬳𦈬𦍧𦙼𦚚𦸿𧕓𧙁𧥕𧬟𧺼𧿿𨒤𨚖𨠐𨱲𨲦𨹀𩍳𩑽𩢑𩢭𩨱𩲨𩶆𪉈𪕊𪕑𪗶𪳡𫚖𬅿𬽁𭂍𭎔𭪿𭭺𮝏𰙥𰦐𱎷𱜧𱜶𱥉𱶸𲏞𲓂𳂖𳋔𳋟
步	㻉㾟䑰䤮埗徏捗歩涉荹踄陟頻频𠉡𠳤𡘧𡝃𢈨𢧁𣚷𣦖𣻣𤫻𥒼𥙺𥹴𦁗𧌂𧼝𨛒𨽥𩊶𩣝𩷖𪌷𪨏𫛄𫫈𮢸𮲳𰙿𰳬𲮃
武	䝾䟼倵娬斌珷碔虣賦赋錻陚鵡鹉𢎔𢯞𣓸𣦏𤭎𧇭𧸾𪣥𪸵𫀐𫈓𫛁𫪗𬑘𬷜𬿐𭓈𭨹𭭫𭭮𭭯𭭸𭭹𭮗𮀃𮦔𮵨𰐙𲮌𲾬𳄈
歧	𡹉𤛽
歨	徙𣶵𥓢𥳧𦁡𧚺𨁾𨔀𨺗𩋀𫈾𫽉𬢮𱵖
歩	渉頻𣦉𥒼𦁗𭓷𮃊𮘘𮤓
歪	㗏𢱉𣖍𤟷𦝽𨂿𪴻𪴽𫣀𬆆𮀬𮈥𰹁𱝓𱿯
歬	𠝣𤌺𦑳𦷱𧁄𩮣
歮	澁蕋𠦾𠾜𡢋𢡬𤎠𤺙𥖋𦗮𦠊𦿼𧬃𧴎𩻩𫓋𬄢𬿨𰘭𰢐𱟈𲬇
歯	噛齢𪗱𪘂𪘚𫠚𬬜𬹴𭌰𮣁𮮾𮯃𮯅𮯇𮯈𮯋𮯌𮯎𳑲
歰	㒊䔼澀譅𠽼𡡟𢕬𢡉𣚟𤖗𧴙𰶎
歲	䠩䮹劌噦奯檅濊獩穢翽薉鐬顪饖鱥𢆫𢒱𢕺𣤠𣦦𣦧𣦫𣦭𣦮𣩪𤻀𦅵𦡖𧬨𧴖𧸗𨞣𪒩𬆎𮕃𮭘𱉁𲚭𲧷
歳	𨞣𬿳𭢴𲧵
歴	𤁋𫌕𫾐𭬒𭼰𮒃𮝬𮣙𮦷𰙻𳁌
歷	㠣㱹㺡㿨䍥䍽䟐䥶儮嚦壢攊櫪瀝爏瓑癧礰藶讈轣靂𠘟𠠝𠫌𠫏𡤌𡫯𢖙𢤩𣀥𣄬𣌅𣌜𣦰𣫧𤖢𤘃𥌮𥤀𥨻𥷒𦇔𦘊𦪾𧔝𧞿𧰡𧴠𨇗𨊛𨘸𨟑𨣷𨷦𩙖𩪸𩯺𩽏𪓀𪖍𪗁𪙪𪙽𫇀𲅉
歸	巋蘬𠐽𢹾𣠗𥍁𧢦𧢫𧰥𬵻𭳶𰸸𱜔𱝺𳇡
歹	㱙㱚㱛㱜㱞㱟㱠㱡㱢㱣㱤㱥㱦㱧㱨㱩㱪㱫㱬㱭㱮㱯㱰㱱㱲㱳㱴㱵㱶㱷㱸㱹㱺㱻䬸列夙死歼歽歾歿殀殁殂殃殄殅殆殇殈殉殊残殌殍殎殏殐殑殒殓殔殕殖殗殘殙殚殛殜殝殞殟殠殡殢殣殤殥殦殧殨殩殪殫殬殭殮殯殰殱殲肂舞薚飱餮麦𠯪𠸅𡇕𡑙𡛃𡧒𢁳𢍗𢗚𢪰𢱵𢳗𣍌𣟃𣦹𣦺𣦻𣦽𣦾𣦿𣧀𣧁𣧂𣧃𣧄𣧅𣧆𣧇𣧈𣧉𣧊𣧋𣧌𣧍𣧎𣧏𣧐𣧑𣧒𣧓𣧔𣧖𣧗𣧘𣧙𣧚𣧛𣧜𣧝𣧞𣧟𣧠𣧡𣧢𣧣𣧤𣧥𣧦𣧧𣧨𣧩𣧪𣧫𣧬𣧭𣧯𣧰𣧱𣧲𣧳𣧴𣧵𣧶𣧷𣧸𣧹𣧺𣧻𣧼𣧽𣧾𣧿𣨁𣨂𣨅𣨆𣨇𣨈𣨉𣨊𣨋𣨌𣨍𣨎𣨐𣨒𣨓𣨔𣨕𣨗𣨘𣨙𣨚𣨛𣨜𣨝𣨞𣨟𣨠𣨡𣨢𣨣𣨤𣨥𣨧𣨨𣨩𣨪𣨫𣨬𣨭𣨮𣨱𣨲𣨳𣨴𣨵𣨶𣨸𣨹𣨺𣨼𣨽𣨾𣨿𣩀𣩃𣩄𣩅𣩆𣩈𣩊𣩋𣩌𣩍𣩎𣩏𣩐𣩑𣩒𣩓𣩔𣩗𣩘𣩙𣩚𣩛𣩜𣩝𣩞𣩟𣩠𣩡𣩢𣩣𣩤𣩥𣩦𣩧𣩨𣩩𣩪𣩫𣩬𣩮𣩯𣩰𣩱𣩲𣩳𣩵𣩶𣩷𣩹𣩼𣩽𣩿𣪀𣪁𣱚𣲠𤢋𤷋𥕈𥣾𥤈𥹏𥼒𦍙𦯢𦰸𦹠𦻰𧺰𨉙𨉧𨑰𨚌𨩡𩎳𩐁𩖉𪗈𪚗𪞧𪵀𪵁𪵂𪵃𪵄𪵅𪵆𪵇𪽨𫞔𬆑𬆔𬆚𬆛𬆝𬳜𭅵𭊧𭓗𭣤𭪕𭭽𭮀𭮁𭮂𭮃𭮄𭮅𭮆𭮇𭮈𭮉𭮊𭮋𭮌𭮍𭮎𭮏𭮐𭮑𭮒𭮔𭮕𭮖𭮗𭮘𭮙𭮚𭮛𭮞𭮟𭮠𭮡𭮢𭮣𭮤𭮥𭮦𭮧𭱾𭹚𮍭𮜔𰙼𰙽𰙾𰙿𰚀𰚁𰚂𱖁𱣁𱥋𱥏𱥐𱥑𱥒𱥓𱥔𱬚𲀰𲅨𲅵𲚱𲧸𲧹𲧺𲧻𲧼𲧽𲧾𲧿𲼀
歺	殄𠎀𠗗𡛝𢀸𢤅𢴴𣣰𣦷𣦸𣦼𣧕𣧮𣨄𣨏𣨖𣨯𣨷𣩕𣩻𣱞𣶡𤖈𥂥𦍲𦘖𦚛𦥋𦸟𩗦𩛈𬆖𬆙𬋿𬥡𬦊𭗿𭭾𭭿𮕞𰴬
死	㘸㰷㱝屍斃毙臰葬薨𠆚𠪶𢍈𢲀𣑘𣣌𣨀𣨑𣨰𣨻𣩁𣩂𣩇𣩖𣩭𣩴𣩸𣩺𣩾𤽨𥥱𥧛𦎄𦵏𧂎𧵲𨱼𩊢𩖎𩫓𪈘𫪔𬆗𬆘𬆜𬋎𬽇𭃰𭇟𭜨𭮓𭮜𭻏𮐾𮬳𰛠𱥎𱥕𱰗𱴣𲀊𳅹
殂	𣹖𮏭
殄	餮𧍿𰳋
殊	𢲬𪬔𬗰𭉝𭫔
残	𣸶𰤽𱣴𱸐
殘	䉔𥂫𦺐𭼨
殳	㔇㗨㙠㝅㨌㱼㱽㱾㱿㲀㲁㲂㲃㲅㲊㿄䃜䉨䊛䗟䝂䝘䟝䥣䩔䬦䯴伇匓吺嗀坄嫛廄廏役愨慇慤投摋擊杸榝樧檕殁殴段殶殷殸殹殺殻殽殾殿毀毁毂毃毄毅毆毇没濲炈瑿疫癹發盤瞖砓礊祋穀竐緞繄繫罊羖翳股般芟蔱蟿設设豛軗轚酘醫鈠鎩骰黳𠚹𠣿𠥚𠥝𠨻𠶳𠷑𠹢𠺽𠿉𠿊𡃀𡇀𡍰𡒼𡚾𡢕𡢖𡤖𡧔𡿚𢋁𢑿𢗎𢜄𢞒𢞸𢟌𢟥𢡯𢡱𢢞𢢢𢣯𢤶𣖫𣘦𣚯𣝝𣤖𣤢𣪂𣪃𣪄𣪅𣪆𣪇𣪈𣪉𣪊𣪋𣪌𣪍𣪎𣪏𣪐𣪑𣪓𣪔𣪕𣪖𣪗𣪘𣪙𣪚𣪛𣪜𣪝𣪞𣪟𣪠𣪡𣪢𣪣𣪦𣪧𣪩𣪪𣪫𣪬𣪭𣪮𣪯𣪰𣪱𣪲𣪴𣪵𣪶𣪷𣪺𣪻𣪼𣪽𣪾𣪿𣫀𣫁𣫂𣫃𣫄𣫅𣫇𣫈𣫋𣫍𣫏𣫐𣫑𣫖𣫗𣫚𣫛𣫞𣫟𣫠𣫡𣫢𣫥𣫦𣫧𣫩𣫪𣫫𣴂𣺲𣻑𣾮𤍁𤐘𤐢𤖬𤛖𤝈𤠼𤤄𤧧𤩚𤩮𤩯𤩱𤮈𤮛𤻏𤼺𥃚𥃛𥍟𥝻𥡛𥨃𥰺𥲏𥳨𥸃𥺵𥻦𥽂𥽦𥽿𦃏𦇍𦋲𦎼𦒫𦒯𦤂𦦹𦲗𦳠𦴎𦷊𦼷𦾫𧈌𧈑𧈗𧈻𧎅𧏌𧏫𧐜𧒼𧘣𧜁𧜤𧝷𧞒𧞹𧞺𧣇𧤧𧫦𧯸𧰵𧲇𧺢𨐅𨕮𨕵𨕶𨖏𨗋𨙀𨢋𨨻𨩂𨯳𨰢𨱁𨱚𨵐𨶞𨷕𨸜𨿒𩎂𩏻𩥯𩪔𩮫𩮵𩳇𩴇𩵤𪁛𪃟𪄅𪆑𪇂𪉘𪌓𪍢𪍥𪐮𪒮𪕂𪖃𪚆𪛒𪵈𪵉𪵋𪵍𪵎𪵏𪵐𪵒𪵓𪹉𪹙𫐁𫐺𫗑𫘈𫜕𫞌𫠙𫨻𬆞𬆟𬆠𬆡𬆢𬆣𬆤𬆥𬆦𬆧𬆨𬆩𬆪𬆫𬆬𬆭𬆯𬆰𬆱𬆲𬆳𬆴𬉐𬊷𬗿𬥍𬩞𬬜𬯹𬲵𭁿𭌱𭙔𭚧𭨾𭬢𭮨𭮩𭮪𭮫𭮬𭮮𭮯𭮲𭮳𭮴𭮵𭮷𭮸𭮹𭮽𭮿𭯁𭯄𭳜𭳮𭿐𮇩𮈀𮋺𮢶𮳀𮸳𰆢𰊙𰒍𰕶𰚃𰚄𰚅𰚆𰚇𰚈𰚉𰚊𰠎𰨴𰮏𰯯𱉷𱋞𱔒𱕧𱤃𱥖𱥗𱥙𱥚𱯏𲇍𲇔𲎧𲑠𲚖𲨀𲨁𲨂𲨍𲷫𳋨𳏖
段	㱭塅椴毈煅瑖碫緞缎腶葮鍛锻𠩻𠽠𢀤𢝪𢯫𣹂𥈨𧎚𧷃𧹮𨉨𨺣𩋦𩏇𩤣𩹨𪝒𪦋𪰴𪽜𫏗𭸞𮇭𮬙𱛽𲹴𳑠
殷	慇溵磤蒑𢟝𣉥𨍪𪝛𪾄𫳪𬆵𬎀𰆤𰏾𰻷𱄬𱍪𲵢
殸	㯏㲆㲇㲈㷫㿦䅽䡰撀毊漀磬罄聲謦鏧韾馨𡄈𡄒𡄔𢐙𣍆𣪤𣫆𣫊𣫒𣫘𣫙𣫜𣫝𣫣𣫤𣫨𤛗𤹥𥃟𥊧𥗚𥼆𧐡𧤴𧹷𨢤𩏜𪍱𪐕𪔰𪚣𪡹𪵑𫌤𫶲𬆍𬺝𭮾𭯃𭯅𭿩𮂐𮡑𮡞𮭑𰒘𰥃𰩩𰶟𰷎𰺘𱕞𱰎𲟏𲹏
殹	㗨㙠㬾㿄䃜䗟嫛毉瑿瞖繄翳蘙贀醫鷖鹥黳𢊘𣘦𣫥𣫫𧜤𧢂𧫦𩥯𩮵𩮾𮡠
殺	䊛摋榝樧蔱鎩𠺽𢄌𢞒𢟌𣉜𣻑𤍁𥻦𦃏𧏫𧜁𩮫𩴇𩻈𪄅𪹤𬿔𭯀𭯂𮂎𰧖𱤃𱥘𳉠
殻	慤𣝝𤛓𤠼𦎼𧐜𪅏𪍥𪖃𰒛
殼	𢡱𪆪𲖛
殽	𢡯𥳴𦺔𬥨𳇄
殿	㩔壂澱癜臀臋𠿍𡑴𢅝𣋙𣫕𤩱𤩴𥴫𦽄𧓇𩪡𪒮𫖋𫿚𮡆𲧅𲧆𲱌𳇎
毀	㩓䥣檓燬譭𡒂𡢕𡢶𢶙𥵓𥼹𥽂𦽐𨷕𱯪𲧁
毁	㩓檓燬譭𡒂𡢕𡢶𢶙𤻏𥵓𥼹𦽐𧝷
毄	𡁒𤪢𥖳𦿓
毅	䉨藙𡃀𫻗
毋	毎毐毒𣏭𣫯𣫱𣫲𣫳𣫻𣫽𥁉𥦾𦰓𩬍𱶮𲔖𲔹𲜏
毌	㺙䗰虜貫贯𡞔𣫻𥁉𥦾𦇨𦑢𧜍𪞈𪭖𪼨𬀆
母	㑄㝀㟂䍭䳇乸呣坶姆拇栂每毐毑毒牳砪胟苺袰鉧𠰔𡥓𡥘𡴋𡴛𡹆𢘃𢘓𢯈𣚺𣫭𣫮𣫯𣫰𣫴𣫿𣬀𣭇𣳗𣳠𤌖𤝕𤯟𤵝𥎳𥖏𥬦𦃫𦊏𦔣𦱞𧉯𧦥𧩒𧰷𧿹𨈶𨱱𨾥𩶋𫕢𫪰𫿖𬆷𬆸𬓻𬙰𬭁𭑐𭫟𭯇𭯈𭹃𰕽𰟌𰣅𰭪𱉞𱥛𱥜𲏛𲑸
毎	侮悔敏梅海𭮬
每	㙁䀲䊈䋣䋦䍙䩈䱕侮勄娒悔慜挴敏晦梅毓海瀪烸珻畮痗緐脢莓誨诲踇酶鋂霉黣𠜮𠧩𠲯𠳨𡎧𡴕𡼺𢂳𢑍𢙽𣒫𣔍𣫷𣫸𣫺𣫼𣫾𣬁𣴴𣼿𤗆𤙩𤞦𤭐𦾴𧄫𧋟𧖦𧚀𧶅𨧊𩊱𩛸𩱟𪉥𪖫𪖬𪧞𪵔𪵥𫂂𫄩𫜈𫯋𫯎𫴱𫵾𬅗𬆶𬑲𬒐𬠱𭙝𭮬𭯉𰾄𱔙𱕏𱕒𱿦𲖧𲛆𲛹𲰁𲲿
毐	𡹆𢮇
毒	䓯瑇碡纛蝳𠉩𠒾𠷮𢃶𢝂𣕬𣥽𣫵𣫶𣫹𤚚𤸚𥳻𦑢𦺇𧔄𧛔𨂭𨍛𩹝𬠶𬶡𭖪𭡡𱜕𱥝𲫱𲯊𲽒
毓	𢑎𤪝𩱢𩱱𬉕𲽖
比	㔡㘩㩺㲋㿫䀝䃾䊌䘡䚹䩃䴡仳吡坒妣嫓屁崑庇批昆枇枈毕毖毗毘毙毞沘玭琵疪皆砒秕笓箆箟粃粊紕纰肶舭芘菎萞蚍詹豼鈚阰魮鹿𠉆𠐚𠞇𠢒𠨒𠨽𠳓𠹦𡅛𡗬𡙟𡛗𡞂𡠌𡲩𢁦𢋟𢗽𢻹𢾱𣅜𣅪𣗽𣝳𣢋𣬂𣬃𣬄𣬅𣬆𣬇𣬈𣬉𣬊𣬌𣬍𣬓𣬔𣬗𣬘𣬙𤂏𤘤𤘥𤜻𤧰𤽊𤽏𤿎𥎬𥏉𥖷𥤻𥰑𥶕𥼗𥼡𦃋𦊁𦐳𦧕𦱔𦶃𦿙𧇂𧔯𧔻𧘱𧞟𧣅𧴀𧸸𧺲𧿥𨈚𨉊𨊗𨋅𨘶𨚍𨟵𨪡𨻘𨼄𩉫𩌟𩎐𩔙𩨨𩬈𩲖𪄆𪄢𪇾𪉔𪊕𪊖𪋆𪌈𪎬𪟫𪫠𪵕𫋪𫖝𫚰𫵏𬆹𬆺𬆻𬌾𬙌𬧱𬬫𬸲𬾌𭆛𭉵𭖵𭖼𭙂𭙮𭝰𭩄𭪣𭯊𭯋𭯌𭯍𭯎𭯏𭯑𭰱𭲹𭻦𮌗𮍹𮐧𮭴𰅢𰐉𰐕𰓁𰚌𰚎𰶳𰿲𱂼𱇒𱕾𱪔𲇚𲋳𲨃𲲛
毕	哔坒枈筚荜跸𣭤𤇹𨋅𪪼𫎳𫖒𫼣𬙝𬠃𬤷𭅣𭆛𮩛𮲰𰃻𰋾𰛡𰬎𱁴𱆬𲍴
毖	𠭺𣸢
毗	𥯡𦳈𧔆𧖈𧖎𪽥𭻲𭻽
毘	𣬗𦶃𫞾𬵝𭒇𭖵𭡨𮔢𮖘𮢠
毚	㜶㸥㺥䂁䧯䪌儳劖嚵巉攙欃瀺纔艬讒酁鑱镵饞𠣄𡆙𡓦𡮿𢖞𢩢𣤱𤒰𤜇𤮭𦣸𦧻𧕃𧥓𨇩𨳂𩖌𩰃𩽝𪓄𪗂𪚃𰧫
毛	㕰㘪㚪㧌㲌㲍㲎㲏㲐㲑㲒㲓㲔㲕㲖㲗㲘㲙㲚㲛㲜㲝㲞㲟㲠㲡㲢㲣㲤㲥㲦㲧㲨㲩㲪㲫㲬㲭㲮㲯㲰㲱㲲㿞䋃䚽䫽䭷䶰兞宒尾旄枆毜毝毞毟毠毡毢毣毤毥毦毧毨毩毪毬毭毯毰毱毲毳毴毵毶毷毸毹毺毻毼毽毾毿氀氁氂氃氄氅氆氇氈氉氊氋氌氍氎浘牦瓱眊秏竓笔粍耄耗芼蚝覒軞酕閐雮靟髦魹麾𠇔𠉜𠫈𠳿𡥊𡲔𡶮𢅇𢗳𢟾𣖏𣥡𣬜𣬝𣬞𣬟𣬠𣬡𣬢𣬣𣬤𣬥𣬦𣬧𣬨𣬩𣬪𣬫𣬬𣬭𣬮𣬯𣬰𣬱𣬲𣬳𣬴𣬵𣬶𣬷𣬸𣬹𣬺𣬻𣬼𣬽𣬾𣬿𣭀𣭁𣭂𣭃𣭄𣭅𣭆𣭇𣭈𣭉𣭊𣭋𣭌𣭍𣭎𣭏𣭐𣭑𣭒𣭓𣭔𣭕𣭖𣭗𣭘𣭙𣭚𣭛𣭜𣭝𣭞𣭟𣭠𣭡𣭢𣭣𣭤𣭥𣭦𣭧𣭨𣭩𣭪𣭫𣭬𣭭𣭮𣭯𣭰𣭱𣭲𣭳𣭴𣭵𣭶𣭷𣭸𣭹𣭺𣭻𣭼𣭽𣭾𣭿𣮀𣮁𣮂𣮃𣮄𣮅𣮆𣮇𣮈𣮉𣮊𣮋𣮌𣮍𣮎𣮏𣮐𣮑𣮒𣮓𣮔𣮕𣮖𣮗𣮘𣮙𣮚𣮛𣮜𣮝𣮞𣮟𣮠𣮡𣮢𣮣𣮤𣮥𣮦𣮧𣮨𣮩𣮪𣮫𣮬𣮭𣮮𣮯𣮰𣮱𣮲𣮴𣮵𣮶𣮷𣮸𣮹𣮺𣮻𣮼𣮽𣮾𣮿𣯀𣯁𣯂𣯃𣯄𣯅𣯆𣯇𣯈𣯉𣯊𣯋𣯌𣯍𣯎𣯏𣯐𣯑𣯒𣯓𣯔𣯕𣯖𣯗𣯘𣯙𣯚𣯛𣯜𣯟𣯡𣯢𣯣𣯤𣯥𣯦𣯧𣯨𣯩𣯪𣯫𣯬𣯭𣯮𣯯𣯰𣯱𣯲𣯳𣯴𣯵𣯶𣯷𣯸𣯹𣯺𣯻𣯼𣯽𣯾𣯿𣰀𣰁𣰂𣰃𣰄𣰅𣰆𣰇𣰈𣰉𣰊𣰋𣰌𣰍𣰎𣰏𣰐𣰑𣰒𣰓𣰔𣰕𣰖𣰘𣰙𣰚𣰛𣰜𣰝𣰞𣰟𣰠𣰡𣰢𣰣𣰤𣰥𣰦𣰧𣰨𣰩𣰪𣰫𣰬𣰭𣰮𣰯𣰰𣰱𣰳𣰴𣰵𣰶𣰷𣰸𣰹𣰺𣰻𣰼𣰽𣰾𣰿𣱀𣱁𣱂𣱃𣱄𣲭𤆬𤙚𤝄𤦖𤷋𥄥𥇾𥐽𦏫𦒷𦙤𦯮𦺑𦿗𧃂𧋦𧘝𧠑𨈥𨑺𨔅𨖧𨪅𨱞𨲰𨸃𩉪𩎄𩠔𩤗𩫁𩲊𩳯𩿂𩿘𪉚𪎷𪰌𪵖𪵗𪵘𪵙𪵚𪵛𪵜𪵝𪵞𪵟𪵠𪵡𪵢𫂌𫄜𫐿𫷀𬆼𬆽𬆾𬆿𬇀𬇁𬇂𬇃𬇄𬇅𬇆𬇇𬇈𬔆𬚱𬣜𬨁𬲎𭯒𭯓𭯔𭯕𭯖𭯗𭯘𭯙𭯚𭯛𭯜𭯝𭯞𭯟𭯠𭯡𭯣𭯤𭯥𭯦𭯧𭯨𭯩𭯪𭯫𭯬𭯭𭯮𭯯𭴎𭸶𮁠𮊐𮊛𮗥𮘕𮳁𮳂𰀴𰉝𰚍𰚎𰚏𰚐𰚑𰚒𰚓𰚔𰚕𰚖𰚗𰚘𰚙𰚚𰚛𰚜𰚝𰚞𰚟𰚠𰚡𰚢𰚣𰚤𰚥𰚦𰚧𰚨𰚩𰚪𰚫𰚬𰚭𰚮𰚯𰚰𰚱𰚲𰚴𰚵𰚶𱥞𱥟𱥠𱥡𱥢𱥣𱥤𱥥𱥦𱥧𱬣𱻋𲇇𲋏𲔥𲜸𲟲𲨄𲨅𲨆𲨇𲨈𲨉𲨊𲨋𲨌𲨍𲨎𲨏𲨐𲨑𲨒𲨓𲨗𲽦𳀔𳀕𳂶𳄬𳌗
毟	毮𣰲
毦	𥧢𦶇
毫	𡐒𢴅𣻼𤡇𦹾𧐢𮁀𱜋𱸡𲋬𲖒
毳	㦌㯔䄟䩁撬橇竁膬𠽶𡪣𣰗𣾽𥕹𥳈𥼛𦗨𧹺𨊉𪤛𪹮𰚳𱁯𲁄𳃤
氈	𦏫𩎄
氏	㞴㡳㹝䉻䟗䲬䲭坁帋忯扺昏氐氒汦疧眂祇秖紙纸舐芪蚔衹觗赿軝𠆖𠛊𠥯𠨿𠯑𠲐𠼠𡆿𡑘𡚼𢇼𢗪𣃮𣇻𣏚𣢎𣱆𣱇𣱋𣱌𣱍𣱏𤖿𤬕𤯁𤯄𥄇𥫽𦐊𦕌𦙆𦷘𧉜𧋗𧎪𧦄𧵄𨎱𨟾𨥌𨱡𨸝𨾛𩉬𩑥𩜡𩟾𩬁𪭭𫀔𫛂𫞕𫼙𬄉𬇊𬇋𬇌𬇍𬒀𬛺𬡼𬨂𭇇𭎁𭦯𭸻𮠇𰑭𰓅𰖘𰚺𱈧𱏝𱓍
氐	㪆㫝㲳䍕䑛䟡䢑䩚䬫低厎呧坻奃岻底弤彽怟抵掋柢泜牴疷眡砥祗秪羝胝茋蚳袛觝詆诋貾趆軧邸阺骶鴟鸱𡍓𡛜𡞖𢺾𢼕𣱊𣱋𣱎𣱐𣱑𣱒𣱓𣷳𤇡𤝬𤬵𥓵𥿄𦐠𦕑𦨢𧍉𧐏𧠟𨠏𨾦𩑾𩶅𪀍𪝊𫪭𬇉𬫌𬲮𭯱𭹁𭽣𰷢𰺀
民	㢯㥸䂥䇇䋋䛉䟨䡑䪸冺刡呡囻垊姄岷怋愍抿敃昬氓泯珉眠笢罠苠蟁鈱鴖𡶗𡶘𡸧𢞰𣃹𣐡𣧟𣱅𣱈𣱉𤇜𤱕𤵤𤿕𥞔𦃴𦊞𦕛𧉬𧊈𧠠𧻎𨳶𨾧𪓍𪓏𪜳𪦓𫅒𫙗𫞖𬌭𬼢𭆃𭤙𭯰𭷋𮊄𮊼𮕸𮚀𰅌𰙣𰚸𰚹𰦱𱡾𱥩𱺘𱻘𲇸
气	㐹㔕㡮㧉㪂㰟㲴㲵㲶㲷䏗刏忥忾氕氖気氘氙氚氛氜氝氞氟氠氡氢氣氤氥氦氧氨氩氪氫氬氭氮氯氰氱氲氳汽芞靔饩鿫𠯏𡉛𣅠𣏙𣱕𣱖𣱗𣱘𣱙𣱚𣱛𣱜𣱝𣱞𣱟𣱠𣱡𣱢𣱣𣱤𣱥𣱦𣱧𣱨𣱪𣱫𣱭𣱮𣱰𤴸𤽍𥐬𥝬𥤶𥸽𥾨𧉁𧥷𧺞𨕀𨗵𨥊𨸛𩑡𩚤𩡹𩾻𪌇𪗟𪨦𪬣𪵣𪵤𪵥𪵦𪵧𪸕𫊨𬇏𬇐𬇑𬇒𬇓𭯲𭯵𭾍𮷘𰚻𰚼𰚽𰚾𰚿𰛀𰛁𰛂𱂡𱥪𱥫𱥬𲨔𲨕𲨖𲨗𲨘𲨙𲨚𲨛𲨜𲨝𲨞𲨟𲨠𲨡𲨢𲨣𲨤𲨥𲨦𲨧𲨨𲨩𲨪𲨫𲨬𲨭𲨮𲨯
氕	𲨛𲨦
気	𪽺𭰑𰇜𱥪
氛	𣱦𰛃𱽰
氜	氲𣱢𲨤
氣	㑶愾暣滊熂犔鎎霼靝餼𠺪𡈏𡦎𣀽𣯘𣱩𣱫𣱬𣱯𤅴𥎃𥧔𦞝𧎵𧏨𧜃𧜚𧤟𧪢𧱲𧹵𩘞𩥀𪒉𪖴𪸃𫉀𫨥𬂕𭡾𭯴𮕇𮠼𱥭𱹗𲮤𲲄
氬	𲺶𳇃
水	㓿㝽㞙㲑㲻㲾㳟㳫㳮㳼㴃㴅㴇㴝㵗㵘㵨㽷䠌冰凼呇囦坔尿氹氼氽汆汖汞汬沀沊沓沗沝沯泉泴泵泶洜洯浆淼淾渁湬滎漀漐漦漿潁澃澩濷灓畓盥砅禄羕荥葲閖阥頮颍颒𠃮𠊥𠊺𠕽𠝃𠞘𠧶𠨌𠪥𠭽𠱁𠲈𡂊𡉺𡑙𡙥𡚀𡝘𡯑𡱊𡲘𡵰𡺙𢇤𢑙𢑨𢗨𢗷𢦹𢫁𢫢𢽜𢽷𣀍𣍤𣏶𣐫𣕓𣙉𣢭𣢻𣭼𣱲𣱳𣱵𣱷𣱸𣱺𣱻𣲂𣲉𣲊𣲎𣲙𣲜𣲝𣲦𣲮𣲯𣲰𣲱𣲴𣳂𣳆𣳉𣳕𣳖𣳗𣳛𣳣𣳳𣳻𣴎𣴐𣴝𣴲𣴳𣴴𣵂𣵌𣵟𣵯𣵳𣶙𣶚𣶛𣶷𣷖𣷗𣷘𣷙𣷛𣷜𣷹𣸐𣸗𣸷𣹅𣹛𣹬𣹭𣺩𣺪𣺶𣻤𣻨𣻯𣼘𣼙𣼟𣼿𣾕𣾢𤀩𤀲𤁞𤂝𤂞𤂟𤂼𤃄𤃻𤄈𤄳𤆩𤆲𤔚𤕯𤖅𤝎𤦗𤱄𤱸𤲴𥃔𥄳𥔨𥝸𥞾𥤼𥫸𥭼𥱂𥴠𦙙𦧳𦬭𦮭𦲑𦴼𦷸𦿹𧁆𧥿𧦋𧩁𧺵𧻦𨋈𨋉𨐛𨑾𨓎𨓪𨠆𨠊𨥗𨪫𨰱𨹉𩀢𩂍𩒴𩓊𩖱𩗢𩱰𩺎𩾼𪍖𪏠𪢿𪧣𪱹𪵨𪵪𪵮𪵼𪶂𪶛𪶰𪷂𪷣𪼃𫏘𫒎𫞑𫰖𬀅𬇔𬇜𬇦𬇻𬈄𬈛𬈡𬉅𬉞𬉟𬍖𬠤𬧴𬱊𬵆𭂵𭓢𭖜𭥚𭪳𭯶𭰋𭱡𭱪𭲐𭻅𮍮𮦤𮨡𮳓𮹔𰍴𰎂𰛋𰛐𰛘𰛙𰛣𰛪𰛼𰛾𰜁𰜂𰜅𰜆𰜇𰜉𰜊𰜏𰜰𰝉𱂀𱖶𱥷𱦄𱦆𱦋𱦕𱦥𱦴𱧆𱩍𱩞𱵠𲈵𲌙𲒴𲔸𲧤𲨘𲨳𲨺𲨻𲨽𲨾𲩂𲩊𲩜𲩤𲩨𲫒𳀙𳂺𳇵𳉹
氵	㗟㙙㲸㲹㲺㲼㲽㲿㳀㳁㳂㳃㳄㳅㳆㳇㳈㳉㳊㳋㳌㳍㳎㳏㳐㳑㳒㳓㳔㳕㳖㳗㳘㳙㳚㳛㳜㳝㳞㳠㳡㳢㳣㳤㳥㳦㳧㳨㳩㳪㳬㳭㳮㳯㳰㳱㳲㳳㳴㳵㳶㳷㳸㳹㳺㳻㳽㳾㳿㴀㴁㴂㴄㴆㴈㴉㴊㴋㴌㴍㴎㴏㴐㴑㴒㴓㴔㴕㴖㴗㴘㴙㴚㴛㴜㴞㴟㴠㴡㴢㴣㴤㴥㴦㴧㴨㴩㴪㴫㴬㴭㴮㴯㴰㴱㴲㴳㴴㴵㴶㴷㴸㴹㴺㴻㴼㴽㴾㴿㵀㵁㵂㵃㵄㵅㵆㵇㵈㵉㵊㵋㵌㵍㵎㵏㵐㵑㵒㵓㵔㵕㵖㵙㵚㵛㵜㵝㵞㵟㵠㵡㵢㵣㵤㵥㵦㵧㵩㵪㵫㵬㵭㵮㵯㵰㵱㵲㵳㵴㵵㵶㵷㵸㵹㵺㵻㵼㵽㵾㵿㶀㶁㶂㶃㶄㶅㶆㶇㶈㶊㶋㶌㶍㶎㶏㶐㶑㶒㶓㶔㶕㶖㶘㶙㶚㶛㶝㶞㶟㶠䢭䨵乼塗慂柒氻氾氿汀汁汃汄汅汇汈汉汊汋汌汍汎汏汐汑汒汓汔汕汗汘汙汚汛汜汝江池污汢汣汤汥汦汧汨汩汪汫汭汮汯汰汱汲汳汴汵汶汷汸汹決汻汼汽汾汿沁沂沃沄沅沆沇沈沉沋沌沍沎沏沐沑沒沔沕沖沘沙沚沛沜沞沟沠没沢沣沤沥沦沧沨沩沪沫沬沭沮沰沱沲河沴沵沶沷沸油沺治沼沽沾沿泀況泂泃泄泅泆泇泈泊泋泌泍泎泏泐泑泒泓泔法泖泗泘泙泚泛泜泝泞泟泠泡波泣泤泥泦泧注泩泪泫泬泭泮泯泱泲泳泷泸泹泺泻泼泽泾泿洀洁洂洃洄洅洆洇洈洉洊洋洌洍洎洏洐洑洒洓洔洕洖洗洘洙洚洛洝洞洟洠洡洢洣洤津洦洧洨洩洪洫洬洭洮洰洱洲洳洴洵洶洷洸洹洺活洼洽派洿浀流浂浃浄浅浇浈浉浊测浌浍济浏浐浑浒浓浔浕浖浗浘浙浚浛浜浝浞浟浠浡浢浣浤浥浦浧浨浩浪浫浬浭浮浯浰浱浲浳浴浵浶海浸浹浺浻浼浽浾浿涀涁涂涃涄涅涆涇消涉涊涋涌涍涎涏涐涑涒涓涔涕涖涗涘涙涚涛涜涝涞涟涠涡涢涣涤涥润涧涨涩涪涫涬涭涮涯涰涱液涳涴涵涶涷涸涹涺涻涼涽涾涿淀淁淂淃淄淅淆淇淈淉淊淋淌淍淎淏淐淑淒淓淔淕淖淗淘淙淚淛淜淝淞淟淠淡淢淣淤淥淦淧淨淩淪淫淬淭淮淯淰深淲淳淴淵淶混淸淹淺添淽淿渀渁渂渃渄清渆渇済渉渊渋渌渍渎渏渐渑渒渓渔渖渗渘渙渚減渜渝渞渟渡渢渣渤渥渦渧渨温渪渫測渭渮港渰渱渲渳渴渵渶渷游渹渺渻渼渽渾渿湀湁湂湃湄湅湆湇湈湉湊湋湌湍湎湏湐湑湒湓湔湕湖湗湘湙湚湛湜湝湞湟湠湡湢湣湤湥湦湧湨湩湪湫湭湮湯湰湱湲湳湴湵湶湷湸湹湺湻湼湽湾湿満溁溂溃溄溅溆溇溈溉溊溋溌溍溎溏源溑溒溓溔溕溗溘溙溚溛溜溝溞溟溠溡溢溣溤溥溦溧溨溩溪溫溬溭溮溯溰溱溲溳溴溵溶溷溸溹溺溻溼溽溾溿滀滁滂滃滄滅滆滇滈滉滊滋滌滍滏滐滑滒滓滔滖滗滘滙滚滛滜滝滞滟滠满滢滣滤滥滦滧滨滩滪滫滬滭滮滯滰滱滲滳滴滵滶滷滸滹滺滻滼滽滾滿漁漂漃漄漅漆漇漈漉漊漋漌漍漎漏漑漒漓演漕漖漗漘漙漚漛漜漝漞漟漠漡漢漣漤漥漧漨漩漪漫漬漭漮漯漰漱漲漳漴漵漶漷漸漹漺漻漼漽漾潀潂潃潄潅潆潇潈潉潊潋潌潍潎潏潐潑潒潓潔潕潖潗潘潙潚潛潜潝潞潟潠潡潢潣潤潥潦潧潨潩潪潫潬潭潮潯潰潱潲潳潴潵潶潷潸潹潺潻潼潽潾潿澀澁澂澄澅澆澇澈澉澊澋澌澍澎澏澐澑澒澓澔澕澖澗澘澙澚澛澜澝澞澟澠澡澢澣澤澥澦澧澨澪澫澬澭澮澯澰澱澲澳澴澵澶澷澸澹澺澻澼澽澾澿激濁濂濃濄濅濆濇濈濉濊濋濍濎濏濐濑濒濓濔濕濖濗濘濙濚濛濜濝濞濟濠濡濢濣濤濥濦濧濨濩濪濫濬濭濮濯濰濱濲濳濴濵濶濸濹濺濻濼濽濾濿瀀瀁瀂瀃瀄瀅瀆瀇瀈瀉瀊瀋瀌瀍瀎瀏瀐瀑瀒瀓瀔瀕瀖瀗瀘瀙瀚瀛瀜瀝瀞瀟瀠瀡瀢瀣瀤瀥瀦瀧瀨瀩瀫瀬瀭瀮瀯瀰瀱瀲瀳瀴瀵瀶瀷瀸瀹瀺瀻瀼瀽瀾瀿灀灁灂灃灄灅灆灇灈灉灊灋灌灍灎灏灐灑灒灔灕灖灗灘灙灚灛灜灝灞灟灠灡灢灣灤灦灧灨灩灪盜簿蒲蓱蕍薄藫衍酒鋈霔鴻鸂鸿鿌鿰𠽇𡐀𡐘𡐵𡒖𡙯𡻶𣒑𣒕𣒿𣓥𣓮𣙄𣱴𣱶𣱼𣱽𣱾𣱿𣲀𣲁𣲃𣲄𣲅𣲆𣲇𣲋𣲌𣲍𣲏𣲐𣲑𣲒𣲓𣲔𣲕𣲖𣲗𣲘𣲙𣲚𣲞𣲟𣲠𣲡𣲢𣲣𣲤𣲥𣲧𣲨𣲩𣲪𣲫𣲬𣲭𣲲𣲳𣲵𣲶𣲷𣲸𣲹𣲺𣲻𣲼𣲽𣲾𣲿𣳀𣳁𣳃𣳄𣳅𣳇𣳈𣳊𣳋𣳌𣳍𣳎𣳏𣳑𣳒𣳓𣳔𣳘𣳙𣳚𣳛𣳜𣳝𣳞𣳟𣳠𣳡𣳢𣳤𣳥𣳦𣳧𣳨𣳩𣳪𣳫𣳬𣳭𣳮𣳯𣳰𣳱𣳲𣳴𣳵𣳶𣳷𣳸𣳹𣳺𣳼𣳽𣳿𣴀𣴁𣴂𣴃𣴄𣴆𣴇𣴈𣴉𣴊𣴋𣴌𣴍𣴑𣴒𣴓𣴔𣴕𣴖𣴗𣴘𣴙𣴚𣴛𣴜𣴞𣴟𣴠𣴡𣴢𣴣𣴤𣴥𣴦𣴧𣴨𣴩𣴪𣴫𣴬𣴭𣴮𣴯𣴰𣴱𣴵𣴶𣴷𣴸𣴹𣴺𣴼𣴽𣴾𣴿𣵀𣵁𣵃𣵄𣵅𣵆𣵇𣵈𣵉𣵊𣵋𣵌𣵍𣵎𣵏𣵐𣵒𣵓𣵔𣵕𣵖𣵗𣵘𣵙𣵚𣵛𣵜𣵝𣵞𣵟𣵠𣵡𣵢𣵣𣵤𣵥𣵦𣵧𣵨𣵩𣵪𣵫𣵬𣵭𣵮𣵰𣵱𣵲𣵴𣵵𣵶𣵷𣵸𣵺𣵻𣵼𣵽𣵾𣵿𣶀𣶁𣶂𣶃𣶄𣶅𣶆𣶇𣶈𣶉𣶊𣶋𣶍𣶎𣶏𣶐𣶑𣶓𣶔𣶕𣶖𣶗𣶘𣶛𣶜𣶝𣶞𣶟𣶠𣶡𣶢𣶣𣶤𣶥𣶦𣶧𣶨𣶩𣶪𣶫𣶬𣶭𣶮𣶯𣶰𣶱𣶲𣶳𣶴𣶵𣶶𣶸𣶹𣶺𣶻𣶼𣶽𣶾𣶿𣷀𣷁𣷂𣷄𣷅𣷆𣷇𣷈𣷉𣷊𣷋𣷌𣷍𣷎𣷏𣷐𣷑𣷒𣷓𣷔𣷝𣷞𣷟𣷠𣷡𣷢𣷣𣷤𣷥𣷦𣷧𣷨𣷩𣷪𣷫𣷬𣷭𣷮𣷯𣷰𣷱𣷲𣷳𣷴𣷵𣷶𣷷𣷸𣷹𣷺𣷻𣷼𣷽𣷾𣷿𣸀𣸁𣸂𣸃𣸄𣸅𣸆𣸇𣸈𣸉𣸊𣸋𣸌𣸍𣸎𣸏𣸑𣸒𣸓𣸖𣸘𣸙𣸚𣸛𣸜𣸝𣸠𣸡𣸢𣸣𣸤𣸥𣸦𣸧𣸨𣸩𣸪𣸫𣸬𣸭𣸮𣸯𣸰𣸱𣸲𣸳𣸴𣸵𣸶𣸷𣸸𣸹𣸺𣸻𣸼𣸽𣸾𣸿𣹀𣹂𣹃𣹄𣹆𣹈𣹉𣹊𣹋𣹌𣹍𣹎𣹏𣹐𣹑𣹒𣹓𣹔𣹕𣹖𣹗𣹘𣹙𣹚𣹜𣹝𣹞𣹟𣹠𣹡𣹢𣹣𣹤𣹥𣹦𣹧𣹨𣹩𣹪𣹫𣹭𣹮𣹯𣹰𣹱𣹲𣹴𣹵𣹶𣹷𣹸𣹺𣹼𣹽𣹾𣹿𣺀𣺁𣺂𣺃𣺄𣺅𣺆𣺇𣺈𣺉𣺊𣺋𣺌𣺍𣺏𣺐𣺑𣺒𣺓𣺔𣺕𣺖𣺗𣺙𣺚𣺛𣺜𣺝𣺞𣺟𣺠𣺡𣺢𣺤𣺥𣺦𣺧𣺨𣺫𣺬𣺭𣺮𣺯𣺰𣺱𣺴𣺵𣺷𣺹𣺺𣺻𣺼𣺽𣺾𣺿𣻀𣻁𣻂𣻃𣻄𣻆𣻇𣻈𣻉𣻋𣻌𣻍𣻎𣻏𣻐𣻑𣻒𣻓𣻔𣻕𣻖𣻗𣻘𣻙𣻚𣻛𣻜𣻝𣻞𣻟𣻠𣻡𣻢𣻥𣻦𣻧𣻨𣻪𣻫𣻬𣻭𣻰𣻱𣻲𣻳𣻴𣻵𣻶𣻷𣻸𣻹𣻺𣻻𣻼𣻽𣻿𣼂𣼃𣼅𣼆𣼈𣼉𣼊𣼋𣼌𣼍𣼎𣼏𣼐𣼑𣼒𣼓𣼕𣼖𣼗𣼚𣼛𣼜𣼝𣼞𣼟𣼠𣼡𣼢𣼤𣼥𣼦𣼧𣼨𣼩𣼫𣼬𣼭𣼮𣼯𣼰𣼱𣼲𣼳𣼴𣼵𣼶𣼷𣼸𣼹𣼺𣼻𣼼𣼽𣼾𣽀𣽁𣽂𣽃𣽄𣽅𣽆𣽇𣽈𣽉𣽊𣽌𣽍𣽎𣽏𣽐𣽑𣽒𣽓𣽔𣽕𣽖𣽗𣽘𣽙𣽚𣽛𣽜𣽝𣽞𣽟𣽡𣽢𣽣𣽤𣽥𣽦𣽧𣽩𣽪𣽫𣽬𣽭𣽯𣽰𣽱𣽲𣽳𣽴𣽵𣽷𣽸𣽹𣽺𣽻𣽼𣽽𣽾𣽿𣾀𣾁𣾂𣾄𣾅𣾇𣾈𣾉𣾊𣾋𣾌𣾍𣾎𣾏𣾐𣾑𣾒𣾓𣾔𣾕𣾖𣾘𣾚𣾛𣾜𣾝𣾞𣾟𣾠𣾣𣾤𣾥𣾦𣾧𣾨𣾩𣾪𣾫𣾬𣾭𣾯𣾰𣾱𣾲𣾳𣾴𣾵𣾶𣾷𣾸𣾹𣾺𣾻𣾼𣾽𣾿𣿂𣿃𣿄𣿅𣿆𣿇𣿈𣿉𣿊𣿋𣿌𣿍𣿎𣿏𣿐𣿑𣿒𣿓𣿔𣿕𣿖𣿗𣿘𣿙𣿚𣿛𣿜𣿝𣿞𣿟𣿠𣿡𣿢𣿣𣿤𣿥𣿦𣿧𣿨𣿩𣿪𣿫𣿬𣿭𣿮𣿯𣿰𣿱𣿲𣿳𣿴𣿵𣿶𣿷𣿸𣿹𣿺𣿻𣿼𣿽𣿾𣿿𤀀𤀂𤀃𤀄𤀅𤀆𤀇𤀈𤀉𤀊𤀋𤀌𤀍𤀎𤀏𤀐𤀑𤀒𤀓𤀔𤀕𤀖𤀘𤀙𤀚𤀜𤀞𤀟𤀠𤀡𤀣𤀤𤀥𤀦𤀧𤀨𤀪𤀫𤀬𤀭𤀮𤀯𤀰𤀱𤀳𤀴𤀵𤀶𤀸𤀹𤀺𤀻𤀼𤀽𤀾𤀿𤁀𤁁𤁂𤁅𤁆𤁇𤁈𤁉𤁊𤁋𤁌𤁎𤁏𤁐𤁑𤁒𤁓𤁔𤁕𤁖𤁗𤁘𤁚𤁜𤁝𤁟𤁠𤁡𤁢𤁣𤁤𤁥𤁦𤁧𤁨𤁩𤁪𤁫𤁬𤁭𤁮𤁯𤁱𤁲𤁳𤁴𤁵𤁶𤁷𤁸𤁹𤁺𤁻𤁼𤁽𤁾𤁿𤂁𤂂𤂄𤂆𤂇𤂈𤂉𤂊𤂋𤂌𤂍𤂐𤂑𤂔𤂕𤂖𤂗𤂘𤂙𤂚𤂛𤂜𤂝𤂠𤂡𤂢𤂣𤂤𤂦𤂧𤂨𤂪𤂫𤂬𤂭𤂮𤂯𤂰𤂱𤂲𤂳𤂴𤂵𤂶𤂷𤂸𤂹𤂺𤂻𤂽𤂾𤂿𤃀𤃁𤃂𤃃𤃅𤃆𤃇𤃈𤃉𤃊𤃋𤃌𤃍𤃎𤃏𤃐𤃑𤃒𤃓𤃔𤃕𤃖𤃗𤃘𤃙𤃚𤃛𤃜𤃝𤃞𤃟𤃠𤃡𤃢𤃣𤃤𤃥𤃦𤃧𤃨𤃩𤃪𤃫𤃬𤃭𤃮𤃰𤃱𤃲𤃴𤃵𤃶𤃷𤃸𤃹𤃺𤃼𤃽𤃾𤃿𤄀𤄁𤄂𤄃𤄄𤄅𤄆𤄇𤄉𤄊𤄋𤄍𤄎𤄏𤄐𤄑𤄒𤄓𤄔𤄕𤄖𤄗𤄘𤄙𤄚𤄛𤄜𤄝𤄞𤄟𤄠𤄡𤄢𤄣𤄦𤄨𤄩𤄪𤄫𤄬𤄭𤄮𤄰𤄱𤄲𤄴𤄵𤄶𤄷𤄸𤄹𤄺𤄻𤄼𤄽𤄾𤄿𤅀𤅁𤅂𤅃𤅄𤅅𤅆𤅇𤅈𤅉𤅊𤅋𤅌𤅍𤅎𤅏𤅐𤅑𤅒𤅓𤅔𤅕𤅖𤅗𤅘𤅙𤅚𤅛𤅜𤅝𤅞𤅟𤅠𤅡𤅢𤅣𤅤𤅥𤅦𤅧𤅨𤅩𤅪𤅫𤅬𤅭𤅮𤅯𤅰𤅱𤅲𤅳𤅵𤅶𤅷𤅸𤅹𤅺𤅻𤅼𤅽𤅾𤅿𤆀𤈾𤏁𥦠𥭎𥱀𥲄𥲌𥳻𥴽𥶎𥶞𥸗𥸘𥹦𦌧𦮟𦯊𦯫𦲍𦳸𦴝𦴵𦴶𦴷𦴸𦶵𦶷𦸂𦸼𦺁𦺇𦺌𦻈𧁄𧁕𧃡𧃾𧄢𧅐𧇦𧋶𧚚𨦮𨶗𨷉𩅅𩆀𩉀𩴙𩼪𩾯𪁠𪂔𪃕𪃡𪃽𪄠𪄣𪅍𪆟𪆵𪆸𪇶𪈯𪈸𪎤𪜚𪫆𪭕𪲚𪵩𪵫𪵬𪵭𪵯𪵰𪵱𪵲𪵳𪵴𪵶𪵷𪵸𪵹𪵺𪵻𪵽𪵾𪶀𪶁𪶃𪶄𪶅𪶆𪶈𪶉𪶊𪶋𪶌𪶍𪶎𪶐𪶑𪶒𪶓𪶔𪶕𪶖𪶗𪶘𪶙𪶜𪶝𪶞𪶟𪶠𪶡𪶢𪶣𪶤𪶥𪶦𪶧𪶨𪶩𪶪𪶫𪶬𪶭𪶮𪶯𪶱𪶲𪶳𪶴𪶵𪶶𪶷𪶸𪶹𪶺𪶻𪶽𪶾𪶿𪷀𪷁𪷃𪷄𪷅𪷆𪷇𪷈𪷉𪷊𪷋𪷌𪷍𪷎𪷏𪷐𪷑𪷒𪷓𪷔𪷕𪷖𪷗𪷘𪷙𪷚𪷛𪷜𪷝𪷞𪷟𪷠𪷢𪷤𪷦𪷧𪷨𪷩𪷫𪷬𪷭𪷯𪷰𪷱𪷳𪷴𪷵𪷶𪷷𪷸𪷺𪷻𪷼𪷽𪷾𪷿𪸀𪸂𪸃𪸅𪸆𪸈𪸉𪸋𪸌𫆬𫉰𫕷𫞗𫞘𫞙𫞚𫞛𫞜𫞝𫞞𫴴𬇕𬇖𬇗𬇘𬇙𬇚𬇛𬇝𬇞𬇟𬇠𬇡𬇢𬇣𬇤𬇥𬇨𬇩𬇪𬇫𬇬𬇮𬇯𬇰𬇱𬇲𬇴𬇵𬇷𬇸𬇹𬇺𬇼𬇽𬇿𬈀𬈁𬈂𬈃𬈆𬈇𬈉𬈊𬈋𬈌𬈍𬈎𬈏𬈐𬈑𬈒𬈔𬈕𬈖𬈗𬈘𬈙𬈜𬈝𬈟𬈠𬈣𬈥𬈦𬈧𬈨𬈩𬈪𬈫𬈬𬈭𬈮𬈯𬈱𬈲𬈳𬈵𬈶𬈷𬈸𬈹𬈺𬈻𬈼𬈾𬈿𬉀𬉁𬉂𬉃𬉄𬉆𬉇𬉈𬉉𬉊𬉋𬉌𬉍𬉎𬉏𬉐𬉑𬉒𬉓𬉔𬉕𬉗𬉘𬉛𬉜𬉝𬉞𬉠𬉡𬉢𬉣𬉤𬉥𬉦𬉧𬉩𬉫𬉬𬉭𬉮𬉲𬉳𬏱𬔦𬙦𬟚𬵱𭈣𭩻𭯷𭯸𭯹𭯺𭯻𭯽𭯾𭯿𭰀𭰁𭰂𭰃𭰄𭰅𭰆𭰈𭰉𭰊𭰌𭰍𭰎𭰏𭰐𭰑𭰒𭰓𭰔𭰕𭰖𭰗𭰘𭰙𭰚𭰛𭰜𭰝𭰞𭰟𭰠𭰡𭰢𭰤𭰥𭰦𭰧𭰩𭰪𭰫𭰬𭰮𭰯𭰰𭰱𭰲𭰳𭰴𭰵𭰷𭰸𭰹𭰺𭰻𭰼𭰽𭰾𭱀𭱂𭱃𭱄𭱅𭱆𭱈𭱊𭱋𭱍𭱎𭱏𭱐𭱑𭱒𭱓𭱔𭱕𭱖𭱗𭱘𭱙𭱚𭱜𭱝𭱞𭱟𭱠𭱢𭱣𭱤𭱥𭱦𭱧𭱨𭱩𭱪𭱫𭱬𭱭𭱯𭱰𭱱𭱲𭱳𭱴𭱵𭱶𭱹𭱺𭱻𭱼𭱽𭱾𭱿𭲀𭲁𭲂𭲃𭲄𭲅𭲆𭲇𭲈𭲉𭲊𭲋𭲌𭲍𭲎𭲏𭲑𭲒𭲓𭲔𭲖𭲗𭲘𭲙𭲚𭲛𭲜𭲝𭲞𭲟𭲠𭲡𭲢𭲣𭲤𭲥𭲦𭲧𭲨𭲩𭲪𭲫𭲬𭲭𭲮𭲯𭲰𭲱𭲳𭲴𭲵𭲶𭲷𭲸𭲹𭲺𭲻𭲽𭲾𭲿𭳀𭳁𭳃𭳅𭳆𭳇𭳈𭳉𭳋𭳌𭳍𭳎𭳏𭳐𭳑𭳒𭳓𭳔𭳕𭳖𭳗𭳘𭳚𭳛𭳜𭳝𭳞𭳟𭳠𭳡𭳢𭳣𭳤𭳥𭳦𭳧𭳨𭳩𭳪𭳫𭳬𭳭𭳮𭳯𭳰𭳱𭳲𭳳𭳴𭳵𭳶𭳷𭳸𭳹𭳺𭳻𭳽𭵺𭹓𮎷𮏟𮏠𮑮𮑰𮑲𮒎𮒏𮒐𮦪𮦴𮦼𮦿𮧂𮭓𮳃𮳄𮳅𮳆𮳇𮳈𮳉𮳊𮳋𮳌𮳍𮳎𮳏𮳐𮳑𮳒𮳔𮳖𮳗𮳘𮳙𰉃𰛇𰛈𰛉𰛊𰛌𰛍𰛎𰛏𰛑𰛒𰛓𰛔𰛗𰛚𰛛𰛜𰛝𰛟𰛠𰛡𰛢𰛤𰛥𰛦𰛧𰛨𰛩𰛫𰛬𰛭𰛮𰛯𰛰𰛱𰛲𰛳𰛴𰛵𰛷𰛸𰛹𰛺𰛻𰛽𰛿𰜀𰜃𰜄𰜈𰜌𰜍𰜎𰜐𰜑𰜒𰜓𰜔𰜗𰜘𰜙𰜜𰜝𰜞𰜟𰜠𰜡𰜢𰜣𰜤𰜥𰜦𰜧𰜨𰜩𰜪𰜫𰜬𰜭𰜮𰜰𰜱𰜲𰜳𰜴𰜵𰜶𰜷𰜸𰜹𰜺𰜻𰜼𰜽𰜾𰜿𰝀𰝁𰝂𰝃𰝅𰝆𰝇𰝈𰝋𰝍𰝎𰝏𰝐𰝑𰝒𰝔𰝕𰝖𰝗𰝚𰝛𰝜𰝝𰝞𰝟𰝠𰝡𰝢𰝣𰝤𰝧𰝨𰝩𰝬𰝭𰝮𰝯𰝰𰝲𰝳𰝴𰝵𱈤𱊞𱎎𱑾𱘈𱥰𱥱𱥲𱥳𱥴𱥵𱥶𱥸𱥹𱥺𱥻𱥼𱥾𱥿𱦀𱦁𱦂𱦃𱦅𱦇𱦈𱦉𱦊𱦌𱦍𱦎𱦏𱦐𱦑𱦒𱦓𱦔𱦖𱦗𱦘𱦙𱦚𱦛𱦜𱦝𱦞𱦟𱦠𱦡𱦢𱦣𱦤𱦥𱦦𱦧𱦨𱦪𱦫𱦬𱦭𱦮𱦯𱦰𱦱𱦲𱦳𱦴𱦵𱦶𱦷𱦸𱦹𱦺𱦼𱦽𱦿𱧀𱧁𱧂𱧃𱧄𱧅𱧈𱧉𱧊𱧋𱧌𱧍𱧎𱧏𱧐𱧑𱧒𱧓𱧔𱧕𱧖𱧗𱧘𱧚𱧛𱧜𱧝𱧞𱧟𱧠𱧡𱧢𱧤𱧥𱧦𱧧𱧨𱧪𱧫𱧬𱧭𱧮𱧯𱧰𱧱𱧳𱧴𱧵𱧶𱧷𱧸𱧹𱧺𱧻𱧼𱧽𱧾𱧿𱨀𱨁𱨂𱨃𱨄𱨅𱨇𱨈𱨊𱨋𱨌𱨍𱨎𱨏𱨑𱨒𱨓𱨔𱨖𱨗𱨘𱨙𱨚𱨛𱨜𱨞𱨟𱨠𱨡𱨢𱨣𱨤𱨥𱨦𱨧𱨨𱨪𱨫𱨬𱨭𱨮𱨯𱨰𱨱𱨲𱨳𱨴𱨵𱨶𱨷𱨸𱨹𱨺𱨻𱨼𱨽𱨾𱨿𱩀𱩁𱩂𱩃𱩄𱩅𱩆𱩈𱩉𱩊𱩋𱩌𱩍𱩎𱩏𱩐𱩑𱩒𱩓𱩔𱩕𱩖𱩗𱩙𱩚𱩛𱩜𱩝𱩞𱩟𱩠𱩢𱩣𱩥𱩦𱩧𱩨𱩩𱩪𱩭𱩯𱩰𱩱𱩲𱩳𱩴𱩵𱩶𱩷𱩸𱩹𱩺𱩼𱩽𱩾𱩿𱪀𱪁𱪂𱪃𱪅𱪆𱪇𱪈𱪊𱪋𱪌𱪍𱪎𱪏𱪐𱪒𱪔𱪕𱪘𱪙𱪚𱪛𱪜𱪝𱪞𱪟𱪠𱮼𱱅𱶿𲊐𲍼𲎅𲓸𲚛𲢡𲨰𲨲𲨴𲨵𲨶𲨷𲨸𲨹𲨼𲨿𲩀𲩁𲩄𲩅𲩆𲩇𲩈𲩉𲩋𲩌𲩎𲩏𲩐𲩑𲩓𲩔𲩕𲩖𲩗𲩘𲩙𲩚𲩛𲩝𲩞𲩟𲩠𲩡𲩣𲩦𲩧𲩩𲩪𲩫𲩬𲩭𲩮𲩯𲩱𲩲𲩳𲩴𲩵𲩶𲩷𲩸𲩹𲩺𲩼𲩽𲩾𲩿𲪀𲪁𲪂𲪃𲪄𲪅𲪆𲪇𲪈𲪉𲪊𲪋𲪌𲪎𲪏𲪐𲪑𲪒𲪔𲪕𲪖𲪗𲪘𲪙𲪚𲪛𲪜𲪝𲪞𲪟𲪠𲪡𲪢𲪤𲪨𲪩𲪪𲪬𲪭𲪮𲪰𲪱𲪲𲪳𲪴𲪷𲪸𲪹𲪺𲪻𲪼𲪽𲪾𲪿𲫂𲫃𲫄𲫆𲫇𲫉𲫊𲫌𲹕𲼿𲽘𳀣𳈾𳉣𳏬
氶	㞼䕄丞𠄪𠚚𠰿𠶫𡍅𢀷𢌼𢪻𢫒𢬠𣚹𣬻𣼏𤇏𤍭𥑝𦭕𧯢𨚡𪱝𫏵𰖆𰞜
氷	砯𠘤𣐚𤝣𫑌𫥇𬇟𬦋𬩏𬵌𭇛
永	㫤䘑咏怺昶昹栐泳眿羕脉詠𠇟𠰦𠶇𡛻𡠘𢒋𢫕𢵇𢵎𢺫𣉣𣕓𣲈𣴏𣼁𤤯𤪉𦕟𦘢𦨤𦨬𦨺𦭔𧊯𧏔𧠧𧵕𧵾𨖌𨠕𨥭𩈗𩊍𩖻𩶙𪢓𪣉𪵵𪸠𫥆𫴇𬇾𬐔𬗊𬨣𬱁𬱄𭯼𮛕𮝊𮶭𮶽𮸃𰀺𰁯𰜋𰳶𰵞𱗓𱧇𲋶𲝎𳂹𳉼
氹	𠱁𢫁𬧴
氺	㳟䆈䑕尿屬彔录忁暴桼沗泰滕滿漛灁犀皐眔黍黎𠝌𠞤𠟴𠠌𠠓𠡾𠦂𠷍𡇋𡒏𡒛𡙌𡙼𡝼𡱧𡲘𡲩𡲬𡻾𢀂𢑗𢟱𢹟𣀍𣠬𣡬𣱹𣳾𣴎𣷚𣺳𣽨𤂎𤯒𤹤𤻴𥃜𥄳𥉋𥡖𥢘𥣡𥣣𥪬𥴠𥶢𦒰𦵺𧃣𧛳𧞘𧩚𧷧𧼢𨄇𨓻𨔯𨙈𨞢𨭾𩄥𩕴𩛻𩡍𩡟𩥱𩺭𪐕𪧦𪳢𪷂𫂐𫮵𫵠𫻡𭁭𭆞𭆤𭬤𭬱𭰣𭰭𭱁𮮩𰛆𰛖𱆇𱈺𱉆𱥯𱧲𱩤𲜼
氼	𤆲𭖜
氽	㴝瓈𠲈𣷖𦧳𦮭𨹉
氾	䀀笵范𦨲𫈕𲘾
汀	㴿𣐘𦭑𬵋𰛽𱒓
汁	𢩄𣽡𲩃
求	㐜㛏㞗㟈㤹䟵䣇䥭俅慦捄救梂殏毬浗球皳盚絿脙莍蛷裘觩賕赇逑銶鯄𠂃𠗈𠡟𡌊𡌋𡨃𢈝𢚡𣗲𣪋𣭳𣰐𤈿𤕾𤗂𤙠𤞰𤥲𤨣𤶩𥆿𥒸𥙹𥟇𥥽𥪆𥭑𧋛𧒔𧗷𧚍𧧷𧻱𨁛𨘑𨫣𨭻𨱇𩒮𩗕𩛰𩣗𩰻𩳞𩾁𪁖𪉌𪌵𪪵𪷀𫃁𫃿𫡕𫡨𫱹𫵣𫻲𬇶𬊋𭯧𭱉𮈹𮩢𮪅𰁇𰄮𰬗𰭛𰲎𲏢𲔰𲕘𲩍𲪍𳀆
汄	𣲓𰤹
汇	㧟沤洭洰滙漚𣲳𣳐𣶕𣹐𣾀𣿬𪶬𭰙𭱶𱨩
汉	𭇙𲷂
汍	𣑱𪟛
汎	盕𡋋𣑃𫇼
汏	汱𣴘
汐	𡋆𣳢
汒	茫𥭎𨴤𬮧𮦏𲇗
汕	㴥㵹𣶎𱧶
汖	埊𢚭𭖛
汗	𠱢𡊺𣆙𣽥𭎚𭯿
汙	䨕䵦盓窏𡜡𥒀𧋂𬔿
汚	𢙁𥁡𩂧
汜	𥒟𦨲𫈲𭹬
汝	㖳㴌洳𠲤𢬨𣽮𦭰𨀾𪡑𪰤𪶋𫃤𫺈𫺋𭰕𰂈𰛝𱧁
汞	㶹觨銾𠳃𦕷𧋔𩒴𩗢𫎶𰾁𲳞
江	䑭泟洰茳𡷍𢏠𢬥𣑴𤭊𥆀𥬮𨀹𪀤𬇧𬻶𭁑𭇮𭍟𭥺𭳼𮤏𮤳𰂂𲡮𲷶
池	筂𠲨𦈳𨦥𩶴𪢏𫇻𲷅
污	𡜂𢙁𥁡𩂧𪷪𬇸
汤	烫荡铴𬂱𬍡𮰠𰩹𱠤𱲒
汦	䓋𣶌
汧	䓑𲩎
汨	㵆涆溡𢩎𣶪𣷠𣸬𣼔𪶄𰜕𰜧
汪	䦞𠴝𡝝𤶶𥆚𪁘𭖧𰛞𲠅𳐱
汫	𬈈𲩢
汲	𨦮𮡾𱒹
汵	𠥴𣵂
汶	𦯻𪣢𫕦
汸	淤湤漩𣷫𣽩𤃃𤃳𤄕𩃎𫈊𬉀𰛶
決	𢭯𦯊𧻯𪁠𬚇
汾	𡌂𥁳𦰛
汿	滪澦𤂻
沁	𦯹𫪍𲤝
沂	䇵䓅垽峾𠲻𱦷
沃	鋈𠴎𦰚𩷯𪁕𪣡𪶇𭎨𭰶𱁙
沄	𮅔𮶤𱦅
沅	𤂕𩂷
沈	莐霃𠴥𢭽𤉠𥁭𧖶𨧁𬈓𲆯𲫁
沉	𩂸𫪌𱼌
沐	㳐沭莯霂𣒑𭎦𲔴
沒	莈𩃁
沓	㛥㧺㭼㹺䂿䈋䍝䎓䓠䵬䶁崉涾濌誻踏錔鞜𠄄𠉤𠴲𡌩𢃕𣍒𣝭𣥾𤄥𤦊𤿽𦑇𦧟𦧥𧌏𧛆𨌭𨓬𨡍𨵝𩎽𩣯𩭣𩷽𪂌𬓜𭼖𮊇𰖔𰵸𰾓
沔	𢚽𫦇𲾪𳆀
沗	𣕊𣷹𣸸𦲑𭈿𭵔𰊆𰔎𰸢
沙	㲚㸺䣉䤬乷唦娑挱挲桫桬猀痧硰莎裟逤閯髿鯊鯋鲨𠈱𡋷𡱳𢇄𢶌𣜤𣮅𣹇𣻅𣾾𥁲𥆝𥇇𦀛𦀟𧋊𩊮𩣟𩣠𩳑𪌮𪟜𪶼𬇭𬕍𬠋𬮪𬷙𭃹𭭰𭴲𮮋𰈌𰝥𰾈𱋘𲍔
沚	鿊𱒺
沛	霈𢭿𬆃𱽫
沝	㴇㵘淼𠊥𡂊𢯣𣶙𣷘𣸐𣸞𣹳𣻣𣻤𤀁𧅒𧩁𨬛𨰱𨶺𲇩𲒴𲪫
沟	𬕋𱽬
没	莈𧋶𩃁𭴱𮔓𲔵𲦄𲲥
沣	滟𣳱
沪	㴃㴜涙淚淭滬𣶉𣷔𣷲𣸔𣾡𬇽𮶥𱦾
沬	𪶚𮄇
沮	䈌菹𭈡
沰	𤃶𭰛𭱍𱩌𲪖
沱	𩃱𬐥
河	菏𪷹
沸	𩰾𩱣𰝌
油	𠶢𣓐𩭶𫈜𭳂𰃑𱸊𲞣𲠌
沺	溿𣸋𣻞𪸈
治	箈菭𠶠𤦮𤷩𨵔𩃦
沼	䈃菬𠶕𧍌
沽	湖𢜃
沾	惉霑𡝫𤊁𥮒𨵍𫮤𮏝
泃	𭵆𲩥
泉	㟫㣐㶗䤼厡楾湶瀪灥瑔線缐腺葲闎騡鰁鳈𠗯𠪰𠫒𡎏𡺙𢝓𢿬𣸕𣹻𣻮𤀁𤆁𤭯𤾌𥠘𥣤𧍭𧪒𧼷𨜩𨡹𩘘𩩺𪡠𪵿𫇋𫿧𬉖𬉨𬉯𬉱𬎺𬪷𬬟𬭣𬯏𭒉𭚛𭳾𮞰𮳲𰒜𱎽𲫅𲲂
泊	澔箔萡𠥋𣓬𣹁𪧓𬃍𰝦𳆋
泓	霐𥦷
泔	𣵷𲉿
法	䦢琺鍅𠎢𠵽𢌇𤀢𦝌𦝎𦲾𧇦𪫚𪴹𪶏𪾁𬈅𬰂𭓼𭡚𭰚𭱇𰇹𰔃𰭑𱣰𱴔𲩟𲫮
泙	萍𬕘
泛	𣓦𥁷𭈠
泜	䓜𥁼
泠	霗𢜅𩆼𫪬𭅛
泡	萢𬰀𱣮
波	㨇啵婆碆箥菠錃𠴸𢯠𢳲𣵝𤀪𥇲𨨏𩜤𩜥𩸓𪣭𬈱𬠚𬭛𬾢𭝙𭪰𭰿𭹢𰏻𰞹𱿮𲱡
泣	𠊔𠴹𢔆𢯛𦲷𨂖𩃜𪷥𬈢𬉙𰥴𳄣
泥	埿𢛜𤀛𥺜𦰫𩸦𩸧𩾆𪣮𬈤𬉚𲕎𲛘𲩒
注	乼霔𥦠𮊈
泪	㴐渺濉𣓭𣵼𣸜𣺐𣻫𣼹𣽋𤀜𤀣𤁨𤃞𭱑
泫	滋𩃚𫈞𬵱
泯	𢛣𣇹
泰	㥭傣溙𠙲𣗘𦒰𦴼𩌉𪼃𫂐𫱸𫵧𬛍𬛴𬫳𰣏𲤬
泳	𬠘𮦛𱧞
泴	𣹉𨡬𫏘
泵	揼𦂥𨂽𫪴
洀	𣹊𬐯
洉	𣺣𰊇
洋	𣺸𣼁𫈭
洍	𦶜𭶉𱗧
洎	𣜮𤂃𦤢𪛎𭏈
洏	𩄋𭱈
洒	𢱛𦵜𪝻𪯝𭊼
洗	箲鍌𢝚𢱓𤀗𤂩𪷮𬈞𰘁𱩘𱽽𲃹𲕫
洛	落𠸪𥯛𪮔𪳅𫃶𮢤𮦣𰁟𰫅𱑧𲙩𳁠
洝	𡟖𦴴
洞	霘𢞉𪔦𲕮
洟	㴣𦳂
洡	𲕯𳉜
洣	𣺲𤁾𤄜𪷯𱧝𱧦𲩞
津	堻葏𤀷𦩨𮵷𰝪
洧	𣹙𭲼
洪	篊葓鍙霟𢝳𥈰𨩅𪃡𪡥𬮍𮤷𰍌
洫	𠸡𨵨
洰	渠菃𣵹𧕎𪆂𭰨
洱	㳧㴷㶌𣹼𣺌𣼚𣼾𣽅𣿛𭱌
洴	渆蓱𥰅𥲂𩅅
活	㵇萿闊阔𡎒𡞠𤁪𨨱𬈾𭉉𭝴𭡭𰑺𱮏
洼	䨟窪𱛿𲩙
洽	㬁㽏𢍡𫈰𭏄𱓦
派	蒎鎃𠸁𢄃𤋻𥯠𦞓𩄂𩹘𪡤𫮏𬧁
流	瑬蓅鎏𠺩𡏬𣹭𥧕𥰤𩙣𪃂𬈰𭒐𭱛𮋠𰝱𲲓
浂	渕𣷃𭳊𱧛
浅	𥂆𭈟
浊	㵃渱灗𣸚𪷡𮶫
浐	滻𣸥𱘙𱽼
浘	𣻨𣽶
浟	㶖滌滫𱨕
浦	㜑䈬蒲𡏋𣿀𥂈𧗉𪬬𬼱𮦫
浩	𦶡𪄣𬈻𬪵𭳥𭽟𮳒
浪	蒗𠺘𡻔𥶞𨃹𪤊𫫐𭔻𰀯𰖟𱫸𲦠
浮	㐢𠸷𥰛𦋵𦷰𬈽𭳄𮊑𳉡
浱	溽滣漘𮦩
海	嗨塰𢲨𤀇𤍃𥉪𦷫𩘫𫗀𬕧𭲅𲇜𲢒𲥢𲪣
浸	䆮寖蓡𠺸𢟖𲭏𳅛
浹	㴺𢲯𮦨
浽	𦷪𬧇
浿	測濺瀃𣺠𣿐𣿽𤄧𲩻𲩼
涂	塗蒤𣉯𥂋𪄫
涄	𦶊𮦪
涅	篞𡮛𢟗𣻾𦄇𦶄
消	𣸛𦷟𫁄𫠸𲪧
涉	濒瀕𦶼𬀔𬜚
涑	𱸙𳏹
涒	㴫𪷧
涓	𠅻𪡵𪬙𫯗𲐑
涖	蒞𲧌
涬	𣼳𲼭
涯	𠽎𦹹
涵	𥲌𦶷
涼	𡰏𲪫𲪵𳑃
淂	𢕚𣙵
淄	𣺤𬩆
淋	㵉䨬𫶒𰃲
淑	蔋𫳺𲛭
淙	𥲚𫫥
淡	䆱𠻪𢴗𥊗𥲄𦸁𧐽𨤵𩉀𫮡𰊣𰝘𳅬𳉬
淥	𥂖𲼮
淦	𡙯𲬃
淨	𪸊𲖔
淫	霪𠽍𢴏𤎛𦹻𪱬𱎍𲐋
淮	匯準𣿬𥲱𦪉𦹏𫉯𬄕𬷯𭍰𰜚𲅴𳍸
深	𠽉𡪜𢊖𦸂𩴙𪒗𪮨𬔒𰜯𱟃𲪶
淵	㘤奫鼝𨖳𩁵𪔱𭏰
混	𠽞𦹲𮭓
淸	㵾濪瀞蔳𠑴𤂅𭲕𮆆𰍠
淺	䔐𠽈𬉰𭼥
淼	𡂊𡡺𣛁𣾜𤀁𨶺
渄	𦸪𩄼
清	㵾濪瀞蔳𠑴𢴆𤂅𤄯𪷍𪸃𬈚𬈴𰝓𰝙𲎄𲪯𲫋
渊	𡈛𫯶
渐	𫆏𫗚𬞋𬰣𰊢𳆲
渚	𠤆𠹲𡤊𡪦𢵻𣚫𣜾𤁛𥢳𦼥𧸓𩅻𪦜𪱅𪳼𬛒𬩅𮆑𱚂𱚩𱻯𲓔𲧄𲪅𲬮𳂩
減	𠽦𣚘𣼪𣾃𤁙𥳒𦺘𬐴𭒞𱨐𳁣
渠	㣄䝣璖磲蕖蟝𠍲𠹱𡡥𣯸𤡷𦄽𧕎𨬡𩱮𪆂𪆫𫐀𬄨𮆒𱊨𱟏𱳦
温	蕰𡀦𨷇
渴	㵣䔽𩅳
游	𣛦𪆎
湄	𩅹𪾛
湆	𠽪𪷰
湔	𤏄𥳷𦺍
湖	𫉣𱩻
湛	霮𠾻𢵺𤩌𪭕𳇆
湜	𣼮𤄭𲊈
湯	燙璗盪簜蕩鐋𠎯𡑑𡢈𡼍𡾕𢡂𢴳𧑘𪳷𮣋𰟡𲦺
湳	㵜𩅠𮳖
満	𢡛𫴴
源	𡀶𢢵𪒳𲚓𲽍
準	𠿶𢶥𦡤𨆒𬄕𮁍𱾫
溜	𥵄𦽾𩆎𫬂𱨳
溤	㶠𰝄
溥	簿薄𩅿𳇋
溪	㶉鸂𤄬𤐓𬞥𱕁
溫	薀𨷇
溸	𣾗𤀝𱩇
溺	𡀡𡣄𦡥𬉪
溾	𤁔𤄛
滂	霶𲪥
滅	𢷄𤄌𲸟
滈	薃𱩯
滌	𥴽𧀝
滑	𠿭𤅵𪆸𫾈
滔	𨭡𬀝
滕	籐藤𡂾𤑘𤻴𭐂
滛	𩆍𱤤𲥇𳑐
滝	𤁘𲪞
滞	𰒒𱱣
满	懑𮶷
滥	𬞫𲒹
滷	𤃯𬐻𳇔
滿	懣濷𡒗𡣩𣂎𤁃𤁞𤂀𤅎𤾯𥵥𦿭𧴝𨆻𩯮𫥭𬖽𰒙𰟮𰿤
漁	㶍𤃽𤄏𤄣𪸉𲪨
漂	㵱薸𡁼𣿖𤃛𤅜𨆺𨮶𲪸
漉	瀌𤃱𤄟𱪄𲫈
漏	𫊁𭼴𮄠
漢	灘𡁚𤁤𤅩𨮟𪝳𲊠
漣	𢣣𬮖
漫	䕕𩆓
漳	𤁀𱪝
漸	䤔壍嬱聻魙𡽻𣋫𥜙𦾶𨮜𩉍𩟗𭟌𱯴𲧓
漻	䀊𦾷
潁	㩩𭳕
潐	𧀡𪇶
潘	籓藩𤄤
潜	𢸝𲶦
潢	㶂𮦹
潪	𤁰𤂥
潭	䨵藫𫾘𮆨𱕛𲫁
澁	𫊉𭼷
澄	𭟕𳉽
澋	灏灝𤂖𮹛
澡	藻𤒕𮆼
澤	䕪𫕵𲶫𳎍
濁	𢹅𤅴
濃	𤒚𮦽
濕	灦𤒴
濟	𫬵𱾿
濫	蘫𠑈𪸄
濯	𥷧𩆸
瀝	靋𧄻
瀧	𡔆𮧁
灌	𪈸𱘝
火	㛶㴴㶡㶢㶣㶤㶥㶦㶧㶩㶪㶫㶬㶭㶮㶯㶰㶱㶲㶳㶴㶶㶷㶸㶹㶺㶼㶽㶾㶿㷁㷂㷃㷄㷅㷆㷈㷉㷋㷌㷍㷎㷏㷐㷑㷒㷓㷔㷕㷖㷗㷘㷙㷚㷜㷝㷞㷟㷡㷢㷣㷤㷦㷧㷨㷩㷪㷫㷬㷭㷮㷯㷰㷲㷳㷴㷵㷷㷸㷹㷺㷻㷼㷽㷾㷿㸀㸁㸂㸄㸅㸆㸇㸈㸉㸊㸌㸍㸎㸏㽊䆦䎡䙳䙺䢠䲴䶴伙倐吙夑悐氮灭灮灯灰灱灲灳灴灵灶灷灸灹灺灻灼災灾灿炀炂炃炄炅炆炇炈炉炊炋炌炍炎炏炐炑炒炓炔炕炖炗炘炙炚炛炜炝炞炟炠炡炢炣炤炥炦炧炨炩炪炫炬炭炮炯炱炲炳炴炵炶炷炸炻炼炽炾炿烀烁烂烃烄烅烆烇烉烊烌烍烎烐烑烒烓烔烕烖烗烘烙烚烛烜烞烟烠烡烢烣烤烥烦烧烨烩烪烫烬烮烯烰烱烲烳烴烵烶烷烸烺烻烼烽烾烿焀焁焂焃焅焆焇焈焊焋焌焍焐焑焒焓焔焕焖焗焙焚焛焜焝焞焟焠焢焤焥焧焨焩焪焫焬焮焯焰焱焲焳焴焵焷焸焹焺焻焼焽焾焿煀煁煂煃煄煅煆煇煈煉煊煋煌煍煏煐煑煒煓煖煗煘煙煚煛煜煝煟煠煡煣煤煥煨煩煪煫煬煯煰煱煲煳煴煵煶煷煸煹煺煻煼煽煾煿熀熁熂熃熄熅熆熇熉熋熌熍熎熐熑熒熓熔熕熖熗熘熚熛熜熝熞熠熡熢熣熤熥熦熧熨熩熪熫熭熮熯熰熲熳熴熵熶熷熸熺熻熼熽熾熿燀燁燂燃燆燇燈燉燊燋燌燍燎燏燐燑燒燓燔燖燗燘燙燛燜燝燠燡燢燣燤燥燦燧燨燩燪燫燬燭燮燯燰燱燲燳燴燵燶燷燸燹燺燻燼燽燿爀爁爂爃爄爅爆爈爉爊爋爌爍爎爏爐爑爒爓爔爕爖爗爘爙爚爛爜爝爞爟爠爡爢爣爤爥爦爧爩狄畑疢盔睿秋秌羙耿苂荧褧覝逖邩鈥钬阦颎齌龦龹龽𠈳𠊅𠊌𠊸𠎌𠔉𠖣𠝬𠟮𠠽𠢸𠣦𠧽𠪌𡇂𡐝𡐼𡕛𡕝𡗩𡞊𡤗𡦦𡨎𡨿𡫅𡭞𡲴𡳉𡵖𡵼𡼷𡾎𢉙𢋗𢏅𢐼𢚪𢝑𢝲𢞚𢟬𢧾𢨙𢩂𢰍𢱀𢽀𢾋𢾐𢾡𢾬𣀢𣀿𣁗𣁧𣃛𣊥𣋴𣍹𣏦𣏹𣒓𣛫𣠜𣣛𣧛𣬗𣮸𣱛𣲧𣲱𣴕𣷇𣹹𣺸𤂞𤃄𤄸𤄼𤆂𤆃𤆄𤆅𤆆𤆇𤆈𤆉𤆊𤆌𤆍𤆎𤆏𤆑𤆓𤆘𤆙𤆚𤆜𤆝𤆞𤆟𤆠𤆡𤆢𤆣𤆤𤆥𤆦𤆧𤆩𤆭𤆮𤆯𤆰𤆱𤆲𤆳𤆴𤆵𤆶𤆷𤆸𤆹𤆺𤆻𤆼𤆽𤆾𤆿𤇀𤇁𤇂𤇃𤇄𤇅𤇆𤇇𤇈𤇉𤇊𤇋𤇌𤇎𤇑𤇒𤇔𤇖𤇙𤇚𤇛𤇜𤇝𤇞𤇢𤇣𤇤𤇥𤇦𤇧𤇨𤇩𤇪𤇫𤇬𤇭𤇮𤇯𤇰𤇱𤇲𤇳𤇶𤇷𤇹𤇺𤇻𤇼𤇽𤇿𤈁𤈃𤈄𤈆𤈇𤈈𤈊𤈋𤈍𤈎𤈏𤈐𤈑𤈒𤈓𤈘𤈙𤈚𤈛𤈜𤈝𤈞𤈟𤈠𤈡𤈢𤈣𤈤𤈥𤈦𤈧𤈨𤈩𤈪𤈫𤈬𤈮𤈯𤈰𤈱𤈳𤈴𤈵𤈶𤈷𤈸𤈻𤈼𤈽𤈾𤉀𤉁𤉃𤉅𤉆𤉇𤉈𤉊𤉌𤉍𤉎𤉑𤉒𤉓𤉔𤉖𤉗𤉘𤉙𤉚𤉛𤉜𤉝𤉟𤉣𤉤𤉦𤉧𤉨𤉪𤉫𤉬𤉭𤉮𤉯𤉰𤉲𤉳𤉴𤉵𤉶𤉷𤉸𤉹𤉺𤉻𤉼𤉾𤊀𤊂𤊃𤊄𤊇𤊈𤊉𤊊𤊋𤊍𤊎𤊏𤊐𤊒𤊓𤊔𤊕𤊖𤊗𤊘𤊙𤊚𤊛𤊞𤊟𤊠𤊡𤊢𤊤𤊥𤊦𤊧𤊨𤊩𤊪𤊫𤊬𤊮𤊰𤊲𤊳𤊴𤊵𤊶𤊷𤊸𤊹𤊺𤊻𤊽𤊾𤊿𤋀𤋂𤋄𤋅𤋉𤋊𤋋𤋎𤋏𤋑𤋓𤋖𤋗𤋘𤋙𤋚𤋛𤋜𤋝𤋟𤋠𤋡𤋢𤋦𤋨𤋩𤋪𤋫𤋬𤋭𤋲𤋳𤋴𤋵𤋶𤋷𤋸𤋹𤋺𤋻𤋼𤋽𤋾𤋿𤌀𤌁𤌂𤌃𤌄𤌅𤌆𤌇𤌋𤌍𤌎𤌏𤌐𤌒𤌓𤌕𤌖𤌗𤌘𤌙𤌚𤌛𤌢𤌣𤌤𤌥𤌦𤌧𤌨𤌪𤌫𤌬𤌭𤌮𤌯𤌰𤌱𤌳𤌴𤌵𤌶𤌷𤌸𤌹𤌺𤌻𤌼𤌽𤌾𤌿𤍃𤍄𤍅𤍆𤍇𤍈𤍉𤍊𤍎𤍏𤍐𤍑𤍒𤍓𤍕𤍖𤍗𤍚𤍜𤍝𤍞𤍡𤍣𤍤𤍨𤍪𤍬𤍭𤍮𤍯𤍲𤍴𤍵𤍶𤍷𤍸𤍺𤍼𤍽𤍿𤎁𤎃𤎄𤎅𤎆𤎇𤎈𤎋𤎌𤎍𤎎𤎏𤎐𤎑𤎒𤎔𤎕𤎖𤎙𤎚𤎛𤎜𤎞𤎟𤎠𤎡𤎢𤎣𤎧𤎨𤎩𤎪𤎮𤎯𤎱𤎲𤎳𤎵𤎶𤎷𤎸𤎺𤎻𤎼𤎽𤎾𤏆𤏈𤏉𤏋𤏌𤏍𤏎𤏏𤏐𤏑𤏓𤏔𤏖𤏗𤏘𤏙𤏚𤏛𤏜𤏝𤏟𤏢𤏣𤏥𤏦𤏧𤏨𤏪𤏫𤏬𤏮𤏯𤏰𤏱𤏲𤏳𤏴𤏵𤏶𤏸𤏻𤏼𤏽𤏾𤏿𤐀𤐁𤐃𤐄𤐆𤐇𤐈𤐉𤐊𤐋𤐌𤐎𤐏𤐐𤐑𤐒𤐓𤐖𤐗𤐘𤐙𤐚𤐛𤐜𤐝𤐟𤐠𤐡𤐢𤐣𤐤𤐦𤐧𤐨𤐩𤐪𤐬𤐭𤐮𤐯𤐰𤐱𤐲𤐴𤐵𤐶𤐷𤐹𤐽𤐾𤑁𤑃𤑆𤑈𤑉𤑋𤑍𤑐𤑑𤑒𤑔𤑕𤑗𤑘𤑙𤑚𤑛𤑝𤑞𤑟𤑡𤑢𤑣𤑤𤑥𤑦𤑧𤑨𤑫𤑬𤑭𤑮𤑯𤑱𤑲𤑳𤑴𤑵𤑷𤑸𤑹𤑺𤑻𤑼𤑽𤑾𤑿𤒁𤒂𤒃𤒄𤒅𤒆𤒇𤒈𤒊𤒋𤒌𤒍𤒎𤒑𤒒𤒓𤒔𤒖𤒗𤒘𤒚𤒛𤒝𤒟𤒠𤒡𤒢𤒣𤒤𤒥𤒦𤒧𤒨𤒩𤒪𤒫𤒬𤒮𤒯𤒰𤒱𤒲𤒴𤒶𤒷𤒹𤒺𤒻𤒽𤒾𤓀𤓁𤓂𤓃𤓄𤓆𤓇𤓈𤓉𤓊𤓋𤓌𤓍𤓎𤓏𤓒𤓓𤓔𤓖𤓗𤓙𤓚𤓛𤓝𤓞𤓠𤓡𤓢𤓣𤓤𤓦𤓩𤓪𤓫𤓭𤓮𤕉𤘭𤟙𤢅𤬟𤬬𤭰𤮁𤮶𤰹𤱦𤳮𤵮𤽈𥃘𥄣𥇨𥉔𥘙𥣇𥥦𥥿𥨴𥱇𥲄𥻕𦈦𦌨𦎟𦓒𦙊𦛧𦠁𦠹𦠺𦢅𦩎𦫁𦫂𦫜𦹨𦹪𧀚𧂌𧄣𧆋𧈾𧔶𧚵𧜷𧡂𧡙𧡠𧡼𧣌𧮃𧶦𧺄𧺩𧼃𧿮𨁣𨉇𨐹𨑯𨒭𨓌𨓩𨕩𨕼𨖉𨖓𨗄𨘄𨚊𨛂𨜛𨟽𨣐𨨚𨬂𨯄𨰨𨴙𨷹𨹈𩃏𩄪𩅊𩇒𩇭𩉈𩐬𩒏𩒪𩓈𩓮𩓺𩕈𩕠𩖧𩙜𩬊𩰜𩰟𩲕𩴩𩵰𪀬𪂸𪄗𪆅𪆈𪆔𪇂𪌌𪎖𪐩𪑓𪚯𪚱𪛁𪛑𪝲𪢾𪤙𪥢𪧝𪫯𪱪𪵘𪸍𪸎𪸏𪸐𪸑𪸒𪸔𪸕𪸖𪸗𪸘𪸙𪸚𪸛𪸜𪸝𪸞𪸟𪸠𪸡𪸢𪸤𪸥𪸧𪸨𪸩𪸪𪸫𪸬𪸭𪸮𪸯𪸰𪸱𪸲𪸳𪸴𪸵𪸶𪸷𪸸𪸹𪸺𪸻𪸼𪸽𪸾𪹀𪹁𪹃𪹄𪹅𪹇𪹈𪹊𪹋𪹍𪹎𪹏𪹒𪹓𪹔𪹖𪹗𪹘𪹙𪹚𪹛𪹜𪹝𪹞𪹟𪹠𪹡𪹢𪹣𪹤𪹥𪹧𪹨𪹪𪹫𪹯𪹰𪹳𪹴𪹵𪹶𪹷𪹹𪹺𪹻𪹼𪹾𪺀𪺁𪺂𪺄𪺅𪺆𪺇𪺈𪺉𪺊𪺌𪻓𪻮𪼸𪾛𫘉𫞠𫞡𫳡𫴊𫴔𫷲𫹐𫽃𫿥𬀏𬄇𬄾𬉴𬉶𬉷𬉸𬉹𬉺𬉼𬉽𬉾𬉿𬊀𬊁𬊂𬊃𬊄𬊅𬊆𬊈𬊉𬊊𬊋𬊌𬊍𬊎𬊑𬊒𬊔𬊕𬊖𬊗𬊛𬊜𬊝𬊠𬊡𬊢𬊣𬊤𬊥𬊨𬊩𬊪𬊬𬊭𬊮𬊯𬊰𬊱𬊳𬊵𬊶𬊷𬊸𬊺𬊻𬊼𬊽𬊿𬋀𬋁𬋂𬋃𬋄𬋅𬋇𬋉𬋊𬋋𬋌𬋍𬋏𬋑𬋔𬋖𬋘𬋙𬋛𬋜𬋝𬋞𬋟𬋠𬋢𬋣𬌨𬔇𬔲𬞨𬟩𬪞𬪴𬭱𬮟𬴵𬽄𭕺𭨬𭫬𭬿𭭝𭳿𭴁𭴂𭴃𭴄𭴅𭴆𭴈𭴊𭴌𭴍𭴎𭴏𭴐𭴑𭴒𭴓𭴗𭴙𭴛𭴜𭴞𭴟𭴡𭴢𭴣𭴤𭴥𭴦𭴧𭴨𭴩𭴪𭴬𭴭𭴱𭴲𭴳𭴴𭴵𭴶𭴹𭴻𭴼𭴽𭵀𭵁𭵂𭵃𭵅𭵊𭵋𭵌𭵍𭵎𭵏𭵑𭵒𭵓𭵔𭵕𭵖𭵗𭵘𭵚𭵟𭵡𭵢𭵤𭵥𭵦𭵧𭵨𭵩𭵪𭵫𭵬𭵭𭵯𭵰𭵱𭵲𭵴𭵵𭵶𭵸𭵹𭵻𭵽𭵿𭶀𭶁𭶂𭶄𭶅𭶆𭶇𭶎𭶏𭶒𭶓𭶔𭶖𭶘𭶙𭶚𭶛𭶡𭶣𭶤𭶥𭶦𭶧𭶨𭶩𭹡𭿿𮃚𮊖𮒫𮝃𮥑𮦉𮦟𮩏𮫬𮯳𮳚𮳛𮳜𮳝𮳞𮳟𮳠𮳡𮳢𮳣𮳤𮳥𮳦𮳧𮳨𮳩𮳪𮳫𮳬𮳭𮳮𮳰𮳱𮳲𮳳𮳴𮳵𮳶𮳷𮳸𮳹𰉿𰊕𰋺𰍳𰙏𰝶𰝷𰝸𰝹𰝺𰝼𰝾𰝿𰞂𰞃𰞄𰞇𰞈𰞉𰞊𰞋𰞌𰞍𰞎𰞏𰞐𰞑𰞒𰞓𰞔𰞕𰞗𰞘𰞙𰞚𰞛𰞜𰞝𰞞𰞟𰞢𰞣𰞤𰞥𰞦𰞧𰞩𰞫𰞬𰞭𰞮𰞱𰞳𰞷𰞸𰞹𰞺𰞻𰞾𰟁𰟃𰟄𰟅𰟇𰟍𰟎𰟏𰟐𰟒𰟓𰟔𰟕𰟖𰟘𰟙𰟜𰟞𰟟𰟠𰟡𰟢𰟣𰟤𰟦𰟧𰟨𰟪𰟫𰟬𰟭𰟰𰟲𰟵𰟶𰟷𰟸𰟺𰟻𰡤𰤃𰤋𰫭𰰬𰱸𰵅𱂖𱂝𱃉𱃑𱆱𱌗𱘛𱦫𱦾𱧪𱨕𱩳𱪡𱪢𱪣𱪤𱪦𱪧𱪨𱪩𱪪𱪫𱪭𱪮𱪯𱪱𱪳𱪴𱪵𱪹𱪾𱫁𱫄𱫅𱫈𱫉𱫊𱫋𱫌𱫍𱫎𱫏𱫐𱫑𱫖𱫗𱫘𱫙𱫚𱫛𱫜𱫝𱫞𱫡𱫣𱫦𱫨𱫩𱫪𱫬𱫮𱫯𱫲𱫴𱫶𱫷𱫺𱫻𱫽𱫾𱬀𱬂𱬃𱬄𱬅𱬇𱬈𱬉𱬊𱬋𱬌𱬍𱬎𱬏𱬐𱬒𱬓𱬕𱬖𱬗𱬙𱬚𱬛𱬜𱬞𱬟𱬠𱬡𱬢𱬣𱬤𱬦𱬫𱬬𱬭𱬱𱶪𱹇𲅹𲆃𲆔𲎋𲟋𲟳𲧤𲩗𲫍𲫏𲫐𲫑𲫓𲫔𲫕𲫖𲫗𲫚𲫛𲫜𲫝𲫟𲫡𲫣𲫤𲫥𲫦𲫨𲫩𲫫𲫬𲫭𲫮𲫯𲫱𲫲𲫳𲫵𲫶𲫸𲫹𲫺𲫻𲫼𲫽𲫿𲬀𲬁𲬃𲬈𲬊𲬋𲬍𲬎𲬏𲬐𲬑𲬒𲬓𲬔𲬗𲬘𲬙𲬚𲬛𲬝𲬞𲬟𲬤𲬦𲬧𲬨𲬪𲬫𲬬𲬭𲬮𲬯𲬱𲬲𲬳𲬴𲬷𲬸𳀠𳏎
灬	㟱㩠㶨㶵㶻㷊㷛㷦㷱㷶㸐䆶䈧䉣䖄䭖䮽儦凞勲喣嶣庶廌杰槱瀌炁炰点為烈烋烏烝热烹焄焉焎焏焘無焣焦然煎煕煞煦照煭煮熈熊熏熙熟熬熱熹燕燞燾爇爊爢爲犥癄穮篜缹罴羆羔臕舃舄蒸蔒蕉薫藨蘸鑣镳馬魚麃黑黒鿪𠁘𠄂𠄝𠆐𠆠𠆡𠌎𠌮𠍪𠍶𠏽𠔥𠘑𠟛𠠆𠢰𠦮𠪩𡂘𡇫𡇺𡋬𡑹𡕀𡖋𡚔𡦗𡪍𡫕𡾌𢅱𢇁𢇃𢉍𢊁𢊒𢎓𢖐𢚎𢡓𢨓𢺱𣄊𣊳𣋳𣗇𣗮𣚐𣜑𣣵𣷇𣻍𣽉𣽙𣾤𣿱𣿶𤂏𤄼𤆋𤆐𤆒𤆔𤆕𤆖𤆗𤆛𤆨𤆪𤆫𤆬𤇍𤇏𤇐𤇓𤇕𤇗𤇘𤇟𤇠𤇡𤇴𤇸𤈀𤈂𤈅𤈉𤈌𤈔𤈕𤈖𤈗𤈿𤉂𤉄𤉉𤉋𤉏𤉐𤉠𤉡𤉢𤉥𤉩𤉱𤉽𤉿𤊁𤊅𤊌𤊑𤊝𤊯𤊱𤋁𤋃𤋇𤋈𤋌𤋐𤋒𤋕𤋞𤋣𤋤𤋥𤋦𤋧𤋮𤋯𤋱𤌈𤌉𤌊𤌔𤌝𤌞𤌩𤌲𤍁𤍂𤍋𤍍𤍟𤍠𤍥𤍫𤍰𤍱𤍳𤍹𤍻𤎂𤎉𤎗𤎝𤎦𤎰𤎴𤎹𤎿𤏁𤏂𤏄𤏅𤏇𤏊𤏤𤏩𤏹𤏺𤐂𤐅𤐳𤐸𤐿𤑄𤑅𤑊𤑌𤑏𤑜𤑩𤑪𤑰𤒉𤒋𤒏𤒕𤒜𤒵𤒸𤒿𤓏𤓑𤓘𤓚𤓜𤓥𤓬𤣄𤹐𤺣𤻩𥃠𥄧𥈈𥉬𥌜𥔕𥕃𥜏𥡤𥡱𥣏𥤛𥤠𥧳𥨽𥮿𥴏𥶔𥶬𥷾𥼙𥼞𥼥𦅎𦌲𦏬𦜯𦟙𦱷𦱻𦲓𦳤𦵅𦶟𦶣𦷆𦷓𦺂𦻛𦻹𦼈𧀙𧀛𧃤𧄾𧅐𧆸𧈘𧑳𧗊𧝄𧞌𧞦𧞳𧢙𧤲𨓃𨘜𨚋𨞻𨰔𨶲𨸋𨼾𩃯𩄰𩍶𩎂𩎷𩏸𩜡𩟄𩡢𩡧𩯥𩽁𪔁𪚰𪳝𪷌𪸓𪸣𪸦𪸿𪹉𪹐𪹕𪹦𪹩𪹭𪹮𪹱𪹸𪹿𪺋𫉧𫞟𫠕𫣾𬉵𬉻𬊏𬊓𬊘𬊙𬊚𬊞𬊧𬊫𬊲𬊹𬊾𬋈𬋎𬋐𬋒𬋕𬝐𬞭𬟚𬟤𬴍𬼹𬿱𭁱𭁽𭊰𭔓𭔥𭞺𭧣𭧶𭨐𭬘𭮟𭮦𭳦𭴀𭴇𭴉𭴋𭴔𭴕𭴖𭴘𭴚𭴝𭴫𭴮𭴯𭴰𭴷𭴸𭴹𭴺𭴾𭵄𭵆𭵇𭵈𭵉𭵐𭵙𭵛𭵜𭵝𭵠𭵣𭵮𭵳𭵷𭵺𭵼𭵾𭶃𭶉𭶊𭶍𭶐𭶕𭶗𭶜𭶝𭶞𭶠𭶢𭹿𭺈𭻨𭻩𭻯𭻴𭿖𮄛𮄢𮆈𮆴𮐹𮒡𮚏𮡐𮣤𮦼𮧭𮩙𮫛𮫯𮫲𮭱𮭷𮮜𮳯𰝻𰝽𰞀𰞁𰞅𰞖𰞟𰞠𰞡𰞨𰞯𰞲𰞴𰞶𰞼𰞿𰟀𰟂𰟆𰟈𰟉𰟊𰟌𰟑𰟛𰟠𰟩𰟮𰟱𰟳𰪉𱍆𱡧𱧖𱨜𱩭𱪉𱪥𱪬𱪰𱪲𱪶𱪷𱪸𱪻𱪼𱪽𱪿𱫂𱫃𱫆𱫇𱫒𱫓𱫔𱫕𱫙𱫠𱫢𱫤𱫥𱫧𱫫𱫭𱫰𱫱𱫵𱫸𱫹𱫼𱫿𱬆𱬑𱬨𱬩𱬰𱮞𱲕𱲖𱶘𱹈𱹙𱹝𱹡𲄈𲅬𲍥𲍧𲑆𲚋𲤭𲫎𲫒𲫙𲫞𲫠𲫧𲫪𲫰𲫷𲬂𲬄𲬆𲬇𲬉𲬌𲬕𲬖𲬜𲬡𲬣𲬨𲬵𲽄𲽳𳉿𳍦𳑋
灭	㶳㶾䀆灻烕羙鋄𠊕𠦓𠷧𡕢𢄅𢒵𢝑𣊠𣠪𤈲𤌑𤎀𤐫𤥙𥋄𥌝𦗩𦙻𦯘𦲯𦳒𧜬𧷇𨅟𨓶𨯺𩆉𩦈𩼾𪑉𪱠𬆡𬽄𭞊𭴃𭴿𰞜𰟝𰠰𰪳𰰬𰶙𱟭𱧑𲉳𲋸𲟵𲱓𳄃𳄜
灮	𣴕𤱦
灰	㞀㷇咴恢拻洃炭烣盔脄詼诙𠗇𠩔𣙠𤈩𤉕𤊣𤏀𦤠𦭹𧱉𨀡𨒭𨦗𩨿𪑀𪲄𪿙𬀯𬊐𬽻𭎑𭘛𭽔𮃃𮅹𰆟𰞰𰥝𱛠𱬧𲫘𲫢𲶃𲷮𲾕𳀝𳆩
灳	𪹌𬊟
灴	炡炬
灵	㻏棂𠈳𠴌𤍌𤎓𥽣𧼍𩃏𪕠𪹂𫞠𫟑𬊽𬌴𬎶𬫟𭝊𭝋𮀡𮇤𰛻𰞞𰰄𱆲𱙙𱛰𱫟𲟜
灶	𢭭𤆧𲫤
灷	㑞䢠𣍹𣒁𣬗𣬘𤮪𥆵𦩎𧝻𨔮𨖉𬫞𲆓
灻	羙𦍚𰞓
灼	䓎𥭓𭴰
災	𨉒𨓌𭴠
灾	㛮䤹䬒叜𡨎𡨐𡨝𣮬𣸈𧼭𨐭𮩏𮳇𰵅𱄂
炅	煑𡨶𡼷𤉭𤉲𤊽𤍘𤎚𤽈𥇏𥨤𧌚𨨋𭴽𰻂
炉	煸煽熩𤍦𦲊𭵅𭵚
炊	䶴𨨢𫓿
炎	㓹㥕㰊㲜㷋㷠㷥䆦䊏䎦䑞䗊倓剡啖埮婒惔扊掞敥晱棪欻毯氮淡煔燄燅燚琰痰睒緂腅舕菼裧覢談谈賧赕郯醈錟锬顃顲颷餤𠊌𠪛𡀕𡃘𡐼𡨼𡪶𡬖𡳈𡳉𢀆𢃔𢅮𢉘𢊝𢸧𢸱𢹙𢻑𢻟𢽻𣝎𣞖𣠃𣨬𣯅𤃨𤈹𤉞𤊼𤋆𤌜𤎢𤎥𤎫𤎭𤏒𤏕𤏭𤐕𤐞𤐥𤐺𤑀𤑂𤑋𤑓𤑖𤑠𤑶𤒀𤒞𤒳𤒼𤓅𤓕𤓧𤔵𤟇𤯇𤲩𤾃𥟢𥩒𦋎𦋴𦌣𦖠𦦨𦧡𦩗𦫟𦸠𧅡𧣹𨁹𨌹𨕪𨖤𨞴𨟏𨤮𨪘𨾄𩉀𩖋𩖖𩗹𩙪𩩧𩸥𪂈𪉧𪏋𪐗𪑓𪒸𪝧𪹑𪹝𪺯𬊦𬋓𬫨𬸖𭵞𭶈𭶟𭻞𮊛𮥐𮪋𮫣𮭽𰒯𰟎𰟚𰟥𰦆𰬧𰻻𱃿𲅽𲆅𲝩𲧑𲬠𲬰𲳫𲴫𳄻𳉙𳊇𳑞
炏	㷀㸉㽊嫈嵤榮檾滎焭焱煍燊燚燮爕甇禜膋鶑𠙦𠠓𠣁𡀸𡁊𡠺𡣹𡹖𣁧𣓳𣶷𤇾𤈺𤋍𤌟𤌠𤍀𤍛𤍩𤎊𤎬𤏃𤏻𤐔𤓟𥚡𦲌𦼐𧄣𨍶𨗄𨧿𨷢𩙜𩴩𪹺𪹽𫒽𫫎𫺞𬊇𬏙𬡤𭣓𭬿𭶋𮘠𮘽𮯳𮱌𰋧𰜉𰞪𰞵𰟯𰟹𱑺𱟂𱬰𲫭𲫺𲬥𳏣
炗	𡕛𢉙𣇪𧐚
炘	焮𢜦𰱘
炙	㸋䂹爒𠶨𡐩𣇧𣶋𤍙𤎡𤎢𤏝𤐬𤑃𤑗𤑩𤒗𤒣𤒧𤓏𤟙𦓟𦜡𦠁𦠹𦠺𨂂𨹾𩀲𲬮
炭	㛶㨏湠碳羰𠋌𡎅𣕴𩤧𪡩𪹇𫺣𬜍𲬅𲶃𲷐𳀟𳆑
炮	𪺃𬋗𬋚𰟂
炱	㬃𫨐
炳	𢝦𦳼
点	𢰷𣸾𦝿𧪊𨃊𬊬𬝐𰈊𰪉𱬥𲨐
為	㬙㺔䃣䈧䞈䦱偽噅媯寪撝溈蒍蘤蟡譌鄬𢊯𢠿𤔡𤺉𥊪𦖯𧲄𧽶𩑁𩻟𰔐𱎗𲂢𲐊𲞪𲹚
烈	𠗹𠺅𢟏𤍅𤹐𥉬𦃾𦤭𦶣𧏲𨃻𩄰𪶭𫊔𬟜𰔔𱣽𲀼𲤭
烋	𠹎𢊒
烏	㮧䃖䖚䡧嗚塢嵨摀歍溩熓瑦螐鄔鎢隖鰞鳥𠌥𠞆𠥹𠭬𡈎𡠄𢄓𢞬𣦑𣯑𤀙𤑎𤸼𥻼𦶀𧪛𧽋𨶇𨻑𩈺𩌗𩝷𩮮𪄝𪏝𪦭𫕜𫖤𫧙𫸼𬚭𭂛𱫳
烕	㓕搣滅𡟬𦄅𨻒𬵢𲱧
烜	𣉖𲦡
烝	篜蒸𡏈𢾧𤸲𦞪𧪣𪳜𬵴𭵱𱆼
烦	𫫏𮐚
热	𦶟𭧈𱓰
烹	䥋𢴒𨢶
烾	𡐩𡳈
焉	㥼㯊䗡傿嘕墕嫣漹篶蔫鄢𢳃𣩙𤎄𧽞𨻳𱐋
焏	𡠮𭫸
焚	㸑𣚵𤑇𤒐𪎖𫜴𬗼𭊦𰝫
焛	𤌎𨴙
無	㒇㣳㷻䉑䌗䍢嘸墲嫵幠廡憮撫橅潕璑甒瞴膴蕪蟱譕鄦鷡𠓺𠢬𢅊𣊲𤏠𥕻𥼣𧓼𨅐𨖴𨝬𨶭𨼊𩻚𫞶𫡟𬍇𬐳𮂭𮓉𱢬𱳥𲆜𲏹𲢲𲤈𲫴𲬩𲬺𳇨
焦	㲬㺘䆶䖄䩌僬劁噍嫶嶕嶣憔撨樵潐燋癄瞧礁穛膲蕉蟭譙谯趭醮鐎顦鷦鹪𢄺𣟼𣤚𤃭𤄩𥛲𥼚𥾀𦅃𦗠𦢺𦣳𧖝𧝈𨖵𨝱𨱓𨶲𨸋𨿈𨿞𩏢𩏷𩴧𪆄𪆔𪽢𫃗𭔓𭧭𱂻𱬳𲗡𲘍𲥕
焭	㒌橩𠙦𦺺𨭊
焱	㲭歘燊飈飊飚𠟡𢊽𢴵𣄡𤍢𤓟𦼐𧷼𨗄𨞇𩉅𩴩𬄾𭧲𮗝𮸡𮸼𰯚𱤙𱬲𲬋𲮻𲯿𳉴𳌐
然	㒄㜣㦓㬗䔳䳿嘫撚橪燃繎蹨𡑋𡮫𣰂𤡮𤺱𥊶𥢯𥳚𩉄𪷖𫻜𬙇𬬊𲵓
焸	𰟗𱬔
煎	𠿏𢶕𣜭𤐄𧬫
煕	㜯𩟄
煙	𫴍𬮕
煞	㬠繺𠿼𢅑𢎓𢢴𢶞𣛶𤐑𥋧𨭝𰳠
煢	𠎽𢶇𣜧𦽓
照	燳𥵕𬡰𬪸𲏼𲴏
煩	薠𢶃𨆌𨆜𪹺𫬆𭆖
煮	㵭𭧶𭵽𮆈𰟴𱬝𲽄
熊	羆𤻩𦌲𧀛𧄾𧞞𨮳𫔒𲬶
熏	䗼䙧勳嚑壎曛櫄燻獯矄纁臐薰醺鑂𠧋𢣤𢷠𣠍𤑕𤪠𦇟𦧀𦫯𧸬𨷔𩪱𪇑𪈧𪴚𫄸𫲊𬟓𬿿𭂺𱑁𱚗𲪚
熒	濙藀𡂋𧓌𧭓𰟭
熙	㜯𠘕𡁱𤀠𤐤𩟄
熝	爊𤏶𤐷𤓍
熟	𤒙𰃁𱬪
熬	𭋣𮜡
熱	爇𢤢𪷴𱤮𲗙
熹	𨯨𰃂𰨗𲛷
燅	㰊䕭𢅮𢸧𢸱
燊	𣟕𤒇
燐	𤑲𧃮
燒	𬘏𱬮𳇞
燕	㬫䜩䴏嚥嬿曣臙觾讌酀醼驠𡤈𣟛𤃇𤒈𤓨𤫇𥍂𥗕𥷀𥽫𧔦𨇟𨯧𨽞𩽒𪈏𫋩𫿲𭗬𭣅𮨤𮩘𮹜𱅬𱊴𲚟
營	㹚㿘巆攚櫿瀯𢥏𤒨𤫎𥗞𧕍𫑔𰷰𲗷𲚦
燮	㦪㰔㽊躞𠑄𡄕𢹒𤫉𥍆𧕊𩎃𪱓𪸂𰋃
燹	𨰖𩰟
燾	瓙𤴃
爂	𥃘𥤎𩽬𭣓
爕	𢥥𤫙𥍏𨇾𩧟𫾠𲀕𲴝
爨	𣡿𥎤𥎥𩎑
爪	㸕䖣䝖坕抓枛沠爬爮爴笊舀釽𠷒𢁬𢇏𢦞𢦼𢩞𢫺𢮞𢮣𢱑𤓱𤓲𤓵𤓶𤓷𤓹𤓺𤓼𤔀𤔅𤔈𤔉𤔋𤔎𤔏𤔑𤔖𤔗𤔙𤔚𤔛𤔜𤔝𤔟𤔢𤔨𤔩𤔮𤔯𤔶𤔻𤔽𤔾𤕉𤕊𤜶𤣺𤰰𤰲𥂼𥄄𥾭𦆩𦥝𦧍𦬔𧘷𧠘𧠙𧦐𧳻𨔅𩨢𩬐𪗢𪺎𪺐𪺑𪺖𪽫𫩜𫵕𬀄𬋦𬋬𬋰𬋳𬦦𬬲𭓹𭶫𭶱𭶲𭶳𭶶𭶸𭶹𮃹𮄨𮍕𮒢𮠜𰟼𰟽𰠁𰠃𰠅𰠙𱬶𱬸𱬽𱬿𱭀𱭁𲃊𲬻𲬼𲬾𳍆
爫	㐍㡪㩱㬊㰿㲗㴞㷔㸒㸓䁘䂃䍃䣋䫣䳕乳乿偁受嗠奚妥婬媱孚寽彩愛揺摇暚榣淫渓滛灂熎爝爭爯爰爱爲爵皭稲穏穱舀舜蘨覓觅謡谿辤郛釂采閿隠雞颻鶏鶢鷄鼷𠃭𠃹𠃿𠄂𠊻𠋁𠌀𠌠𠚞𠝄𠧎𠧏𠬪𠭖𠭧𠮗𠾄𡄹𡅔𡅝𡆓𡎽𡏪𡐼𡔅𡕼𡕽𡗮𡝇𡦢𡬳𡭒𡰖𡰡𡰢𡳲𡹂𡹑𡿙𢅁𢇏𢉏𢒒𢝾𢥚𢭊𢮣𢮤𢯉𢯳𢱄𢳸𢳻𢵾𢽿𢿮𣀎𣁍𣁝𣂭𣌄𣑂𣑿𣔔𣖩𣩖𣫌𣹄𣺧𣽮𤂆𤅪𤈚𤊚𤋠𤌵𤑀𤓳𤓸𤓹𤓻𤓽𤓾𤓿𤔂𤔃𤔄𤔆𤔇𤔊𤔌𤔍𤔐𤔒𤔓𤔔𤔕𤔘𤔞𤔠𤔡𤔣𤔤𤔦𤔪𤔫𤔬𤔰𤔳𤔴𤔵𤔸𤔹𤔺𤔼𤔿𤕀𤕁𤕃𤕆𤕈𤕋𤕍𤧏𤨊𤪞𤬇𤮫𤮬𤳿𤴋𤴎𤼮𤿃𥄃𥒗𥔺𥕬𥝩𥟝𥟞𥟳𥡙𥧹𦃟𦄘𦅸𦇌𦖗𦙔𦢣𦫬𦳡𦷲𧀂𧇧𧋭𧎼𧏇𧏭𧛙𧜋𧝾𧠾𧡳𧡾𧧞𧨞𧭕𧮾𧱌𧳻𧴇𨎘𨏝𨏵𨐂𨐄𨐲𨖡𨖦𨖪𨗽𨙣𨙤𨟧𨣥𨤊𨦜𨦝𨧑𨹢𨺾𨽑𨿁𨿚𨿸𩍫𩍱𩎋𩒟𩓖𩓚𩔃𩔋𩜿𩝰𩤻𩰣𩰥𩰨𪅊𪇈𪓷𪥣𪦢𪲾𪶴𪷶𪺆𪺍𪺏𪺕𪺙𪺚𪽋𪿿𫁃𫁉𫃭𫃿𫎈𫐃𫑞𫕊𫢥𫨀𫨙𫰄𫱘𫴉𫴧𫸰𫺼𬈬𬉝𬉿𬋥𬋧𬋩𬋪𬋭𬋯𬋴𬋵𬋷𬋸𬌈𬌉𬎝𬏏𬏰𬓴𬚏𬞨𬡀𬤸𬨪𬨶𬬝𬰮𭀹𭆲𭇥𭐫𭑑𭓜𭗄𭛳𭞀𭲦𭶪𭶬𭶭𭶮𭶯𭶰𭶷𮂢𮉆𮕎𮘦𮚃𮛪𮣈𮦡𮭆𰇂𰋴𰔻𰟾𰟿𰠀𰠂𰠄𰠆𰠈𰠉𰠊𰨋𰹗𱂑𱠁𱦒𱦓𱫃𱬷𱬹𱬻𱬼𱭂𱭃𱭇𱯭𱱆𱳁𲀅𲅜𲈧𲋵𲌥𲜤𲤛𲬠𲬽𲬿
爭	㬹䋫䍵䱢凈埩婙崢掙棦淨瀞猙琤睜碀竫箏諍踭錚靜鬇𠎈𠬉𠲜𡴣𡸵𢂰𢏰𢛵𤔷𥶹𥺲𦓺𦱊𦽰𧬦𧶄𨌢𨘱𨛰𨲌𩓞𩗲𪟐𪢛𪬭𪰭𪸾𪺓𪺗𪺘𫐭𫣺𬋨𬎛𱐲𱘕𲽔𳅦𳇙
爯	㛵偁稱𢜻𣉁𣩖𤌁𥈦𧽃𩔋𪫁𫕋𬃣𲢁
爰	㣪㬊䁔䈠䐘喛媛嵈愋援暖楥湲煖猨瑗禐緩缓萲蝯褑諼谖鍰锾鰀鶢𠋠𤀣𤲫𥔛𦅻𦇻𦑛𦖵𦩮𦫦𧞈𧡩𧳭𩋫𩏅𩔃𫏖𫏺𫕉𫣰𫮊𬁆𬋫𬥢𭤿𭶵𮠹𰈰𱊒𱡟𲍗𳋞
爱	叆嗳嫒暧瑷𩡖𪳗𫂖𫆫𫉁𫣊𬊺𭞄𭱵𮇳𮓇𮦸𰹆𰾭𱐿𱭄𱭈𱭉
爲	㬙㺔䃣䈧䞈䦱䧦僞噅噕嬀寪撝潙爳蔿蟡譌鄬𡐮𢁍𢅌𢊯𢕷𢠿𢡺𣄺𤎶𤏜𤛨𤺉𤾡𥊪𥢬𦅂𦠽𦢳𧲄𧴑𧹋𧽶𨅌𨖿𨬞𩍇𩑁𩴞𩻟𪩼𪳵𫕯𫛔𫬑𫿒𬋱𬡮𭗛
爵	㩱㬭䂃嚼灂爝皭穱釂𠘣𢥚𥷮𦣅𨇺𨰜𪚅𫑲𫤼𫸤𬋺𬺖𭚞𮉜𮍟𲀓𲰒𳏾
父	㕮㳇㸖㸗㸘㸙䭸交斧爷爸爹爺蚥釜𠀱𠇑𠚁𠛈𠜡𡵛𢑓𢚌𢨰𣏤𤕎𤕏𤕐𤕑𤕒𤕓𤕔𤕕𤕖𤕗𤕘𤕙𤕚𤕛𤞮𤤎𤱀𤱇𧇗𧉊𧒦𨊽𨗾𨚅𨥏𨾝𩂎𩳬𩵹𩽻𩾿𪂥𪄇𪺛𪺜𫇫𫙉𫷁𬋻𬋼𬥐𬨫𭶺𭶻𭶼𭷕𮮕𰠋𰠌𰠍𰭶𰼢𱦠𱭊𱹭𲭀𲭁𲭂𲭃𲭄
爹	嗲𪦕𪮟𬿇𭏔𭶽𮜄𰟍𱿿𲺧𳆠
爺	𰂴𲖻
爻	㤊㸚䂚䋂䒝䡈棥爼礟笅覐訤駁驳𠛄𠜽𠶂𠽽𡄉𡘻𡥈𡦴𢁫𢂞𢺽𢼂𢼫𢼬𣎭𣏠𣗂𣡦𣡪𣪩𤅭𤉧𤕝𤕞𤕟𤕠𤕡𤕢𤕥𤕦𤕧𤿓𥂞𥕭𥤹𥾥𦥯𦷠𧂇𧃱𧞻𧠔𧧿𨈠𨌸𨏐𨞟𨟿𩇒𩉤𩎔𩑛𩨟𩬃𩵲𩾾𪡘𪩜𪺝𫚃𫬇𫾜𫿟𬉩𬋽𬪢𬾝𭓘𭣷𰮍𱎓𱏇𱐥𱒋𱶮𲬟𳇏
爽	㼽䔪䗮䫪傸塽慡摤樉漺磢鏯騻鷞𠓷𠗾𠞮𠼙𡻯𢣨𤀿𤕤𥡠𥱶𦄍𧫗𧴅𨄷𪼐𫎿𫕐𫘭𬘾𮭪𮵩𲠽𲠾
爾	㣆䌤䦵儞壐嬭彌擟檷濔瀰獮璽禰穪籋薾蠒襧覼趰躎邇鑈镾隬鸍鿛鿜鿝鿞鿠鿡鿥鿧鿨鿩𠑂𠕰𠧌𡁠𡄣𢣚𢣭𣀑𣍓𣝧𣡋𤐨𤣔𤪙𤰐𤻞𥌃𥎖𥜬𥷄𦇯𦒤𦢈𧭉𨏤𨤻𨮪𨯡𨰛𨷬𩁖𩍦𩯨𩰞𪈕𪓿𫁮𫲅𬋾𬚨𭌮𭘽𭣐𭥇𭨁𭮤𭽹𮄞𮓓𮓕𮕖𮝭𰺬𱭌𲧡
爿	㸛㸜䆿墏壯妝將屫戕斨牀牁牂牃牄牅牆狀𡉟𡘾𡞓𡲆𡲿𢉎𢍿𢪇𢪫𤕬𤕭𤕮𤕯𤕰𤕱𤕲𤕳𤕴𤕵𤕶𤕷𤕸𤕹𤕻𤕼𤕽𤕾𤕿𤖀𤖁𤖂𤖃𤖄𤖅𤖆𤖇𤖈𤖉𤖊𤖋𤖌𤖍𤖎𤖏𤖐𤖑𤖒𤖓𤖔𤖕𤖖𤖗𤖘𤖙𤖚𤖛𤖜𤖝𤖞𤖟𤖠𤖡𤖢𤖣𤖤𤖥𤖦𤖧𤟌𤟒𤴠𥧃𥧍𥨊𥨲𥨷𥩒𧌜𧢼𨟻𨡓𩡽𩿄𪧇𪺞𪺟𪺠𪺡𬋿𬌀𬌁𬌂𬌃𬌄𬌅𬌆𬌇𬌈𬌉𬌊𬌌𬌍𬌎𬌏𬌐𬌑𭶾𭷁𭷂𭷄𭷅𭷆𭷇𭷈𮄔𮄕𮄡𮄥𮑻𰉎𰠎𰠏𰠐𰠑𰠒𰠓𰠔𰠕𰠖𰱄𱖁𱫭𱭍𱭎𱭏𱭐𱭑𱭒𱭓𱭔𱭖𲭅𲭆𲭇𲭉
牀	𡞓𤷲𦝆𦝍𩃕
牂	𣉚𦟃
片	㭊㲏㸝㸞㸟㸠㸡㸢㸣㸤㸥䏒䕈扸沜版牉牊牋牌牍牎牏牐牑牒牓牔牕牖牗牘覑魸𠛁𠯯𡵫𢡕𢦤𣂔𤕰𤖎𤖨𤖩𤖪𤖫𤖬𤖭𤖮𤖯𤖰𤖱𤖲𤖳𤖴𤖵𤖶𤖷𤖸𤖹𤖺𤖻𤖼𤖽𤖾𤖿𤗀𤗁𤗂𤗃𤗄𤗅𤗆𤗇𤗈𤗉𤗊𤗋𤗌𤗍𤗎𤗏𤗐𤗑𤗒𤗓𤗔𤗕𤗖𤗗𤗘𤗙𤗚𤗛𤗜𤗝𤗞𤗟𤗠𤗡𤗢𤗣𤗤𤗥𤗦𤗧𤗨𤗩𤗪𤗫𤗬𤗭𤗮𤗯𤗰𤗱𤗲𤗳𤗴𤗵𤗶𤗷𤗸𤗹𤗺𤗻𤗼𤗽𤗾𤗿𤘀𤘁𤘂𤘃𤘄𤰽𥂄𥞄𥨲𥩜𥸺𦺯𧈼𧌿𧣉𧦓𨐏𨳭𩂌𩢝𪚖𪺢𪺣𪺤𪺥𪺦𫭡𬌓𬌔𬌕𬌖𬫄𬷃𭖎𭤬𭷉𭷊𭷋𭷌𭷍𭷎𭽌𰁨𰠙𰠚𰠛𰠜𰠝𰠞𰠟𰤿𰷲𱭙𱭚𱭛𱭜𱭝𱭞𱭟𱭠𱭡𲃙𲆷𲭋𲭌𲭍𲭎𲭏𲭐𲭑𲳏
版	蝂𧌿
牋	𣚙𣽖
牒	䕈䥡𣛻
牙	㤉㧎㸧䄰䍓䥺䪵伢冴厊呀岈庌枒牚犽玡疨砑穿笌芽蚜衺訝讶谺迓邪釾閕雅颬鴉鸦齖𠚾𠡁𡉪𡵥𢗬𣮖𣯛𣲨𣺶𣻊𤆹𤘅𤘆𤘇𤘈𤘉𤘊𤘋𤘌𤘍𤘎𤘏𤘐𤘑𤘒𤘓𥁆𥼅𦕆𦴉𧘪𧠖𧣐𨅪𩐆𩨠𩶀𪑢𪖕𪘯𪚐𪺧𪺨𫰎𫺗𬌗𬌘𬦤𬶅𬹺𭄮𭄯𭆆𭒀𭓟𭕲𭣼𭯠𭯲𭷏𭷐𭷑𭷒𭷥𭾹𮏬𮐍𮗍𮡘𰀍𰐖𰗔𰠠𰠡𰠢𰠣𰠤𰠥𰿩𱃕𱤉𱭢𱭣𱭤𱭥𱭦𱭧𱭨𲀉𲀧𲜝𲭒𲭓𲭔𲭕𲭖𲭗𲭘𲭙𳎾
牚	撐橕𢿦𢿽𣪼𥊼𦉘𨅝𨭃𬭷𬲜𭣝
牛	㙚㭌㷣㸨㸩㸪㸫㸬㸭㸮㸯㸰㸱㸲㸳㸴㸵㸶㸷㸸㸹㸺㸻㸼㸽㸾㸿㹀㹁㹂㹃㹄㹅㹆㹇㹈㹉㹊㹋㹌㹍㹎㹏㹐㹑㹒㹓㹔㹕㹖㹗㹘㹙㹚㹛㽚䋅䍧䒜䔣䭽䵓件制吽吿朱汼牝牞牟牠牡牢牣牤牥牦牧牨物牪牫牬牭牮牯牰牱牲牳牴牵牶牷牸特牺牻牼牽牾牿犀犁犂犃犄犅犆犇犈犉犊犋犌犍犎犏犐犑犒犓犔犕犖犗犘犙犚犛犜犝犞犟犠犡犢犣犤犥犦犧犨犩犪犫生窂荦觕觲鈝鴾𠎔𠵮𡉯𡕘𡘠𡫡𡵜𡵣𢍎𢒢𢓐𢛮𢜓𢝰𢢹𢪧𢵕𢵜𣁄𣅫𣧘𣪬𣬳𣴿𣽲𤁁𤁜𤂁𤂤𤑁𤘔𤘕𤘖𤘗𤘘𤘙𤘚𤘛𤘜𤘝𤘞𤘟𤘠𤘡𤘢𤘣𤘤𤘥𤘦𤘧𤘨𤘩𤘪𤘫𤘬𤘭𤘮𤘯𤘰𤘱𤘲𤘳𤘴𤘵𤘶𤘷𤘸𤘹𤘺𤘻𤘼𤘽𤘾𤘿𤙀𤙁𤙂𤙃𤙄𤙅𤙆𤙇𤙈𤙉𤙊𤙋𤙌𤙍𤙎𤙏𤙐𤙑𤙒𤙓𤙔𤙕𤙖𤙗𤙘𤙙𤙚𤙛𤙜𤙝𤙞𤙟𤙠𤙡𤙢𤙣𤙤𤙥𤙦𤙧𤙨𤙩𤙪𤙫𤙬𤙭𤙮𤙯𤙰𤙱𤙲𤙳𤙴𤙵𤙶𤙷𤙸𤙹𤙻𤙼𤙽𤙾𤙿𤚀𤚁𤚂𤚃𤚄𤚆𤚇𤚈𤚉𤚊𤚋𤚌𤚍𤚎𤚏𤚐𤚑𤚒𤚓𤚔𤚕𤚖𤚗𤚘𤚙𤚚𤚛𤚜𤚝𤚞𤚟𤚠𤚡𤚢𤚣𤚤𤚦𤚨𤚩𤚪𤚫𤚬𤚭𤚮𤚯𤚰𤚱𤚲𤚳𤚴𤚵𤚶𤚸𤚹𤚺𤚻𤚼𤚽𤚾𤚿𤛀𤛁𤛂𤛃𤛄𤛅𤛆𤛇𤛈𤛊𤛋𤛌𤛍𤛎𤛏𤛐𤛑𤛒𤛓𤛔𤛕𤛖𤛗𤛘𤛚𤛛𤛝𤛞𤛟𤛠𤛡𤛢𤛣𤛤𤛥𤛦𤛧𤛨𤛩𤛪𤛫𤛬𤛭𤛮𤛯𤛰𤛱𤛲𤛳𤛴𤛵𤛶𤛷𤛸𤛹𤛺𤛻𤛼𤛽𤛾𤛿𤜀𤜂𤜃𤜄𤜅𤜆𤜇𤜈𤜉𤜊𤜋𤜌𤜍𤜎𤜏𤜐𤜑𤜒𤜓𤜔𤜕𤜖𤜗𤜘𤜙𤯣𤰼𤵃𤾎𥓧𥝫𥣉𥧷𥪑𥭏𥼏𦧋𦺙𧉖𧢻𧣈𧥸𧲤𨌽𨌾𨎓𨑴𨩏𨪨𨳯𨸡𩑩𩙲𩲍𩵠𩿓𪒷𪜼𪶍𪺝𪺩𪺪𪺫𪺬𪺭𪺮𪺯𪺰𪺱𪺲𪺳𪺴𪺵𪺶𪽑𫞢𫧘𫰔𬌙𬌚𬌛𬌜𬌝𬌞𬌟𬌠𬌡𬌢𬌤𬌥𬌦𬌧𬌨𬓄𬙓𬙮𬧿𬨹𬩶𭃭𭇤𭔜𭣮𭱂𭷓𭷔𭷕𭷖𭷗𭷘𭷙𭷚𭷛𭷜𭷝𭷞𭷟𭷠𭷡𭷣𭷤𭷥𭷦𭷧𭷨𭷩𭷫𭷭𭷮𭷯𭷰𭷱𭷳𭷴𭷵𭷶𭷷𭷽𮓤𮳺𮳻𮳼𰍁𰐦𰑆𰠦𰠧𰠨𰠩𰠪𰠫𰠬𰠭𰠮𰠯𰠰𰠱𰠲𰠳𰠴𰠵𰠶𰠷𰠸𰠹𰠺𰠻𰠼𰧍𰮊𱭪𱭫𱭬𱭭𱭮𱭰𱭱𱭲𱰗𱵀𱷴𱹸𲍊𲨻𲭚𲭛𲭜𲭝𲭞𲭟𲭠𲭡𲭢𲭣𲭤𲭥𲭦𲭧𲭨𲭩𲭪𳁤
牝	𪀻𪊯𬸋
牟	㛌䏬侔劺哞恈桙毪洠眸蛑鉾鴾麰𠬏𡧷𣭰𤙏𤚅𤚥𤚷𤛉𤛙𤜁𤪆𥭏𥿵𦭷𧔂𨖱𨬨𨴍𩶢𪟷𫑋𫓴𬜝𬼪𭐩𭷢𭷪𭷬𭷲𭿺𮮇𰼪𱉲𱟵𱮽𲵈
牡	𧚒𪋂𰱆
牢	㟉䜮哰浶𠈭𡨟𡫡𢚄𢭂𣇟𣋀𣒲𤉍𤚧𥒪𥭲𦕵𦰤𨌚𨦭𩧷𪁔𫰴𫳵𬁖𭷡𲑎𲮉𲾨
牧	𢛮𣈊𤔤𤚓𤲧𦱒𫘎𫹘𭯡𭷧𭷯𮢒𮬾𮭁𲾵
牨	𩸡𫚟
物	惣鿯𠡵𤊘𫙦𭈘𭬲𭱮𰂫𲏧
牪	犇𠵮𤛚𨌽
特	𧎬𬃿𬌣𲟰
牽	㯠撁縴鏲𠍉𣽲𧐤𧲀𨄢𨖱𨼀𫫣𳍻
犀	㓾㜨䙙䜄墀徲摨樨漽穉遲𠌬𡂙𡼧𤺳𥛹𦼗𧑷𧭟𨬯𪼟𰶈𲖫𲷙
犁	䔣𠼐𩥴𬬁
犂	𠾆𦺙𩦄𰅗𱭯
犖	𡁆𤯵𱴼
犢	𱏡𲁐
犬	㑦㧋㪐㹜㹷㺇㺉㺴䈆䒎䓞䣭䭾伏倏厌厭吠哭唳器契宊巘悷慭憖戾捩擜枤棙汱淚然状犾狀狊狱猆猋猌猒献猷獃獄獎獒獘獣獸獻畎盢睙突紎肰臭葖谳迖錑闃類飆飇餍饜鶟默黙黶鼣鼵齾𠜢𠜺𠫎𡈭𡉩𡌤𡒦𡘾𡝢𡫈𡲗𡸒𢗗𢢕𢨾𢪺𢰼𢵐𢵤𢹇𣅤𣔑𣗆𣚕𣭩𣯬𣸋𤉷𤋣𤌔𤕃𤘲𤜧𤜲𤜹𤝀𤝟𤝡𤝮𤝶𤞛𤞣𤞮𤞷𤞿𤟀𤟌𤟏𤟐𤟒𤟓𤟙𤟜𤟞𤟢𤟩𤟭𤟮𤟴𤟵𤟶𤠊𤠒𤠢𤠨𤠩𤠪𤠷𤠼𤡎𤡜𤡩𤡴𤡵𤡽𤡾𤡿𤢅𤢕𤢚𤢜𤢝𤣂𤣅𤣉𤣊𤣏𤩽𤯂𤱶𤴻𤸗𤼇𥀬𥁾𥊷𥓎𥬇𥲩𥻜𥻽𦀫𦅺𦊅𦓢𦜏𦨚𦬦𦬫𦽕𧚚𧩈𧱾𧲶𧿡𨆕𨭢𨭹𨵲𩀆𩉂𩉇𩉎𩎓𩖮𩗭𩡍𩡷𩫈𩬇𩯢𩵥𩸭𩹏𩿁𩿛𪆈𪊏𪑥𪙤𪚊𪩘𪬜𪱑𪹱𪺽𫁜𫄓𫄫𫜤𫰋𬄬𬌪𬌰𬌳𬌾𬍈𬍊𬍋𬙠𬮇𬮝𬯛𭑏𭚐𭪝𭫞𭵃𭷿𭸁𭸋𭸣𭸪𭸮𭺍𮉿𮘾𮡧𮣺𮳖𮳿𰂐𰈯𰕄𰠽𰡀𰡈𰡧𰲒𰶛𰿸𱃠𱊖𱌚𱛟𱪬𱫲𱬌𱭿𱮁𱮯𱲋𱶔𲄳𲦆𲨦𲮬𲮮𲮻𲮼𲮾𲮿𲯃𲯋𲯐𲳌𲴣𲸲𳁪𳃲𳌖𳐗
犭	㹝㹞㹟㹠㹡㹢㹣㹤㹥㹦㹧㹨㹩㹪㹫㹬㹭㹮㹯㹰㹱㹲㹳㹴㹵㹶㹸㹹㹺㹻㹼㹽㹾㹿㺀㺁㺂㺃㺄㺅㺆㺇㺈㺊㺋㺌㺍㺎㺏㺐㺑㺒㺓㺔㺕㺖㺗㺘㺙㺚㺛㺜㺝㺞㺟㺠㺡㺢㺣㺤㺥㺦㺧峱悐犯犰犱犲犳犴犵犷犸犹犺犻犼犽犾犿狁狂狃狄狅狆狇狈狉狋狌狍狎狏狐狑狒狓狔狕狖狗狘狙狚狛狜狝狞狟狠狡狢狣狤狥狦狧狨狩狪狫独狭狮狯狰狱狲狳狴狵狶狷狸狹狺狻狼狽狾狿猀猁猂猃猄猅猇猈猉猊猍猎猏猐猑猓猔猕猖猗猘猙猚猛猜猝猞猟猠猡猢猣猤猥猦猧猨猩猪猫猬猭猯猰猱猲猳猴猵猶猸猹猺猻猼猽猾猿獀獁獂獄獅獆獇獈獉獊獋獌獍獏獐獑獓獔獕獖獗獙獚獛獜獝獞獟獠獡獢獤獥獦獧獨獩獪獫獬獭獮獯獰獱獲獳獴獵獶獷獹獺獼獽獾獿玀玁玂玃逖𠍧𡍭𢇖𢔺𢞪𢢐𢦖𢼥𤜚𤜛𤜜𤜝𤜞𤜟𤜠𤜡𤜢𤜣𤜤𤜥𤜦𤜨𤜩𤜪𤜫𤜬𤜭𤜮𤜯𤜰𤜱𤜳𤜴𤜵𤜶𤜷𤜸𤜺𤜻𤜼𤜽𤜾𤜿𤝁𤝂𤝃𤝄𤝅𤝆𤝇𤝈𤝉𤝊𤝋𤝌𤝍𤝎𤝏𤝐𤝑𤝒𤝓𤝔𤝕𤝖𤝗𤝘𤝙𤝚𤝛𤝜𤝝𤝞𤝠𤝢𤝣𤝤𤝥𤝦𤝧𤝨𤝩𤝪𤝫𤝬𤝭𤝯𤝰𤝱𤝲𤝳𤝴𤝵𤝷𤝸𤝹𤝺𤝻𤝼𤝽𤝾𤝿𤞀𤞁𤞂𤞃𤞄𤞅𤞆𤞇𤞈𤞉𤞊𤞋𤞌𤞍𤞎𤞏𤞐𤞑𤞒𤞓𤞔𤞕𤞖𤞗𤞘𤞙𤞚𤞜𤞝𤞞𤞟𤞠𤞡𤞢𤞤𤞥𤞦𤞧𤞨𤞩𤞪𤞫𤞬𤞭𤞯𤞰𤞱𤞲𤞳𤞴𤞵𤞶𤞸𤞹𤞺𤞻𤞼𤞽𤞾𤟁𤟂𤟃𤟄𤟅𤟆𤟇𤟈𤟉𤟊𤟋𤟍𤟎𤟑𤟔𤟕𤟖𤟗𤟘𤟚𤟛𤟝𤟟𤟠𤟡𤟣𤟤𤟥𤟦𤟧𤟨𤟪𤟫𤟬𤟯𤟰𤟱𤟲𤟷𤟹𤟺𤟻𤟼𤟽𤟾𤟿𤠀𤠁𤠂𤠃𤠄𤠅𤠆𤠇𤠈𤠉𤠋𤠌𤠍𤠎𤠏𤠐𤠑𤠒𤠓𤠔𤠕𤠖𤠗𤠘𤠙𤠚𤠛𤠜𤠝𤠞𤠟𤠠𤠡𤠣𤠤𤠥𤠦𤠧𤠫𤠬𤠭𤠮𤠯𤠰𤠱𤠲𤠳𤠴𤠵𤠶𤠸𤠹𤠺𤠻𤠽𤠾𤠿𤡀𤡁𤡂𤡃𤡄𤡅𤡆𤡇𤡈𤡉𤡊𤡋𤡌𤡍𤡏𤡐𤡑𤡒𤡓𤡔𤡕𤡖𤡗𤡘𤡙𤡚𤡛𤡝𤡞𤡟𤡠𤡡𤡢𤡣𤡤𤡥𤡦𤡧𤡨𤡪𤡫𤡬𤡭𤡮𤡯𤡰𤡱𤡲𤡳𤡶𤡷𤡸𤡹𤡺𤡻𤡼𤢀𤢁𤢂𤢃𤢄𤢅𤢆𤢇𤢈𤢉𤢊𤢋𤢌𤢍𤢎𤢏𤢐𤢑𤢒𤢓𤢔𤢖𤢗𤢘𤢙𤢛𤢞𤢟𤢠𤢡𤢢𤢣𤢤𤢥𤢦𤢧𤢨𤢩𤢪𤢫𤢬𤢭𤢮𤢯𤢱𤢲𤢳𤢴𤢵𤢶𤢷𤢸𤢹𤢺𤢻𤢼𤢽𤢾𤢿𤣀𤣁𤣃𤣄𤣆𤣇𤣈𤣋𤣌𤣍𤣎𤣐𤣑𤣒𤣓𤣔𤣕𤣖𤣗𤣙𤣚𤣛𤣜𤣝𤣞𤣟𤣠𤣢𤣣𤣤𥨦𦍕𦛦𦽕𦿷𧃩𧪴𧼃𨖢𨛊𨭈𨴶𩄩𪙈𪚓𪺷𪺸𪺹𪺺𪺻𪺼𪺾𪺿𪻀𪻁𪻂𪻃𪻄𪻅𪻆𪻇𪻈𪻉𪻋𪻌𫉬𫞣𫞤𫾢𬌩𬌫𬌬𬌭𬌮𬌯𬌱𬌲𬌴𬌵𬌶𬌷𬌸𬌹𬌺𬌻𬌼𬌽𬌿𬍀𬍁𬍂𬍃𬍄𬍅𬍇𬮋𬺪𭶕𭷸𭷹𭷺𭷻𭷼𭷽𭷾𭸀𭸂𭸃𭸄𭸅𭸆𭸇𭸈𭸉𭸊𭸌𭸍𭸎𭸏𭸐𭸑𭸓𭸔𭸕𭸖𭸗𭸘𭸙𭸚𭸛𭸜𭸝𭸞𭸟𭸠𭸡𭸢𭸤𭸥𭸦𭸧𭸨𭸩𭸬𭸭𭸯𭸰𭸱𭸳𭸴𮏶𮘋𮭞𮳽𮳾𰠾𰠿𰡁𰡂𰡃𰡄𰡅𰡆𰡇𰡉𰡊𰡋𰡌𰡍𰡎𰡏𰡐𰡑𰡒𰡓𰡔𰡕𰡖𰡗𰡘𰡙𰡚𰡛𰡜𰡝𰡞𰡟𰡠𰡡𰡢𰡣𰡥𰡨𰡩𰡫𰡬𱨴𱭳𱭴𱭵𱭶𱭷𱭸𱭹𱭺𱭻𱭼𱭽𱭾𱮀𱮂𱮃𱮄𱮅𱮆𱮇𱮈𱮉𱮊𱮋𱮌𱮍𱮎𱮏𱮐𱮑𱮒𱮓𱮔𱮕𱮖𱮗𱮘𱮙𱮚𱮛𱮜𱮝𱮞𱮟𱮠𱮢𱮣𱮥𱮧𱮨𱮭𱮮𱮰𱮱𱾅𱾘𲁹𲭫𲭬𲭭𲭮𲭯𲭰𲭱𲭲𲭳𲭴𲭵𲭶𲭷𲭸𲭹𲭺𲭻𲭼𲭽𲭾𲭿𲮀𲮁𲮂𲮃𲮄𲮅𲮆𲮇𲮈𲮉𲮊𲮋𲮌𲮍𲮎𲮏𲮐𲮑𲮒𲮓𲮔𲮕𲮖𲮗𲮘𲮙𲮚𲮛𲮜𲮝𲮞𲮟𲮠𲮡𲮢𲮣𲮤𲮥𲮦𲮧𲮨𲮩𲮪𲮫𲮭𲮯𲮰𲮱𲮲𲮳𲮴𲮵𲮶𲮷𲮸𲮹𲮺𲮽𲯀𲯁𲯂𲯄𲯅𲯆𲯇𲯈𲯉𲯌𲯍𲯎𲯏𲯑𲯒𲯓𲯔𲯕𲯖𲯗𲯘𲯙
犮	㕹䣮䮂䯋䳁䳊冹坺妭帗拔柭沷炦盋瞂祓秡紱绂翇胈茇蛂袚詙跋軷鈸钹韍韨颰馛髮魃鮁鲅黻鼥𠀽𠕯𡁳𡞬𡲁𡶖𢀁𢂤𢇷𢊤𢘀𢬌𣖒𣧧𤁊𤎈𤕳𤝜𤤒𤩆𤵬𥎱𥑕𥣣𥥛𥬒𥹔𦇌𦍱𦐗𦓗𦜺𦤚𦫘𦳺𧛌𧲯𧺺𨈩𨱳𨾩𩂔𩃶𩊊𩊤𩑱𩙥𩠕𩠖𩠙𩠷𩮤𪊝𪟁𪥲𫐈𫩋𫱈𬋾𬖬𬿲𭈩𭑏𭕖𭠃𭠅𭫭𭮍𭺘𮇚𮊆𮓓𮢰𮪹𮫎𰠮𰡦𰯘𱅄𱦗𱫧𱮡𱮤𱮩𱮫𱱢𱱨𱿖
犯	𠱍𣳜𰋡𰰰𲐞
犱	𭄣𰞕𰞖
犷	㺎獷𤠜𬍄
犹	狵莸
犾	获𮱬𮷡𰮩𲫞
狀	𡘾𣈚𣶍𥇺𦲚𨡧
狂	㤮㾠俇誑诳逛鵟𢓯𢚯𣴥𧋵𧻺𨁨𨌃𨿗𩷗𩷬𫈃𫛭𫼺𭍢𮵂𰖌𱍣𱒳𱩻𲲤𲷺𲷻𳅽
狄	䯼唙悐梑荻逖𠜓𢙹𥇃𥭳𦛡𩷎𪶆𱃀𱢃
狇	𢬺𤝞𳄡
狊	㮂䆩䋰䠐䡞䴗湨犑瞁臭郹闃阒鶪鼳𠋬𡹊𤋀𥇝𥢞𦎝𦝳𦤀𧌪𧽀𨜯𨶑𨺆𩀎𩳵𫞲𫦍𮅕𮰤𲨦
狐	𠍐𦱄𮅜𲉽
狗	𤟳𬍉𬍌𭲉𮏛𰡪
狠	𡍭𦴭𪙈𰅒𰵁𱞴
独	𬴭𬻨𭁘𭡫𭫅𭫆𭸤𭼛𮋷𮏺𮛹𰄖𰅠𰈋𰋫𰔥𰘙𰘼𰪋𲙦𲯊
狱	𬸚𮶩𰎫
狸	䔆𢟆𩮞𭉭𮦦
狺	獄𡈭𤡈𤢰𰡣𰡤𱮙
狼	𥱉𦵧𮯏
猄	𢠃𲮸
猉	𭸨𮢺
猋	䁭䔸贆飆飇飙𡪱𣄠𣤛𣽼𦠎𰷫
猌	㙬憖𩻜𩻿𫇒
猒	㦔㩎厭𡑅𣚕𩉂𩉇𩞹𪒞𭙵𭼩𮂘𱱭
猗	漪𤨦𦸒𫑁𮸪
猛	𢕙𲖋𲿝
猜	𢴘𦹤𧜹𫫜
猪	橥潴蕏𤣘𧒇𪱂𪻊𫬕𬁑𬄞𬍆𬍍𬍎𭸲𱑒𱔢𱴴
猫	𢵝𫫯𱜎𲼹
献	擜谳𤩽𨆕𨭹𪩘𫜰𬄬𮘾𮳖𰈯𰎹𰺠𰾾
猲	𤢔𤺐
猶	蕕𥴕𫻆𮬎
猷	𢢕𦽈𭟂
獄	嶽鸑𡈭𡽺𧀀𩁓𭗢
獅	𥵍𲽋
獚	𤂲𤣊
獨	𤣡𧁿𪈌𮭞𲗵
獲	𲘃𲣡
獻	㩵䡾囐巘巚瓛讞钀齾𡔎𣡌𤅊𦉧𧖃𨏾𪚋𪺉𭨓𮥲𱰕𱼦𲴞
玄	㡉㭹㹡䍗䝮䩙䮄䲻伭呟嗞妶弦怰惤昡泫滋炫牽玅玆玈玹畜痃眩絃胘舷蚿螆衒袨詃鉉铉鮌𠅋𠛑𠡆𠣖𡇎𡊨𡞅𢂄𢏸𢫔𢮂𣃡𣆂𣐙𣴹𤣧𤣨𥎸𥙆𥩚𦍫𦬾𧗵𧣙𧺻𨘙𨩏𨴋𨸫𩑹𩗁𩨬𪐷𪗰𪨬𪵚𪿖𫠊𬃎𬣤𬫪𬵱𭫱𮃀𮋸𮟴𰬈𱇢𱮲𱴖𲬍𲯚𲸃𲹪𳆥
玆	嗞孶嵫滋螆鶿𬵱𲏵
率	㻭䔞䢦摔繂膟蟀𠌭𠞩𠞻𠻜𢕑𢟳𣘚𣼧𤗪𥡢𥼁𦆽𦆾𦈁𧗿𧜠𨄮𨙖𨫏𩘱𩴐𪅄𪖶𫄴𳅀
玉	㓘㺱㺸㻃㻗㻨㻹㻺㻾㼂䞝匤国宝玺珏琞琧瑩瑬瑿璗璧璺璽瓕砡莹鈺钰閠鿑𠇤𠰧𠷷𡊩𡘇𡛼𡬏𢚥𢫛𣔣𣤦𣶳𤣬𤣶𤣼𤤋𤤎𤤙𤤴𤤶𤥏𤥓𤥔𤥲𤥹𤦀𤦁𤦂𤦃𤦟𤦨𤦼𤧠𤧤𤧥𤧦𤧧𤧩𤧬𤨐𤨗𤨙𤨼𤨽𤩤𤩯𤩱𤩺𤪇𤪋𤪎𤪐𤪡𤪭𤪰𤫀𤫏𤫔𤫜𥚼𥩨𥸀𦻒𦼆𧉣𧟪𧿷𨋔𨚝𩆜𩊇𩚽𩢤𩿱𪌞𪰑𪸛𪻹𫈙𫓈𫛃𫞂𬍞𬍟𬍡𬍢𬍼𬎕𬔵𬗈𬸃𭸼𭹊𭹎𭺏𮭳𮵳𮶀𮶑𮷀𮸬𰓴𰡲𰡳𰡿𰢃𰢊𰢍𰢒𱖓𱤈𱥼𱧩𱯃𱯉𱯏𱯑𱯘𱯡𱯢𱯭𱯱𱯶𱯻𱰂𱰃𱰄𱵞𱽑𲯛𲯣𲯫𲯬𲰑𳊁
王	㒬㓘㕵㝙㞷㣆㴏㺨㺩㺪㺫㺬㺭㺮㺯㺰㺲㺳㺴㺵㺶㺷㺹㺺㺻㺼㺽㺾㺿㻀㻁㻂㻄㻅㻆㻇㻈㻉㻊㻋㻌㻍㻏㻐㻑㻒㻓㻔㻕㻖㻘㻙㻚㻛㻜㻝㻞㻟㻠㻡㻢㻣㻤㻥㻦㻧㻩㻪㻫㻬㻭㻮㻯㻰㻱㻲㻳㻴㻵㻶㻷㻸㻻㻼㻽㻿㼀㼁㼃㼄㼅㼆㼇㼈㾮㿂䇸䍿䏕䶭丟主仼全兲匡呈囯圭奎寚寳尩尪尫峑弄彺徴忹戜抂旺望朢枉汪洭润狂玌玎玏玐玑玒玓玔玕玖玗玘玙玚玛玜玝玞玟玠玡玢玣玤玥玦玧玨玩玪玫玬玭玮环现玱玲玳玴玵玶玷玸玹玻玼玽玾玿珀珁珂珃珄珅珆珇珈珉珊珋珌珍珎珏珐珑珒珓珔珕珖珗珘珙珚珛珜珝珞珟珠珢珣珤珥珦珧珨珩珪珫珬珮珯珰珱珲珳珴珵珶珷珸珹珺珻珼珽現珿琀琁琂球琄琅理琇琈琉琊琋琌琍琎琏琐琑琒琓琔琕琖琗琘琙琚琛琜琝琟琠琡琢琣琤琥琦琨琩琪琫琬琭琮琯琰琱琲琳琷琸琺琻琼琽琾琿瑀瑁瑂瑃瑄瑅瑆瑇瑈瑉瑊瑋瑌瑍瑎瑏瑐瑑瑒瑓瑔瑕瑖瑗瑘瑙瑚瑛瑜瑝瑞瑠瑡瑢瑣瑤瑥瑦瑧瑨瑪瑫瑭瑮瑯瑰瑱瑲瑳瑴瑵瑶瑷瑸瑹瑺瑻瑼瑽瑾璀璁璂璃璄璅璆璇璈璉璊璋璌璍璎璏璐璑璒璓璔璕璖璘璙璚璛璜璝璞璟璠璡璢璣璤璥璦璨璩璪璫璬璭璮璯環璱璲璳璴璵璶璷璸璹璻璼璾璿瓀瓁瓂瓃瓄瓅瓆瓇瓈瓉瓊瓋瓌瓍瓎瓏瓐瓑瓒瓓瓔瓖瓗瓘瓙瓚瓛皇篁罣聖聽茥荃葟蚟軖迋金釒釜閏闰頊顼鬥鳿鿱𠈘𠋾𠍙𠓰𠓾𠚖𠛮𠝆𠞑𠣕𠼌𡈞𡈵𡉐𡉚𡉠𡖷𡘇𡬀𡭤𡮴𡷄𡷅𡸔𡹑𡼜𢢢𢣙𢦋𢧌𢧜𢨅𢼟𢽃𣅨𣌇𣒸𣕑𣕰𣢫𣶪𣹽𣺨𤆦𤈅𤊇𤖍𤛫𤝶𤣔𤣪𤣫𤣭𤣮𤣯𤣰𤣱𤣲𤣳𤣴𤣵𤣷𤣸𤣹𤣺𤣻𤣽𤣾𤣿𤤀𤤁𤤂𤤃𤤄𤤅𤤆𤤇𤤈𤤉𤤊𤤌𤤍𤤏𤤐𤤑𤤒𤤓𤤔𤤕𤤖𤤗𤤘𤤚𤤛𤤜𤤝𤤞𤤟𤤠𤤡𤤢𤤣𤤤𤤥𤤦𤤧𤤨𤤩𤤪𤤫𤤬𤤭𤤮𤤯𤤰𤤱𤤲𤤳𤤵𤤷𤤸𤤹𤤺𤤻𤤼𤤽𤤾𤤿𤥀𤥁𤥂𤥃𤥄𤥅𤥆𤥇𤥈𤥉𤥊𤥋𤥌𤥎𤥐𤥑𤥒𤥕𤥖𤥗𤥘𤥙𤥚𤥛𤥜𤥝𤥞𤥟𤥠𤥡𤥢𤥣𤥤𤥥𤥦𤥧𤥨𤥩𤥪𤥫𤥬𤥭𤥮𤥯𤥰𤥱𤥳𤥴𤥵𤥶𤥺𤥻𤥼𤥽𤥾𤥿𤦄𤦅𤦆𤦇𤦈𤦉𤦊𤦋𤦌𤦍𤦎𤦏𤦐𤦑𤦒𤦓𤦔𤦕𤦘𤦙𤦚𤦛𤦜𤦝𤦞𤦢𤦣𤦤𤦥𤦦𤦧𤦩𤦪𤦫𤦬𤦭𤦮𤦯𤦰𤦱𤦲𤦳𤦴𤦵𤦶𤦷𤦸𤦹𤦺𤦻𤦽𤦾𤦿𤧀𤧁𤧃𤧄𤧅𤧇𤧈𤧉𤧊𤧋𤧌𤧍𤧎𤧏𤧐𤧑𤧒𤧓𤧔𤧕𤧖𤧗𤧘𤧙𤧚𤧛𤧜𤧝𤧞𤧟𤧡𤧢𤧣𤧨𤧪𤧫𤧭𤧮𤧯𤧱𤧳𤧴𤧵𤧶𤧷𤧸𤧹𤧺𤧻𤧼𤧽𤧿𤨀𤨁𤨂𤨃𤨄𤨅𤨆𤨇𤨈𤨉𤨊𤨋𤨌𤨎𤨏𤨑𤨒𤨓𤨔𤨕𤨖𤨘𤨚𤨛𤨜𤨞𤨟𤨠𤨡𤨢𤨣𤨤𤨥𤨦𤨧𤨨𤨩𤨪𤨫𤨬𤨭𤨮𤨯𤨰𤨱𤨲𤨳𤨴𤨵𤨶𤨷𤨸𤨹𤨺𤨻𤨾𤨿𤩀𤩁𤩂𤩃𤩄𤩅𤩆𤩇𤩈𤩉𤩊𤩋𤩌𤩎𤩏𤩐𤩑𤩒𤩓𤩔𤩕𤩖𤩗𤩙𤩚𤩛𤩜𤩝𤩞𤩠𤩡𤩢𤩣𤩥𤩦𤩧𤩨𤩩𤩪𤩫𤩬𤩭𤩮𤩰𤩲𤩳𤩴𤩵𤩶𤩷𤩸𤩹𤩻𤩼𤩽𤩾𤩿𤪀𤪁𤪂𤪃𤪄𤪅𤪆𤪈𤪉𤪊𤪌𤪍𤪏𤪑𤪒𤪓𤪔𤪕𤪖𤪗𤪘𤪙𤪚𤪛𤪜𤪝𤪞𤪟𤪠𤪢𤪣𤪤𤪥𤪦𤪧𤪨𤪩𤪪𤪫𤪬𤪮𤪯𤪱𤪲𤪳𤪴𤪵𤪶𤪷𤪸𤪹𤪺𤪻𤪼𤪽𤪾𤪿𤫁𤫂𤫃𤫄𤫅𤫇𤫈𤫉𤫊𤫋𤫌𤫎𤫐𤫑𤫓𤫕𤫖𤫗𤫘𤫙𤫚𤫛𤫝𤫞𤫟𤫠𤫡𤫢𤫣𤫤𤫥𤫦𤫧𤫨𤫩𤭄𤭾𥘛𥜬𥠢𥲓𥲠𥳧𥵭𥿁𦁽𦆇𦉦𦊄𦍌𦘏𦢂𦢹𦤃𦬬𦮒𦮱𦻺𦼂𦼺𦿻𧀍𧗲𧘦𧚡𧡁𧥶𧴽𨅆𨉽𨌥𨕿𨖢𨛈𨟢𨦊𨪹𨫣𨲚𨹋𩂊𩐔𩰊𩰋𩵭𪄇𪒖𪛞𪛟𪞇𪟫𪩅𪪣𪪲𪲑𪲠𪳈𪻍𪻎𪻏𪻐𪻑𪻒𪻓𪻔𪻕𪻖𪻗𪻘𪻙𪻚𪻛𪻜𪻝𪻞𪻟𪻠𪻡𪻢𪻣𪻤𪻥𪻦𪻧𪻨𪻩𪻪𪻫𪻬𪻭𪻮𪻯𪻱𪻲𪻳𪻵𪻶𪻷𪻸𪻺𪻻𪻼𪻽𪻾𪻿𪼀𪼁𪼂𪼃𪼄𪼅𪼆𪼇𪼊𪼋𪼌𪼍𪼎𪼏𪼐𪼑𪼒𪼓𪼔𪼕𪼖𪼗𪼘𪼙𪼚𪼛𪼜𪼝𪼞𪼟𪼠𪼡𪼢𪼣𪼤𪼥𪼦𪼧𪼨𪼩𪼪𪼫𪼬𪼭𪼮𪼯𪼰𪼱𪼲𪼷𫉦𫑄𫓈𫞥𫞦𫞧𫞨𫞩𫴂𫴝𫴡𫴦𫼋𬉄𬍐𬍑𬍒𬍓𬍔𬍕𬍖𬍗𬍘𬍙𬍚𬍛𬍜𬍝𬍟𬍠𬍣𬍤𬍥𬍦𬍧𬍨𬍩𬍪𬍫𬍬𬍭𬍮𬍯𬍰𬍱𬍲𬍳𬍴𬍵𬍶𬍷𬍸𬍹𬍺𬍻𬍽𬍿𬎀𬎁𬎂𬎃𬎄𬎅𬎆𬎇𬎈𬎉𬎊𬎋𬎌𬎍𬎎𬎏𬎐𬎑𬎒𬎓𬎔𬎖𬎗𬎘𬎙𬎚𬎛𬎜𬎝𬎞𬎟𬎠𬎡𬫃𭂦𭂶𭅖𭊧𭥕𭩜𭫢𭶬𭸵𭸶𭸷𭸸𭸹𭸺𭸻𭸽𭸾𭸿𭹀𭹁𭹂𭹃𭹄𭹅𭹆𭹇𭹈𭹉𭹊𭹋𭹌𭹍𭹏𭹐𭹑𭹒𭹓𭹔𭹕𭹖𭹗𭹘𭹙𭹛𭹜𭹝𭹞𭹟𭹠𭹡𭹢𭹣𭹤𭹦𭹧𭹨𭹩𭹪𭹫𭹬𭹭𭹮𭹯𭹰𭹱𭹲𭹳𭹴𭹵𭹶𭹷𭹹𭹺𭹻𭹼𭹽𭹾𭹿𭺀𭺁𭺂𭺃𭺄𭺅𭺆𭺇𭺈𭺉𭺊𭺋𭺍𭺎𭺐𭺑𭺓𭺔𭺖𭼆𮀍𮀱𮂴𮃖𮍝𮍪𮎺𮒎𮖸𮢨𮦤𮨋𮨧𮴀𮴁𮴂𮴃𮴄𮴅𮴆𮴇𮴈𮴉𮴊𮴋𮴌𮴍𮴎𮴏𮴐𮴑𮴒𮴓𮴔𮴕𮴖𮴗𮴘𮴙𮴚𮴛𮴜𮴝𮴞𮴟𮴠𮴡𮴢𮴣𮴤𮴥𮴦𮴧𮴨𮴩𮴪𮴫𮴬𮴭𮴮𮴯𮴰𮴱𮴲𮴳𮴴𮴵𮴶𮴷𮴸𮴹𮴺𮵬𰀤𰆨𰊃𰋂𰏱𰗳𰙝𰡭𰡯𰡰𰡱𰡴𰡵𰡶𰡸𰡹𰡺𰡻𰡼𰡽𰡾𰢂𰢄𰢅𰢈𰢉𰢋𰢎𰢏𰢐𰢑𰢓𰢔𰢕𰢖𰢗𰢘𰢙𰢚𰣉𰪬𰴉𰹶𰻴𱆢𱉍𱖟𱞂𱬼𱮳𱮴𱮵𱮶𱮷𱮸𱮹𱮺𱮻𱮼𱮽𱮾𱮿𱯀𱯂𱯄𱯅𱯆𱯇𱯈𱯊𱯋𱯌𱯍𱯎𱯒𱯓𱯔𱯕𱯖𱯗𱯙𱯚𱯛𱯜𱯝𱯞𱯟𱯠𱯣𱯤𱯥𱯦𱯧𱯨𱯩𱯪𱯫𱯬𱯮𱯯𱯰𱯲𱯳𱯴𱯵𱯷𱯸𱯹𱯺𱯼𱯽𱯾𱯿𱰀𱰁𱲑𱵶𲄘𲘎𲥛𲨇𲪹𲯜𲯝𲯟𲯠𲯡𲯢𲯤𲯥𲯦𲯧𲯨𲯩𲯪𲯭𲯮𲯯𲯰𲯱𲯲𲯳𲯴𲯵𲯶𲯷𲯸𲯹𲯺𲯻𲯽𲯾𲯿𲰀𲰃𲰄𲰆𲰇𲰈𲰉𲰊𲰋𲰌𲰍𲰎𲰏𲰐𲰒𲰓𲰔𲰕𲺀𳂘𳆫𳍚
玖	𤥍𩷡
玟	珳𫈑
玨	㻎䥅冓斑珡班琴琵琶琹瑟錱鬥𠅪𢐭𢜈𣗜𣠦𤤻𤦖𤦗𤦠𤦡𤦦𤧂𤧆𤧰𤧲𤨍𤨝𤩘𤩟𤫍𤫒𤫖𦹙𨌥𨖢𨨖𨪖𪯥𪻮𪻴𪼈𪼉𫋑𫜻𬂇𭒁𭔟𭹚𭹞𭹥𭹸𭺒𭺕𮐥𮴡𰡷𰢀𰢁𰢆𰢇𰢌𱯐𲟗𲯞𲯬𲿮
玩	𠶃𬕎𰑨𲲦
玪	𦲖𩃨
玫	𡝺𡻶𭗓𭹞𮶦𰷆𱛲
玲	𦴿𧟺𫺡𮦜
玻	𭺌𳇮
珀	碧𢦋𣄋𤧥𤪵𫺠𬍾𮅩𰋨𱻠
珍	𠗰𣹗𦾂𫳚𮅢𮢝
珎	寳靌𡪪𡫷𢺔𤫋𤫞𨰦𬝍
珠	𠺾𢟐𨪥𫂒𮄌𲿈
珡	𣗜𪻴𰢆𰢇𰢌
珤	𡩧𧟾
珥	㻓瑘𲰁
班	㿀𠞢𠺚𢲔𣗝𦶾𨫄𩔮𩺡𪄕𪉒𪱟𭨞𮚽𰰒𲤮𳍩
現	𠻷𡠝𣎔𮶯
理	𨤰𨤻𫩆𲯼𲰂𲰅
琢	琢𣽗
琪	𤩐𬈲𮴲
琰	𦼓𳅭
琴	䔷噖𡡱𣚶𣾔𤩍𦠴𨬩𫾂𬎋𬒠𮱾
琵	𧑜𲪄
琶	潖𣚒𧑡𲢧
琹	𠫁𤧆𮑃
琼	𪼝𫫩
瑞	𠿩𥵇
瑟	濏璱飋𠟦𠿗𦆄𧒓𨆙𩇣𫉝𫗋𭌐𭣑
瑤	瑤𤁓
瑩	㼆瀅𠐓𡃅𤑚𥗏𨯗𨽓𪦯𬘌𲞓
瑪	𦿰𪝰𲗇
瑰	𧀐𲰉
璃	𤫚𭋰
璽	䌳𤄽𤣗𤫆𤿂𥸀𨰡𫬹
瓊	𤓇𲘎𲽸
瓜	㧓㼉㼊㼋㼌㼍㼎㼏㼐㼑㼒㼓㼔㼕㼖㽿䠚䩝䱄呱坬孤寙弧摦攨柧泒狐瓝瓞瓟瓠瓡瓢瓣瓤瓥畖窊窳笟罛胍苽蓏蛌觚軱鈲𠇗𠙙𠛒𡗷𡜁𡦈𢈅𢸖𣢚𤂜𤃛𤣛𤫪𤫫𤫬𤫭𤫮𤫯𤫰𤫱𤫲𤫳𤫴𤫵𤫶𤫷𤫸𤫹𤫺𤫻𤫼𤫽𤫾𤫿𤬀𤬁𤬂𤬃𤬄𤬅𤬆𤬇𤬈𤬉𤬊𤬋𤬌𤬍𤬎𤬏𤬐𤬑𤬒𤬓𤬔𤬕𤬖𤬗𤬘𤬙𤬚𤬛𤬜𤬝𤬞𤬟𤬠𤬡𤬥𤷸𤽡𥂻𥄼𥑔𥧰𦊡𦋯𦌦𦍳𦤻𦧔𦫪𦴉𦶍𦸷𦹭𧙆𧦼𧭑𧲲𧵟𧿼𨃆𨠋𨱃𨸯𩂡𩈕𩛃𩢍𪀅𪴒𪼳𪼴𪼵𫾞𬎢𬎣𬝊𬳷𬷊𬺬𭄱𭺗𭺘𭺙𭺚𮕟𮝴𮞖𮴻𰢜𰢝𰢞𰢟𰢠𰢡𰩽𰺶𱛘𱞌𱰆𱷆𲗭𲝋𲭇𲰖𲰗𲰘
瓠	摦槬𤬢𤬣𥧰𫈻
瓢	䕯𤃛𲗭
瓦	㧚㼗㼘㼙㼚㼛㼜㼝㼞㼟㼠㼡㼢㼣㼤㼥㼦㼧㼨㼩㼪㼫㼬㼭㼮㼯㼰㼱㼲㼳㼴㼵㼶㼷㼸㼹㼺㼻㼼㼽㼾㼿㽀㽁㽂㽃㽄㽅㽆㽇㽈㽉㽊㽋㽌㽍䰛佤咓旊珁瓧瓨瓩瓪瓫瓬瓭瓮瓯瓰瓱瓲瓳瓴瓵瓶瓷瓸瓹瓺瓻瓼瓽瓾瓿甀甁甂甃甄甅甆甇甈甉甊甋甌甎甏甐甑甒甓甔甕甖甗砙缻邷齀𠩅𡁓𡊝𡧗𡨍𡿕𢋩𢦭𢭨𢲁𣐎𣛏𤬦𤬧𤬨𤬩𤬪𤬫𤬬𤬭𤬮𤬯𤬰𤬱𤬲𤬳𤬴𤬵𤬶𤬷𤬸𤬹𤬺𤬻𤬼𤬽𤬾𤬿𤭀𤭁𤭂𤭃𤭄𤭅𤭆𤭇𤭈𤭉𤭊𤭋𤭌𤭍𤭎𤭏𤭐𤭑𤭒𤭓𤭔𤭕𤭖𤭗𤭘𤭙𤭚𤭛𤭜𤭝𤭞𤭟𤭠𤭡𤭢𤭣𤭤𤭥𤭦𤭧𤭨𤭩𤭪𤭫𤭬𤭭𤭮𤭯𤭰𤭱𤭲𤭳𤭴𤭵𤭶𤭷𤭸𤭹𤭺𤭻𤭼𤭽𤭾𤭿𤮀𤮁𤮂𤮃𤮄𤮅𤮆𤮇𤮈𤮉𤮊𤮋𤮌𤮍𤮎𤮏𤮐𤮑𤮒𤮓𤮔𤮕𤮖𤮗𤮘𤮙𤮚𤮛𤮜𤮝𤮞𤮟𤮠𤮡𤮢𤮣𤮥𤮦𤮧𤮨𤮩𤮪𤮫𤮬𤮭𤮮𤮯𤮰𤮱𤮲𤮳𤮴𤮶𤮷𤮸𤮹𥘳𥥟𦉐𦍭𦓓𦭈𧔀𧧀𧰛𨀄𨋐𨠛𨥯𩆙𩌯𩐛𩶏𩿺𪼶𪼷𪼸𪼹𪼺𪼻𪼼𪼽𪼾𪼿𬅎𬎤𬎥𬎦𬎧𬎨𬎩𬎪𬎫𬎬𬎭𬎮𬎯𬎰𬸁𭖋𭯽𭺝𭺞𭺟𭺠𭺡𭺢𭺣𭺤𭺥𭺦𭺧𭺨𭺩𮕰𮗩𮴼𰢢𰢣𰢤𰢥𰢦𱞈𱭵𱰈𱰉𱰊𱰋𱰌𱰍𱰎𱰏𱰐𱰑𱰒𱰓𱰔𱰕𲗜𲤒𲰙𲰚𲰛𲰜𲰝𲰞𲰟𲰠𲰡𲰢𲰣𲰤
瓮	𡍻𡹳𬫱𲕩
瓶	𦉐𲝾
甄	籈薽𧞙𩆛𭋡𮍃
甍	𣞑𥌯𧂛𭳡𲋍
甕	𥗯𨇹𪗃𱕫𲣤𲻁
甗	𡿕𤫣
甘	㤌㵇㶰㽍㽏㽐㽑䇞䗣䲺佄其咁坩姏拑某柑泔玵甙甛甜甝甞疳粓紺绀苷蚶詌邯酣鉗钳雸魽黚𠤔𠷱𡶑𢃛𢇾𢎌𢜯𣀫𣢟𣺇𤊼𤍰𤮻𤮼𤮽𤮾𤮿𤯀𤯁𤯂𤯃𤯄𤯅𤯆𤯇𤯈𤯊𤯋𤯌𤯍𤯎𤯏𤯐𤯒𤾑𥑠𥞈𥞌𥩩𦕐𦚕𦦥𧣑𧬔𧮳𧵊𨚠𨤝𨱫𨳼𨼣𩖺𩚵𩠁𩢨𩬚𪏽𪐒𪐕𪖟𪗳𪽀𫏄𫠐𫥕𫴐𫺦𬎱𬓶𬣠𬥴𬱊𬹾𭇐𭉀𭓣𭚩𭤭𭪶𭺬𭺭𭺮𭺯𭺰𭾧𰓍𰢧𰢨𰢩𰮕𱰖𲒌𲼟
甚	㪛㻣㽎䤁䨢䫖偡勘卙啿堪夦媅尠嵁愖戡揕斟椹歁湛煁瘎碪糂葚蘛諶谌踸鍖黮𠗮𠝻𢉮𢝖𢦊𢾤𣞵𤯉𤯑𥚮𥪘𥯓𦂼𦝧𦡾𧃠𧗀𧡪𧶿𧹱𨍜𩅷𩅾𩜱𪉯𫧈𫯑𬎲𬐾𬢏𬯋𭅧𭔶𭿄𮌅𮍺𮟑𮤘𮵤𰅽𰾘𲆎𲊾𲚸𲰥𲰦𲾼𳄷𳄿𳅪
甜	㵇憇𭗌
甞	𣀏𥋤𧒩𨣛𩼝𭋌
生	㽒㽓㽔㽮䊲䲼䴤剷夝姓嬎嬔嵼徃性戥摌旌星曐栍殅泩滻牲狌珄甠甡產産甤甥甦甧眚笙篂胜苼薩貹鉎隆鮏鼪﨡𠇷𠐭𠡏𠤵𠰮𠻖𡊳𡢎𡲥𢘡𣌌𣌜𣍺𣢡𣬺𤅏𤇓𤇣𤬸𤯔𤯕𤯖𤯗𤯘𤯙𤯚𤯛𤯜𤯝𤯞𤯟𤯠𤯡𤯢𤯣𤯤𤯥𤯦𤯨𤯩𤯪𤯫𤯬𤯭𤯮𤯯𤯰𤯱𤯲𤯳𤯴𤯵𤯶𤯷𤯸𤯹𤯺𤯻𤯼𤯾𤰁𤰂𤵙𤷬𥑥𥑦𥕙𥰁𥽽𦎡𦠫𦷃𦸰𧡶𧻊𨄉𨚥𨝇𨠠𨺓𨼇𨼜𩇛𩢫𩫍𩲵𪊟𪌜𪍖𪒦𪡚𪤕𪯉𪴬𪽁𪽂𪽃𪽄𪽅𫕹𫦽𫽬𬀶𬁖𬈤𬎳𬎴𬎵𬎶𬎷𬎸𬎹𬎺𬎼𬸆𭃚𭒿𭚕𭚘𭤯𭦷𭧰𭧻𭧼𭨅𭺱𭺲𭺳𭺴𭺵𭺶𭺷𮁢𮄫𮈛𮒂𮒩𮥓𮪨𮶭𰆘𰋭𰍭𰕚𰠑𰢫𰢬𰢭𰢮𰢯𰣀𰤢𰫏𰫡𰮛𰽫𱇡𱋲𱌔𱓢𱢛𱨷𱫟𱰈𱰗𱰘𱰙𱰚𱰛𲐦𲡣𲥧𲰧𲰨𲰩𲰪𲰫𲰬𲰭𲰮𲰯𲰰𲰱𲰲𲰳𲰴𲼖𳆰
甡	㽓甧𠞏𤅏𰐤
產	㦃㯆㹌䊲䐮剷嵼摌滻簅薩虄鏟隡𠻿𣠁𥊓𥽱𥽽𦸰𨄉𨲨𩥮𩮲𩻏𪉺𪙞𪤕𪩯𪿴𬂑𬎻
産	㦃㯆㹌䊲䐮剷嵼摌滻簅虄鏟隡𤯿𥊓𥽱𥽽𦸰𨄉𨲨𩥮𩮲𪉺𪙞𪤕𫤢𮘷𰫏𱏊𲿤
用	㶲㸢佣僃周拥滿犕甪甬甭甮甯痈砽苚角韛𠃰𠖿𠗬𠭉𠭻𠰩𠱬𠳫𠵁𠹮𠺔𡊤𡛾𡶤𡿲𢘭𢟡𢦨𣳔𣵋𣹄𤛟𤤪𤬶𤰄𤰅𤰇𤰈𤰉𤰊𤰌𤰏𤰑𤸶𥁎𥙓𥞖𥟬𥥝𥦁𥼓𦕘𦙸𦡓𦯞𧊊𧒠𧒫𧗾𧙚𨀍𨃒𨎢𨒗𨓛𨓸𩁩𩌸𩍁𩏕𩬮𩿾𪧟𪱽𫖉𫙅𬎽𬓴𬫉𭓰𭛇𭛓𭯕𭯩𭸣𭸮𭺸𭺺𮃋𮈉𮗟𮗠𮘄𮟳𮸂𰏆𰡆𰢰𰢱𰢲𰩵𰻽𱐮𱙨𱝈𱞍𱧒𱪅𱭫𱮫𱰝𱰟𱰠𱰡𱰢𲟢𲰵𲷝𳅩
甪	𱐻𲙄
甫	㕊㭪䀯䊇䋠䎍䝵䩉䪔䮒䯙乶俌匍哺喸圃埔尃峬庯悑捕旉晡浦烳牖痡盙秿脯舖舗莆葡蜅補誧豧輔辅逋郙酺鋪铺陠餔鬴鯆鵏麱黼鿿𠃃𠗒𠜙𠧃𠬃𠿽𡜵𢌠𢒏𢱿𢳹𢼹𢽊𣨈𣭾𣹷𣺘𤗃𤗱𤙭𤞨𤰍𤰐𤿭𥒰𥙳𥙷𥪀𥮉𦂪𦎎𦑷𦒊𦓞𦻈𧁡𧁳𧻷𨁏𨄳𨴪𨿌𩈨𩊬𩒺𩠤𩭗𩳐𪁭𪤔𪩾𫗦𫚙𫜦𫜫𫧓𬅤𬍥𬳗𬷕𬽙𭁓𭈶𭖢𭞑𭦰𭲽𭺼𭻧𭿛𮌸𮑑𮓕𮲆𰌑𰐗𰐝𰵩𱂩𱋖𱔇𱜮𱩊𱬺𱭊𱰣𲜃
甬	㛚㦷㪌㷁㼧俑勇勈埇恿悀慂捅桶涌痛硧筩蛹誦诵踊通銿鯒鲬𠳀𡇮𢓶𣗧𣘋𣭲𣵳𤰏𥦁𦛸𧆿𧗴𧚔𧻹𨪞𨴭𩊾𩒼𩛤𪌻𪔜𪴷𫈏𫺩𬗝𬱥𭋭𭙡𭫩𭺢𭺹𭺻𭾸𮁾𮄯𰄉𰛼𰢳𲝝
甯	䔭橣澝𤢆𥳥𧑗𩕋𪆢𱠶
田	㚄㚻㚼㧂㵢㽖㽗㽘㽙㽚㽛㽜㽝㽞㽟㽠㽡㽢㽣㽤㽥㽦㽧㽨㽩㽪㽫㽭㽯䓒䟧䡒䧃䰧䶑乪亩佃偹塁备奋奮審屇峀廇思榃檑毗毘沺潩熼甬甶男甸町甼甽甾甿畀畂畄畆畇畈畉畊畋界畍畎畐畑畒畓畔畕畖畘留畛畜畝畟畠畡畢畣畤略畦畧畨畩番畬畭畮畯異畱畲畳畴當畷畸畹畻畼畽畾畿疁疂疃疄疅疇疊疐盢礌穓累細细罶胃苗蒥蓄趩邍鈿鎦钿雷驥鬼魚鱩鱼鴫鿬𠆁𠋻𠏇𠓦𠖋𠖐𠜪𠝘𠝹𠞅𠟱𠟷𠠩𠣀𠥦𠪙𠭇𠼊𠾟𡀂𡇍𡈄𡊰𡐢𡒀𡘒𡢽𡥔𡩐𡪒𡶚𢇶𢌿𢑭𢕹𢚜𢡘𢢑𢢦𢥁𢱩𣀽𣎈𣎒𣐬𣐭𣕎𣕶𣞦𣥤𣫕𣬖𣱟𣱫𣵔𣹒𤃐𤌖𤐝𤒹𤔉𤕌𤜌𤝗𤠎𤡼𤤦𤮷𤮸𤰓𤰕𤰖𤰗𤰘𤰙𤰚𤰛𤰜𤰝𤰞𤰟𤰠𤰡𤰢𤰤𤰥𤰦𤰧𤰨𤰩𤰪𤰫𤰬𤰭𤰮𤰯𤰱𤰳𤰵𤰸𤰹𤰺𤰻𤰼𤰽𤰾𤰿𤱀𤱂𤱃𤱄𤱅𤱆𤱇𤱊𤱌𤱍𤱎𤱏𤱐𤱑𤱒𤱕𤱗𤱙𤱚𤱛𤱜𤱝𤱞𤱟𤱠𤱡𤱥𤱦𤱧𤱨𤱩𤱪𤱬𤱭𤱯𤱰𤱱𤱲𤱳𤱴𤱵𤱷𤱸𤱺𤱻𤱼𤲁𤲃𤲆𤲇𤲈𤲉𤲊𤲋𤲌𤲎𤲏𤲐𤲒𤲓𤲔𤲕𤲖𤲗𤲘𤲚𤲛𤲜𤲝𤲞𤲟𤲠𤲡𤲢𤲤𤲦𤲧𤲨𤲩𤲪𤲫𤲬𤲭𤲮𤲱𤲲𤲳𤲴𤲵𤲷𤲸𤲹𤲺𤲻𤲾𤳁𤳂𤳈𤳉𤳋𤳌𤳍𤳎𤳑𤳒𤳔𤳕𤳙𤳚𤳜𤳝𤳞𤳟𤳠𤳡𤳣𤳩𤳪𤳬𤳮𤳱𤳳𤳶𤳼𤳽𤴃𤴆𤴈𤴋𤴎𤴒𤴡𤹝𥀒𥋸𥎴𥓶𥔏𥛴𥜑𥞷𥟄𥠎𥠰𥡏𥣊𥤌𥦕𥩉𥰣𥰷𥲺𥴂𥼑𥼦𦁃𦃠𦃴𦅥𦆙𦒖𦔎𦔜𦔫𦤏𦵆𦸿𦹸𦻿𦼁𦼞𦿨𧀶𧃅𧃞𧆨𧏓𧏧𧑌𧜪𧦵𧵗𧾰𨅜𨆢𨎠𨎿𨏁𨏡𨐄𨓥𨖻𨘡𨙅𨙒𨙗𨙝𨢄𨢽𨪲𨰶𨳸𨻞𨽶𩁦𩄣𩅑𩆞𩆢𩆫𩇁𩇆𩇼𩍢𩒵𩙺𩞫𩦸𩴜𩵋𩸛𩺅𪆼𪎟𪒕𪓻𪞛𪟟𪠚𪧈𪧗𪪮𪶖𪺊𪻌𪽇𪽈𪽊𪽋𪽌𪽍𪽎𪽏𪽑𪽒𪽓𪽔𪽖𪽘𪽙𪽚𪽛𪽜𪽞𪽟𪽢𪽣𪽦𫀪𫁁𫂔𫂺𫅹𫋘𫐃𫒹𫘓𫜺𫞫𫣔𫦝𫦫𫨍𫩍𫯃𫵤𫿶𬀡𬌅𬎿𬏀𬏂𬏃𬏄𬏆𬏇𬏈𬏉𬏊𬏋𬏏𬏐𬏑𬏒𬓷𬘑𬟭𬢄𬧾𬯥𬰉𬵫𬹲𬻱𭅂𭅗𭋊𭋖𭏬𭔷𭕎𭞬𭠇𭡏𭥫𭱏𭲔𭴶𭺿𭻀𭻁𭻂𭻃𭻅𭻆𭻇𭻉𭻊𭻌𭻍𭻏𭻐𭻒𭻓𭻔𭻕𭻖𭻗𭻘𭻜𭻞𭻥𭻨𭻪𭻭𭻰𭻱𭻳𭻴𭻵𭻶𭻼𮁓𮂍𮓿𮛳𮜔𮝠𮣤𮣪𮦪𮧅𮩬𮫢𮫧𮫬𮮹𮴽𮴾𮴿𮵀𮵁𮵂𮵃𮵵𮷆𰅑𰇐𰐹𰟌𰟯𰢴𰢵𰢶𰢸𰢹𰢺𰢼𰢽𰢿𰣀𰣁𰣃𰣅𰣋𰣍𰣎𰣏𰣑𰣖𰣗𰣘𰣙𰣚𰣟𰤆𰤷𰨎𰴅𰶼𰹟𰿭𱏯𱏰𱒼𱔱𱜍𱟱𱦦𱧹𱨗𱭅𱮚𱰤𱰧𱰩𱰪𱰫𱰬𱰭𱰮𱰯𱰴𱰵𱰷𱰹𱰽𱰿𱱁𱱄𱱆𱵤𱵦𱷝𱺉𱼪𲀩𲅹𲑓𲒶𲰶𲰷𲰸𲰺𲰻𲰽𲰾𲰿𲱀𲱁𲱂𲱅𲱆𲱇𲱊𲱋𲱌𲵟𲷜𲽯𳁺𳋺
由	㐕㑹㕀㣙㹨㽕㾄䄂䌷䛆䜬䩜伷冑妯宙寅届岫峀庙廸怞抽柚油牰甹画畁秞笛粙紬胄舳苖蚰袖褏軸轴迪邮釉鈾铀頔駎鬼鮋鲉黃黄鼬𠃦𠔍𠔔𠢮𠰬𠱋𠶦𡄿𡊡𡔱𡕦𡘊𡛽𡱋𡳧𢂎𢄖𢆟𢍁𢥁𢳏𢽒𣎒𣓧𣕏𣷛𤉓𤉕𤟺𤤧𤰋𤰣𤰰𤰴𤱁𤱉𤱤𤱫𤲀𤲣𤳃𤳄𤳐𤳨𤳷𤳸𤽙𤽻𥑤𥥉𥧠𦥪𦦴𧆭𧈕𧙏𧬚𧲹𧻉𨎜𨕟𨪿𩄪𩊄𩧨𩿬𪳡𪳫𪽉𪽝𪽠𫆚𫑣𫔞𫔼𫘼𫠘𫳂𫹆𬏁𬏌𬏕𬔈𬰹𬱖𭘋𭘌𭮯𭱬𭷌𭾉𮏬𮞯𮲓𮶐𰃰𰆹𰊲𰚊𰚓𰞅𰢻𱪳𱰨𲃛𲅨𲹁
甲	㕅㘡㳌䆘䖖䖬䘥䛅匣单単厣厴呷單岬庘押果柙炠狎玾畢異禺笚翈胛舺里鉀钾閘闸魻鴨鸭𠆑𠇚𠇺𠍬𠒛𠔱𠖹𠦤𠩯𠫹𡊠𡭵𡼒𢈤𢌆𢑖𢘉𢦦𢭡𢼓𣃻𣅼𣢗𣫹𤎙𤙇𤰞𤱋𤱢𤱣𤲃𤲍𤲰𤳅𤳣𤳵𤵭𥑐𥝆𥩫𥫍𦆪𦭖𦳱𦴝𦾏𧆥𧬟𧿵𨐴𨒇𨭄𨲥𨸺𩁪𩁳𩂘𩉾𩚲𩨹𩲣𩲳𩿼𪀋𪀌𪚧𪨖𫟛𫪞𬒱𬛽𭁔𭆡𭑱𭒾𭡹𭣏𭰙𭶫𭺾𭻈𭻎𭻛𭻝𮆕𮒅𮮲𮮳𰅻𰐍𰓑𰕻𰣂𰣄𰣆𰨡𰪴𰫠𱇟𱓃𱚿𱛖𱰰𱰱𱵲𱹙𲂆𲅚𲉙𲐶𲒥𲰹𳆥
申	䎶䛣䰠伸叟呻坤妽婁审抻捜暢朄柛氠涄珅畃畅痩眒砷神紳绅胂訷迧鉮𠒗𠦆𡬤𢘊𢿘𣁱𣃵𣈱𣌨𣌾𣍃𣢘𣳑𤝚𤰶𤰷𤱓𤲥𤳘𤶉𥙍𥞁𥬐𦦠𦻍𧊋𨈮𨋙𨴁𨸬𨾡𩉼𩡃𫋵𬏍𬩸𬬹𭆪𭓱𭡮𭦘𭧁𭮇𭸁𭻄𭻡𮙜𮣻𮬱𰏳𰕼𰚒𰣐𱅹𱰦𱵐𱽖𲊫𲤼𲫕𲰨𲱄𲱔𲺥𳁼𳂸
电	㪑㫣䣍剦匎奄庵竜罨菴閹電鵪鹌黾鼍𠀻𠞒𡐜𡔩𡘤𢍤𢽱𣣚𣤟𤐇𤲅𥥗𥦩𥯃𦃰𦅥𦇷𦡏𨜀𨵜𩄀𩓹𩳢𪎜𪒎𪠄𪥍𫈬𫌷𫑡𫼊𬇐𬧳𬱨𬹣𭒎𮘁𮥽𰄴𰊓𰓒𰗅𰦆𰩳𰻵𱆻𱋾𱌀𱟮𱢽𱨜𱬸𱵏𲔜𳈓
甶	卑鬼𠃁𠖡𢍉𢱻𣁽𣬖𤰲𤱖𤱮𤲄𦂢𦃋𦉀𦖛𦶃𧱋𨡛𩲆𩲇𩴫𩴰𪦁𪬀𪭎𪽐𬂯𬏅𬴾𬵀𬵙𭀯𭀸𭅡𭻂𮫜𮫥𰡸𰣈𲌭𳌱
男	㭷㽒侽勇娚嬲甥舅莮虜𠒰𠢎𠢮𠨃𠲸𡇨𡖦𡢹𢣲𤢰𤧓𤱘𤲶𤳆𤳇𤳢𤽲𦥶𦦊𧇙𧋱𧡇𨦻𪟞𪟡𪟤𪟦𪟧𪶀𪽕𫦶𫦻𬌼𭄫𭄹𭜽𭦉𭫫𭻙𭻚𭻟𭻤𭻮𰋢𰣉𰣊𰣌𰣛𱁘𱘲𱜚𱫤𱰛𱰺𱰼𱰾𲌷𲎸𲛻𲛿𲰼𲱃𲱈𲴾𳄟𳊖
甸	㭵䓒䡘蜔𠡪𢑜𣵦𬗚𬨉𭎧𮴝𰻫𰼲𱋼𱋽
甹	䀻䛣䳙俜娉梬涄聘騁骋𠁔𠏬𠷓𠸮𢓳𢖊𥪁𥭢𥺒𦀔𦰝𧚗𧮹𩩍𫤝𫪆𫫺𫷘𬫙𮜷𱐚𱟼
町	𤨀𬏈
画	㓰婳畵𠵾𡳒𢛯𣶩𪽗𫽇𰬠𰺨
甼	𤰤𪽍
甾	㓯㿳䅔䎩䐉䣎崰椔淄疀緇缁菑輜辎錙锱鯔鲻鶅𡙂𡸟𣓩𤉣𤱽𤱾𤲑𤳊𤳤𤳫𤳯𤳲𤴅𥓲𥚉𧇄𧑳𧱥𨿴𩋝𩗮𩜊𪋍𪺟𫳗𫻾𬌊𬯞𭘦𭸖𮖓𮪌𰃱𰏆𰏛𰣇𱊎
畀	㑭䕗淠痹睤箅綥鼻𡌸𡻼𢈷𢮧𢿯𤱿𥚈𦜠𧚽𧤃𧨬𧳠𩩚𱡜𲕅
畁	腗𡞑𤲦𥟗
畄	䎩獣𪽋𭹗𭹿𰗶𰜈𰣲𱮤
界	䛺堺楐琾鎅𠝹𠷟𤋽𤲂𤸋𥔅𧎁𨺬𩇁𩳻𪑹𪽐𫈨𫽜𬓳𭛑𰂽𰾛𱭉
畎	盢𣸋
畏	㙗㛱㞇㟪㱬㾯䋿偎喂嵔愄揋椳渨煨猥碨腲葨鍡隈餵鰃鳂𠂽𡀧𡣉𡰂𢉝𣉍𣾿𤧖𤲼𥚸𥯜𦈓𧍥𧛚𧤖𧪏𧱨𨃄𪉭𪙢𪫑𫗭𬙒𮯕𰒕𰘉𰣔𰾚𱀰𱐼𱰸𱰻𲥓
畐	㽬䈏䋹䌿䕎䮠䵗偪冨副匐堛富幅愊揊楅湢煏畗畣疈福稫腷葍蔔蝠褔諨踾輻辐逼鍢鰏鲾鶝𠠦𠥏𠸢𢑍𢑎𢾇𤃺𤔜𤗚𥔁𥣇𥻅𦑞𦑭𦔆𦩡𦽪𧹭𨏟𨵩𨸆𨺤𩁮𩋨𩘆𩜰𩧿𩭺𪕲𫂨𫢄𫤊𫬸𫯫𫱆𫴦𫴫𬳃𭓏𭛷𭻢𭻧𮂔𮑻𮸕𮸰𰢅𰣕𰣝𱊏𱮊𲺂
畓	䄕𬈔𭏉𭻑𮍾𮔭𰸟
畕	𤳥𤳭𤳳𤳻𤴀𥣲𱯾
畗	𬈠𭏼𭕓𮠄𰴃𲆹
留	㨨䗜䝀䶉塯媹嵧廇榴溜熘瑠瘤磂罶蒥蹓遛鎦镏霤飀飗餾馏騮骝鬸鰡鶹鹠𠌃𠪐𠺕𢕍𢞓𢞭𣠚𤄍𤠑𥀓𥉳𥏵𥛅𥠷𥧥𥰣𥳩𦃓𦉉𦞧𧔳𧤝𧪭𧳽𧽖𨍸𨢇𨻧𩔲𩥖𪓸𪜦𫅾𫶌𭄁𭡼𭻷𭽱𮇶𰖝𰣒𱈊𲆾𳐼
畚	㨧㮥輽𣄏𮢲𱸛
畜	㗜㜅䙒傗慉搐槒滀稸蓄鄐𤛅𤠕𧏷𧹴𨃕𨕢𩝲𩹱𱫺𲈰
畝	𠺖𲛥
畟	㮨㹄溭禝稷謖谡𠋻𢱩𤠎𦃩𦔎𧏧𪰺𫄯𫆪𭹭𰊐𳆛
畠	𢊵𤾒𮮰
畢	㓖㪤㮿㻫䟆䬛嗶彃滭熚篳縪罼蓽襅蹕鏎鞸韠饆驆魓鷝𠌫𡠚𡻞𢕏𢳂𣯴𤠺𤹝𥀕𥛘𦌎𧏻𧫤𧰆𨢡𩪖𩺷𪋜𪍪𬯕𭏬𭻠𰔷𰻐𱑓𲴀𳅊
畣	墖𥂜𧕙𩌼𱤍
畤	𣻞𦸎
略	㑼㨼䌎𧐣𧐯𧕌𨎟𪅅𰔡
畧	撂𠓀𤴂𥳂𧐋𨎠𫏾𫑓𰘜𰩪𱐨𲇝
畨	䆏番糞𠐹𠔪𡓴𢐮𢟷𣱫𤃳𤲞𤳿𥻜𥽙𧂉𨎚𨶸𪹦𮃪𮋒𰠻𱪌𱪓
番	㢖㸋㺕㽃䆺䉒䊩䪛䪤䮳僠勫噃墦嬏審嶓幡憣播旙旛橎潘燔璠皤磻繙羳翻膰蕃蟠襎覾譒蹯轓鄱鐇飜鱕鷭𡒷𡚘𢐠𢐲𢑵𢿥𣊩𤃃𤄜𤗹𤳖𤳗𤳛𤳺𤺏𥕿𥛮𥢌𦪖𧑪𨅴𨊃𨊄𨶸𨼠𩀷𩇾𩈀𩐏𩕏𩨏𪖇𪽡𫔍𫿓𬅱𬌌𬏎𬏓𬏔𬏗𬙆𬸪𭐲𭻣𭻫𭻬𭻱𭻻𮚤𮷊𰣓𰺜𱈕𱱀𲱎𲲌
畫	㗲㦎㩇䐸劃嫿澅繣𢄶𣃂𣛛𥊮𦘣𦘧𨐶𨶬𩻽𱱅𱴵𲑒𳏮
畬	𦼞𩟳𭲥𰊮𱜍
異	㔴䔬兾冀廙戴潩熼禩穓糞翼趩霬龭𠪙𡐢𡠲𢎑𢨇𢨚𣄗𣚣𤳓𤳧𤴏𤺆𤼌𥛴𥣢𦒖𦔜𧃞𧃟𧃢𧇽𧑌𧝀𨅜𨯼𨾂𩙺𩞫𩨎𩴜𫣭𬏖𬏘𭊈𭍭𱱂𲝸𲝺𲱉𲱏𲶐𳇨
畱	㙧㩅橊澑璢癅羀鐂飅驑𢊺𢔲𥛽𥢋𥨌𦠝𨖻𩅸𩞷𪅳𮊚𰤁𰧡𰶡𰹤
當	㜭㼕㽆儅劏噹壋擋檔澢璫礑簹艡蟷襠譡鐺闣𠧁𡽊𣃉𤔶𤗾𤢎𥢷𥼽𦗴𦡁𦼲𧒾𨆉𨎴𨼴𩟈𩼉𪇁𫷑𬙔𬩖𭶙𭻺𮫒𰦄𲠱𲥃𲬕𳊦
畺	㩖㹔䗵䲔僵壃彊橿殭疅礓繮缰薑韁麠𠘌𤀌𤐀𤳾𦇤𧝿𧟂𨊑𨏃𪇏𪼡𫏣𭌡𭬰𮩓𱹢
畾	㔣㙼㜼㩸㵽㽮㿔䉪䴎䴑儡壘攂櫐櫑瓃疉疊礧礨纍罍藟蠝讄轠鑘靁鸓鼺𠢿𡚗𡾊𡾋𡾔𢁐𣀜𣀡𣡟𣰭𣰸𤃻𤢹𤣂𤳏𤳦𤴁𥃇𥣬𦇄𦈅𦌵𦢏𧞭𧟕𨑌𨞽𨯔𩁜𩴻𩴼𪈦𪦮𪽤𫐙𭐍𭷶𭻸𰭇𰿄𱇄𱊳𲂧𲍩𲱍𲷡𳋳
畿	㼄𦢍𰋀
疉	㩸氎疉
疊	㜼㩹㲲䴑𠠯𣡭𣱃𤴉𤴍𦈅𨈈𨐁𫊜
疋	㚄㺼㽰㿿䝪旋楚疍疐疑胥蛋𠈴𠏔𠪴𠰊𡔰𡛫𡶕𢪵𢰑𣆁𣐌𣳟𣵕𤕟𤥩𤱐𤴕𤴖𤴙𤴚𤴜𤴝𤴟𤴠𤴢𤴣𤴤𤻇𥹼𥿇𦖜𦙬𧠣𩗟𩰠𪸢𪽧𬍩𬏙𬿬𭻾𭼂𭼃𮘇𮜕𮡿𮮹𰣠𰣡𰲷𲱐
疌	㫸䑖䝊倢啑婕寁崨徢捷疀睫箑緁脻萐蜨誱踕𠌿𡹈𢈻𢏵𢜀𢳿𣄂𣓉𣮌𣶏𤙶𤟃𤲣𥓐𥵯𦑈𦑯𦦘𦩌𧚨𨎉𨓰𨕽𨤴𨺇𩃖𩗳𪖮𬍫𭊚𭋄𰬡𲄷
疎	𠽔𢵽𫑽𱟑
疏	蔬𦠦𩯕𰒓𱔰
疐	䡹嚏懥𠏴𢷟𨆫𬨕
疑	㘈㠜㽈䰯儗凝寲嶷懝擬癡礙籎薿觺譺𢅟𢣕𢥷𣝅𣝆𤁒𤪦𤾰𥣖𥨯𦆦𦘀𦡸𦡼𦢇𧃩𧭐𧹾𨷞𩉏𩴷𩼨𪪧𫲆𬅐𬤩𬩜𬬔𭒳𭭷𮡇𰸴𱭱𲥉
疒	㽱㽲㽳㽴㽵㽶㽷㽸㽹㽺㽻㽼㽽㽾㽿㾀㾁㾂㾃㾄㾅㾆㾇㾈㾉㾊㾋㾌㾍㾎㾏㾐㾑㾒㾓㾔㾕㾖㾗㾘㾙㾚㾛㾜㾝㾞㾟㾠㾡㾢㾣㾤㾥㾦㾧㾨㾩㾪㾫㾬㾭㾮㾯㾰㾱㾲㾳㾴㾵㾶㾷㾸㾹㾺㾻㾼㾽㾾㾿㿀㿁㿂㿃㿄㿅㿆㿇㿈㿉㿊㿋㿌㿍㿎㿏㿐㿑㿒㿓㿔㿕㿖㿗㿘㿙㿚㿛㿜疓疔疕疖疗疘疙疚疛疜疝疞疟疠疡疢疣疤疥疦疧疨疩疪疫疬疭疮疯疰疱疲疳疴疵疶疷疸疹疺疻疼疽疾疿痀痁痂痃痄病痆症痈痉痊痋痌痍痎痏痐痑痒痓痔痕痖痗痘痙痚痛痜痝痞痟痠痡痢痣痤痥痦痧痨痩痪痫痬痭痮痯痰痱痲痳痴痵痶痷痸痹痺痻痼痽痾痿瘀瘁瘂瘃瘄瘅瘆瘇瘈瘉瘊瘋瘌瘍瘎瘏瘐瘑瘒瘓瘔瘕瘖瘗瘘瘙瘚瘛瘜瘝瘞瘟瘠瘡瘢瘣瘤瘥瘦瘧瘨瘩瘪瘫瘬瘭瘮瘯瘰瘱瘲瘳瘴瘵瘶瘷瘸瘹瘺瘻瘼瘽瘾瘿癀癁療癃癄癅癆癇癈癉癊癋癌癍癎癏癐癑癒癓癔癕癖癗癘癙癚癛癜癝癞癟癠癡癢癣癤癥癦癧癨癩癪癫癬癭癮癯癰癱癲癳癴癵𣪪𤴥𤴦𤴧𤴨𤴩𤴪𤴫𤴬𤴭𤴮𤴯𤴰𤴱𤴲𤴳𤴴𤴵𤴶𤴷𤴸𤴹𤴺𤴻𤴼𤴽𤴾𤴿𤵀𤵁𤵂𤵃𤵄𤵅𤵆𤵇𤵈𤵉𤵊𤵋𤵌𤵍𤵎𤵐𤵑𤵒𤵓𤵔𤵕𤵖𤵗𤵘𤵙𤵚𤵛𤵜𤵝𤵞𤵟𤵠𤵡𤵢𤵣𤵤𤵥𤵦𤵧𤵨𤵩𤵪𤵫𤵬𤵭𤵮𤵰𤵱𤵲𤵳𤵴𤵵𤵶𤵷𤵸𤵹𤵺𤵻𤵼𤵽𤵾𤵿𤶀𤶁𤶂𤶃𤶄𤶅𤶆𤶇𤶈𤶉𤶊𤶋𤶌𤶍𤶎𤶏𤶐𤶑𤶒𤶓𤶔𤶕𤶖𤶗𤶘𤶙𤶚𤶛𤶜𤶝𤶞𤶟𤶠𤶡𤶢𤶣𤶤𤶥𤶦𤶧𤶨𤶩𤶪𤶫𤶬𤶭𤶰𤶱𤶲𤶳𤶴𤶵𤶶𤶷𤶸𤶹𤶺𤶻𤶼𤶽𤶾𤶿𤷀𤷁𤷂𤷃𤷄𤷅𤷆𤷇𤷈𤷉𤷊𤷋𤷌𤷍𤷎𤷏𤷐𤷑𤷒𤷓𤷔𤷕𤷖𤷗𤷘𤷙𤷚𤷛𤷜𤷝𤷞𤷟𤷠𤷡𤷢𤷣𤷤𤷥𤷦𤷧𤷨𤷩𤷪𤷫𤷬𤷭𤷮𤷯𤷰𤷱𤷲𤷳𤷴𤷵𤷶𤷷𤷸𤷺𤷻𤷼𤷽𤷾𤷿𤸀𤸁𤸂𤸃𤸄𤸅𤸆𤸇𤸈𤸉𤸊𤸋𤸌𤸍𤸎𤸏𤸐𤸑𤸒𤸓𤸔𤸕𤸖𤸘𤸙𤸚𤸛𤸜𤸝𤸞𤸟𤸠𤸡𤸢𤸣𤸤𤸥𤸦𤸧𤸨𤸩𤸪𤸫𤸬𤸭𤸮𤸯𤸰𤸱𤸲𤸳𤸴𤸵𤸶𤸷𤸸𤸹𤸺𤸻𤸼𤸽𤸾𤹀𤹁𤹂𤹃𤹅𤹆𤹇𤹈𤹉𤹋𤹌𤹍𤹎𤹏𤹐𤹑𤹒𤹓𤹔𤹕𤹖𤹗𤹘𤹙𤹚𤹛𤹜𤹝𤹞𤹟𤹠𤹡𤹢𤹣𤹤𤹥𤹦𤹨𤹩𤹪𤹫𤹬𤹭𤹮𤹯𤹰𤹱𤹲𤹳𤹴𤹵𤹶𤹷𤹸𤹹𤹺𤹻𤹼𤹽𤹾𤹿𤺀𤺁𤺂𤺃𤺄𤺅𤺆𤺇𤺈𤺉𤺊𤺋𤺌𤺍𤺎𤺏𤺐𤺑𤺒𤺓𤺔𤺕𤺖𤺗𤺘𤺙𤺚𤺛𤺜𤺝𤺞𤺟𤺠𤺡𤺢𤺣𤺤𤺥𤺦𤺧𤺨𤺩𤺪𤺫𤺬𤺭𤺮𤺯𤺰𤺱𤺲𤺳𤺴𤺵𤺶𤺷𤺸𤺹𤺺𤺻𤺼𤺽𤺾𤺿𤻀𤻁𤻂𤻃𤻄𤻅𤻆𤻇𤻈𤻉𤻊𤻌𤻍𤻎𤻏𤻐𤻑𤻒𤻔𤻕𤻖𤻗𤻘𤻙𤻚𤻛𤻜𤻝𤻞𤻟𤻠𤻡𤻢𤻣𤻥𤻦𤻧𤻨𤻩𤻪𤻫𤻬𤻭𤻯𤻰𤻱𤻲𤻳𤻴𤻵𤻶𤻷𤻸𤻹𤻺𤻻𤻼𤻽𤻾𤻿𤼀𤼁𤼂𤼃𤼄𤼅𤼆𤼇𤼈𤼉𤼊𤼋𤼌𤼍𤼎𤼏𤼐𤼑𤼒𤼓𤼔𤼕𤼖𤼗𤼘𤼙𤼚𤼜𤼝𤼟𤼠𤼢𤼣𤼤𦶱𧙜𩠾𪽨𪽩𪽪𪽫𪽬𪽭𪽮𪽯𪽰𪽱𪽲𪽳𪽴𪽵𪽶𪽷𪽸𪽹𫞬𫞭𬏚𬏛𬏜𬏝𬏞𬏟𬏠𬏡𬏢𬏣𬏤𬏥𬏦𬏧𬏨𬏩𬏪𬏫𬏬𬏭𬏮𬏯𬏰𬏱𬏲𬏳𬏴𬏵𬏶𬏷𬏸𬏹𬏺𬏻𬏼𬏽𬏾𬐀𬐁𭼆𭼇𭼈𭼉𭼊𭼋𭼌𭼍𭼎𭼏𭼐𭼑𭼒𭼓𭼔𭼕𭼖𭼗𭼘𭼙𭼚𭼛𭼜𭼝𭼞𭼟𭼠𭼡𭼢𭼣𭼤𭼥𭼦𭼧𭼨𭼩𭼪𭼫𭼬𭼭𭼮𭼯𭼰𭼱𭼲𭼳𭼴𭼵𭼶𭼷𭼸𭼹𭼺𭼻𭼼𰣢𰣣𰣤𰣥𰣦𰣧𰣨𰣩𰣪𰣫𰣬𰣭𰣮𰣯𰣰𰣲𰣴𰣵𰣶𰣷𰣸𰣹𰣺𰣻𰣼𰣽𰣾𰣿𰤀𰤂𰤃𰤄𰤆𰤇𰤉𰤋𱱉𱱊𱱋𱱌𱱍𱱎𱱏𱱐𱱑𱱒𱱓𱱔𱱕𱱖𱱗𱱘𱱙𱱚𱱛𱱜𱱝𱱞𱱟𱱠𱱡𱱢𱱣𱱤𱱥𱱧𱱨𱱩𱱪𱱫𱱬𱱭𱱯𱱰𱱱𱱳𲱒𲱓𲱔𲱕𲱖𲱗𲱘𲱙𲱚𲱛𲱜𲱝𲱞𲱟𲱠𲱡𲱢𲱣𲱤𲱥𲱦𲱧𲱨𲱩𲱪𲱫𲱬𲱭𲱮𲱯𲱰𲱱𲱲𲱳𲱴𲱵𲱶𲱷𲱸𲱹𲱺𲱻𲱼
疝	𤷳𤸢𤸳𤼒𰣵
疢	𤶌𰣰
疧	疷痻
疳	𦟉𪒷
疵	㾚㾹𠹂𣖲𤺒𦶉
疶	𤺔𪽴
疸	瘍𤷙
疾	㑵嫉愱槉蒺螏𠹋𢞱𤌿𤖏𧎿𧪠𧽑𨕾𨪏𮜆
病	𤶮𤶯𤻓𰣺𲕷
痕	𲎦𲖏
痛	𤸝𤹯𰣳𱱦
痲	𤹳𤹴𤻚𫉭𬏿
痳	𤹈𤹳𤹴𤺣𤻇𤻎𤻚𤼍𤼑
痴	𲗁𲶢
痺	𤼜𥽅
痽	癄𤹆𤺻𭼫𰤃
瘂	癋𰤆
瘖	瘴癔
瘦	𤼞𦢝𩽉𲯎
癶	㔇䕠䚨撥橃潑癷癸癹発登發襏蹳邆鱍𠏪𠷑𠽹𡍰𡕉𢅃𢆇𢠺𢰰𢰱𢲇𣈩𣩶𣰆𣻬𤍝𤼥𤼦𤼧𤼨𤼩𤼪𤼫𤼬𤼭𤼮𤼯𤼰𤼱𤼲𤼳𤼴𤼵𤼹𤼺𤼻𤼼𥙊𥲷𥴍𥼇𥼈𦥆𦪑𦫔𦱬𦳠𦷦𦽬𧦴𧬋𧬖𧬝𧶢𨨻𨫁𩆫𩞽𩤗𪖆𫈴𬐂𭀭𭓽𭯆𭽀𭽄𭽅𮇲𮠉𮥓𰊗𰤌𰤍𰤎𰤏𰤐𰤑𱱴𱱵𱱶𱱷𲏻𲱾
癸	䙆䠏䤆䳫戣揆暌楑湀猤睽聧葵藈鄈鍨闋阕騤骙𠊾𡎝𡞳𢃯𢑣𢜽𣉉𣔽𣦌𤬉𥯫𦝢𧍜𧝚𧡫𩀁𩔆𩹍𪆴𫛼𬆬𬑪𬸮𰐆𰾥𱓩𲝲𲸆𳐺𳑣
癹	𠷑𡍰𢯸𣸍𦳠𧤔𨂩𨡩𨨻𩸿
発	㾱廃溌醗𫈴𫝼𬐂
登	㔁㡠㲪㽅䆸䔲䗳䙞䮴䳾僜凳噔墱嬁嶝憕撜橙澄燈璒瞪磴竳簦膯艠覴證蹬邆鄧鐙镫隥霯鼟𡪺𢿤𣃆𣟑𣩟𣫤𣰆𤃶𤢈𤳘𤺌𤼶𤼷𤼸𤾢𥼰𧃵𧄼𧯫𧰐𧰔𧰥𧺄𧾊𨎤𨐸𨮴𨶿𩍐𩏠𩘼𩙄𩞬𩯇𩴝𪒘𪽥𫖖𫙼𫜣𫠿𫧸𬢔𬮹𬳒𭘻𭘼𭽃𮮸𱱹𱵫𱷚𱿁𲌋𲏻𲞆𲥀𲱿𳂄𳐕
發	㔇㗶䚨墢廢撥橃潑癈蕟襏蹳醱鏺驋鱍𠎆𡓊𢠺𣰀𤏋𤗳𥳊𦪑𧬋𩞽𩯌𪖆𪩕𪼠𭜄𮂛𰣙𲥤𲮽
白	㒵㒶㕷㚖㠄㡍㣎㰾㼟㾬㿇㿝㿞㿟㿠㿡㿢㿣㿤㿥㿦㿧㿨㿩䄸䎅䐴䔤䕫䞟䳆伯兜兠劰岶帕帛廹怕愿拍敀敫柏樂泉泊灁狛珀畠百癿皀皁皂皃的皅皆皇皈皉皊皋皌皍皎皏皐皑皒皓皔皖皗皘皙皚皛皜皞皟皠皡皢皣皤皥皦皧皪皫皬皭矈砶粕絈習胉臯臱舶苩菂蒈蘤蘷蠞袙貃迫邀鉑铂霫魄鮊鱀鱳鲌𠌟𠒴𠙔𠙡𠙧𠙯𠡈𠤨𠩴𠵋𠼍𠼎𠽇𡄊𡆓𡈪𡊚𡍇𡏲𡐘𡕋𡕸𡛳𡞌𡥴𡳅𢆇𢒴𢕨𢕽𢘣𢣔𢦋𢫗𢵿𢶱𢻞𢻩𢾓𢿬𣀝𣆆𣌣𣐩𣑞𣞌𣣝𣣪𣤰𣪞𣪧𣰗𣶎𣹈𣹻𣼙𤀁𤅁𤅆𤇢𤋡𤕋𤝡𤟀𤪨𤼽𤼾𤼿𤽀𤽁𤽂𤽃𤽄𤽅𤽆𤽇𤽈𤽉𤽊𤽌𤽍𤽎𤽏𤽐𤽑𤽒𤽓𤽕𤽖𤽗𤽘𤽙𤽚𤽛𤽜𤽝𤽞𤽟𤽡𤽢𤽣𤽤𤽥𤽦𤽧𤽨𤽩𤽪𤽭𤽮𤽯𤽱𤽲𤽳𤽴𤽵𤽶𤽷𤽸𤽹𤽺𤽻𤽼𤽽𤽾𤽿𤾀𤾁𤾂𤾃𤾄𤾅𤾆𤾇𤾈𤾉𤾊𤾍𤾎𤾏𤾐𤾔𤾕𤾖𤾘𤾙𤾚𤾛𤾝𤾞𤾟𤾠𤾡𤾢𤾣𤾥𤾦𤾧𤾨𤾫𤾬𤾮𤾯𤾰𤾱𤾲𤾴𤾵𤾶𤾷𤾸𤾹𤾻𤾼𤾽𤿀𤿂𤿃𤿄𤿅𥍡𥎷𥖡𥙃𥡊𥣀𥬝𦁻𦃧𦄓𦅎𦇭𦐚𦒌𦟡𦫖𦫙𦲠𦸚𦺂𦿵𧂉𧅷𧆽𧇤𧔞𧫜𧭇𧰏𧸣𧸨𨂢𨆭𨋧𨐂𨘋𨚮𨜸𨝅𨞰𨠘𨩁𨰱𩄷𩊀𩑻𩕮𩕰𩗀𩙦𩛇𩭲𩯠𩲸𩶑𪇱𪞜𪦺𪭆𪮆𪯸𪴭𪽧𪽻𪽼𪽽𪽾𪽿𪾀𪾁𪾃𪾄𪾅𫀾𫁇𫏴𫝗𫞮𫟪𫥡𫨷𬂎𬇻𬈻𬊸𬐃𬐄𬐅𬐆𬐇𬐈𬐉𬐊𬐌𬐎𬐏𬐐𬠀𬱲𬲉𭈋𭋔𭎊𭘫𭜿𭤁𭧡𭫟𭮵𭯖𭲄𭳨𭷛𭺖𭼈𭽆𭽇𭽉𭽊𭽋𭽌𭽍𭽏𭽐𭽑𭽒𭽓𭽔𭽕𭽖𭽗𭽘𭽙𭽛𭽜𭽞𭽟𭽠𭽢𭽾𮀱𮁏𮁚𮅷𮇸𮋉𮎩𮐰𮘮𮞾𮢡𮮳𮮵𮰋𮴻𮵄𰁮𰃎𰌼𰎒𰐭𰤒𰤓𰤔𰤕𰤖𰤗𰤘𰤙𰤚𰤛𰤜𰤝𰱕𱀦𱏧𱏫𱚞𱱅𱱺𱱻𱱼𱱽𱱾𱳡𲀖𲄜𲉌𲌯𲐃𲓵𲝍𲞟𲢡𲫢𲯍𲰩𲲀𲲁𲲄𳀛𳀣𳀩𳄹𳌵𳐆𳑌
百	㓦㢶㪶㹮㼣䔤佰兡凮咟帞弼栢洦瓸皕竡粨絔蛨袹貊銆陌𠄆𠍚𠍛𠙩𠷡𡇚𡋦𡩛𡶾𢐈𢐤𢒣𢙯𢞘𢟟𢫦𣰱𤎁𤢫𤤿𤽠𤾋𤾓𤾩𥏄𧹡𧻙𨒹𩊘𩛬𩢷𪛀𪡬𪫮𫌍𫡰𫡷𫨅𫱯𬃴𬟡𬦰𭆴𭖖𭤍𭦚𭫻𭮩𭲒𭼸𭽈𭽎𭽝𮎋𮎩𰋊𰋿𰌼𰣠𱆿𱓉𱠖𱡿𱧊𲅵𲎵𲐃𲞟𲩷𲱕𲲃𲴤
皀	㗽䀈䇒䊠䐴䦳冟匓卽卿厩喞嘅墍廏廐慨摡旣曁曏梎楖槩槪櫛漑穊節膷蔇薌蠁鄕響鱀鱜鵖𠊊𠌰𠤙𡇠𡏲𡨇𡪆𡯱𡳅𢟪𢷽𣢼𣪘𣯦𣴡𤈥𤩬𥀾𥖡𥦒𦟡𧐆𧜳𧫜𧬰𨝅𨞰𨞸𩞊𩞚𪄵𪓨𫈇𫩃𬝙𬵺𭖻𭸎𮙪𮞲𱘻𱡪
皁	唕臯𡴙𣐩𣴢𦯑𦹢𨋧𭎊𰼱
皂	唣梍𡨗𤟀𪣝𮴜𰛴𱫋𱴈
皃	㝸㹸䡚貌𠒜𠡞𠴡𡌗𢂹𢅉𢚋𢷕𣆿𣇙𣨆𣴟𤥰𥆒𥭨𦀸𦎔𦑀𦛮𦣲𦯜𦯦𨓅𩛨𩩕𪁤𫳨𬾐𬿊𭆅
的	啲菂𢯊𤷭𦖡𦝂𩭲𪦼𫂇𫒫𫴿𱞡𲳪
皅	葩𥰗
皆	㾬䃈䡡偕勓喈堦媘揩楷湝煯瑎稭蒈蝔諧谐鍇锴階鶛龤𡺓𢔡𢝷𢾆𤭧𥍾𥏪𥚺𥻄𦂄𦎥𦝨𦞉𧚻𧳧𨜡𩀊𩋧𩘅𩘗𩤠𩩰𪟫𫎝𫦻𭤀𰲧𱊐𲃱𲋜𲋨
皇	㾮䄓䅣䊗䑟䞹䬖䳨偟凰喤堭媓崲徨惶揘楻湟煌瑝皝皩篁艎葟蝗諻遑鍠锽隍韹餭騜鰉鳇𡈁𡙙𣈷𣹛𤚝𤟡𤾗𤾭𤾲𤾳𤾺𥠟𦑠𨉤𨍧𨜔𩔇𪅔𪏓𪟫𪩅𪪱𪱦𪾂𫋯𫗮𫘩𫤟𫿃𬐋𬐍𬐑𬗬𬤍𬸛𭽚𭽡𮋋𱂳𱴜𲈮𲍥
皋	㟸㿁䔌䚌䜂䜰䣗䫧嗥暤槔滜獆皞翱韟鷎𡟷𤾲𥡅𥻷𦞵𨎀𫑯𬸢𱗤
皐	噑暭槹獔皡翶鷱𡠖𢿎𣠘𦟞𧯌𫽿𲲹𲿠
皓	澔𤏔𫉢𳀨
皕	䀌奭衋𠃇𠠘𢐤𣂏𣂐𣰰𤫓𤾩𨟉𨟛𩖃𫑖𫱯𮎞𱰐
皛	㵿皨藠𤾪𫛘𬂗
皮	㓟㗞㝿㢰㱟㿪㿫㿬㿭㿮㿯㿰㿱㿲㿳㿴㿵㿶㿷㿸㿹㿺䏢䜵䝛䩅佊坡岥帔彼怶披旇柀波狓玻疲皯皰皱皲皳皴皵皶皷皸皹皺皻皼皽皾破秛紴翍耚蚾被詖诐貱跛鈹铍陂鞁頗颇駊骳髲鮍鲏麬龾𠉷𠌟𠡄𠥌𠪍𠱀𡛡𡛬𡣐𢇳𢠱𢱺𣃣𣃤𣛵𣤳𣥣𣬼𤖷𤙎𤚆𤱍𤿆𤿇𤿈𤿉𤿊𤿋𤿌𤿍𤿎𤿏𤿐𤿑𤿒𤿓𤿔𤿕𤿖𤿗𤿘𤿙𤿚𤿛𤿜𤿝𤿞𤿟𤿠𤿡𤿢𤿣𤿤𤿥𤿦𤿧𤿨𤿩𤿪𤿫𤿬𤿭𤿮𤿯𤿰𤿱𤿲𤿳𤿴𤿵𤿶𤿷𤿸𤿹𤿺𤿻𤿼𤿽𤿾𤿿𥀀𥀁𥀂𥀃𥀄𥀅𥀆𥀇𥀈𥀉𥀊𥀋𥀌𥀍𥀎𥀏𥀐𥀑𥀒𥀓𥀔𥀕𥀖𥀗𥀘𥀙𥀚𥀛𥀜𥀝𥀞𥀟𥀠𥀡𥀢𥀣𥀤𥀥𥀦𥀧𥀨𥀩𥀪𥀫𥀬𥀭𥀮𥀯𥀰𥀱𥀲𥀳𥀴𥀵𥀶𥀸𥀹𥀺𥀼𥀽𥅗𥖑𥖕𥖫𥖺𥨑𥲝𥹖𥽚𦃯𦍷𦐢𦚆𦡨𦨭𦫗𧰸𧹞𨈵𨠜𨡶𨢹𨧦𩌀𩌓𩌤𩌿𩕂𩖽𩜔𩟚𩠗𩩨𩫋𩲢𪓜𪖞𪚷𪜘𪠏𪤻𪾆𪾇𪾈𪾉𫓖𫘟𫮒𫰷𫵃𫹄𬃓𬐒𬐓𬐔𬐕𬐖𬒧𬒳𬔜𬥪𬥶𭅮𭊣𭊥𭠊𭴗𭵤𭼀𭽣𭽤𭽥𭽦𭽧𭽨𭽩𭽪𭽫𭽬𭽭𭽮𭽯𭽰𭽱𭽲𭽳𭽴𭽵𭽶𭽷𭽹𭽺𭽻𮉲𮝌𮧸𮨐𮭛𰃺𰅬𰉤𰔓𰙢𰤞𰤟𰤠𰤡𰤢𰤣𰤤𰤥𰤦𰤧𰤨𰤩𰤪𰤫𰤬𰤭𰤮𰤯𰤰𰤱𰦂𰦻𰮿𰯿𰴅𱂁𱎲𱏗𱚟𱱿𱲀𱲁𱲂𱲃𱲄𱲅𱲆𱲇𱲉𱲊𱾑𲅖𲜿𲝐𲤗𲲅𲲆𲲇𲲈𲲉𲲊𲲋𲲌𲲍𲲎𳎯
皷	𡒡𡒢𣦩𥀷𥀻𥀼𥀽𥀾𥌒𥖫𩟚𪇞𪔏𭽸𮆟𮮨𮮫𰈺𱲈
皼	𣰺𥗣𪈞𭿲
皿	㔩㕎㭗㱲㳑㼔㿻㿼㿽㿾㿿䀀䀁䀂䀃䀄䀅䀆䀇䀈䀉䀊䀋䀌䀍䓝䕄䚊䦗䫦䭍䰔勐墭孟寍搤昷橀氲泴獈瘟盀盁盂盃盄盅盆盇盈盉益盋盌盍盎盏盐监盒盓盔盕盖盗盘盙盚盛盜盝盞盟盠盡盢監盤盥盦盧盨盩盪盫盬盭笽篕簋簠葐蒀蒕蓋蘆蘯蛊蠱蠲血醓醯鷁鹽齍𠏫𠐹𠑜𠘦𠞚𠠂𠰘𠱄𠽲𡂑𡄊𡅞𡑷𡘃𡡛𡦸𡧾𡨬𡮼𢙂𢩘𢳷𢴞𢹳𢾩𣝒𣠅𣣥𣣹𣣼𣪰𣫨𣯎𣰛𣱄𣱦𣹃𣻭𣿣𤂠𤄼𤎏𤖙𤭹𤷪𤷷𤸙𤸱𤻷𥀿𥁀𥁁𥁂𥁃𥁄𥁅𥁆𥁇𥁈𥁉𥁊𥁋𥁌𥁍𥁎𥁏𥁐𥁑𥁒𥁓𥁔𥁕𥁖𥁗𥁘𥁙𥁚𥁛𥁜𥁝𥁞𥁟𥁠𥁡𥁢𥁣𥁤𥁥𥁦𥁧𥁨𥁩𥁪𥁫𥁬𥁭𥁮𥁯𥁰𥁲𥁳𥁴𥁵𥁶𥁷𥁸𥁹𥁺𥁻𥁼𥁽𥁾𥁿𥂀𥂁𥂂𥂃𥂄𥂅𥂆𥂇𥂈𥂊𥂋𥂌𥂍𥂎𥂏𥂐𥂑𥂒𥂓𥂔𥂕𥂖𥂗𥂘𥂙𥂚𥂛𥂜𥂝𥂞𥂟𥂠𥂡𥂢𥂣𥂤𥂥𥂦𥂧𥂨𥂩𥂪𥂫𥂬𥂭𥂮𥂯𥂰𥂱𥂲𥂳𥂴𥂵𥂶𥂷𥂸𥂹𥂻𥂼𥂽𥂾𥂿𥃀𥃁𥃂𥃃𥃄𥃅𥃆𥃇𥃈𥃊𥃋𥃌𥃍𥃎𥃏𥃐𥃑𥃒𥃔𥃖𥃗𥃘𥃚𥃛𥃜𥃝𥃟𥃡𥊱𥥊𥨠𥰎𥱔𥱚𥲜𥲥𥵁𥵃𥶊𥶞𥷟𦄡𦅺𦡉𦡿𦰆𦱃𦱣𦷐𦹧𦻌𦼦𦼬𦽘𦾐𦾗𦾞𦾟𦿘𧀽𧁔𧂚𧃗𧅽𧆗𧔈𧔵𧢙𧨦𧰕𧰝𧰞𨜨𨜴𨜵𨜶𨞐𨞚𨞞𨞨𨡇𨡝𨡰𨡿𨣓𨣮𨤎𨵯𨵲𨵵𨵷𩏛𩕭𩟟𩬬𩮨𩯎𪂽𪉟𪉩𪉶𪊻𪔮𪟢𪤂𪭌𪭓𪾊𪾋𪾌𪾍𪾎𪾏𪾐𪾑𪾒𪾓𪾔𪾕𪾖𪾗𪾘𪾙𪾚𪾛𪾜𪾞𫁆𫇤𫉶𫊗𫋟𫏘𫒏𫞯𫞰𫞱𫴃𬐗𬐘𬐙𬐛𬐜𬐝𬐞𬐟𬐠𬐡𬐢𬐣𬐤𬐥𬐦𬐧𬐨𬐪𬐫𬐬𬐭𬐮𬐯𬐰𬐱𬐲𬐳𬐴𬐵𬐶𬐷𬐹𬐺𬐻𬐽𬐿𬑀𬑁𬑂𬑃𬑄𬒖𬝎𬪲𬫬𬰮𬵉𬷧𭎷𭘺𭜛𭦗𭭑𭮓𭯳𭰻𭱦𭲳𭸒𭸦𭽼𭽽𭽾𭽿𭾀𭾁𭾂𭾃𭾄𭾅𭾆𭾇𭾈𭾉𭾊𭾋𭾌𭾍𭾎𭾏𭾑𭾒𭾓𭾔𭾕𭾖𮆊𮆮𮕜𮷫𰅐𰊃𰐃𰔉𰔩𰘵𰜕𰜖𰝝𰤲𰤳𰤴𰤵𰤶𰤷𰤸𰤹𰤺𰤻𰤼𰤽𰤾𰤿𰥀𰥃𰥅𰥆𰥇𰥉𰥊𰪅𰲃𰲋𱌘𱓀𱝐𱧴𱨞𱨩𱨾𱮎𱮞𱮟𱱲𱲋𱲌𱲍𱲎𱲏𱲐𱲑𱲒𱲓𱲔𱲕𱲗𱲘𱲚𱲛𱲝𱲞𱲟𱲠𱲡𱸋𱻀𱽵𱽷𱾄𱾌𲆷𲈨𲖅𲪌𲲏𲲐𲲑𲲓𲲖𲲗𲶗𲽆𲽨
盁	𦰆𨢠𲩐
盂	䣿𦱃𬐞𬫢𲕁
盃	㮎𠸟𢝙𣡝𤠅𥔦𦞑𪺰𫋋𫽗𬐩𱽵
盅	𢝈𨡵𰜒
盆	㖹湓葐𡎛𡟆𢞂𢱔𣱦𤧒𥔞𨩣𪝕𫽡𬃠𬢶𮢼𱢖𱼐𱿶𲱹
盇	㗐葢豓𡎌𣖁𣹆𤸙𥔐𧰚𨵵𩝉𮔡𱝆
盈	㨕㵬䋼戤楹溋萾𡎠𡟚𡺡𡺦𤔷𤟣𥈱𥯰𦝚𧀟𨜏𨩙𫄮𫣂𬨸𭦻𰈏𲯩
益	㜋㬲㱲䅬䚊嗌塧搤榏溢獈縊缢膉艗螠謚谥貖賹鎰镒隘鷁鹢齸𡒪𡺬𣣼𤐹𤸸𥂺𥃠𦶩𦿯𧔈𨜶𨢘𨶂𨽪𩔱𩝱𪕶𪝞𪤴𪬘𫆌𬎃𬙻𬦜𬧬𭂚𭄷𭗆𭛃𭛽𮄷𰟏𰷪𱁃𱁄𱌽𲋫𲋱𲗅
盌	𣪰𭾅𲳼
盍	㔩㕎㥺䐦䗘䫦嗑圔廅搕榼溘熆瞌磕篕蓋豔醘鎑闔阖饁馌鰪𠥕𡏖𡻊𢄍𢩘𢾩𣝒𣩄𤠡𤸱𥂇𥃕𥛐𦔏𧛾𧪞𧰟𨍰𩇠𩌍𩮨𪔮𪝙𫎽𫐔𬤒𬾾𮫥𰾩𱌻
盎	醠𠹃𡂍𣉗𣖮𣺻𤭹𤮃𧏱𧪪𫙬𬤔𱠡𱾄𲗛𳎟
盏	盏𥱔
盐	𬃳𰥈𱴤
监	㨫䍀尴槛滥篮蓝褴𩴌𪟎𫞨𫣉𫱕𫶊𫷌𬊶𬖮𬥾𬸡𮶙𰈓𰊑𰚪𰧔𰯂𰺗𰼏𰾫𱆅𱱞𱵥𲇕𲊘𲋪
盒	𢠏𥂨𥲥𨢴𨫸𪤒𫣽𭲃𰈦
盖	㦈𡡇𡻘𣉼𣙥𤹺𥃙𥃣𥕤𧗍𧜡𨝕𨢸𨶩𨻹𩞖𩡚𩺻𪥞𬧏𭏦𭢕𮂕𮎔𰆫𰚱𰥁𰥂𰥄𰳙𱨚𱲜𱻒𲈘𲖎𲜾𲮰𲲒𲲔𳄍𳆴
盗	𣛯𥂉𥋕𧫺𧰕𨣕𬐼𬐾𬳰𰜽𲲕𲲙
盘	𥃑𪾝𪿱𫮠𭢋𱃯𱲢𲤷
盙	簠𦻌
盛	墭𡡛𣛮𥊱𥢱𥼵𦔤𦼦𩦝𩯎𬣅𭵵𲴷𲶗
盜	𥶎𨣕𫴣
盝	𣿍𥵁𦾞
盞	𣛷𤐒𥵃𦾟𨭮𩟏𫫷𬉉𲠯
盟	擝𤀄𬏾𲠲𲽆
盡	㯸儘嚍壗嬧孻濜燼璶藎贐𢣺𣃏𤄸𥃞𥵧𧢙𩟝𪟖𪮺𬬗𰖵𲣻𲲘𲸣
監	㔋㜮㩜㲯㺝䆾䰐儖嚂壏尶尷懢檻濫爁璼礛籃糮繿艦藍襤轞鑑𠕱𡮻𡰛𡽳𡽾𢅡𣁥𣋣𣰦𥃢𥌈𥜓𦡶𦣸𧓦𧥈𧭗𧸦𨊔𨣨𩁱𩦹𩴵𩼳𪇖𪈭𪊇𫗝𫶻𭧿𲋌
盤	䃲䰔瀊𡂑𢸔𤻷𥃚𥃛𬬛𮆮𰖶𱇆
盧	㔧㠠㪭㱺㿖䰕嚧壚廬攎曥櫨瀘爐獹瓐矑籚纑罏臚艫蘆蠦轤鑪顱驢髗鱸鸕黸𠐳𠫂𡳬𢐸𢥈𣬁𤬛𤬜𤮧𤴅𥀵𥜠𧈕𨇖𨏧𨽜𩁨𩆴𩍼𩙙𩧥𪈒𪖌𪙾𫶢𬐸𬟳𮱚𲈟𲓐𲯐𲴚𳅣
目	㮂㲊㸔㺺㾇㾪䀎䀏䀐䀑䀒䀓䀔䀕䀖䀗䀘䀙䀚䀛䀜䀝䀞䀟䀠䀡䀢䀣䀤䀥䀦䀧䀨䀩䀪䀫䀬䀭䀮䀯䀰䀱䀲䀳䀴䀵䀶䀷䀸䀹䀺䀻䀼䀽䀾䀿䁀䁁䁂䁃䁄䁅䁆䁇䁈䁉䁊䁋䁌䁍䁎䁏䁐䁑䁒䁓䁔䁕䁖䁗䁘䁙䁚䁛䁜䁝䁞䁟䁠䁡䁢䁣䁤䁥䁦䁧䁨䁩䁪䁫䁬䁭䁮䁯䁰䁱䁲䁳䁴䁵䁶䁷䁸䁹䁺䁻䁼䁽䁾䁿䂀䂁䂂䂃䂄䂅䈍䗈䢥具冒塡夐媚敻楯泪狊盯盰盱盲盳直盵盶盷相盹盺盻盼盽盾盿眀省眂眃眄眅眆眇眈眉眊看県眍眎眏眐眑眒眓眕眖眗眘眙眚眛眜眝眞眠眡眢眣眤眥眦眧眨眩眪眫眬眭眮眯眰眱眲眳眴眵眶眷眸眹眺眻眼眽眿着睁睂睃睄睅睆睇睈睉睊睋睌睍睎睏睐睑睒睓睔睕睖睗睙睚睛睜睝睞睟睠睡睢督睤睥睦睧睨睩睫睬睭睮睯睰睱睲睳睴睵睶睷睸睹睺睻睼睽睿瞀瞁瞃瞄瞅瞆瞇瞈瞉瞊瞋瞌瞍瞎瞐瞑瞒瞓瞔瞕瞖瞗瞘瞙瞚瞛瞜瞝瞞瞟瞠瞡瞢瞣瞤瞥瞦瞧瞨瞩瞪瞫瞬瞭瞮瞯瞰瞱瞲瞳瞴瞵瞶瞷瞸瞹瞺瞻瞼瞽矀矁矂矃矄矅矆矇矈矉矊矋矌矎矏矐矑矒矓矔矕矖矘矙矚窅箵繉膡自苜藈見貝鉬钼霿鼎龜鿃𠅿𠌪𠏝𠐗𠑮𠖻𠞋𠢚𠤀𠤤𠥞𠧡𠨀𠮈𠮏𠷒𠷙𠹘𡇌𡇡𡈕𡈟𡊟𡕥𡖽𡙄𡞙𡟠𡟤𡡜𡣣𡧟𡩇𡩈𡫅𡫔𡫧𡬲𡭨𡷚𢆆𢌨𢌫𢎈𢒭𢓼𢔠𢝝𢠕𢣊𢨄𢪷𢰿𢾥𣃊𣄩𣅨𣆢𣐥𣕦𣛒𣞹𣤧𣥸𣦉𣦦𣦳𣪭𣭒𣰧𣷍𣼂𣿧𤃔𤈱𤈳𤉏𤓑𤖎𤛙𤟵𤪞𤪫𤷐𥂄𥃤𥃥𥃦𥃧𥃨𥃩𥃪𥃫𥃬𥃭𥃮𥃯𥃰𥃱𥃲𥃳𥃴𥃵𥃶𥃷𥃸𥃹𥃺𥃻𥃼𥃽𥃾𥃿𥄀𥄁𥄃𥄄𥄅𥄆𥄇𥄈𥄉𥄊𥄋𥄌𥄍𥄎𥄏𥄐𥄑𥄒𥄓𥄔𥄕𥄖𥄗𥄘𥄙𥄚𥄛𥄜𥄝𥄞𥄟𥄠𥄡𥄢𥄣𥄤𥄥𥄦𥄧𥄨𥄩𥄪𥄫𥄬𥄭𥄮𥄯𥄰𥄱𥄲𥄴𥄵𥄶𥄷𥄸𥄹𥄺𥄻𥄼𥄽𥄾𥄿𥅀𥅁𥅂𥅃𥅄𥅅𥅆𥅇𥅈𥅊𥅋𥅌𥅍𥅎𥅏𥅐𥅑𥅒𥅓𥅔𥅕𥅖𥅗𥅘𥅙𥅚𥅛𥅜𥅝𥅞𥅟𥅠𥅡𥅢𥅣𥅥𥅦𥅧𥅨𥅩𥅪𥅬𥅭𥅮𥅯𥅰𥅱𥅲𥅳𥅴𥅵𥅶𥅸𥅹𥅺𥅻𥅼𥅽𥅾𥅿𥆀𥆁𥆂𥆃𥆄𥆅𥆆𥆇𥆈𥆉𥆊𥆋𥆌𥆍𥆎𥆏𥆐𥆑𥆒𥆓𥆔𥆕𥆖𥆘𥆙𥆚𥆛𥆜𥆝𥆟𥆠𥆡𥆢𥆤𥆥𥆦𥆧𥆨𥆩𥆪𥆫𥆬𥆭𥆮𥆯𥆰𥆱𥆲𥆳𥆴𥆵𥆶𥆷𥆸𥆹𥆺𥆻𥆼𥆽𥆾𥆿𥇀𥇁𥇂𥇃𥇄𥇅𥇆𥇇𥇈𥇉𥇊𥇋𥇌𥇍𥇎𥇏𥇐𥇑𥇒𥇓𥇔𥇕𥇖𥇗𥇘𥇙𥇚𥇜𥇝𥇞𥇟𥇢𥇣𥇤𥇥𥇦𥇧𥇨𥇩𥇪𥇫𥇬𥇭𥇮𥇯𥇰𥇱𥇲𥇳𥇴𥇵𥇶𥇷𥇸𥇹𥇺𥇻𥇼𥇽𥇿𥈁𥈂𥈃𥈄𥈅𥈆𥈇𥈉𥈊𥈋𥈌𥈎𥈐𥈑𥈒𥈓𥈔𥈕𥈖𥈗𥈘𥈙𥈚𥈛𥈝𥈞𥈟𥈠𥈡𥈢𥈣𥈤𥈥𥈦𥈧𥈨𥈩𥈬𥈭𥈮𥈯𥈰𥈱𥈲𥈳𥈴𥈵𥈶𥈷𥈹𥈺𥈻𥈼𥈽𥈾𥈿𥉀𥉂𥉃𥉄𥉅𥉆𥉇𥉈𥉉𥉊𥉋𥉌𥉍𥉎𥉏𥉐𥉑𥉒𥉓𥉔𥉕𥉖𥉗𥉘𥉙𥉚𥉛𥉜𥉝𥉞𥉟𥉠𥉡𥉢𥉣𥉤𥉥𥉦𥉧𥉩𥉪𥉫𥉬𥉭𥉮𥉯𥉰𥉱𥉲𥉳𥉴𥉵𥉶𥉷𥉸𥉹𥉺𥉻𥉼𥉽𥉾𥉿𥊀𥊁𥊂𥊃𥊅𥊆𥊇𥊈𥊉𥊊𥊋𥊌𥊍𥊎𥊏𥊑𥊒𥊓𥊔𥊕𥊖𥊗𥊘𥊙𥊚𥊛𥊜𥊝𥊞𥊠𥊡𥊤𥊥𥊦𥊧𥊨𥊩𥊪𥊫𥊬𥊭𥊮𥊯𥊰𥊱𥊲𥊳𥊴𥊵𥊶𥊷𥊸𥊹𥊺𥊻𥊼𥊾𥋀𥋂𥋃𥋄𥋅𥋆𥋇𥋈𥋉𥋊𥋋𥋌𥋍𥋎𥋏𥋐𥋑𥋒𥋓𥋔𥋕𥋖𥋗𥋘𥋙𥋚𥋛𥋝𥋞𥋟𥋠𥋢𥋣𥋤𥋦𥋧𥋨𥋩𥋪𥋭𥋮𥋯𥋰𥋱𥋲𥋳𥋴𥋵𥋶𥋷𥋸𥋺𥋻𥋼𥋽𥋾𥋿𥌀𥌁𥌃𥌄𥌅𥌆𥌇𥌈𥌉𥌊𥌋𥌌𥌍𥌎𥌐𥌑𥌒𥌓𥌔𥌕𥌗𥌘𥌚𥌛𥌜𥌝𥌞𥌟𥌠𥌡𥌢𥌣𥌤𥌥𥌦𥌧𥌨𥌩𥌪𥌫𥌬𥌭𥌮𥌯𥌰𥌲𥌳𥌴𥌶𥌷𥌸𥌹𥌺𥌻𥌼𥌽𥌾𥌿𥍀𥍁𥍂𥍃𥍄𥍆𥍇𥍉𥍊𥍋𥍌𥍍𥍎𥍏𥍐𥍑𥍒𥍓𥍔𥍕𥍖𥍗𥍘𥍚𥍛𥍜𥎙𥎶𥜱𥜷𥡏𥡽𥤛𥪧𥬥𥰀𦎝𦒿𦙃𦣻𦣽𦨧𦱋𦳗𦴀𦴁𦴔𦴲𧁊𧂝𧆏𧇗𧈃𧊁𧌪𧠦𧡆𧢕𧢛𧫨𧱸𧵁𧻃𧾣𨌶𨒚𨓗𨓳𨕐𨘩𨤓𨫶𨬴𨰎𨻠𩄯𩓓𩔠𩔽𩖇𩠥𩬞𩴈𩴖𩶔𩶖𪄊𪅚𪊣𪋢𪌔𪑥𪔂𪗑𪗒𪚫𪚽𪛟𪜮𪤂𪪜𪫩𪭑𪭓𪾟𪾠𪾡𪾢𪾣𪾤𪾥𪾦𪾧𪾨𪾩𪾪𪾫𪾬𪾭𪾮𪾯𪾰𪾱𪾲𪾳𪾴𪾵𪾶𪾷𪾸𪾹𪾺𪾻𪾼𪾽𪾾𪾿𪿀𪿂𪿄𪿅𫉫𫔝𫞳𫡴𫡼𫣎𫧐𫱴𬅧𬈐𬑅𬑆𬑇𬑈𬑉𬑊𬑋𬑌𬑍𬑎𬑏𬑐𬑑𬑒𬑓𬑕𬑖𬑗𬑘𬑙𬑛𬑜𬑞𬑟𬑠𬑡𬑢𬑣𬑤𬑥𬑦𬑧𬑨𬑬𬕾𬛿𬞱𬻕𬾱𭌪𭏩𭑢𭑰𭕘𭛪𭜜𭟆𭟑𭟤𭪽𭲛𭳁𭾗𭾘𭾙𭾚𭾛𭾜𭾝𭾞𭾟𭾠𭾡𭾢𭾣𭾤𭾥𭾦𭾧𭾨𭾩𭾫𭾮𭾯𭾰𭾲𭾳𭾵𭾶𭾷𭾸𭾹𭾺𭾻𭾼𭾾𭾿𭿀𭿁𭿂𭿃𭿄𭿅𭿆𭿇𭿈𭿉𭿌𭿍𭿎𭿏𭿐𭿑𭿒𭿔𭿕𭿖𭿘𭿙𭿚𭿜𭿝𭿞𭿟𭿢𭿣𭿤𭿦𭿨𭿩𭿫𭿬𭿭𭿮𭿯𭿱𭿲𭿳𮂪𮋦𮋴𮑐𮑥𮕲𮡂𮦋𮯞𮵅𮵆𮵇𮵈𮶺𰆸𰇏𰇩𰎪𰔯𰙐𰚿𰛙𰝊𰤿𰥋𰥌𰥍𰥎𰥏𰥒𰥓𰥔𰥕𰥖𰥗𰥘𰥙𰥚𰥛𰥜𰥝𰥞𰥠𰥡𰥢𰥣𰥤𰥥𰥦𰥧𰥨𰥩𰥪𰥫𰥬𰥭𰥮𰥯𰥱𰥳𰥴𰥵𰥷𰥸𰥹𰥻𰥼𰥽𰥾𰥿𰦀𰦁𰦂𰦃𰦄𰦅𰦆𰦇𰦉𰦊𰦋𱒒𱤊𱧴𱩄𱩳𱪴𱭂𱭇𱮁𱮓𱲣𱲤𱲥𱲦𱲧𱲩𱲪𱲫𱲭𱲮𱲯𱲰𱲱𱲲𱲳𱲴𱲵𱲶𱲷𱲸𱲹𱲺𱲽𱲾𱳀𱳁𱳂𱳃𱳄𱳅𱳆𱳇𱳉𱳊𱳋𱳍𱳎𱳏𱳐𱳑𱳒𱳔𱳕𱳖𱳗𱳘𱳙𱳚𱵮𱶓𱸷𲁏𲧫𲨛𲪛𲭵𲲚𲲛𲲜𲲝𲲞𲲟𲲠𲲡𲲢𲲣𲲤𲲥𲲦𲲧𲲨𲲩𲲪𲲫𲲬𲲮𲲯𲲰𲲱𲲲𲲳𲲴𲲷𲲸𲲺𲲼𲲽𲳕𳁷𳏎𳑓
盰	𣵼𥍅
盱	𥷯𦰲
盲	䈍䗈𡞙𤷐𥇋𦱋𨌶𭞰𰇸𰶲𱦼
直	㥀㨁䐈値值嗭埴徝悳惪植殖淔犆真矗禃稙置𠁆𠍜𠎟𠪫𠶗𡌴𡖻𡥰𡸜𡸽𢃜𢏶𢕀𣇣𣤳𤊧𤣡𥊢𥊣𥛄𥮖𦋘𦷔𧡚𨁷𨼡𪗑𪗒𪠋𪧡𫌁𫒦𫗾𫤁𫹦𬑚𭅨𭅬𭆘𭼔𰊧𰌈𰗁𰥺𱁍𱐱𱡤𱲿𲑣𲢪𲦈𲯠𲲵
相	㜀厢廂想湘箱緗缃葙霜𠷹𣕦𣙧𣰧𤜕𤧇𤭪𤷼𧡮𩮌𪂼𪃥𪝋𪲈𪶛𫝛𬃞𬴷𮘢𮷮𰅧𰼽𱎈𲧛
盺	𪾯𬃞
盼	𣸜𲕣
盾	㡒䋸䙉䛻䞺偱循揗楯瞂瞃碷腯貭踲輴遁鍎鶞𡎆𡐠𡟈𡬉𢝺𢧕𣸩𤟢𥍿𨺠𩀐𩏋𩩻𪻂𬊮𬍸𭖹𭢣𭣽𮝸𱊑𲕨𲴰
眀	𭱑𰤾
省	㗂㨘㮐㼳㾪䚇偗渻箵𠞔𡞞𡨽𢜫𣦉𦔄𦳗𧍖𨜜𨩠𨲓𨵥𩩭𪱐𪻻𪾱𫆦𫍂𫵆𬥇𭆷𭖶𮙷𰊄𰥟𲏭
眆	䁢𪾰
眇	渺篎緲缈𠋝𥻠𦳥𪃐𪃦𪃧𫛹𫬣𬸙𭒈𳆐𳐎
眉	䰨堳媚嵋楣湄煝猸瑂睸篃葿蝞郿鎇镅鶥鹛𠋥𠪃𠷯𡡻𡩏𡭌𡮠𢃼𢔰𢰲𣈲𣎊𣮮𣽪𤚤𥊟𥋜𥌏𥌙𥚵𥻡𦎨𦠙𧛰𧳬𨉭𩄎𩋿𩹪𪵟𫃷𫐹𫗗𫵇𬴮𭃽𭾴𭿰𮉭𮙣𮙸𮚯𮟟𮲉𱁤𱲼𲲹
看	𠸦𡙍𡩒𡺗𣕻𣪦𥈧𦞖𨩢𪮑𪮒𪿁𪿃𬋭𭾭𭿊𭿋𭿠𭿡𭿧𰥰𰥶𰦈𱜰𱫨𱳈𲩦𲶅
県	縣𣟠𤐘𪃷𬗫𭤣
眔	㱎䜚䤽䳴懷瘝眔褱遝鰥鳏𡎯𡾝𢸬𣀤𣀩𣗶𣣴𣯉𥉀𥊽𥎅𦑲𦑶𦵺𦾽𧃣𧤩𧪟𨙎𩀚𩌐𩟮𪊉𬱐𰁞𰍓𱨁𲰔
眗	𥈈𦶔𨪵𬭧
眘	䙽傄𪒂𮙺𱩦
眞	㐤㒹㣀㥲䈯䐜䡩傎厧嗔塡嫃寘嵮愼搷槇滇瑱瘨瞋磌禛稹窴縝蒖衠謓蹎鎭闐顚鬒鷆黰齻𠔶𡈓𡻗𣞟𣰘𤠶𥜱𥜷𥜹𥧑𥪧𦗀𦗁𦫭𧰊𧽍𨈃𩄚𩄠𩥄𫣵𫷊𬯳𭟪𭨂𭻺𮔪𮝮𮨰𰷻
真	㐤㒹㣀㥲䈯䐜䡩傎厧嗔填嫃寘嵮慎搷槙滇瑱瘨瞋磌禛稹窴縝缜蒖衠謓蹎鎮镇闐阗顛颠鬒鷏黰齻𠁒𠔶𠖕𠖩𠤤𡈓𡒆𡻗𢅬𢺗𣉮𣞟𣰘𤌭𤛇𤠶𥛺𥜱𥜷𥜹𥪧𦗀𦗁𦫭𧜖𧰊𧷒𧽍𨈃𨝊𩄚𩄠𩌙𩝻𩥄𩨋𩺘𪗓𪵆𫟥𫷊𬉌𬜘𬹙𭦬𮊍𮔪𮧼𰦌𰴓𱊚𱌺𲟎𲭊𲲶𳃿
眠	𥉦𥋹𥌱𪦓𬧆𭿱𮐊𳅚
眧	𥋑𰟉
眯	蔝𥌨
眲	𥆍𰥫
眷	䒅慻膡𠢚𡈕𡡀𢨄𧷬𧷽𨖩𭲷𮈿𰦀𲙿
眼	𠐗𠽗𡈟𡙵𡡆𣊕𣙧𣼹𧁊𨢻𫺻𰖥𱜛𲲭
眾	䝦潀衆𥼟𨖙𩅉𬌎𲆉
着	撯𣚰𤏲𦅝𧝙𨬣𪢂𬍃𬿜𭢑𮬍𰒐𰖭𱿍
睂	𡡚𡡾𡼴𣾨𤩣𥋎𥴔𨞅𭗙
睒	𣰍𦽉𭼮
睘	䁵䚪䴉䴋儇噮圜嬛寰彋懁擐檈澴獧環癏糫繯缳翾蠉譞轘還鐶镮闤阛鬟鱞鹮𠟼𡈵𡑡𡕅𢕼𢩠𢹞𣟳𣟴𣡬𦌺𦏖𦒠𦣴𧾎𨆈𩍡𩕪𩙽𩟁𩦮𪍺𫍽𫜅𫤻𫸁𬒥𬪗𬶵𭤌𮆙𮝹𮥥𲬓𲻊
睡	𬑩𰪚𱔾
睢	濉𧾕
督	𧝴𱔽𲬘
睪	㘁㶠䁺䆁䐾䕉䦴䭞凙圛墿嬕嶧懌擇斁曎檡歝殬澤燡睾礋繹蠌襗譯醳釋鐸驛鸅𠓋𠪯𡔄𢋇𢍰𣀇𤑹𤢕𤢟𤻂𥜃𥼶𦒡𦔥𦡇𨆅𨼸𩁇𩍜𩏪𩴮𩼓𪫙𪼢𫅌𫾟𱥦𲑕𲪲
睾	𦒢𨤟
睿	㪫㲊䜜叡壡濬璿龼𠏻𤫀𥌑𧯕𧷁𧾩𭨈𮖼𱪐𲗐𲧉𲯃𲲻𳈳
瞏	𠐛𡣱𢸃𣞲𤪹𥌡𦇏𦒬𧔘𧭴𨏙𨘣𨷤𩯴𬙫𰡨
瞐	𪓆𭿴
瞖	贀𧢂
瞗	𪃥𪄊
瞢	㜴䒐䲛懵矒𠐧𡬌𢅴𤼁𦢧𨟒𨯠𩯼𪈆𮄦𱈛𲗲
瞥	𧢍𧸁
瞿	㘗㜹㩴㬬䂂䣤匷忂懼戵欋氍灈爠癯矍臞蠷衢躣鑺鸜𡚝𢌄𢎖𣃖𣰽𤣓𥎡𥗫𦔬𧄒𧢩𧢭𧾱𨟠𩁯𩉗𩉘𩟹𩧘𩧚𩧡𩵅𩽩𪈴𪖏𬖇𬸱𭤒𮉛𰩃𱰔
矍	䂄䢲䣤䦆彏戄攫欔玃矡籰蠼貜躩钁𠑩𡚠𡤬𢖦𣌗𥜵𥤘𥸘𦣒𦫇𧅚𧢭𧮞𧾵𨏹𩏺𩧡𩵈𪈴𫬻𱪘𱵄
矛	䂆䂇䂈䂉䂊䂌䂍䂎䋒䖥䟥䳱務敄柔柕楙熃矜矝矞矟矠矡罞茅蟊袤裦雺霿髳𡛺𡬢𡳌𢘅𢘕𢦧𢦵𣓥𣭅𣱏𣿧𤔃𤝩𥁛𥂂𥍝𥍞𥍟𥍠𥍡𥍢𥍣𥍤𥍥𥍦𥍧𥍨𥍩𥍪𥍫𥍬𥍭𥍮𥍯𥍰𥍱𥍴𥍵𥍶𥍷𥍸𥍹𥍺𥍻𥍼𥍽𥍾𥍿𥎀𥎂𥎃𥎄𥎅𥎆𥎇𥎈𥎉𥎊𥎋𥎌𥎍𥎎𥎏𥎑𥎒𥎓𥎔𥎖𥎗𥎘𥎙𥎚𥎛𥎝𥎞𥎟𥎠𥎡𥎢𥎣𥎤𥎥𦈇𦚇𧕑𧱰𨥨𨱨𨾣𩅗𩥎𩮤𩶒𩺠𩻎𪉝𪍫𪿆𪿇𫴀𬑭𬑮𬑯𬰇𭑴𭿷𭿸𭿹𭿺𭿻𭿼𮪘𰦍𰦎𰦏𰦐𰦑𱳛𱳜𲙶𲳀
矜	㥤㮗𱣼
矞	䆷䤎䰬僪劀噊憰橘氄潏燏獝璚瞲繘譎谲蹫遹鐍霱驈鱊鷸鹬𢨌𢵮𣎛𣰇𣰲𥎐𥎕𥎜𥛯𦒑𦒔𦠈𦺖𧑐𧝃𧤾𧷾𧽻𨗝𩘻𩙅𩴢𪊀𫔎𫚪𬲆𭒠𰬻𱅫
矢	㑨㞺㿄䀢䂏䂐䂑䂒䂓䂔䂕䂠䒨䛈䠶侯候医吴垁彘族欵疑疾矣矤知矦矧矨矩矪矫矬短矮矯矰矱矲笶聅肄鉃雉鴙𠅰𠤑𠤕𠤗𠤜𠱈𡠅𡧦𡱁𡲑𡲔𢁄𢇻𢈟𢒸𢨻𣙘𣛘𣤻𤁼𤕺𤕼𤫴𤶅𤶥𤻢𤼩𥌟𥎦𥎧𥎨𥎩𥎪𥎫𥎬𥎭𥎮𥎯𥎰𥎱𥎲𥎳𥎴𥎵𥎶𥎷𥎸𥎹𥎺𥎻𥎽𥎾𥎿𥏀𥏁𥏃𥏄𥏅𥏆𥏇𥏈𥏉𥏊𥏋𥏌𥏍𥏎𥏐𥏒𥏓𥏔𥏕𥏖𥏗𥏘𥏙𥏚𥏛𥏜𥏝𥏞𥏟𥏠𥏡𥏢𥏣𥏤𥏥𥏦𥏧𥏨𥏩𥏪𥏫𥏬𥏭𥏮𥏰𥏱𥏲𥏴𥏵𥏷𥏸𥏹𥏺𥏻𥏽𥏾𥏿𥐀𥐁𥐂𥐃𥐄𥐅𥐈𥐊𥐌𥐎𥐑𥐓𥶗𥻊𥿅𦎶𦗊𦘗𦛪𦩔𦱵𦳿𧎃𧡐𧬄𧸒𨉛𨒔𨕀𨞈𨢱𨴊𨶦𨽹𩓙𩦙𩲶𩶇𩼍𪄬𪊢𪋧𪓳𪟒𪭨𪰕𪰖𪵳𪿈𪿉𪿊𪿋𪿌𪿍𪿎𪿐𫊆𫞆𫨸𫶬𬅃𬐇𬑰𬑱𬑲𬑳𬑴𬑷𬙜𬜱𬺭𬾗𭋅𭋸𭍶𭜟𭜱𭪵𭬷𭭎𭲌𭼅𭿽𭿾𭿿𮀀𮀁𮀂𮀃𮀄𮀅𮀆𮀇𮀉𮀊𮇬𮡽𮧒𰌣𰗾𰦒𰦓𰦔𰦕𰦖𰦗𰦚𰦛𰦜𰦝𰦞𰦟𰦠𰦢𰦣𰶦𱉛𱑅𱝡𱭖𱳝𱳞𱳟𱳠𱳡𱳢𱳣𱳤𱳥𱳦𱳧𱷫𲌨𲠟𲥶𲭌𲳁𲳂𲳅𳃎
矣	㶼㸻䀵俟唉埃娭挨欸涘竢誒诶逘騃𠤘𡱢𢈟𢏦𢓪𢚝𤶗𥏖𥏳𥒲𥜖𦩈𦩉𦮸𨧚𨴱𩓎𪠠𫆆𫘤𫞀𬂼𬦑𬭐𬵖𮀈𮁽𱢈𲗓𲞛𲷉𳎺
矤	彂𤼵𰱜
知	㲛䓡䝷䣽䵹倁智椥痴聟蜘踟鼅𠕧𢔊𢛍𢜔𢯙𣊋𣔇𣶱𥇭𥎿𥏯𥯌𦝔𧌲𧡐𨔓𨢰𩗨𩳦𩸴𪑜𪿍𫪦𭹖𮈚𮍑𮖑𮬼𰁆𰈗𰏺𰤛𰦘𰦙𱌄𲆄𲊨𲳃𲵫𳊀
矦	㗋㺅𠊱𡎇𡞥𡺝𢜴𣔹𣣡𥀄𥈑𥍶𥚦𦂐𦑚𦞕𧩩𧯂𧼵𨜫𨩀𩝍𩩽𪂷𮋊
矩	榘𩰤𬄃
短	𢵦𥐆𥐇𥐉𥐋𥐍𥐏𥐐𥐒𥐔𧸒𪿏𫏰𬑵𬑶𬑸𰦡𱃰𲦶𲳄𲳆𲳇
矯	𢹣𨙍𪢤𲷦𲸫
石	㓈㮟㸴㻹䂖䂗䂘䂙䂚䂛䂜䂝䂞䂟䂠䂡䂢䂣䂤䂥䂦䂧䂨䂩䂪䂫䂬䂭䂮䂯䂰䂱䂲䂳䂴䂵䂶䂷䂸䂹䂺䂻䂼䂽䂾䂿䃀䃁䃂䃃䃄䃅䃆䃇䃈䃉䃊䃋䃌䃍䃎䃏䃐䃑䃒䃓䃔䃕䃖䃗䃘䃙䃚䃛䃜䃝䃞䃟䃠䃡䃢䃣䃤䃥䃦䃧䃨䃩䃪䃫䃬䃭䃮䃯䃰䃱䃲䃳䃴䃵䃶䃷䃸䃹䃺䃻䄷䇉䖨䞠䦒䲽乭佦劯嚰坧妬宕岩拓斫柘沯沰泵炻矴矵矶矷矸矹矺矻矼矽矾矿砀码砂砃砄砅砆砇砈砉砊砋砌砍砎砏砐砑砒砓研砕砖砗砘砙砚砛砜砝砞砟砠砡砢砣砤砥砦砧砨砩砪砫砬砭砮砯砰砱砲砳破砵砶砷砸砹砺砻砼砽砾砿础硁硂硃硄硅硆硇硈硉硊硋硌硍硎硏硐硑硒硓硔硕硖硗硘硙硚硛硜硝硞硟硠硡硢硣硤硥硦硧硨硩硪硫硬硭确硯硰硱硲硳硴硵硶硷硸硹硺硻硼硽硾硿碀碁碂碃碄碅碆碇碈碉碊碋碌碍碎碏碐碑碒碓碔碕碖碗碘碙碚碛碜碝碞碟碠碡碢碣碤碥碦碧碨碩碪碫碬碭碮碯碰碱碲碳碴碵碶碷碸碹確碻碼碽碾碿磀磁磂磃磄磅磆磇磈磉磊磋磌磍磎磏磐磑磒磓磔磕磖磗磘磙磚磛磜磝磞磟磠磡磢磣磤磥磦磧磨磩磪磫磬磭磮磯磰磱磲磳磴磵磶磷磸磹磺磻磼磽磾磿礀礁礂礃礄礅礆礇礈礉礊礋礌礍礎礏礐礑礒礓礔礕礖礗礘礙礚礛礜礝礞礟礠礡礢礣礤礥礦礧礨礩礪礫礬礭礮礯礰礱礲礳礴礵礶礷礸礹祏蘑袥跖鉐雼鮖鼫鿎鿬𠊜𠚈𠰴𡇈𡇱𡈔𡊵𡐍𡯝𡶌𡶪𡻦𢄿𢳭𣒊𣔧𣗁𣚱𣟖𣡖𣭏𣶥𣸐𤀦𤃏𤇈𤋛𤤟𤷳𥐕𥐖𥐗𥐘𥐙𥐚𥐛𥐜𥐝𥐞𥐟𥐠𥐡𥐢𥐣𥐤𥐥𥐦𥐧𥐨𥐩𥐪𥐫𥐬𥐭𥐮𥐯𥐰𥐱𥐲𥐳𥐴𥐵𥐶𥐷𥐸𥐹𥐺𥐻𥐼𥐽𥐾𥐿𥑀𥑁𥑂𥑃𥑄𥑅𥑆𥑇𥑈𥑉𥑊𥑋𥑌𥑍𥑎𥑏𥑐𥑑𥑒𥑓𥑔𥑕𥑖𥑗𥑘𥑙𥑚𥑛𥑜𥑝𥑞𥑟𥑠𥑡𥑢𥑤𥑥𥑦𥑧𥑨𥑩𥑪𥑫𥑬𥑭𥑮𥑯𥑰𥑱𥑲𥑳𥑴𥑵𥑶𥑷𥑸𥑹𥑺𥑻𥑼𥑽𥑾𥑿𥒀𥒁𥒂𥒃𥒄𥒅𥒆𥒇𥒈𥒉𥒊𥒋𥒌𥒍𥒎𥒏𥒐𥒑𥒒𥒓𥒔𥒕𥒖𥒗𥒘𥒙𥒚𥒛𥒜𥒝𥒞𥒟𥒠𥒡𥒢𥒣𥒤𥒥𥒦𥒧𥒨𥒩𥒪𥒫𥒬𥒭𥒮𥒰𥒱𥒲𥒴𥒵𥒶𥒷𥒸𥒹𥒺𥒻𥒼𥒽𥒾𥒿𥓀𥓁𥓂𥓃𥓄𥓅𥓆𥓇𥓈𥓉𥓊𥓋𥓌𥓍𥓎𥓏𥓐𥓑𥓒𥓓𥓔𥓕𥓖𥓗𥓘𥓙𥓚𥓛𥓜𥓝𥓞𥓟𥓠𥓡𥓢𥓣𥓤𥓥𥓦𥓧𥓨𥓩𥓪𥓫𥓬𥓭𥓮𥓯𥓰𥓱𥓲𥓳𥓴𥓵𥓶𥓷𥓸𥓺𥓻𥓼𥓽𥓾𥓿𥔀𥔁𥔂𥔃𥔄𥔅𥔆𥔇𥔈𥔉𥔊𥔋𥔌𥔍𥔎𥔏𥔐𥔑𥔒𥔓𥔔𥔕𥔖𥔗𥔘𥔙𥔚𥔛𥔜𥔝𥔞𥔟𥔠𥔡𥔢𥔣𥔤𥔥𥔦𥔧𥔨𥔩𥔪𥔫𥔬𥔭𥔮𥔯𥔰𥔱𥔲𥔳𥔴𥔵𥔶𥔷𥔸𥔹𥔺𥔻𥔼𥔽𥔾𥔿𥕀𥕁𥕂𥕃𥕄𥕅𥕆𥕇𥕈𥕉𥕊𥕋𥕌𥕍𥕎𥕏𥕐𥕑𥕒𥕓𥕔𥕕𥕖𥕗𥕘𥕙𥕚𥕛𥕜𥕝𥕞𥕟𥕡𥕢𥕣𥕤𥕥𥕦𥕧𥕨𥕩𥕪𥕫𥕬𥕭𥕮𥕯𥕰𥕱𥕲𥕳𥕴𥕵𥕶𥕷𥕸𥕹𥕺𥕻𥕼𥕽𥕾𥕿𥖀𥖁𥖃𥖄𥖅𥖆𥖇𥖈𥖉𥖊𥖋𥖌𥖍𥖎𥖏𥖐𥖒𥖔𥖕𥖗𥖘𥖙𥖚𥖛𥖜𥖝𥖞𥖟𥖠𥖡𥖢𥖣𥖤𥖥𥖦𥖧𥖨𥖩𥖪𥖫𥖬𥖭𥖮𥖯𥖰𥖱𥖲𥖳𥖴𥖵𥖶𥖷𥖸𥖹𥖺𥖻𥖼𥖽𥖾𥖿𥗀𥗁𥗂𥗄𥗅𥗆𥗇𥗈𥗉𥗊𥗋𥗌𥗍𥗎𥗏𥗐𥗑𥗒𥗓𥗔𥗕𥗖𥗗𥗘𥗙𥗚𥗛𥗜𥗝𥗞𥗟𥗠𥗡𥗢𥗣𥗥𥗦𥗨𥗩𥗪𥗫𥗬𥗭𥗮𥗯𥗰𥗱𥗲𥗳𥗴𥗵𥗶𥗷𥗸𥗹𥗺𥗻𥗼𥗽𥗾𥗿𥘀𥘁𥘂𥘃𥘄𥥔𥵼𥽨𦃧𦚈𦯰𦷦𧑠𧑧𧣔𧦳𧵔𧽔𨀂𨋓𨒙𨔙𨥴𨮀𩧕𪊞𪔑𪜘𪰒𪿑𪿒𪿓𪿔𪿕𪿖𪿗𪿘𪿙𪿚𪿛𪿜𪿝𪿞𪿟𪿠𪿡𪿢𪿣𪿤𪿥𪿦𪿧𪿨𪿩𪿪𪿬𪿭𪿮𪿯𪿰𪿱𪿲𪿳𪿴𪿵𪿶𪿷𪿺𪿻𪿼𪿾𪿿𫁜𫂹𫅂𫫪𫮇𫹺𫾚𬑹𬑺𬑻𬑼𬑽𬑾𬑿𬒀𬒁𬒂𬒃𬒄𬒅𬒆𬒇𬒈𬒊𬒋𬒌𬒍𬒎𬒏𬒐𬒑𬒒𬒓𬒔𬒕𬒖𬒗𬒘𬒙𬒚𬒛𬒝𬒞𬒟𬒠𬒡𬒢𬒣𬒤𬒥𬒦𬒧𬒨𬒪𬒫𬚩𬬷𭀽𭄓𭚇𭭬𭭲𮀋𮀌𮀍𮀎𮀏𮀐𮀑𮀒𮀓𮀔𮀕𮀖𮀗𮀘𮀙𮀚𮀛𮀜𮀝𮀞𮀟𮀠𮀡𮀢𮀣𮀤𮀥𮀦𮀧𮀨𮀩𮀪𮀫𮀬𮀭𮀮𮀯𮀰𮀱𮀲𮀳𮀴𮀵𮀶𮀷𮀸𮀹𮀺𮀻𮀼𮀽𮀾𮀿𮁀𮁁𮁂𮁃𮁄𮁅𮁆𮁇𮁈𮁉𮁊𮁋𮁌𮁍𮁎𮁏𮁐𮁑𮁒𮁓𮁔𮁕𮁖𮁗𮁘𮁙𮁚𮁛𮫁𮯂𮱢𮵉𮵊𮵋𮵌𮵍𮵎𮵏𮵐𮵑𮵒𮵓𮵔𮵕𮵖𮵗𰇤𰝮𰦤𰦥𰦦𰦧𰦨𰦩𰦪𰦫𰦬𰦭𰦮𰦯𰦰𰦱𰦲𰦳𰦴𰦵𰦶𰦷𰦸𰦹𰦺𰦼𰦽𰦾𰦿𰧀𰧁𰧂𰧃𰧄𰧅𰧆𰧇𰧈𰧉𰧊𰧌𰧍𰧎𰧏𰧐𰧑𰧒𰧓𰧔𰧕𰧖𰧗𰧘𰧙𰧚𰧛𰧜𰧝𰧞𰧟𰧠𰧡𰧢𰧣𰧤𰧥𰧦𰧧𰧨𰧩𰧪𰧫𰧬𰻱𱍢𱐫𱗵𱣆𱳨𱳩𱳪𱳫𱳬𱳭𱳮𱳯𱳰𱳱𱳲𱳳𱳴𱳵𱳶𱳷𱳸𱳹𱳺𱳻𱳼𱳽𱳾𱳿𱴀𱴁𱴂𱴃𱴄𱴅𱴆𱴇𱴈𱴉𱴊𱴋𱴌𱴍𱴎𱴏𱴐𱴑𱴒𱴓𱴔𱴕𱴖𱴗𱴘𱴙𱴚𱴛𱴜𱴝𱴞𱴟𱴠𱴡𱴢𱴣𱴤𱴥𱴦𱴨𱴩𱴪𱴫𱴬𱴭𱴮𱴯𱴰𱴱𱴲𱴳𱴴𱴵𱴶𱴷𱴸𱴹𱴺𱴻𱴼𱴽𱴾𱴿𱵀𱵁𱵂𱵃𱵄𱵅𲁃𲆄𲛺𲜺𲳈𲳉𲳊𲳋𲳌𲳍𲳎𲳏𲳐𲳑𲳒𲳓𲳔𲳕𲳖𲳗𲳘𲳙𲳚𲳛𲳜𲳝𲳞𲳟𲳠𲳡𲳢𲳣𲳤𲳥𲳦𲳧𲳨𲳩𲳪𲳫𲳬𲳭𲳮𲳯𲳰𲳱𲳲𲳳𲳴𲳵𲳶𲳷𲳸𲳹𲳺𲳻𲳼𲳽𲳾𲳿𲴀𲴁𲴂𲴃𲴄𲴅𲴆𲴇𲴈𲴉𲴊𲴋𲴌𲴍𲴎𲴏𲴐𲴑𲴒𲴓𲴔𲴕𲴖𲴗𲴘𲴙𲴚𲴛𲴜𲴝𲴞𲴟𲴠𲴡𲴢𳀍𳀠𳇝𳇫𳏰
矿	䂯砿礦礳𥑈𥒹𥓵𥔷𥕎𥕒𥖂𥖝𪿳𰦺𱴗
砅	𣸐𥔨
砉	剨湱騞𢝇𤊴𬴃
砍	𥔩𥕔
研	䊙揅硎𥒱𨨵𬪮𭱍
砝	䂶𲳟
砭	𠻅𦷩𫱑
砳	磊𡕎𡾏𥗉𩯹𬚩
破	㗞𥖑𥖓𥖖𥖺𪜘𫮒𭵤𰔓
硨	𥕌𩧕𬒒𮁗𱴿
硬	𬒩𰒋
碍	𠿴𢣀𦡡𫣣𲷚
碎	𡀬𡳥𢣃𣩸𤻒𪝬𪯞𫄆𫦢𫬮𬆜𬞚𱩌𳏰
碑	𥵔𲦼
碓	𡽛𭶗𲽃
碧	𧓮𬠲𬬓𲚗𲪘
碩	𰊹𲪖
碪	磡𥖘
碭	𦿆𭄓
確	𡃜𮣞
碼	礟礮𮁘
磊	㔏㩡㰁藞𠁻𠐞𡂳𡓃𡕎𡤟𡾏𡾷𢋧𢤡𤂬𤑭𤢿𤻳𥗐𥗤𥗧𥫌𥶲𦇒𧖌𨇒𨊚𨏒𨟥𩟬𩧍𩯹𩽊𪒽𪤬𪿸𫡎𫴷𬅓𰘾𰺢𱡓𲉦𲜝𲞐𲫅𳁍
磐	𪼪𮲼
磨	嚰礳耱蘑饝𣟖𥽨𨇢𨟖𫾚𭍁𰝮𰢘𱐦𱵀𲎉𲛺𳀍𳇝
磿	𤃹𨟟𭚇
示	䃼䃽䃾䃿䄀䄁䄃䄄䄅䄆䄇䄈䄉䄋䄌䄍䄎䄑䄓䄔䄕䄖䄗䄘䄙䄚䄛䄜䄝䄞䄟䄠䄡䄢䄣䄤䄥䏡䒬䕲䞸䱈佘呩墂奈宗廪憏斎暩柰标款沶狋眎礼礽社礿祀祁祄祅祆祇祈祉祊祋祌祏祐祑祒祓祔祕祖祗祘祙祚祛祜祝神祟祠祡祢祣祤祥祦祧票祩祪祫祬祭祮祰祱祲祳祴祵祶祹祺祻祼祽祾祿禀禁禂禃禄禈禉禊禋禌禍禎福禐禑禒禓禔禕禖禗禘禚禛禜禝禞禟禠禡禢禤禥禦禧禨禩禪禫禬禭禮禯禰禱禲禳禴禵禶禷籞萘蒜蘌蘏視际隷頴颕龒𠇣𠖀𠖦𠣼𠤃𠭫𠴅𠵠𠸱𡂠𡊆𡑚𡚓𡛭𡝙𡪡𡫚𡭚𡰇𡻕𡼺𢊬𢋎𢋕𢡪𢣼𢧍𢧡𢰂𢼗𢿆𣂫𣆇𣟍𣢾𣣗𣤃𣦬𣫇𣮦𣸔𣽟𤇋𤊭𤵫𤸏𤺡𤻎𥈷𥉆𥘆𥘈𥘏𥘐𥘕𥘖𥘙𥘜𥘞𥘣𥘦𥘫𥘭𥘮𥘺𥘼𥘽𥘾𥘿𥙂𥙄𥙆𥙇𥙉𥙊𥙋𥙌𥙎𥙝𥙞𥙣𥙤𥙦𥙫𥙬𥙭𥙮𥙯𥙰𥙱𥙲𥙷𥙸𥙼𥙿𥚁𥚃𥚉𥚊𥚋𥚍𥚎𥚑𥚗𥚘𥚜𥚞𥚡𥚦𥚧𥚨𥚩𥚪𥚫𥚮𥚴𥚺𥚻𥛀𥛁𥛂𥛃𥛅𥛇𥛈𥛓𥛔𥛖𥛘𥛚𥛛𥛜𥛝𥛞𥛟𥛡𥛬𥛮𥛯𥛰𥛱𥛲𥛳𥛶𥛸𥛻𥛼𥛽𥛿𥜃𥜄𥜇𥜏𥜑𥜒𥜓𥜔𥜖𥜗𥜘𥜙𥜚𥜛𥜟𥜠𥜢𥜣𥜥𥜧𥜨𥜩𥜪𥜬𥜯𥜰𥜱𥜲𥜴𥜸𥜹𥞆𥞤𥥓𥻳𥼐𦄜𦄴𦊎𦌟𦕝𦣲𦤗𦯬𦳐𦽔𦾰𧀂𧁞𧂷𧆆𧇴𧎹𧤿𧲟𧵋𧷌𨏸𨣽𨥮𨦂𨽻𨽾𨾁𩚪𩲡𩴚𩷋𩿷𪃚𪗒𪗓𪠩𪷿𫀀𫀁𫀂𫀄𫀆𫀏𫀑𫀙𫀜𫀝𫀟𫀤𫂛𫆷𫉿𫎲𫖢𫞓𫞴𫣬𫵖𫻫𫽩𬅭𬅴𬈙𬒭𬒰𬒲𬒵𬓁𬓂𬓄𬓊𬓖𬝺𬢡𬫧𬯠𬰑𬿺𭂃𭋹𭋻𭌚𭐘𭟷𭤕𭩅𭭳𭲊𭿌𮀔𮁜𮁝𮁞𮁠𮁡𮁣𮁤𮁥𮁦𮁧𮁨𮁩𮁪𮁫𮁬𮁭𮁮𮁰𮁱𮁲𮁳𮁵𮁶𮁷𮁸𮁹𮁺𮁻𮁼𮁽𮁾𮁿𮂀𮂁𮂂𮂄𮂅𮂈𮂉𮂊𮂋𮂌𮂍𮂎𮂐𮂑𮂒𮂓𮂔𮂕𮂘𮂙𮂛𮂟𮂢𮂥𮂦𮂨𮂫𮐁𮜥𮜨𮶼𮷿𰅄𰢌𰧭𰧮𰧱𰧲𰧳𰧶𰧷𰧸𰧹𰧺𰧿𰨃𰨅𰨆𰨇𰨈𰨍𰨎𰨐𰨒𰨓𰨕𰨗𰪘𰱈𱜁𱡀𱨶𱩐𱪕𱮷𱲸𱳛𱵇𱵈𱵊𱵋𱵍𱵎𱵏𱵐𱵓𱵖𱵗𱵠𱵡𱵣𱵩𱵪𱵫𱵬𱵭𱵯𱵲𱵶𱹯𲀡𲋡𲌧𲍂𲛱𲠻𲵂𲶟𲿥
礻	䃽䃾䃿䄀䄁䄂䄃䄄䄆䄇䄈䄉䄊䄋䄌䄍䄎䄏䄑䄒䄓䄔䄕䄖䄘䄙䄚䄛䄜䄝䄠䄡䄢䄤䄥䴪礼礽社礿祀祁祂祃祄祅祆祇祈祉祊祋祌祍祎祏祐祑祒祓祔祕祖祗祘祙祚祛祜祝神祠祢祣祤祥祦祧祩祪祫祬祮祯祰祱祲祳祴祵祶祷祸祹祺祻祼祽祾祿禂禃禄禅禆禇禈禉禊禋禌禍禎福禐禑禒禓禔禕禖禗禘禙禚禛禝禞禟禠禡禢禣禤禥禧禨禩禪禫禬禭禮禯禰禱禲禳禴禵禶禷視视鿅鿆𠵠𡢜𥘆𥘇𥘉𥘊𥘋𥘌𥘎𥘏𥘑𥘒𥘓𥘔𥘕𥘗𥘘𥘙𥘚𥘛𥘜𥘝𥘞𥘟𥘠𥘡𥘢𥘤𥘥𥘦𥘧𥘨𥘩𥘪𥘫𥘬𥘭𥘮𥘯𥘰𥘳𥘴𥘵𥘸𥘹𥘺𥘻𥘼𥙀𥙁𥙂𥙃𥙄𥙅𥙆𥙇𥙈𥙉𥙋𥙎𥙐𥙑𥙔𥙕𥙖𥙗𥙘𥙙𥙚𥙛𥙜𥙞𥙟𥙠𥙡𥙢𥙣𥙤𥙥𥙨𥙫𥙬𥙭𥙮𥙯𥙰𥙱𥙲𥙴𥙵𥙶𥙷𥙸𥙹𥙺𥙻𥙽𥙾𥙿𥚀𥚁𥚂𥚃𥚆𥚈𥚉𥚊𥚍𥚎𥚏𥚐𥚑𥚒𥚓𥚔𥚕𥚖𥚗𥚙𥚚𥚛𥚜𥚝𥚞𥚟𥚠𥚣𥚦𥚧𥚨𥚩𥚫𥚬𥚭𥚮𥚰𥚱𥚲𥚳𥚴𥚵𥚶𥚷𥚸𥚹𥚺𥚻𥚼𥚽𥚾𥚿𥛀𥛂𥛃𥛄𥛅𥛆𥛇𥛈𥛊𥛋𥛌𥛍𥛎𥛏𥛐𥛑𥛒𥛔𥛕𥛗𥛘𥛙𥛚𥛜𥛝𥛞𥛟𥛡𥛢𥛣𥛥𥛦𥛧𥛨𥛩𥛪𥛫𥛮𥛯𥛰𥛲𥛳𥛵𥛶𥛷𥛸𥛹𥛺𥛻𥛼𥛽𥛾𥛿𥜁𥜃𥜅𥜇𥜈𥜉𥜊𥜋𥜌𥜍𥜎𥜏𥜐𥜑𥜒𥜓𥜔𥜕𥜗𥜚𥜜𥜝𥜟𥜠𥜡𥜢𥜣𥜥𥜦𥜧𥜨𥜩𥜫𥜬𥜭𥜮𥜯𥜰𥜲𥜳𥜴𥜵𥜶𥜸𦵞𧌞𩜸𩲡𩿷𪄬𪠹𪤤𫀁𫀃𫀅𫀆𫀇𫀈𫀉𫀊𫀋𫀌𫀍𫀎𫀏𫀐𫀑𫀒𫀓𫀔𫀕𫀖𫀗𫀘𫀚𫀛𫀞𫀠𫀡𫀢𫀣𫀤𫞵𫞶𬒬𬒮𬒯𬒱𬒲𬒳𬒴𬒶𬒷𬒹𬒺𬒻𬒽𬒾𬒿𬓀𬓃𬓅𬓆𬓇𬓈𬓉𬓋𬓌𬓍𬓎𬓏𬓑𬓒𬓔𬓕𬓗𬓙𬓚𬓛𬓝𭁺𭁿𭃡𭱳𮁟𮁡𮁢𮁣𮁯𮁴𮂆𮂇𮂏𮂓𮂖𮂗𮂚𮂜𮂝𮂞𮂠𮂡𮂣𮂧𮂩𮂪𮑑𮵘𮵙𮵚𮵛𮵜𮵝𮵞𮵟𰧮𰧯𰧰𰧴𰧵𰧻𰧼𰧽𰧾𰨀𰨁𰨂𰨄𰨉𰨊𰨋𰨌𰨏𰨑𰨖𰨙𱨈𱵆𱵉𱵌𱵑𱵒𱵔𱵕𱵘𱵙𱵚𱵝𱵟𱵢𱵤𱵥𱵦𱵧𱵨𱵱𱵴𱵵𱵷𲴣𲴤𲴥𲴦𲴧𲴨𲴩𲴪𲴫𲴮𲴯𲴰𲴱𲴲𲴳𲴴𲴵𲴶𲴷𲴸𲴹𲴺𲴻𲴼𲴽𲴿𲵀𲵁
礼	𠲥𡋀𢙔𢬦𣉷𣑶𥘇𥘍𥘶𥘷𥙒𥙓𥙧𥙩𥙪𥚄𥚅𥚇𥚤𥚥𥚯𥛉𥛭𥜤𦮲𧊢𨦂𩷋𫓳𫩵𫩶𫰣𫸱𬒸𬒼𬓐𬓓𬯰𮅍𱟅𱲶𲃤𲰂𲰮𲴬𲴭𲾞𳎶
社	䀅𠶈𨧽𮆠𱗇𲌭𲐭
祀	𪬂𪲢
祁	𧌴𩷾𭈢
祈	𲕭𲤪
祖	䔃鎺𡏄𣗿𤍄𥜀𬠢𭉷𰂩𱸓
祘	蒜𧲟𭍫𰿷
祚	𣩋𦵬𨃼𮤞
祝	𠺷𡎺𣘌𤹙𨃷𰳓𱾋𳏝
神	䗝䨩榊鰰𥔻𨕫𬷫𲘪𲢂
祟	㞊㱁䄐䳳𠭥𡰇𢿆𤭽𥚋𥛁𥜱𦃒𦿎𧑎𨜿𨻍𨾀𬘼𱵰𱵳𳀅
祢	𡢜𥙧
祥	㬕䔗𰘔
票	㟽㬓㼼䅺䏇䧣䴩僄剽勡嘌墂嫖幖彯徱慓摽旚標漂熛瓢瘭瞟磦篻縹缥翲膘蔈螵褾謤醥鏢镖顠飃飄飘驃骠魒鰾鳔𠨌𡈜𡬽𢊣𢐕𢿏𢿖𣁡𣄔𣱪𣱯𤍟𤡑𤨧𤾛𥛦𥜆𥜞𧢄𧴋𧽤𨄏𨝓𩪊𩮳𪅃𪇃𪏫𫌬𫤕𬓘𬓜𬛡𬧯𬸤𭍇𭑦𭶶𮤃𰚯𰨘𱂺𲒗𳑥
祭	㗫㡜㻮䄞䏅傺察憏摖暩漈瘵磜穄縩蔡際鰶𡻰𢨝𣘤𥉻𧫕𨄊𨝋𨝠𨢵𨶫𩁞𪇭𪹥𫊈𬖴𬶭𭏥𮂤𮉯𮢻𱀮𱐢𲁀𲝼𲣢𳌏
祿	䴪簶𤀓𤐠𤳨𦌟𦽎𭋙
禀	凛廪懔檩燷癝𡀀𡒄𨎺𪷤𫄊𫑾𫲃𬆸𭯨𲚺𳃧
禁	㦗㩒㯲㱈䌝䫴僸凚噤澿襟齽𠢱𠢵𡅢𡑲𡢾𢋎𣋜𣰙𤐖𤻎𥋴𥖜𥢻𥽍𦈟𦡞𦽔𨆃𨣤𨭺𩖗𪇎𪊅𬓛𬜏𬺔𭂃𭭵𲞈𲶟
禄	䴪簶𡽋𦌟𦽎
禍	𡁜𨘌𮒓
福	䕐𤑏𤑐𫴗
禔	禵𰨖
禦	籞蘌𨯣
禮	𡅏𡓾𡤠𢹿𣠲𧕬𨰋𱿆
禸	呙离禼竊𠎘𢿮𤈃𤔔𤜏𥜻𥜼𥜽𥜾𥝁𥝄𥝅𥝆𥝈𥝋𧮏𧸣𧹇𩴭𫈧𫲄𮂬𮎤𱵺𱷝
禹	㙑㙖㝢䄔䨞偊嘱属楀渪瑀竬聥萭蝺踽鄅齲龋𡟥𡥶𢉠𢯺𣈭𤘐𥈋𥝀𥝊𥯔𦔊𦞇𧑏𨕘𨺲𩀌𩔔𩘉𪑴𪹋𫍏𫒳𫭎𬆪𭲫𮯌𮵖𰍞𰨚𰨰𱮠𱷇𲀹𲕧𲵃𳏐
禺	㥥㬂㷒㻦㼴䚤䦸偶喁堣媀寓嵎庽愚歶湡禑耦腢萬遇鍝隅顒颙髃鰅齵𠾧𡳲𡺥𣈦𣕃𣜔𣜢𣮨𤔝𤟹𤢚𤲳𤸒𥈬𥐂𥔘𥜿𥝂𥝃𥝇𥝉𥧆𥻑𦂕𦦔𦦷𦦻𧍪𧪓𨜖𨲖𩀍𩤛𩮐𪃍𪉐𪿹𫀽𫊅𫜉𬟍𬴣𮂭𮂮𮄘𮛵𰾙𱂒𱈂𱌹𱤸𱷢𲷘
离	㷰䄜䅻䍠䬜摛樆漓璃瞝禽篱縭缡蓠螭褵謧醨離魑麶黐𠌯𠻗𡴥𡼁𢟢𣉽𣯤𤗫𤜏𤡢𥕮𥻿𦔓𧈛𧴁𨝏𩥬𪅆𪐑𪒔𪖂𪤋𪱩𫀥𫬎𬓞𬓟𮃵𮜐𮧩𮫧𮱓𰖩𰽅𱜴𲄼𲒸𲣆𲣭𲵄𲶡𳈊
禼	𢿑𪙥
禽	噙擒檎蠄𠘅𢢬𣍗𤢌𥋼𥼝𦔟𦡬𧴐𨆓𪒭𮓄𮮓𱃎𲥅𳇊
禾	㓿㕿㟀㰉㰕㴕㿆䄦䄧䄨䄩䄪䄫䄬䄭䄮䄯䄰䄱䄲䄳䄴䄵䄶䄷䄸䄺䄻䄼䄽䄾䄿䅀䅁䅂䅃䅄䅅䅆䅇䅈䅉䅊䅋䅌䅍䅎䅏䅐䅑䅒䅓䅔䅕䅖䅗䅘䅙䅚䅛䅜䅝䅞䅟䅠䅡䅢䅣䅤䅥䅦䅧䅨䅩䅪䅫䅬䅭䅮䅯䅰䅱䅲䅳䅴䅵䅶䅷䅸䅹䅺䅻䅼䅽䅾䅿䆀䆁䆂䆃䆄䆅䆆䆇䆈䆉䆊䆋䆌䆍䆎䆏䆐䊬䒩䕝䢤利咊和囷姀委季嵇廩攈柇濲煍瓈盉禿秀私秂秃秄秅秆秇秈秊秋秌种秎秏秐科秒秓秔秕秖秗秘秙秚秛秜秝秞租秠秡秢秣秤秥秦秧秨秩秪秫秬秭秮积称秱秲秳秴秵秶秷秸秹秺移秼秽秾秿稀稁稂稃稄稅稆稇稈稉稊程稌稍税稏稐稑稒稓稔稕稖稗稘稙稚稛稜稝稞稟稠稡稢稣稤稦稧稨稩稪稫稬稭種稯稰稱稲稳稴稵稶稷稸稹稺稻稼稽稾稿穀穁穂穃穄穅穆穇穈穉穊穋穌積穎穏穐穑穒穓穔穕穖穗穘穙穚穛穜穝穞穟穠穡穢穣穤穥穦穧穨穩穪穫穬穭穮穯穰穱穲穳羲蓁藳褎訸酥鉌鞂頹頽颓颖香鵚麇黍龝龢𠚉𠞙𠞜𠰓𠲆𡈳𡑬𡗋𡙾𡚡𡩸𡪳𡬟𢇲𢊸𢋟𢒳𢘳𢝲𢣊𢥄𢧣𢨡𢱀𢲇𢸫𢹀𢽈𣍩𣓮𣕰𣛽𣣅𣫪𣫽𣲲𣸑𤇕𤇫𤋦𤖱𤛺𤤤𤭰𤱛𤱜𤳝𤵥𥝍𥝎𥝏𥝐𥝑𥝒𥝓𥝔𥝕𥝖𥝗𥝘𥝙𥝚𥝛𥝜𥝝𥝞𥝟𥝠𥝡𥝢𥝣𥝤𥝥𥝦𥝧𥝨𥝩𥝪𥝫𥝬𥝭𥝮𥝯𥝰𥝱𥝲𥝳𥝴𥝵𥝶𥝷𥝸𥝹𥝺𥝻𥝼𥝽𥝾𥝿𥞀𥞁𥞂𥞃𥞄𥞅𥞆𥞇𥞈𥞉𥞊𥞋𥞌𥞍𥞎𥞏𥞐𥞑𥞒𥞓𥞔𥞕𥞖𥞗𥞘𥞙𥞚𥞛𥞜𥞝𥞞𥞟𥞠𥞡𥞢𥞣𥞤𥞥𥞦𥞧𥞨𥞩𥞪𥞫𥞬𥞭𥞮𥞯𥞰𥞱𥞲𥞳𥞴𥞵𥞶𥞷𥞸𥞹𥞺𥞻𥞼𥞽𥞾𥟀𥟁𥟂𥟄𥟆𥟇𥟈𥟉𥟊𥟋𥟌𥟍𥟎𥟏𥟐𥟑𥟒𥟓𥟔𥟕𥟗𥟘𥟙𥟚𥟛𥟜𥟝𥟞𥟟𥟠𥟡𥟢𥟣𥟤𥟥𥟧𥟨𥟩𥟪𥟫𥟬𥟭𥟮𥟯𥟰𥟱𥟲𥟳𥟴𥟵𥟶𥟷𥟸𥟹𥟺𥟻𥟼𥟽𥟾𥠀𥠁𥠂𥠃𥠄𥠅𥠆𥠇𥠈𥠉𥠊𥠋𥠌𥠍𥠎𥠏𥠐𥠑𥠒𥠓𥠔𥠕𥠗𥠘𥠙𥠚𥠛𥠜𥠝𥠞𥠟𥠠𥠡𥠢𥠣𥠤𥠥𥠦𥠧𥠩𥠪𥠫𥠬𥠭𥠮𥠯𥠰𥠱𥠲𥠳𥠴𥠵𥠶𥠷𥠸𥠹𥠺𥠽𥠾𥠿𥡂𥡃𥡄𥡅𥡇𥡈𥡊𥡋𥡌𥡍𥡎𥡏𥡐𥡑𥡒𥡓𥡔𥡕𥡖𥡗𥡘𥡙𥡚𥡛𥡜𥡟𥡠𥡡𥡢𥡣𥡤𥡥𥡦𥡧𥡨𥡩𥡪𥡫𥡬𥡯𥡰𥡱𥡲𥡳𥡴𥡵𥡶𥡷𥡸𥡹𥡺𥡻𥡼𥡽𥡾𥡿𥢂𥢃𥢄𥢆𥢇𥢈𥢉𥢊𥢋𥢌𥢍𥢎𥢏𥢐𥢒𥢓𥢔𥢕𥢖𥢗𥢘𥢙𥢚𥢛𥢜𥢞𥢟𥢠𥢡𥢢𥢣𥢤𥢥𥢦𥢧𥢨𥢩𥢪𥢫𥢬𥢭𥢯𥢰𥢱𥢳𥢴𥢵𥢶𥢷𥢸𥢹𥢻𥢼𥢽𥢾𥢿𥣀𥣁𥣂𥣃𥣄𥣅𥣆𥣇𥣈𥣊𥣋𥣌𥣍𥣎𥣏𥣐𥣑𥣒𥣓𥣔𥣕𥣖𥣗𥣘𥣙𥣚𥣛𥣜𥣝𥣞𥣟𥣡𥣢𥣣𥣦𥣨𥣩𥣪𥣫𥣬𥣭𥣮𥣯𥣰𥣱𥣲𥣳𥣴𥣵𥣶𥣷𥣹𥣺𥣼𥣾𥣿𥤀𥤁𥤂𥤄𥤅𥤆𥤇𥤈𥤉𥤊𥤋𥤌𥤍𥤎𥤏𥤐𥤑𥤒𥤓𥤔𥤕𥤖𥤗𥤘𥤙𥤚𥤛𥤜𥤝𥤞𥤟𥤠𥤡𥨽𥱧𥿘𦇘𦊘𦊜𦢦𦪹𦫌𦱜𦳽𦶫𦷏𦷑𦸸𦹞𦼁𦼹𦾫𦾰𦿀𦿨𧀅𧁨𧃅𧄆𧄗𧉷𧖲𧞒𨋟𨛻𨝟𨞒𨣺𨧭𨩂𨲚𨿖𩈒𩐖𩓵𩔏𩛵𩠺𩠼𩡄𩡍𩲷𪃩𪅨𪉍𪌗𪐺𪔁𪗉𪗮𪚼𪛁𪜰𪜱𪝲𪦘𪦣𪩈𫀧𫀨𫀩𫀪𫀫𫀬𫀭𫀮𫀯𫀰𫀱𫀲𫀳𫀴𫀵𫀶𫀷𫀸𫀹𫀺𫀻𫀼𫀽𫀾𫀿𫁀𫁁𫁂𫁃𫁄𫁆𫁇𫁈𫁉𫈂𫌍𫌚𫕙𫚴𫞷𫞸𫬥𫬳𫶚𬋢𬓠𬓢𬓣𬓤𬓥𬓦𬓧𬓨𬓩𬓫𬓬𬓭𬓮𬓯𬓰𬓱𬓲𬓳𬓴𬓵𬓹𬓺𬓻𬓼𬓽𬓾𬓿𬔀𬔁𬔃𬔄𬝦𬤵𬰻𬷶𭄐𭍹𭓦𭤄𭫰𭲈𮂯𮂰𮂱𮂲𮂳𮂴𮂵𮂶𮂸𮂹𮂺𮂻𮂽𮂾𮂿𮃀𮃁𮃂𮃃𮃄𮃅𮃆𮃇𮃈𮃉𮃊𮃋𮃌𮃍𮃎𮃏𮃐𮃑𮃒𮃓𮃔𮃕𮃖𮃗𮃘𮃙𮃚𮃜𮃝𮃞𮃟𮃠𮃡𮃣𮃤𮃥𮃦𮃧𮃨𮃩𮃪𮃫𮃬𮃭𮃮𮃯𮃰𮃳𮃴𮃵𮃷𮆹𮊫𮐠𮑨𮑼𮒋𮒗𮓀𮮐𮮑𮵠𮵡𮵢𮵤𮶨𮷟𰀹𰃅𰅤𰤋𰥚𰨛𰨜𰨞𰨟𰨠𰨡𰨢𰨣𰨤𰨥𰨦𰨧𰨨𰨩𰨪𰨫𰨬𰨭𰨯𰨰𰨱𰨲𰨳𰨴𰨶𰨷𰨸𰨺𰨻𰨼𰨽𰨾𰨿𰩀𰩁𰩃𰵝𰽬𱀇𱋌𱔏𱚻𱟗𱩨𱵼𱵽𱵾𱵿𱶀𱶁𱶂𱶃𱶄𱶅𱶆𱶇𱶈𱶉𱶊𱶋𱶌𱶍𱶎𱶏𱶐𱶑𱶒𱶓𱶔𱶕𱶖𱶗𱶘𱶙𱶚𱶛𱶜𱶝𱶞𱶟𱶠𱶢𱶣𱶤𱶥𱶦𱶧𱶩𱶪𱶫𱶬𱶭𱶮𱶯𲋕𲋣𲚖𲡋𲩷𲰦𲵅𲵆𲵇𲵈𲵉𲵊𲵋𲵌𲵍𲵎𲵏𲵐𲵑𲵒𲵓𲵔𲵕𲵖𲵘𲵙𲵚𲵛𲵜𲵝𲵶𲷗𲽗𳁞𳄻𳉉𳏈
禿	䛢痜𢬳𣒇𧳌𨿖𬨩
秀	㛢䅎䞬唀琇綉绣莠蜏誘诱透銹锈頺𠃯𠉑𡁹𢓵𢭆𣌀𣒴𣜗𣮁𣵛𤥹𤯪𥏗𥙾𥢁𥣧𥤃𦏁𧚘𨴷𨹳𪁮𪣜𫵿𫽾𬊔𮀞𮂼𮪆𱆯𲊗𲮆𲱜𳄇
私	俬𥢅𥢆𦮺𫁅𭈀
秂	䄹黍𤇫𥝚𪐕𮮐𮮑
秃	䛢痜鋵𠳶𢬳𣒇𥏐𥟉𧳌𬾒𮂷𰛯𰨵𱶡𳍔
秇	萟𩠨𰎨
秉	㨀棅𠶏𣶸𤊔𤖉𤦋𥟱𥡝𥪕𦱮𨧺𫅚𫱤𰹖𲐰𲒭
秊	𡝟𨛲𰨝
秋	㡑㾭䋺䎿䐐䨂䵸偢啾媝愀愁揪揫楸湫湬煍甃瞅篍萩蝵踿醔鍫鍬锹鞦鬏鰍鳅鶖鹙𠩾𡟊𡥻𡺘𢃸𤋦𤧐𤧦𥔍𦂎𧇸𧎐𧡣𧤙𧷂𨍊𨡲𨺹𩄍𩘌𩝋𩹤𪃩𪍗𫆉𫐵𬘴𬳠𭖽𭛻𮃚𮃢𮖝𮩦𰆒𰨮𱎊𱗕𱴛𲑼𲙧𲮚𲻡
秌	𠷘𢝲𢱀𣹌𤭰𥰂𦂏𦵒𲦙𳏑
秏	𦳁𩮄
科	䈖䌀嵙犐萪蝌𢱃𥧇𧎗𩜭𪍎𬈎
秘	𢢃𥡁𦷬𱓷
秝	䔉厤𡮰𢊆𤳂𤳝𥕆𥠼𥡀𥢮𥢲𥢺𥣠𥣤𥣸𥣻𦼖𧆕𧛿𩄞𬓶𬓷𮃚𱶨
秦	䆐嗪嫀搸榛殝溱獉瑧縥臻蓁螓轃𡏑𡻈𣝾𣡎𤚩𥉜𥱧𧤛𧽕𨪦𩌘𩘢𩥚𪄈𪒆𪜞𫀜𫮔𬛌𮵣𮸙𰺖𲝴𲫹𲳸
秩	𠅼𠞠𦷍𪮞𪶵𱘌
称	𠦿𠺰𢋉𨃾
移	䔟熪簃謻𠗺𠼪𡻣𢴐𣘵𣻗𥟻𧐹𨄼𨖨𪅨𬓟𰶁𱑬𲵗𳆯
稀	𤏤𤏨𦻎
稅	𠾔𮑏
稈	𥳼𮑉
程	𣽿𤩏𦻓
稍	潲蕱𠿀𡡏𢵥𥳓𬖹
稓	𨞒𮑭
稔	𡀝𣿇
稗	薭𮆛
稚	䕌𡦠𥣽𥴢𰨹𱚪𲠶
稜	薐𭋓
稟	凜壈廩懍檁澟燣癛𠏟𡀫𡄁𡓔𡗋𢀮𢤭𢶸𣱭𤃢𤒢𤢤𤯑𥋶𦡣𦼹𨎹𨮍𩆐𩇆𩼤𬪙𬸴
稣	𢋈𰘶𱱩
稫	𤐧𤐸𦿁
種	㘒𡽯𥵾𧀑𭢸𮃲
稱	䕝𡚕
稳	𣝟𪢖
稽	稽𡃊𡓈𥗎𦪼𨯀𲽤
穀	濲瀔𣫉𥵠𦾫𧂣𧞒𩁡𪇗𭬨
穆	𫖜𭐇𲗴
穈	黁𪎭
穌	㢝櫯蘇𢀱𢸫𤼀𦢦𨣺𫬥𱘾
積	廭癪𡳮𧂐𲶩
穎	蘔𡓡𢹃𣟤𤃡𭌒
穴	㝐㧒㲁㴏㺠䆑䆒䆓䆔䆕䆖䆗䆘䆙䆚䆛䆜䆝䆞䆟䆠䆡䆢䆣䆤䆥䆦䆧䆨䆩䆫䆬䆭䆮䆯䆰䆱䆲䆳䆴䆵䆶䆷䆸䆹䆺䆻䆼䆽䆾䆿䇀䇁䋉䗏䛎䟍䠚䠻䤇䫵䬒䮟䰓䴳叜坹屄岤帘攨曌柼梥櫋泬狖矈矏穵究穷穸穹空穻穼穽穾穿窀突窂窃窄窅窆窇窈窉窊窋窌窍窎窏窐窑窒窓窔窕窖窗窘窙窚窛窜窝窞窟窠窡窢窣窤窥窦窧窨窩窪窫窬窭窮窯窰窱窲窳窴窵窶窷窸窹窺窻窼窽窾窿竀竁竂竄竅竆竇竉竊羫臱茓葖袕貁邃邉邊鴥鴧鴪鵼鶟鼵𠊯𠌌𠏨𠐈𠑟𠑺𠝠𠥫𠰽𠱇𠷃𠾮𠾯𡒳𡞶𡡨𡢌𡢠𡦿𡧋𡧼𡨙𡨝𡩥𡪠𡯜𡯠𢊈𢣔𢤪𢭔𢯱𢱑𢲁𢲷𢳤𢳦𢽦𣍥𣔛𣔱𣘿𣝃𣫝𣮬𣮯𣲽𣷁𣾊𣿵𤀢𤁻𤄘𤄺𤘺𤞮𤣛𤧪𤮡𥄴𥈃𥉡𥋜𥌂𥑫𥔉𥕅𥣰𥤓𥤣𥤤𥤥𥤦𥤧𥤨𥤩𥤪𥤫𥤭𥤮𥤯𥤰𥤱𥤲𥤳𥤴𥤵𥤶𥤷𥤸𥤹𥤺𥤻𥤼𥤽𥤾𥤿𥥀𥥁𥥂𥥃𥥄𥥅𥥆𥥇𥥈𥥉𥥊𥥋𥥌𥥍𥥎𥥏𥥐𥥑𥥒𥥓𥥔𥥕𥥖𥥗𥥘𥥙𥥚𥥛𥥜𥥝𥥞𥥟𥥠𥥡𥥢𥥣𥥤𥥥𥥦𥥧𥥨𥥩𥥪𥥫𥥬𥥭𥥮𥥯𥥰𥥱𥥲𥥳𥥴𥥵𥥶𥥷𥥸𥥹𥥺𥥻𥥼𥥽𥥾𥥿𥦀𥦁𥦂𥦃𥦄𥦅𥦆𥦇𥦈𥦉𥦊𥦋𥦌𥦍𥦎𥦏𥦐𥦑𥦒𥦓𥦔𥦕𥦖𥦗𥦘𥦙𥦛𥦜𥦝𥦞𥦟𥦠𥦡𥦢𥦣𥦤𥦥𥦦𥦧𥦨𥦩𥦪𥦫𥦬𥦭𥦮𥦯𥦱𥦲𥦳𥦴𥦵𥦶𥦷𥦸𥦹𥦺𥦻𥦼𥦽𥦾𥦿𥧀𥧁𥧂𥧃𥧄𥧅𥧆𥧇𥧈𥧉𥧊𥧋𥧌𥧍𥧎𥧏𥧐𥧑𥧒𥧓𥧔𥧕𥧗𥧘𥧙𥧛𥧜𥧝𥧞𥧟𥧠𥧡𥧢𥧣𥧤𥧥𥧦𥧧𥧨𥧩𥧫𥧬𥧭𥧮𥧯𥧰𥧱𥧲𥧳𥧴𥧵𥧶𥧷𥧸𥧹𥧺𥧻𥧼𥧽𥧾𥧿𥨀𥨁𥨂𥨃𥨄𥨅𥨆𥨇𥨈𥨉𥨊𥨌𥨍𥨎𥨏𥨐𥨑𥨒𥨓𥨔𥨕𥨖𥨗𥨘𥨙𥨚𥨛𥨝𥨞𥨟𥨡𥨢𥨣𥨤𥨦𥨧𥨨𥨩𥨪𥨫𥨭𥨮𥨯𥨰𥨱𥨲𥨳𥨴𥨵𥨷𥨸𥨹𥨻𥨼𥨽𥨾𥨿𥩀𥩁𥩂𥩃𥩄𥩅𥩆𥩇𥩈𥩊𥩋𥩎𥩏𥩐𥩑𥩒𥩓𥩔𥵨𥶧𦇭𦍇𦖓𦖪𦙮𦤝𦥨𦦼𦪁𦪥𦫪𦴯𦶨𦹎𦺋𦺌𦼑𧉡𧉢𧉴𧑲𧔀𧙇𧚬𧦱𧨠𧩮𧩰𧭇𧭮𧯉𧸎𧸨𧼭𧾠𧾫𨆭𨇱𨎣𨕦𨗉𨘢𨜛𨣭𨨿𨩵𨫂𨰆𨲾𨳻𨼈𩀆𩕤𩕰𩘨𩜯𩝯𩟒𩮃𩮇𩯠𪂸𪄑𪕎𪕏𪗴𪚨𪣞𪥔𪦛𪧼𪩶𪶷𪼍𫁋𫁌𫁍𫁎𫁏𫁐𫁑𫁒𫁓𫁔𫁕𫁖𫁗𫁘𫁙𫁚𫁜𫁝𫆒𫙕𫛙𫛣𫞹𫞺𫟪𫦐𫲄𬔅𬔆𬔇𬔈𬔉𬔊𬔍𬔎𬔏𬔐𬔑𬔒𬔓𬔔𬜀𬱲𭟃𭦿𭲶𭹽𮁎𮂾𮃸𮃹𮃺𮃻𮃼𮃽𮃾𮃿𮄀𮄂𮄄𮄅𮄆𮄇𮄈𮄉𮄊𮄋𮄌𮄍𮄎𮄑𮄒𮄓𮄔𮄕𮄖𮄗𮄘𮄙𮄚𮄜𮄞𮄟𮄠𮄡𮄢𮄣𮄤𮄥𮄦𮑰𮘛𮢰𮣨𰔏𰗷𰜿𰩄𰩅𰩆𰩇𰩈𰩉𰩊𰩋𰩍𰩎𰩏𰩐𰩑𰩒𰩓𰩔𰩖𰩗𰩘𰩙𰩛𰩜𰩝𰻝𰻞𱂞𱃈𱆻𱈳𱊖𱋎𱠏𱯺𱳌𱶰𱶱𱶲𱶳𱶴𱶵𱶶𱶷𱶸𱶺𱶻𱶼𱶽𱶾𱷀𱷁𱷂𱷄𱷅𱷆𱷇𱷈𱷉𱷊𱷋𱷌𱷍𱷎𱷏𱷐𱷒𱷓𱷔𱷕𱷖𱷗𱷘𱷙𱷚𱷛𱷜𱷝𱷞𱷟𱷠𱷡𱷢𲀑𲄉𲅤𲦘𲪂𲮼𲵞𲵟𲵠𲵡𲵢𲵣𲵤𲺸𳋯
穵	挖𡋉𣑒𪿜𰓦
究	㙀𢭕𣒔𣵇𤲏𥤿𥦚𥧖𥨶𫕂𭝄𭦒𭾶𰩞
穷	䓖𠴛𪶉𭡅𰉴𰩌𲄢
穸	𥥿𥦰𦲎𱶻
穹	䛪䠻焪𠶥𡸕𡹗𢛙𢮍𣇬𣶆𥓰𦲄𨡗𭯵
空	㲁㸜㾤䅝䆪倥啌埪崆悾控曌椌涳焢瞾硿箜羫聜腔谾躻鞚鵼𠓯𡲀𡹝𢃐𢈵𢽦𣈞𣫝𤀢𤗇𤟄𥧡𥧪𥨨𥩌𦁈𦱇𧌆𧚬𧱡𧸵𨨀𨭏𨭒𩣼𩩝𩭴𪍂𪔣𪥔𬜖𭄲𭔠𭩇𭹸𮄃𮄏𮘜𮤶𰩍𰩚𰷕𰿢𱀞𱊊𱷃𲃮𲞠𲲪𳊰
穼	𣖉𥥑
穾	𢰃𰜞
穿	瑏𥈹𥨋𥩉𥩍𨩴𫁛𬔌𬔕𬻣𭨀𮄐𰩟𰿶𱶿𳁁
突	㟮㴱㷝㻠䃐堗揬湥葖鼵𠊲𠸂𢝀𣔻𤟪𤷿𥈳𥥍𥦩𥨜𥯝𦂽𦔅𦝬𦢴𦩤𧎛𧛗𨃍𨨷𩀆𪩶𬑸𬔋
窂	㨓窖𫁍
窄	搾榨醡鿽𢞲𣹧𥰾𨕠𨢛𨣮𰩕𱷑𲒲𲫽𲮨𲻭
窅	㴭䆩𥈾𥦀𥦎𥨬𫫍𮐙
窊	䠚搲溛𠹁𤣛𦞭𦫪𲙯
窋	𠞀𡺴𥨺
窐	漥𥧟
窑	𨢧𪿲
窒	㗧䏄潌膣螲𡻜𡼄𢲼𥉺𥡫𦄔𧫡𨫐𪙜𲦬𲧥
窓	𥲡𨬃𫯸𮈾𲹸
窕	𠻩𡡃𢳙
窖	𡑛𣽸𨅻𨻴𪆥𫛕𱔫
窘	㩈僒𲸘
窜	撺蹿镩𪷚𮲻𱔤
窞	𢶺𣛱
窟	㵠𠏅𠟶𡀙𡑣𡼿𢷈𥖚𦡆
窡	䆯𠿡𡢷
窣	𢢒𣿈𧬵
窩	𡁮𭒨
窮	藭𠤊𡃕𡾈𣋶𤢶𧔚𧸺
竄	攛躥鑹𥎣𬉬𮪠
竅	𨇶𲪽
竇	𡔍𤅋𧮡
竈	𢥼𲴟
立	㕇㕸㖖㞐㡴㱞㼿䇂䇃䇄䇅䇆䇇䇈䇉䇊䇋䇌䇍䇎䇏䇐䇑䇒䇓䇔䇕䏠䚒䠴䢂䬃䲞䴀䶘亲位勭咅垃妾岦意拉攱新昱柆氃泣湇熤砬竌竍竎竏竐竑竓竔竕竖竗竘站竚竛竜竝竞章竡竢竣竤童竦竧竨竩竪竫竬竭竮端竰竱竲竳竴竵競笠粒翊翋翌苙親豙趇辛辡鉝閚雴霠靖音颯飒鴗鷑𠊺𠖃𠙅𠟍𠪽𠱫𠶷𠹧𠽜𡎿𡓆𡛩𡬛𡶧𢉊𢓔𢖜𢘮𢡃𢡝𢨶𢷉𣂺𣐽𣒂𣢦𣥢𣦲𣦳𣬙𣭉𣯓𣯞𣱠𣶅𣽾𤇥𤉿𤍩𤖹𤤔𤱗𤺀𤾕𥅈𥘸𥩕𥩖𥩗𥩘𥩙𥩚𥩛𥩜𥩝𥩞𥩟𥩠𥩡𥩢𥩣𥩤𥩥𥩦𥩨𥩩𥩪𥩫𥩬𥩭𥩮𥩯𥩰𥩱𥩲𥩳𥩴𥩵𥩶𥩷𥩸𥩹𥩺𥩻𥩼𥩽𥩾𥩿𥪀𥪁𥪂𥪃𥪄𥪅𥪆𥪉𥪊𥪋𥪌𥪍𥪎𥪏𥪐𥪑𥪒𥪓𥪔𥪕𥪖𥪗𥪘𥪙𥪚𥪛𥪜𥪟𥪠𥪡𥪣𥪤𥪥𥪦𥪧𥪨𥪩𥪪𥪫𥪬𥪭𥪮𥪯𥪰𥪱𥪲𥪳𥪶𥪷𥪸𥪹𥪺𥪻𥪽𥪿𥫀𥫁𥫃𥫆𥫇𥫉𥫌𥫍𥫎𦊢𦌤𦚎𦚏𦶍𦷏𧃫𧉼𧙀𧞀𧟛𧡿𧦰𧪻𧭘𨀎𨅀𨋢𨐋𨐌𨐐𨚪𨝯𩀩𩄳𩊌𩓣𩓶𩔐𩕉𩕙𩖕𩚷𩦳𩧧𩬦𩶘𩻑𪼂𫁞𫁟𫁠𫁡𫁢𫁣𫁤𫁥𫁦𫁧𫁨𫁩𫁪𫁫𫁬𫁭𫁮𫃡𫝿𫞻𫞼𫟷𫲿𬊸𬌁𬔖𬔗𬔘𬔙𬔚𬔛𬔜𬔝𬔞𬔟𬔠𬔡𬔢𬔣𬔤𬔥𬔦𬔨𬔪𬔫𬛦𬡏𬨢𬩢𬰚𬱏𬱻𭓳𭕉𭤳𭥩𭬯𭮸𭱗𭺴𮄧𮄨𮄩𮄪𮄫𮄬𮄭𮄮𮄯𮄰𮄱𮄲𮄳𮄵𮄶𮄷𮄸𮄹𮄺𮄻𮄼𮄽𮣊𮤽𮦀𮮌𮮖𮵥𮵦𮵧𮵨𮵩𮵪𮶪𮸶𰃹𰄦𰆾𰇴𰉢𰊵𰐧𰑻𰣄𰩠𰩡𰩢𰩣𰩤𰩥𰩦𰩧𰩨𰩩𰩪𰩫𰪒𰫴𰰖𰻓𱊢𱏦𱟍𱠝𱢽𱤵𱱐𱶤𱷣𱷤𱷥𱷦𱷧𱷨𱷩𱷪𱷫𱷬𱷭𲭺𲵥𲵦𲵧𲵨𲵩𲵪𲵫𲵬𲵭𲵮𲵯𲵰𲹙𳌄𳑖
竒	剞嵜﨑𠋣𡄘𢰤𣣱𤦺𥔎𥪼𥯽𦂶𦍉𨪆𨵎𪥘𫫀𫮍𬃪𭔃𭣿𭥃𭸟𭼝𮄤𮘩𮪍𰕂𰜟𰠸𰣍𰨌𰹝𱁊𱆟𱌡𳐲
竘	䈮蒟
站	𥱱𱰍
竛	䨧𪋚
竜	槞滝篭𠺠𡏡𡙶𢲣𣯡𤄯𥉩𥉫𥪝𥪞𧏵𧯇𨃸𨻫𩄱𪥛𪱨𪱯𪷹𪽞𪿁𫅮𫏽𫣏𫳭𬂙𬏑𬔔𬺗𬺘𬺙𬺚𮄿𰆥𱐊𱥤𱯚𱻢𲎬𲎭𳑷𳑸
竝	傡暜𣺄𤀆𤅏𤾕𥫋𧏑𧪻𨃱𩮗𫁪𬧈𰁌
竞	㜔競𣬙𬈣𰵃
竟	䔔䭗傹境摬樈滰獍璄竸糡鏡镜𡙴𣩜𥫏𥸜𧫙𧴈𩺿𪅑𫕼𫧶𫲭𫶪𬧎𮄹𲠠𲴶
章	㢓傽墇嫜嶂幛彰慞暲樟漳獐璋瘴瞕竷蔁蟑贑贛赣遧鄣鏱障騿鱆麞𠮒𠼀𡈠𢕔𢥔𢥺𢥿𣫡𤍤𤨼𥎟𥕞𥪮𥪴𥫊𥫑𥫒𥫓𥫔𥫕𥫖𧗛𧫱𧹄𧹉𧽣𨙏𨶤𩅈𩌬𩕆𪅂𪋟𪞬𪭂𫁯𫋬𫎬𫜂𫠒𫤴𫻙𬎗𬔧𭗍𭟪𭢓𭤊𮄴𮲾𮵽𰗍𰙸𰷝𱭠𱵨𲈗𲊩𲥣𲸒𳊲
童	㠉㼿䂌䃥䆹䚒䝑䡴䭚䮵䴀僮勭噇墥幢徸憧撞曈朣橦氃潼燑犝獞疃瞳穜罿膧艟蕫蹱鐘𠟍𡈩𡦜𡰒𡰕𢨒𣄛𣄢𣊹𣦟𤩔𤺄𥪢𥫂𥫎𥳘𦅅𦌜𦏆𦒍𦔛𧑆𧘂𧝎𧬤𧸌𧽿𨝯𨣒𨶻𩍅𩕉𩦍𩪘𩻡𪆏𫍼𫑕𬮸𭓜𭯤𮙬𮥤𮱘𰕕𰺝𲅿𲈛𲎆𲵱𳐔
竪	㒘𧞀
竭	𢷒𫕴𮒍
端	𤻨𥵣𦾸𧞖𭋬𭢺𱏸
競	𱕳𲚫
竹	𢎉𣖯𥫮𥯵𥴒𥷹𪠿𫇸𬳕𮅋𮅤𮆗𲩇
竺	笎𥫡𥬀𬵚
竿	筭𣈨𣔼𥮅𥮌𮵬𱭁𱮌
笀	䈍𥭚𥷵𥷶𮆝
笁	筮篢𣀖𬕂𮵬
笃	𫽢𬈏𬊯𬡦
笄	䗗𨲡𱈸
笈	𧫑𲷔
笋	䇹𣺱𰫰
笍	𥭊𥰓𨪗
笑	㗛𡮜𢞖𢲑𣉧𥬘𧏣𧜕𫂪𫛎𫹠𬕓𭡻𮆂𱷻𲦞
笒	筨𤨋𥮘𥱷
笓	筚𣖰
笔	滗𣄓𥮿𥳈𪼋𫽳𬋰𮭩𲃾
笘	𰪉𱗲
笙	𨖬𪡾
笚	篳𥭆𲵿
笛	𥭢𥶯𬕫𬗺𬙀𬧍𲶒𳆱𳇱
笞	䈚䈢𠢙𢲹𣘜𨖎𲖌
笠	䈉箁𡓆𣙫𥭴𥱆𥲰𥳘𥵆𥼕𨅁𩻒𬬂𰈤𰜺𰪍𱠭𱸢
符	䒀𡠞𣘧𣻜𥮯𫙳𭚚𲖍
笨	𠼒𮅹𱏈𱠬𱸏𲶱𳎣
笪	䈕筸𢴈𥯕𥵘𰈢
第	𡠨𫦒𬄏𭊗𭞟𭧞𰜷𲰢
笮	𱨙𱸒𲢜
笳	𥰮𮅭𮆓
笴	𣘠𥰯
笹	䈎𥱎
笺	𣘷𥱔
笼	𰪒𱔌
筁	𥴡𥵛
筆	㻶潷𠽩𡼸𢴩𤏫𤔯𤢇𤺭𨅗𨖷𨬾𪴅𫄂𬴟𰂯𰊫𰧤𱜏𲶰
等	㩐𠎬𠟚𠾡𢡩𣛆𥢜𥪸𦅯𨅸𨬻𫂨𫮨𬼑𮆠𮆩𮖴𰧥𰩂𰩟𰵈𱋺𱸎𱸯𱺬𲅷
筌	𣛩𥯀
筍	㒐橁箰𢵀𥯗𥰴𥰿𫂎𱺆
筏	𦠱𰪑
筑	築篫𣽆𥯹𥰺𥳎𮅱𰔧
筒	𨬎𪢉𮅗
答	㗳㙮㯚㲮劄撘譗𠍹𡼪𣽛𤏧𤺥𥰊𥱣𥲥𦗧𧝡𨅞𨣏𩍈𩞰𪾾𫓌𬎐𬖸𮁇𮅫𮅵𱂟𱢩𳋸
策	㩍憡鏼𢿸𣽤𥴹𭬂𲯽
筫	𠟬𡀹𣃇𨆦
筭	𡀜𱟕
筮	㭀噬澨簭遾𢶅𥰰𥵼𨼹𲞊
筱	篠𥱤𮆀
筲	𠿫𢶠𥋘
筴	擌𥰫
筵	𢷩𫑎𮉌
筶	𨼵𮟐
筹	𡀤𫾏
简	𬡱𰝗
箄	㵺𣝁
箇	𨮱𳎅
箋	𠠀𣝕𥵃𭷎
箑	𧲌𨘉
箕	檱𡒬𥶂𦪵𩍮𪟕𫀣𫂮𫍕𫾑𱕍𱝻𲄰𳇑
箖	𱸜𲶟
算	㔍匴𣀔𣃍𣝶𣫑𣰚𤀤𥳪𨮰𪧯𬭾𭍵𰕜𱕋
箜	𢷙𣝃
管	䌣䲘鳤𤪔𤻥𪴌𲚘𲣋𲴕
箭	擶櫤𢤣𥲫𮆵
箴	䉞鱵𢤝𥷑𦏣𨮼𪇳𪈁𪉕𪒹𫄏𮬤𱩺𲣔𲲸𲷢
箸	櫡𢷷𣃑𥗁𦇃𨮿𮆈
節	㘉㦢㸅䗻䲙幯擳櫛瀄癤蠞𠐉𠠑𥣮𨙌𩪶𰸲𱯽
範	𭐃𭬣
篆	𢸢𤪪𥌫𱼣
篇	𡒺𭄙𮨣𳄺
築	𭣊𭬬
篗	𩽕𰦊
篙	㰏𢨠𥸏𮆥𲵛
篚	𢸿𣟢
篡	𢸥𤂳𲧙
篤	𡄍𡓞𡳽𡾬𢤷𤒘𥗖𥽪𧞶𨯹𩟵𩠸𩽖𬉤𬕳𬴓𰔺𳅁
篭	𢥆𢹈𣰳𣰴𪿄𫅲𬕹𬕺𬕾𬖅𬖆𬖉𱘗𲄿𲪪𲱏𲶮
篲	𥶙𥶬
篷	𣠑𲬳
篸	𣟹𥤇
篾	䘊𣠉𥗥𩽣𰒢𰦋𱡎
簋	孂𤃾
簏	𥶔𲪳
簡	㶕𡅉𣠰𤓃𨰝𪦴𫌙
簪	𡅎𢹽𣠱𥸢𨇸
簫	𡅣𢹱𤄙𮨳
簽	䊴𢺅𣠺𣫢𫤐𬒫𭣠𲧾𲬴
簾	𢆁𤅄𳀑
簿	𦣈𪚈𭬾𰋅
籃	𢥸𢺙𣡓𲫄
籋	㩶𥸀
籌	𠑥𢥰𤅕𤴆𫾡𲡍
籍	𤅔𨈁
籠	𥸉𬅚𬎡𭍌𭟬
籥	𤅰𥸤𨈋𪛒𪛔
米	㐘㝥㪰㫧㬥㰘䉺䉻䉼䉽䉾䉿䊀䊁䊂䊃䊄䊅䊆䊇䊈䊉䊊䊋䊌䊍䊎䊏䊐䊑䊒䊓䊔䊕䊖䊗䊘䊙䊚䊛䊜䊝䊞䊟䊠䊡䊢䊣䊤䊥䊦䊧䊨䊩䊪䊫䊬䊭䊮䊯䊰䊱䊳䊴䋛䍘䛧䨀䱊侎冞匊咪噒夈奥娄宩屎彜彝彞攗敉敹料断毩氣洣畨眯籴籵籶籷籸籹籺类籼籽籾籿粀粁粂粃粄粅粆粇粈粉粊粋粌粍粎粏粐粑粒粓粔粕粖粗粘粙粚粜粝粞粟粠粡粢粣粤粥粦粧粨粩粪粫粬粭粮粯粰粱粲粳粴粶粷粸粹粺粻粽精粿糀糁糂糃糄糅糆糇糈糉糊糋糌糍糎糏糐糑糒糓糔糕糖糗糘糙糚糛糜糝糞糟糠糡糢糣糤糥糦糧糨糩糪糫糬糭糮糯糰糱糲糳糴糵糷継纇继脒菊蒾薒蘪詸迷釆銤頪類颣鬻麊麋鿯𠀭𠌎𠎖𠑜𠣁𠤻𠩕𠩽𠼎𡅊𡇒𡏰𡕝𡚋𡲴𡲸𢈍𢊪𢍨𢑀𢑲𢑴𢘺𢘻𢝱𢞽𢥐𢬊𢷥𢿰𣀰𣀱𣍸𣎝𣜩𣟍𣟸𣤹𣧲𣫗𣫿𣮾𣷦𣸡𣻬𣾩𤀬𤁼𤃱𤇿𤌟𤍝𤔳𤜌𤝸𤥄𥃜𥅼𥇆𥒄𥛬𥜛𥞪𥞫𥡓𥡚𥤄𥤅𥥪𥧔𥩓𥫆𥭁𥮫𥱞𥴷𥶗𥸃𥸋𥸥𥸦𥸧𥸩𥸪𥸫𥸬𥸭𥸮𥸯𥸰𥸱𥸲𥸳𥸴𥸵𥸶𥸷𥸸𥸹𥸺𥸻𥸼𥸽𥸾𥸿𥹀𥹁𥹂𥹃𥹄𥹅𥹆𥹇𥹈𥹉𥹊𥹋𥹌𥹍𥹎𥹏𥹑𥹒𥹓𥹔𥹕𥹖𥹗𥹘𥹙𥹚𥹛𥹜𥹝𥹞𥹟𥹠𥹡𥹢𥹣𥹤𥹥𥹦𥹧𥹨𥹩𥹪𥹫𥹬𥹭𥹮𥹯𥹱𥹲𥹳𥹴𥹵𥹶𥹷𥹸𥹹𥹺𥹻𥹼𥹽𥹾𥹿𥺀𥺁𥺂𥺃𥺄𥺅𥺆𥺇𥺈𥺉𥺊𥺋𥺌𥺍𥺎𥺏𥺐𥺑𥺒𥺓𥺔𥺕𥺖𥺗𥺘𥺙𥺚𥺛𥺜𥺝𥺞𥺟𥺡𥺢𥺣𥺤𥺥𥺦𥺧𥺩𥺪𥺫𥺬𥺭𥺮𥺯𥺰𥺱𥺲𥺳𥺴𥺵𥺶𥺷𥺸𥺹𥺺𥺻𥺼𥺽𥺾𥺿𥻀𥻁𥻂𥻃𥻄𥻅𥻆𥻇𥻈𥻉𥻊𥻌𥻍𥻎𥻏𥻐𥻑𥻒𥻓𥻔𥻕𥻖𥻗𥻙𥻚𥻛𥻝𥻞𥻟𥻠𥻡𥻢𥻣𥻤𥻥𥻦𥻧𥻨𥻩𥻪𥻬𥻭𥻮𥻯𥻰𥻱𥻲𥻳𥻴𥻵𥻶𥻷𥻸𥻹𥻺𥻻𥻼𥻽𥻿𥼀𥼁𥼂𥼃𥼄𥼅𥼆𥼇𥼈𥼉𥼊𥼋𥼌𥼍𥼎𥼐𥼑𥼒𥼓𥼔𥼕𥼖𥼗𥼘𥼙𥼚𥼛𥼜𥼝𥼞𥼟𥼠𥼡𥼢𥼣𥼤𥼥𥼦𥼧𥼨𥼩𥼪𥼫𥼬𥼭𥼮𥼯𥼰𥼱𥼲𥼳𥼴𥼵𥼶𥼷𥼸𥼹𥼺𥼻𥼼𥼽𥼾𥼿𥽁𥽂𥽃𥽄𥽅𥽆𥽇𥽈𥽉𥽊𥽋𥽌𥽍𥽎𥽏𥽐𥽑𥽒𥽓𥽔𥽕𥽖𥽗𥽘𥽚𥽛𥽜𥽝𥽞𥽟𥽠𥽢𥽣𥽥𥽦𥽧𥽨𥽩𥽪𥽫𥽬𥽭𥽮𥽯𥽰𥽲𥽳𥽴𥽵𥽶𥽷𥽸𥽺𥽻𥽼𥽾𥽿𥾀𥾁𥾂𥾃𥾄𦄳𦊮𦜔𦝓𦦼𦿺𧂾𧃲𧊾𧗱𧵵𨀷𨕜𨡅𨣿𨼺𩂮𩏶𩏷𩏸𩔫𩔬𩗐𩡅𩭄𩯞𩱵𩱷𩱸𩳫𩻫𩽃𩽑𪀳𪀿𪆶𪇒𪈚𪋷𪌬𪓋𪙙𪝨𪝶𪡨𪤹𪪨𪫇𪬾𪯚𪯜𪲛𪶈𫂏𫂱𫂲𫂳𫂴𫂵𫂶𫂷𫂸𫂹𫂺𫂻𫂼𫂽𫂾𫂿𫃀𫃁𫃂𫃃𫃄𫃅𫃆𫃇𫃈𫃊𫃋𫃌𫃍𫃎𫃏𫃐𫃑𫃒𫃓𫃕𫃖𫃗𫃙𫉀𫒄𫜇𫟀𫡿𫤆𫥾𫦨𫯱𫰤𫴁𫸡𫹈𫿝𬐵𬐺𬑂𬖋𬖌𬖍𬖎𬖏𬖐𬖑𬖒𬖓𬖔𬖕𬖖𬖗𬖘𬖙𬖚𬖛𬖜𬖝𬖞𬖟𬖡𬖢𬖣𬖤𬖥𬖦𬖧𬖪𬖬𬖮𬖯𬖰𬖱𬖲𬖳𬖴𬖵𬖶𬖸𬖹𬖺𬖻𬖽𬖾𬗂𬡗𬩍𬪏𬴺𬴻𭁨𭋸𭢳𭤆𭥻𭩼𭩽𭫮𭯵𭹷𭽀𭾍𭿎𮂦𮇃𮇄𮇅𮇆𮇇𮇈𮇉𮇊𮇋𮇌𮇍𮇎𮇏𮇐𮇑𮇒𮇓𮇔𮇕𮇖𮇗𮇘𮇙𮇚𮇛𮇜𮇝𮇞𮇟𮇠𮇡𮇢𮇣𮇤𮇥𮇦𮇧𮇨𮇩𮇪𮇫𮇬𮇭𮇮𮇯𮇰𮇱𮇲𮇳𮇴𮇵𮇶𮇷𮇸𮇹𮇺𮇻𮇼𮇽𮇿𮈀𮍱𮒷𮓒𮚒𮠩𮡋𮨔𮮒𮮘𮯉𮳎𮵺𮵻𮵼𮵽𰘂𰙒𰜿𰟬𰡬𰢂𰤦𰨴𰨶𰪦𰪧𰪩𰪪𰪫𰪬𰪭𰪮𰪯𰪰𰪱𰪲𰪳𰪴𰪵𰪶𰪷𰪸𰪹𰪺𰪻𰪼𰪽𰪾𰪿𰫀𰫁𰫂𰫃𰫄𰫅𰫆𰫇𰫈𰫉𰫊𰫋𰫌𰫍𰫎𰫏𰫐𰫑𰫒𰫓𰫔𰫕𰫖𰲒𰸗𰸨𱂧𱂹𱋕𱐍𱝘𱡡𱢺𱤝𱩏𱩾𱪌𱰋𱲛𱴢𱵰𱷝𱷞𱸳𱸴𱸵𱸶𱸷𱸹𱸺𱸻𱸼𱸽𱸾𱹀𱹁𱹂𱹃𱹄𱹅𱹆𱹇𱹉𱹊𱹋𱹌𱹍𱹎𱹏𱹐𱹑𱹒𱹓𱹔𱹕𱹖𱹗𱹘𱹚𱹛𱹜𱹞𱹟𱹡𱹢𱹣𱹤𱹦𱹧𱹨𱹾𱼯𱽉𱽥𱾁𲆃𲍐𲒧𲘇𲪙𲫈𲵝𲶵𲶶𲶷𲶸𲶹𲶺𲶻𲶼𲶽𲶾𲶿𲷀𲷁𲷂𲷃𲷄𲷅𲷆𲷇𲷈𲷉𲷊𲷋𲷌𲷍𲷎𲷏𲷐𲷑𲷒𲷓𲷔𲷕𲷖𲷗𲷘𲷙𲷚𲷛𲷜𲷞𲷠𲷡𲷢𲷣𲷦𲷧𲷨𲹬𲾜𳊥𳊸
籴	䨀糴𥻳𭋹𮨓
籹	𥽎𬖗𱹉
类	類𠨟𢾗𣗷𨤙𩔖𪙖𰳍𱵟𱺌𲈐𲏄
粉	㥹彜𡙢𢑱𤕃𦶚𧏟𪩋𪪷𰐥𳆣
粐	糄𮇫
粒	𨅀𩻑𲝿𲱬
粗	𪮩𫏝𬖼𳋿
粘	𦟶𫃔𬖭𬖷𬗀𭟀𭲲𲢢
粛	䔥嘨簘繍𩥶
粜	糶𥽀
粞	𥴅𪟱
粟	㔄㯨䊲䌚䥔僳憟潥𣯼𤢂𤩗𥢕𥽹𩞸𫃉𬖫𬗁𬡻𱹠𱹥𲈙𲷤
粤	澚𠿋𣙾𨮁𰾺𲚒𳏴
粥	鬻𢐫𤳕𥪷𪆀𮌿
粦	㔂䗲䚏䚬䫰亃僯噒嫾嶙憐撛斴暽橉潾燐獜璘甐疄瞵磷粼繗翷膦蹸轔辚遴鄰鏻隣驎鱗鳞麟𠄈𡑝𡰚𡳞𡼵𢕸𢠴𢿻𣁣𤗷𤡩𥛷𥣿𥳞𥷖𥻋𥻘𥼭𦗲𦧾𦨆𦺸𧁽𧰢𧲂𧸍𨊌𨞁𩕔𩞻𩴠𪆞𪍴𫜏𫬪𬖨𬖩𬖿𬙈𬭸𬴊𬹸𭌇𭙸𮇾𮓯𱋬𱘔𱝏𱱥𲓫𲜅𲡔𲣺𲷟𳁹
粪	𬉂𰚲
粲	㣓儏殩澯燦璨薒𡦞𢷂𥢽𥴷𥽆𦪫𧒷𨮏𩯞𩼇𩾍𪆶𪞆𫥚𫱼𭽢𮡋𲞉𲲳𲴐
粵	澚𠿋𣙾𤀀𤏓𥜊𥣄𦆒𧒹𧝰𧞄𨆗𨼟𪦪𲠩
粽	𣰤𪷯
精	𡁔𦾿𧓔𪇒𭨇𲷝
糜	醾𢑀𥽰𧃲𲘇
糝	𢹪𲒟
糞	䆏瀵𡓴𢹔𣀲𣠂𥽡𥽤𫃘𫘚𱹩𲘅𲷥
糸	㝈㪻㬧㯞㰘㱍㽋䈺䊵䊶䊷䊸䊺䊻䊼䊽䊾䊿䋀䋁䋂䋃䋄䋅䋆䋇䋈䋉䋊䋋䋌䋍䋎䋏䋐䋑䋓䋔䋕䋖䋗䋘䋙䋚䋛䋜䋝䋟䋠䋡䋢䋣䋥䋦䋧䋨䋩䋪䋫䋬䋭䋮䋯䋰䋱䋲䋳䋴䋵䋶䋷䋸䋹䋺䋻䋼䋽䋾䋿䌀䌁䌃䌄䌅䌆䌇䌈䌉䌋䌌䌍䌎䌏䌐䌑䌒䌓䌔䌕䌖䌗䌘䌙䌚䌜䌝䌞䌟䌠䌡䌢䌣䌤䌥䌦䌧䌨䌩䌪䌫䌬䌭䌮䌯䌰䌱䌲䌳䌴䌵䏈䐼䒺䔋䔝䕷䜌䥛乿喲噄圝圞孌孿巒彎彝彞戀攣櫀欒潆潔瀠灓癳矕箹糺系糼糽糾糿紀紁紂紃約紅紆紇紈紉紊紋紌納紎紏紐紑紒紓純紕紖紗紘紙級紛紜紝紞紟素紡索紣紤紥紦紧紨紩紪紫紬紭紮累細紱紲紳紴紵紶紷紸紹紺紻紼紽紾紿絀絁終絃組絅絆絇絈絉絊絋経絍絎絏結絑絒絓絔絕絖絗絘絙絚絛絜絝絞絟絠絡絢絣絤絥給絧絨絩絪絫絬絭絮絯絰統絲絳絴絵絶絷絸絹絺絻絼絽絾絿綀綁綂綃綄綅綆綇綈綉綊綋綌綍綎綏綐綑綒經綕綖綗綘継続綛綜綝綞綟綠綡綢綣綤綥綦綧綨綩綪綫綬維綮綯綰綱網綳綴綵綶綷綸綹綺綻綼綽綾綿緀緁緂緃緄緅緆緇緈緉緊緋緌緍緎総緑緒緕緖緗緘緙線緛緝緞緟締緡緢緣緤緥緦緧編緩緪緫緬緭緯緰緱緲緳練緵緶緷緸緹緺緻緼緽緾緿縀縁縂縃縄縅縆縇縈縉縊縋縌縍縎縏縐縑縒縓縔縕縖縗縘縙縚縛縜縝縞縟縠縡縢縤縥縦縧縨縩縪縫縬縭縮縯縰縱縲縳縴縵縶縷縸縹縺縻縼總績縿繀繁繂繃繄繅繆繈繉繊繋繍繎繏繐繑繒繓織繕繖繗繘繙繚繜繝繞繟繠繡繢繣繤繥繦繧繨繩繪繫繬繭繮繯繰繱繲繳繴繵繶繷繸繹繺繻繼繽繾繿纀纁纂纃纅纆纇纈纉纊纋續纍纎纏纐纑纒纓纔纕纖纗纘纙纚纜纝纞羉臠萦蔂蔠蕠蘕蘩蘻虆蠻襺變轡辮銯鑾顈颣鸞𠍞𠎧𠕮𠛩𠠣𠪓𠫈𠬆𠬹𠮗𠹦𡀚𡃃𡈫𡈷𡋔𡐤𡣵𡤣𡤨𡱏𡳍𡻭𡽭𡿜𢀐𢍵𢍶𢏛𢐁𢐾𢑲𢑴𢥩𢬡𢱨𢴲𢺃𢺈𣀺𣍚𣎝𣑇𣚃𣚓𣞿𣤭𣮽𣴍𤀇𤂁𤂵𤂽𤃰𤔳𤕍𤡨𤦰𤩦𤬇𤸍𤺚𤼆𤼙𥃁𥆎𥊯𥜄𥢪𥥮𥪲𥫅𥲕𥳮𥸕𥼮𥾅𥾆𥾇𥾈𥾊𥾋𥾌𥾍𥾎𥾏𥾐𥾒𥾓𥾔𥾕𥾖𥾙𥾛𥾜𥾝𥾞𥾟𥾡𥾢𥾣𥾤𥾥𥾦𥾧𥾨𥾩𥾪𥾫𥾬𥾮𥾯𥾹𥾺𥾻𥾼𥿃𥿄𥿅𥿆𥿇𥿈𥿉𥿊𥿋𥿌𥿍𥿎𥿏𥿐𥿑𥿓𥿔𥿚𥿜𥿝𥿟𥿠𥿦𥿧𥿨𥿩𥿪𥿫𥿬𥿭𥿮𥿯𥿰𥿱𥿲𥿳𥿴𥿵𥿸𥿹𥿺𥿻𥿽𥿿𦀀𦀂𦀈𦀉𦀓𦀔𦀕𦀖𦀗𦀘𦀙𦀚𦀛𦀜𦀝𦀞𦀟𦀠𦀡𦀢𦀣𦀤𦀥𦀦𦀧𦀨𦀱𦀸𦁃𦁆𦁈𦁉𦁊𦁋𦁍𦁎𦁏𦁐𦁑𦁒𦁓𦁔𦁕𦁖𦁗𦁘𦁙𦁚𦁛𦁜𦁞𦁟𦁠𦁤𦁥𦁫𦁬𦁰𦁱𦁲𦁳𦁴𦁶𦂀𦂁𦂂𦂃𦂄𦂅𦂆𦂇𦂈𦂉𦂊𦂋𦂌𦂍𦂎𦂏𦂐𦂑𦂒𦂓𦂔𦂕𦂖𦂗𦂘𦂙𦂚𦂛𦂜𦂝𦂞𦂟𦂠𦂡𦂯𦂳𦂴𦂵𦂷𦂸𦂹𦂼𦃁𦃂𦃃𦃄𦃇𦃈𦃉𦃊𦃋𦃌𦃍𦃎𦃏𦃐𦃑𦃒𦃓𦃔𦃕𦃖𦃗𦃘𦃙𦃚𦃛𦃜𦃝𦃞𦃠𦃡𦃣𦃤𦃥𦃦𦃧𦃭𦃽𦄂𦄉𦄊𦄋𦄌𦄍𦄎𦄏𦄐𦄑𦄒𦄓𦄔𦄕𦄖𦄗𦄘𦄙𦄚𦄛𦄜𦄠𦄨𦄯𦄰𦄱𦄲𦄳𦄻𦄼𦄽𦄾𦄿𦅀𦅁𦅃𦅄𦅆𦅇𦅈𦅉𦅊𦅋𦅌𦅍𦅎𦅏𦅐𦅑𦅒𦅓𦅔𦅘𦅥𦅦𦅧𦅨𦅩𦅪𦅬𦅵𦅶𦅷𦅺𦅼𦅽𦅾𦅿𦆀𦆁𦆂𦆃𦆄𦆅𦆆𦆈𦆉𦆊𦆋𦆍𦆎𦆏𦆕𦆖𦆘𦆜𦆝𦆞𦆟𦆠𦆡𦆢𦆣𦆥𦆦𦆧𦆨𦆩𦆪𦆫𦆬𦆯𦆰𦆱𦆸𦆻𦆿𦇀𦇁𦇂𦇃𦇄𦇅𦇆𦇈𦇍𦇎𦇏𦇑𦇓𦇔𦇕𦇖𦇗𦇘𦇙𦇛𦇞𦇢𦇣𦇦𦇧𦇩𦇫𦇬𦇭𦇯𦇰𦇱𦇳𦇶𦇸𦇹𦇺𦇼𦇾𦈃𦈄𦈅𦈇𦋟𦍁𦕱𦣐𦦆𦷲𦷺𦸖𦸷𦹖𦺰𧁧𧃒𧃧𧄜𧄶𧅆𧅇𧆉𧆙𧈆𧌢𧗼𧧈𧪬𧭶𨖾𨗰𨘁𨘺𨤙𨵆𨷻𩧖𩪾𪅸𪆋𪈜𪈮𪦤𪦩𪫕𪫜𪷜𫃜𫃥𫃬𫃯𫃲𫃵𫃻𫄂𫄊𫄍𫄔𫄖𫄗𫉺𫊃𫊺𫋼𫕗𫟁𫧆𫩹𫯼𫱘𫳲𫶦𬏏𬗊𬗋𬗍𬗎𬗐𬗖𬗙𬗚𬗞𬗧𬗫𬗬𬗸𬘁𬘇𬘈𬘒𬞍𬞻𬞼𬟍𭆈𭋀𭍘𭐈𭓂𭗗𭮑𭳷𮈂𮈃𮈄𮈅𮈆𮈇𮈈𮈊𮈋𮈌𮈍𮈎𮈏𮈐𮈑𮈒𮈔𮈕𮈖𮈗𮈘𮈙𮈚𮈛𮈜𮈝𮈞𮈟𮈠𮈡𮈢𮈣𮈤𮈦𮈧𮈨𮈩𮈪𮈫𮈬𮈭𮈮𮈯𮈰𮈱𮈲𮈳𮈴𮈵𮈶𮈷𮈸𮈹𮈺𮈻𮈼𮈽𮈾𮈿𮉀𮉁𮉂𮉃𮉄𮉅𮉆𮉇𮉈𮉉𮉊𮉌𮉍𮉎𮉏𮉐𮉑𮉒𮉓𮉔𮉕𮉗𮉘𮉙𮉚𮉛𮉜𮉝𮉟𮊌𮒨𮚄𮣩𮨟𮫅𮮍𮮷𮵾𰔼𰫚𰫪𰫬𰫮𰫵𰫶𰫸𰫺𰫻𰳪𱕧𱚖𱝘𱨂𱩈𱩛𱸱𱹪𱹫𱹬𱹭𱹯𱹸𱹹𱹽𱹾𱹿𱺀𱺁𱺂𱺄𱺆𱺊𱺍𱻆𱻎𲨜𲬿𲷩𲷫𲷮𲷺𲷻𲷾𲸃𲸋𲸍𲸔𲸖𲸗𲸛𲸜𲸠𲸣𲸦𲽭𳄼
糹	䈫䊵䊶䊷䊸䊹䊺䊻䊼䊽䊾䊿䋁䋂䋃䋄䋉䋊䋋䋌䋍䋎䋏䋐䋑䋒䋓䋔䋖䋗䋘䋙䋚䋛䋞䋟䋠䋡䋥䋦䋧䋨䋩䋪䋫䋬䋭䋮䋱䋲䋳䋴䋵䋶䋸䋹䋺䋻䋼䋽䋾䋿䌀䌁䌂䌃䌄䌅䌆䌇䌈䌉䌊䌋䌌䌍䌏䌐䌑䌒䌔䌕䌖䌗䌙䌚䌜䌝䌞䌟䌡䌢䌣䌤䌥䌦䌧䌨䌩䌪䌫䌬䌭䌮䌯䌰䌱䌲䌳䌴䌵䜌乿圞戀糺糼糽糾糿紀紁紂紃約紅紆紇紈紉紋紌納紎紏紐紑紒紓純紕紖紗紘紙級紛紜紝紞紟紡紣紤紦紨紩紪紬紭細紱紲紳紴紵紶紷紸紹紺紻紼紽紾紿絀絁終絃組絅絆絇絈絉絊絋経絍絎絏結絑絒絓絔絕絖絗絘絙絚絝絞絟絠絡絢絣絤絥給絧絨絩絪絬絯絰統絲絳絴絵絶絸絹絺絻絼絽絾絿綀綁綂綃綄綅綆綇綈綉綊綋綌綍綎綏綐綑綒經綕綖綗綘継続綛綜綝綞綟綠綡綢綣綥綧綨綩綪綫綬維綯綰綱網綳綴綵綶綷綸綹綺綻綼綽綾綿緀緁緂緃緄緅緆緇緈緉緋緌緍緎総緑緒緓緔緕緖緗緘緙線緛緝緞緟締緡緢緣緤緥緦緧編緩緪緫緬緭緮緯緰緱緲練緵緶緷緸緹緺緻緼緽緾緿縀縁縂縃縄縅縆縇縉縊縋縌縍縎縐縑縒縓縔縕縖縗縘縙縚縛縜縝縞縟縡縤縥縦縧縨縩縪縫縬縭縮縯縰縱縲縳縴縵縷縸縹縺縼總績縿繀繂繃繅繆繈繉繊繌繍繎繏繐繑繒繓織繕繖繗繘繙繚繜繝繞繟繡繢繣繥繦繧繨繩繪繬繮繯繰繱繲繳繵繶繷繸繹繺繻繼繽繾繿纀纁纃纄纅纆纈纉纊纋續纎纏纐纑纒纓纔纕纖纗纘纙纚纜纝纞羅蠻變辮鸞龻𠕮𠛩𠮗𡃈𡅀𡈡𡓩𢀐𢽺𣗭𣚓𣠋𤂁𤃁𤄋𤕍𥜄𥫅𥵮𥾅𥾆𥾇𥾉𥾊𥾋𥾌𥾍𥾎𥾏𥾐𥾑𥾒𥾓𥾕𥾖𥾗𥾘𥾙𥾚𥾛𥾝𥾞𥾠𥾡𥾢𥾣𥾤𥾦𥾧𥾨𥾪𥾫𥾬𥾭𥾮𥾯𥾰𥾱𥾲𥾳𥾴𥾵𥾶𥾷𥾸𥾹𥾺𥾼𥾽𥾾𥾿𥿀𥿁𥿂𥿄𥿆𥿇𥿈𥿉𥿊𥿋𥿌𥿍𥿎𥿐𥿑𥿒𥿓𥿕𥿖𥿗𥿘𥿙𥿛𥿜𥿞𥿠𥿡𥿢𥿣𥿤𥿥𥿦𥿧𥿨𥿪𥿫𥿬𥿭𥿮𥿯𥿰𥿱𥿲𥿳𥿴𥿵𥿶𥿷𥿸𥿹𥿺𥿼𥿽𥿾𦀁𦀃𦀄𦀅𦀆𦀇𦀈𦀉𦀊𦀋𦀌𦀍𦀎𦀏𦀐𦀑𦀓𦀔𦀕𦀖𦀗𦀘𦀙𦀚𦀛𦀜𦀝𦀞𦀠𦀡𦀢𦀦𦀨𦀩𦀪𦀫𦀬𦀭𦀮𦀯𦀰𦀲𦀳𦀴𦀵𦀶𦀷𦀸𦀹𦀺𦀻𦀼𦀽𦀾𦀿𦁀𦁁𦁂𦁃𦁄𦁅𦁆𦁇𦁈𦁉𦁊𦁌𦁍𦁎𦁏𦁐𦁑𦁒𦁔𦁕𦁖𦁗𦁙𦁚𦁛𦁜𦁡𦁢𦁣𦁤𦁥𦁦𦁧𦁨𦁩𦁪𦁭𦁮𦁯𦁰𦁱𦁲𦁳𦁴𦁵𦁶𦁸𦁹𦁺𦁻𦁼𦁽𦁿𦂀𦂁𦂂𦂃𦂄𦂅𦂆𦂇𦂈𦂉𦂊𦂋𦂍𦂏𦂐𦂑𦂒𦂓𦂔𦂕𦂖𦂘𦂙𦂚𦂛𦂜𦂝𦂠𦂡𦂢𦂣𦂤𦂥𦂦𦂧𦂨𦂩𦂪𦂫𦂬𦂭𦂮𦂯𦂰𦂱𦂲𦂴𦂵𦂶𦂷𦂺𦂻𦂼𦂽𦂾𦂿𦃀𦃁𦃄𦃇𦃈𦃉𦃊𦃋𦃌𦃍𦃎𦃏𦃐𦃑𦃒𦃓𦃔𦃕𦃖𦃘𦃛𦃜𦃝𦃞𦃠𦃡𦃣𦃥𦃧𦃨𦃩𦃪𦃫𦃬𦃮𦃯𦃰𦃱𦃲𦃳𦃴𦃵𦃶𦃷𦃸𦃹𦃺𦃻𦃼𦃽𦃾𦃿𦄀𦄁𦄂𦄃𦄄𦄅𦄆𦄇𦄈𦄋𦄌𦄍𦄎𦄏𦄑𦄒𦄓𦄔𦄕𦄖𦄗𦄘𦄙𦄚𦄛𦄜𦄝𦄞𦄟𦄡𦄢𦄣𦄤𦄥𦄦𦄧𦄨𦄩𦄪𦄫𦄬𦄭𦄮𦄰𦄱𦄲𦄴𦄵𦄶𦄷𦄸𦄹𦄺𦄻𦄼𦄽𦄾𦄿𦅀𦅁𦅂𦅃𦅄𦅅𦅆𦅇𦅈𦅉𦅊𦅋𦅌𦅍𦅎𦅏𦅑𦅒𦅖𦅗𦅘𦅙𦅛𦅜𦅝𦅞𦅟𦅠𦅡𦅢𦅣𦅤𦅥𦅦𦅧𦅩𦅭𦅮𦅯𦅰𦅱𦅲𦅳𦅵𦅶𦅷𦅺𦅼𦅿𦆀𦆂𦆃𦆄𦆅𦆆𦆇𦆈𦆉𦆊𦆋𦆌𦆍𦆎𦆏𦆐𦆑𦆒𦆓𦆔𦆕𦆖𦆘𦆙𦆚𦆛𦆜𦆝𦆞𦆟𦆠𦆡𦆢𦆣𦆤𦆥𦆦𦆧𦆨𦆪𦆬𦆭𦆮𦆯𦆱𦆲𦆳𦆴𦆵𦆶𦆷𦆸𦆹𦆺𦆻𦆼𦆿𦇀𦇁𦇃𦇄𦇅𦇇𦇈𦇉𦇊𦇋𦇌𦇍𦇎𦇏𦇐𦇑𦇒𦇓𦇔𦇕𦇖𦇗𦇘𦇙𦇛𦇜𦇝𦇞𦇟𦇠𦇡𦇢𦇣𦇤𦇧𦇩𦇪𦇫𦇬𦇭𦇮𦇰𦇱𦇲𦇳𦇴𦇶𦇸𦇺𦇼𦇽𦇾𦇿𦈂𦈃𦈄𦈅𦈆𦋟𦸖𦸷𧁥𧁧𧃒𧄉𧆅𧌢𧑿𨈊𨖾𩄵𩕛𪆋𪆓𪈜𪦥𫃚𫃛𫃜𫃝𫃞𫃟𫃠𫃡𫃢𫃣𫃤𫃥𫃦𫃧𫃨𫃩𫃪𫃫𫃬𫃭𫃮𫃯𫃰𫃱𫃳𫃴𫃵𫃶𫃷𫃸𫃹𫃺𫃻𫃼𫃽𫃾𫃿𫄀𫄁𫄂𫄃𫄄𫄅𫄆𫄇𫄈𫄉𫄋𫄌𫄎𫄏𫄑𫄓𫄘𫟂𬗃𬗄𬗅𬗆𬗇𬗈𬗉𬗊𬗌𬗏𬗑𬗒𬗓𬗔𬗕𬗗𬗘𬗙𬗚𬗛𬗜𬗝𬗟𬗠𬗡𬗢𬗣𬗤𬗥𬗦𬗨𬗩𬗭𬗮𬗯𬗰𬗲𬗳𬗴𬗵𬗷𬗹𬗺𬗼𬗿𬘀𬘂𬘃𬘄𬘆𬘉𬘊𬘋𬘌𬘍𬘎𬘏𬘐𬘑𬚎𬧗𮈁𮈉𮈊𮈔𮈥𮈩𮈵𮉖𮉞𰠊𰫗𰫘𰫙𰫛𰫜𰫝𰫞𰫟𰫠𰫡𰫢𰫣𰫤𰫦𰫧𰫨𰫩𰫫𰫭𰫯𰫰𰫲𰫳𰫷𱘞𱹮𱹰𱹱𱹲𱹳𱹴𱹵𱹶𱹷𱹺𱹻𱹼𱺃𱺇𱺈𱺉𱺎𲆆𲚨𲷩𲷪𲷬𲷭𲷯𲷰𲷱𲷲𲷳𲷴𲷶𲷷𲷸𲷹𲷼𲷽𲷿𲸀𲸁𲸂𲸄𲸆𲸇𲸈𲸉𲸊𲸌𲸎𲸏𲸐𲸑𲸒𲸓𲸕𲸘𲸙𲸚𲸝𲸞𲸟𲸠𲸡𲸢𲸤𲸥𲸧𲸨𲸩𲸫𲸬𲽿𳊄
糺	𠴄𥆎
系	㒡㰃䌛䘗係孫懸搎櫾素綔緐緜縣繇蘨邎鯀鲧𠒭𡈱𢐐𢖟𢭁𢶛𢾰𣛐𣟠𣨒𣪺𣻆𣼒𤄏𤫺𤬖𥃄𥒶𦀥𦁝𦅚𦅸𦅹𦶽𦾴𧄫𧋬𧎤𧚃𧼆𨘩𨙂𨙣𨵆𩓇𩩌𪈉𫌾𫒠𫪈𫲰𬝚𬮩𭛭𭻖𮆚𮈔𮒚𮚇𱄠𱏙𱞚𱺋𱺌𳃝𳅁
糾	𦀏𱷉
紂	䈙葤𠷵𦋝𩋰𰂠
約	喲箹葯𡟅𢰹𤋢𦋥𦋩𧎒𧼿𱞺
紅	䋊䋌葒𠮅𠸣𢞃𣖘𦁾𬕡𬗻𬻤𲩫𳇢
紊	𢱨𪶸𫱚
納	㨥䈫蒳𠌦𠖘𠺶𢟕𣘆𣻀𥧩𥻻𨃺𩄵𩹾𩺈𪵠𫒾𬧮
純	蒓𢲝𭱴
紙	𫘖𫷏𰭓𱺅
級	𠺻𢲩
紛	蒶𫄐
素	㨞䋤䘘䛾傃嗉塐嫊愫榡溸縤繛膆螦𠞓𢍣𢍵𤍊𤠚𤢘𤨄𥱨𦃅𦅫𦅻𦆾𦇚𧔓𩔥𩘣𩝥𪯑𪯛𪰸𪾵𬗪𬗾𬝚𬫵𬲃𬵡𱄩𲋩
紡	縼鶭𦁷𦂛
索	㮦䅴䌇䖛䞽嗦溹鎍𠋲𡒙𡩡𢱢𤌘𤸴𥰼𥻨𦃆𦅕𦆽𦵫𧎳𧛻𩄜𩌈𩘝𩙭𩮛𪍟𪟹𫔅𫦎𫧫𬵠𭅬𭝻𭮹𮭈𰄅𰬱𱴥𲮢𳌿
紫	㗪䔝橴𥲕𨄐𫄕𬈶𬎏𬠭𮬒𱏑𱗺𱬒𲄬𲇡𲧏𲨩𲬰𲴅𲸪
累	㹎䉂䐯傫嫘摞樏漯瘰磥縲缧蔂螺鏍镙騾骡𠼱𡏱𡻭𡻱𤍶𤡂𤨴𤮉𤳻𥉹𥛧𥡜𦧲𧫖𧷳𧹶𧽲𨄱𨻽𩌹𩌺𩏞𩕃𩮹𪍯𪱀𫤡𮤄𮭒𰀨𰌯𰫥𲎃𲏶𲒘𲬲𲱆𳍴
細	𦃯𦹀𧀇𪷉𫄕𫋘𫎰𫙶𫱫𬗱𬗽𬘅𬧐𱔕𲸪
紶	𦀖𲷷
紹	𦹄𬗞
終	䈺蔠𡈡𢴋𤍑𧈆𨄿𱤎𲌀𲸮
組	𦋽𬄗𰭕
絇	𡳍𢳉𬗸
結	纈鐑𢢂𣚬𦺢𨗟𪆋𪢍𫵊𰼔
絕	㔃㔢蕝𠾼𢴭𥳵𧑾𨼎
絛	𦺰𮉎
絜	㓗䐼䥛噄潔緳𠎧𡐤𢴲𣚃𤏦𤩦𤺚𥊯𥢪𪅸𪿶𬭴𮉄𲠥
絡	綹𨷀𭊽𮑗𮜘𰘯
給	𠎨𢵰𱔲
絫	㒍𡼊𢴱𣚎𤛡𤮎𥊻𥳮𦅍𧬀𮑙𲴋
絭	䕨勬潫縢𡈢𤂵𦅌𦪝𫮫
絮	㵖蕠
絰	𭊾𭒟
統	𥴗𦼟𨭑𫌒𫫴𬔕𳇈
絲	䏈噝蕬鷥𠮗𣊡𤂽𤃁𤡨𥷞𦂞𦃟𦆩𦇵𨖾𨭔𨶹𪆓𬗶𭐜𰙹
絶	㔃㔢撧蕝𠾼𢴭𣾵𥨟𥳵𨼎𭗜𲸅
絹	㯞羂𡫂
絽	𤕍𰠉
經	𦽁𲣄
綠	𡂎𣝵𤀼𦾯𲰋
綦	櫀濝藄𤪌𲶣
維	䗽濰羅蘿𡽰𢋘𢣘𤻕𥵻𦌴𫓙𬗿𬞼𬽜𮗈𮴷𳊑
綱	𮒔𳊨
綺	𤀽𦌰𦿟
綽	羄𡁇𥵤𱡂
綾	𣍚𲽟
綿	㒙嬵檰矊𢅧𤁗𥽔𦘂𧓭𨮨𬡴
緂	𠫈𦌪
緊	𡁵𣝌𦃢𦤱𪷬𫉺𰫱
緐	𦾴𬉯
緑	𦾯𲨬
緘	𥶳𦆃𧁺
緜	㰃𥌣
緝	𡃃𧁭𮉋
緣	櫞𢷻
編	𤻶𰪢
緩	藧𥶍
練	𭌈𲄐
縈	瀠礯𦇝
縛	嚩𤒔𮒴
縠	瀫𥷆𧂔
縢	䕨籘𤂵𤼆
縣	懸纛𠐴𡈴𡾥𥌭𦇨𧔤𪈉𱷜
縮	𧃴𰫺
縳	𭌯𮓁
縷	𧃒𪈜
縻	䕷䭧醿𠠣𤃰𳎐
總	𡾳𤄋𧄉
繁	㩯瀿蘩𩎆𬪤𬹬
繇	㒡㘥櫾蘨𢑂𢑄𢖟𣟾𨙂𨷱𫧊
繒	𡾽𡿘
繞	𡅍𥽵𲪾
繭	襺𢺃𣀸𣠷𥀹𥜲𧅆𨇿𲯕
繯	𦌾𦍃
纂	攥𣠹𨰭𬮃
纍	㶟儽欙癳纝虆𡤯𡿔𡿜𢺢𤜖𤫤𤴈𥍔𥗼𥸕𧮢𰯬
纖	𩇏𮇂
纟	䌶䌷䌸䌹䌺䌻䌼䌽䌾䌿䍀䍁纠纡红纣纤纥约级纨纩纪纫纬纭纮纯纰纱纲纳纴纵纶纷纸纹纺纻纼纽纾线绀绁绂练组绅细织终绉绊绋绌绍绎经绐绑绒结绔绕绖绗绘给绚绛络绝绞统绠绡绢绣绤绥绦继绨绩绪绫绬续绮绯绰绱绲绳维绵绶绷绸绹绺绻综绽绾绿缀缁缂缃缄缅缆缇缈缉缊缋缌缍缎缏缐缑缒缓缔缕编缗缘缙缚缛缜缝缞缟缠缡缢缣缤缥缦缧缨缩缪缫缬缭缮缯缰缱缲缳缴缵辔辫𡎭𦈈𦈉𦈊𦈋𦈌𦈍𦈎𦈏𦈐𦈑𦈒𦈓𦈔𦈕𦈖𦈗𦈘𦈙𦈚𦈛𦈜𦈝𦈞𦈟𦈠𦈡𫄙𫄚𫄛𫄜𫄝𫄞𫄟𫄠𫄡𫄢𫄣𫄤𫄥𫄦𫄧𫄨𫄩𫄪𫄫𫄬𫄭𫄮𫄯𫄰𫄱𫄲𫄳𫄴𫄵𫄶𫄷𫄸𫄹𫟃𫟄𫟅𫟆𫟇𬘓𬘔𬘕𬘖𬘗𬘘𬘙𬘚𬘛𬘜𬘝𬘞𬘟𬘠𬘡𬘢𬘣𬘤𬘥𬘦𬘧𬘨𬘩𬘪𬘫𬘬𬘭𬘮𬘯𬘰𬘱𬘲𬘳𬘴𬘵𬘶𬘷𬘸𬘹𬘺𬘻𬘼𬘽𬘾𬘿𬙀𬙁𬙂𬙃𬙄𬙅𬙆𬙇𬙈𬙉𬙊𬙋𬙫𬜺𬝊𮉠𮉡𮉢𮉣𮉤𮉥𮉦𮉧𮉨𮉩𮉪𮉫𮉬𮉭𮉮𮉯𮵿𮶀𮶁𮶂𮶃𮶄𮶅𮶆𰫼𰫽𰫾𰫿𰬀𰬁𰬂𰬃𰬄𰬅𰬆𰬇𰬈𰬉𰬊𰬋𰬌𰬍𰬎𰬏𰬐𰬑𰬒𰬓𰬔𰬕𰬖𰬗𰬘𰬙𰬚𰬛𰬜𰬝𰬞𰬟𰬠𰬡𰬢𰬣𰬤𰬥𰬦𰬧𰬨𰬩𰬪𰬫𰬬𰬭𰬮𰬯𰬰𰬱𰬲𰬳𰬴𰬵𰬶𰬷𰬸𰬹𰬺𰬻𰬼𰬽𰬾𰬿𰭀𰭁𱺏𱺐𱺑𱺒𱺓𱺔𱺕𱺖𱺘𱺙𱺚𱺛𱺜𱺝𱺞𱺟𱺠𱺡𱺢𱺣𱺤𱺥𱺦𱺧𱺨𱺩𱺪𱺫𱺬𱺭𱺮𱺯𱺰𲸯𲸰𲸱𳀤
红	荭𭠲𱺗𳀞
纣	荮𪜺𬰤
约	哟药𰩺𱃻𱞔𲅙
纩	缠𫟇𰬾
纯	莼𭝉
纳	𫽀𰱌𱇴
纺	𫛯𰬵
结	缬𭉗
络	绺𰘅
绝	𪮖𫈵𫦌𫦳
统	𡎭𱸔
绳	𱠰𱸤
维	潍𮶳𰳚
绵	𬑧𰘣
缘	橼𱠸
缶	㓡㯱䀇䁘䍂䍃䍄䍅䍆䍇䍈䍉䍊䍋䍌䍍䍎䓨䔘䘖匋厒媱寚摇暚榣滛熎珤窑缷缸缹缺缻缼缽缾缿罀罁罂罃罄罅罆罇罈罉罊罋罌罍罎罏罐萄蘨謡颻鬱𠙈𠤸𠪟𠪦𠷄𠹓𡜊𡧰𢈊𢔫𢻂𣂶𣙲𣝰𣞈𣞉𣞿𣟘𣡡𣡸𣳬𤈒𤈣𤕁𤕆𤪈𤪭𤮫𤴊𤽦𥒋𥖴𦅸𦈣𦈤𦈥𦈦𦈧𦈨𦈩𦈪𦈫𦈬𦈭𦈮𦈯𦈰𦈱𦈲𦈳𦈴𦈵𦈶𦈷𦈸𦈹𦈺𦈻𦈼𦈽𦈾𦈿𦉀𦉁𦉂𦉃𦉄𦉅𦉆𦉇𦉈𦉉𦉊𦉌𦉍𦉎𦉏𦉐𦉒𦉓𦉕𦉖𦉗𦉘𦉙𦉚𦉛𦉜𦉝𦉞𦉟𦉠𦉢𦉣𦉤𦉥𦉦𦉧𦉨𦉩𦚥𦦩𧃘𧄡𧇍𧊦𧎼𧕰𧡾𨑅𨨳𨺚𩄫𩆘𩏴𩒡𩛊𩛕𩡥𩢿𩰪𪔕𪧬𪨲𪺛𫄺𫄻𫄼𫄽𫄾𫄿𫒘𬅍𬅔𬒴𬙌𬙍𬙎𬙏𬙐𬙑𬙒𬙓𬙔𬜪𬰸𭎘𮆚𮉱𮉲𮉳𮉴𮉵𮉶𮉷𮉸𮉹𮉺𰭂𰭃𰭄𰭅𰭆𰭇𰿒𱎬𱡲𱺱𱺲𱺳𲙷𲬠𲰛𲸲𲸳𲸴𲸷𲸸𲸹𲸺𲸻𲸼𳈅𳌮
缺	蒛𠺋𧎯𨶏𨸊𮉻𲢎
罂	𲤊𳃩
罃	𠠜𫬨
罌	𤫡𬧝𱲊𲤋
罍	𣡧𤫥
网	䋞䍑䍙䍞䒽䰣羀蛧𡶬𤂒𤄩𦉯𦉸𦉽𦊍𦊘𦊝𦊞𦊟𦊠𦊡𦊩𦊪𦊮𦊶𦋄𦋑𦋕𦋖𦋗𦋘𦋙𦋚𦋛𦋜𦋟𦋧𦋫𦋬𦋭𦋮𦋻𦋼𦌏𦌐𦌑𦌜𦌝𦌞𦌟𦌠𦌢𦌣𦌨𦌱𦌲𦌳𦌴𦍃𦍊𧧜𧧧𧵽𨋹𫅆𬙡𭩌𮉦𮊌𮊖𮊘𰭖𱺶𱻈𲸾𲺡
罒	㓻㗄㝶㥁㦥㩱㬅䂃䉚䍐䍒䍓䍔䍕䍖䍗䍘䍙䍚䍛䍜䍝䍟䍠䍡䍢䍣䍤䍥䍦䘆䜚䝦䟂䧮嚺堽夣幰徳愣憲懐攇曼楞櫶欝瀗灂爝爵皭眔眾睘睪瞏禤穱罖罗罘罚罛罜罝罞罟罠罡罢罣罤罥罦罧罨罩罪罫罬罭置罯罰罱署罳罵罶罷罸罹罺罻罼罽罾罿羀羁羂羃羄羅羆羇羈羉聴藼蜀衆詈買鄤釂𠇻𠍸𠍺𠖧𠟼𠰝𠳦𡃱𡐎𡔰𡕃𡘵𡙷𡚇𡢊𡢑𡩑𡩜𡫖𡬋𡬺𡭀𡶩𡿻𢁏𢊤𢊿𢍧𢖘𢛳𢝮𢟿𢥚𢪾𢰌𢴄𢴞𢶢𢺧𢻡𢿕𣁜𣋍𣌄𣙠𣝋𣝣𣝻𣠊𣠣𣠯𣡨𣡱𣡸𣤺𣫨𣬘𣱍𤁆𤃭𤄞𤄢𤅪𤈬𤉱𤋠𤍚𤐋𤐍𤓣𤔴𤔵𤨔𤩆𤪁𤫛𤭺𤴞𤹹𤼂𥀗𥄲𥄳𥅫𥆞𥇡𥉀𥊃𥊽𥊿𥋂𥎅𥤏𥤖𥨠𥱡𥱢𥴸𥵋𥷵𥷶𦃰𦇌𦉬𦉱𦉴𦉵𦉶𦉷𦉹𦉼𦉾𦊁𦊂𦊃𦊄𦊆𦊈𦊊𦊎𦊏𦊐𦊑𦊒𦊓𦊔𦊚𦊛𦊜𦊢𦊤𦊥𦊫𦊯𦊲𦊳𦊴𦊵𦊷𦊸𦊺𦊼𦊽𦊾𦊿𦋁𦋂𦋆𦋈𦋉𦋊𦋋𦋍𦋎𦋏𦋒𦋓𦋝𦋞𦋠𦋡𦋣𦋤𦋥𦋦𦋨𦋯𦋰𦋲𦋳𦋶𦋷𦋸𦋹𦋺𦋽𦋾𦋿𦌀𦌁𦌂𦌃𦌅𦌇𦌈𦌉𦌊𦌋𦌒𦌔𦌕𦌖𦌗𦌙𦌚𦌟𦌠𦌡𦌢𦌣𦌥𦌦𦌧𦌩𦌪𦌫𦌬𦌭𦌮𦌰𦌵𦌶𦌷𦌸𦌻𦌽𦌾𦌿𦍀𦍁𦍂𦍄𦍆𦍇𦍈𦑲𦑶𦚋𦡓𦢺𦣔𦭝𦭾𧂻𧈀𧐲𧑩𧓣𧔈𧕝𧝁𧞌𧤩𧪔𧪟𧭿𧮀𧹒𧽰𧾨𨏀𨏥𨔍𨔔𨖞𨖼𨗣𨗫𨘣𨝪𨝾𨞼𨟧𨣠𨤊𨩡𨭜𨭵𨮣𨯴𨯶𩀚𩃩𩅧𩊸𩌔𩎋𩕾𩖂𩖈𩮪𩮺𩰥𩰦𩶊𩼄𪋷𪒎𪓻𪔒𪝢𪧪𪩨𪪣𪯇𪴦𪹌𪺆𫅀𫅁𫅂𫅄𫅅𫅇𫅈𫅉𫅊𫅋𫅍𫎣𫤘𫧘𫨀𫲓𫴂𫻕𫻘𫻬𫿏𬅕𬅖𬅘𬅙𬅜𬈪𬉄𬉫𬎜𬎝𬑔𬖈𬙕𬙖𬙘𬙙𬙚𬙛𬙜𬙝𬙟𬙢𬙣𬙤𬙥𬙦𬙧𬙨𬙩𬙪𬙫𬬕𬬘𬽕𬿄𭂀𭂅𭂦𭆲𭆶𭐬𭑏𭖴𭞌𭞽𭣞𭦟𭧀𭩗𭲓𭳗𭳘𭹹𭹻𭺄𭼂𭾪𭾬𭾱𮃕𮄒𮄣𮆋𮆘𮈘𮈫𮉽𮉿𮊀𮊂𮊃𮊅𮊆𮊈𮊉𮊋𮊍𮊐𮊑𮊒𮊕𮊙𮊚𮊛𮊝𮊟𮊠𮊡𮊵𮊷𮋏𮓅𮕋𮕗𮚨𮜍𮟃𮣓𮣭𮧚𮪛𮫉𮫏𮯝𮲖𮲹𰂸𰊓𰝀𰣡𰤺𰭈𰭋𰭌𰭎𰭑𰭔𰯘𰯲𰴉𰻵𰻾𱑽𱤪𱧓𱨔𱨰𱩎𱪅𱪊𱪋𱪙𱪛𱪜𱪞𱪟𱪠𱫌𱫴𱫶𱬋𱬌𱬚𱬠𱭇𱮦𱯒𱯫𱯯𱯿𱰃𱲚𱲨𱲬𱲻𱺵𱺷𱺸𱺹𱺺𱺻𱺾𱻂𱻃𱻅𱻆𱻇𱻕𱼄𱼊𲅦𲉟𲌥𲎙𲐔𲗋𲘬𲙷𲜠𲢯𲰲𲲲𲶑𲸽𲸿𲹀𲹂𲹃𳆬
罔	䃃䱩惘棢焹網菵蝄誷輞辋魍龬𠬏𠵜𣶈𦖉𪱣𪻫𫍬𫰻𭡐𱆜𱎴𲌫𲝥𲤠
罕	浫𠳾𤞶𥤱𥺍𦯼𨼣𪣟𪳨𪿡𫒢𭝃𰗯𰾉𱠄𲯟
罖	𦊃𦊓
罗	㑩啰椤猡箩萝逻锣𪶒𫏑𫗩𫭽𫽋𬂂𬊜𬒓𬡠𬰡𭹜𮬽𮱊𰍚𰑫𰸿𱠌𱬿𲨟𲸱𲹊𲻔𲾲
罙	㤾堔探棎深琛穼賝𠟘𠫃𠶀𣮓𤀻𤉾𦜊𦸂𧨾𩤞𩴙𫎩𬤂𮵈𱴑𲅢
罡	㓻㟵䌉堽鎠𢱫𣗵𣦐𤌗𤭺𦋳𱓳𱿽
罢	䎬䙓摆罴𠙣𢅄𣉳𣘓𣡯𣺽𤳄𦃿𩺩𪤄𪳴𪽝𫁂𫔆𬙞𬺪𰠹𰦜𰱯𱝤𱴩𲢋
罣	𢠪𤌒
罧	𠘏𱐶𲪑
罨	𤪄𫫼𲢹
罩	𥋽𥵙𲦾𲸝𲿼
罪	㠑䊫嶵檌𢶀𣋖𣿓𨗻𬠯𭋈𱴷𲱊
置	㯰𧄗𪙳𪧁𫕾𫣧𭋏𮊍
署	曙濖糬薯鱰𠏲𡣈𣞍𥌓𥵟𨽉𪋰𫶳𭸭𱑈𲗋𲞧𲥨
罵	𡂼𢤇𦌭𦌹𧁦𭸱𱶬𲪡
罷	㔥䆉䎱䥯擺犤矲羆藣襬𠐌𠤩𡓁𡳹𢅩𢤛𢸇𣞻𤁣𤳷𤳸𥶓𨇑𫬘𫻕𬘊𭩓𭸰𲴗𳀇
罽	瀱蘮𥷙𦇧
羅	㦬㼈㿚儸囉攞曪欏玀籮纙蘿邏鑼饠鿡𠚢𡤢𡿇𡿏𢅾𣩿𣱀𤄷𤓓𤴏𥗴𥽺𦍉𦣇𧟌𧹐𨇽𩉙𩎊𩵇𩽰𪈰𪎆𬠻𭨒𭷷𭿳𮂩𰔿𲒣𲘖𲚩𲨯
羆	𤜑𥷾𧄾𧟍𨰟
羊	㟄㟱㶍㷢㿏䍧䍨䍩䍪䍫䍬䍭䍮䍯䍰䍱䍲䍳䍴䍵䍶䍷䍸䍹䍺䍻䍼䍽䬺佯劷咩善垟差庠徉样氧洋烊牂珜痒盖眻着祥絴羍羏羑羒羓羖羘羚羜羝羞羟羠羢羣群羥羦羧羪羫羬羭羯羰羱羳羴羵羶羷羸羺羻翔蛘觧詳譱详鮮鮺鲜鲝鴹𠙌𠣮𠫄𠲘𡀳𡔋𡰟𡱝𡾮𢏙𢢍𢥌𢥦𢹛𢺟𢼝𣁵𣞞𣣵𣫩𣾌𣿔𤅀𤈩𤐆𤕛𤢮𤼘𥀞𥒞𥥵𥨭𥬴𥷴𦃱𦍎𦍏𦍐𦍒𦍓𦍔𦍕𦍗𦍘𦍙𦍜𦍝𦍞𦍠𦍢𦍣𦍤𦍥𦍦𦍧𦍨𦍩𦍪𦍫𦍬𦍭𦍱𦍲𦍳𦍴𦍵𦍷𦍹𦍺𦍻𦍼𦍽𦍾𦍿𦎀𦎁𦎂𦎃𦎄𦎆𦎇𦎈𦎉𦎊𦎋𦎌𦎍𦎎𦎏𦎐𦎑𦎒𦎓𦎔𦎗𦎘𦎙𦎚𦎜𦎝𦎞𦎠𦎢𦎣𦎤𦎥𦎦𦎨𦎩𦎪𦎫𦎬𦎭𦎮𦎯𦎰𦎱𦎲𦎳𦎴𦎵𦎷𦎸𦎹𦎺𦎻𦎼𦎽𦎾𦏀𦏂𦏃𦏅𦏆𦏈𦏉𦏊𦏋𦏌𦏍𦏏𦏐𦏑𦏔𦏕𦏖𦏘𦏛𦏜𦏝𦏞𦏢𦏣𦏤𦏥𦏦𦏧𦏨𦏩𦏪𦏫𦏭𦏮𦏰𦢗𦭵𦳟𧒃𧒦𧒻𧕇𧕳𧨁𨀘𨇤𨋽𨌅𨐌𨒫𨖐𨛁𨦡𨬲𨮉𨯆𨰠𨶔𨶕𩁛𩊑𩣆𩰱𩴨𪅠𪉤𪔙𪢟𪢪𪭰𪯷𪷧𫅎𫅐𫅑𫅒𫅓𫅔𫅕𫅗𫅙𫅛𫅧𫅱𫙊𫨇𫰧𫳅𫹖𬁝𬌄𬒌𬙭𬙮𬙯𬙱𬙲𬙳𬙶𬙷𬙸𬙹𬙻𬡘𬨭𬩙𭂎𭆏𭕬𭚎𭭋𭺭𭽗𮃁𮊐𮊢𮊣𮊤𮊥𮊦𮊧𮊩𮊪𮊬𮊭𮊯𮊱𮊲𮊳𮊴𮟥𰉉𰐳𰑘𰜣𰭌𰭗𰭙𰭚𰭜𰲏𰻔𰻗𰽽𱉯𱕰𱢂𱪙𱪜𱪟𱪠𱫦𱻉𱻋𱻍𱻑𱾉𲔃𲥬𲩪𲷄𲹄𲹅𲹆𲹊𲹋𲹌𲹍𲹎𲹏𲹱
羋	蝆𣶿
羌	㛨㳾唴猐琷羗蜣錓𠊡𠒤𠻁𡝸𡬎𢒘𢻐𥇉𥓌𦍑𦏱𧇞𩸑𪁸𪉬𪲞𫹕𬁿𬝆𭖾𰐛𱻎𲟍
羍	𠣮𠶿𣖂𥈖𦂡𦌩𦎝𦝯𨂨𨔶𰂘𰌍
美	䓺媄嵄渼羹躾鎂镁𠁍𠝫𠸍𡎤𡮔𢱒𣈸𣖙𣝢𣮺𤧞𥈢𥖺𥠦𥻙𦎡𦎿𦏄𦏒𦝺𦫧𧶾𨷑𨸈𨺰𩋼𩝏𪹏𪻄𫅖𫅚𫅝𫅟𫅠𫖿𫘑𫝥𫞁𬒙𬗮𬘅𬙴𬙵𬙺𬙼𬙾𬩇𬮎𮊮𮠻𮭸𰌗𰭛𱞸𱺩𱻏𱻐𱻔𲉇𲐾𲒔𲗹𲹇𲹉𲹐𲿁𳁵
羑	㕗湵𦏇
羔	㗝㚠㟱䅵䫞榚溔禚窯糕羮羹蓔餻𡙡𣣵𣯇𤄂𤹂𦎟𦎴𦏗𦏠𦢋𦢹𨶅𩱋𩱧𪴴𫌉𫦑𫺵𭳫𭿔𮊰𮊱𮊲𮌭𰍔𱆓𱆺𲧍𲮩
羕	㨾樣漾𠍵𠓁𡡂𢟣𤎔𤡀𧫛𨄶𨖌𩞭𫑩𬋼𭹴
羗	嗴溬獇𡠎𣘎𥔶𥱑𦏱𦗅𧏙𨪢𪼎𫣌𫹝𬁍𭙬
羘	羸𢺧𣡅𤅘𤼘𦇽𦏝𦢱𮊵𮊷𱻓
羙	𤎀𦏠𩌣𭒏
羞	䡭饈馐鱃𤨩𥀞𦟤𦪋𩘭𫅡𬖱𬚂𱈌
羡	㵪檨𥖄𥗢𦅗𨬢𪞼𪮲𱯥𲵔
羣	㿏𡑳𡢡𣀄𣀆𣜘𤛰𥜉𨞗𫌔𰻚
群	𡀳𡑱𤐆𤺽𦏓𨆤𨮉𪷧𫲳𬚀𭁝𱻖
羨	㵪䢭檨𠿢𦆀
義	㕒㠖㩘㬢㼁䉝䕏䣡䧧䰮䲑䴊儀嬟嶬檥燨犠礒艤蟻議轙鸃𠬗𠿿𡅷𢣂𣿭𤩺𥋟𥫃𦡫𧕶𧸡𨆋𨣞𪙴𫓔𫴌𭻳𲄯𲌃𲴼𲹾𲿿
羮	𦢋𦢹𨞿
羲	㰕䂀曦爔犧𡾞𢸤𣎮𤓚𧔠𨏢𪽦𪾅𫇢𭀋𰩁
羸	㬯㱻䌴䯁𡰟𡰠𢺑𣠾𤅀𤼘𧄿𧕳𨰠𰿊
羹	𢑌𤄾𦣍
羼	𠠮𢺟𬳲𮟨
羽	㪧㮼㽂䈳䈵䋚䌻䍾䍿䎀䎁䎂䎃䎄䎅䎆䎇䎈䎉䎊䎋䎌䎍䎎䎏䎐䎑䎒䎓䎔䎕䎖䎗䎘䎙䎚䎝䟳䡪䣁䥇䦀䨒傓噿寥廖扇挧搧擢曜栩榋櫂歙毣濢煽熤珝璻祤禤穋羾羿翀翁翂翃翄翅翆翇翈翉翊翋翌翍翎翏翐翑習翓翔翕翖翗翘翙翚翛翜翝翞翟翠翡翢翣翤翥翦翧翨翩翪翬翭翮翯翰翱翲翳翴翵翶翷翸翹翺翻翼翽翾翿耀膠蓊蘙蛡詡謆诩趐鄝闒闟阘頨顟騸骟鮙鶲鹟𠃽𠐃𠝧𠞛𠞨𠟊𠢜𠢯𠥦𠺏𡁕𡍾𡠢𡤖𡩥𡪹𡬘𡭁𢊞𢋫𢌟𢏖𢒥𢟺𢬙𢴄𣇶𣊏𣚉𣤪𣫟𣭜𣯰𣴆𣷺𣺟𣻫𣼢𣽓𤎋𤬥𤭼𤹀𤹭𤺟𤺼𥀘𥂨𥋉𥏊𥒉𥔱𥜺𥢩𥤌𥨞𥰢𥵳𦏳𦏴𦏵𦏶𦏷𦏸𦏹𦏺𦏻𦏼𦏽𦏾𦏿𦐀𦐁𦐂𦐃𦐄𦐅𦐆𦐇𦐈𦐉𦐊𦐋𦐌𦐍𦐎𦐏𦐐𦐑𦐒𦐓𦐔𦐕𦐖𦐗𦐘𦐙𦐚𦐛𦐜𦐝𦐞𦐟𦐠𦐡𦐢𦐣𦐤𦐥𦐦𦐧𦐨𦐩𦐪𦐫𦐬𦐭𦐮𦐯𦐰𦐱𦐲𦐳𦐴𦐵𦐶𦐷𦐸𦐹𦐺𦐻𦐼𦐽𦐾𦐿𦑀𦑁𦑂𦑃𦑄𦑅𦑆𦑇𦑈𦑉𦑊𦑋𦑌𦑍𦑎𦑏𦑐𦑑𦑒𦑓𦑔𦑕𦑖𦑗𦑘𦑙𦑚𦑛𦑜𦑝𦑞𦑟𦑠𦑡𦑢𦑣𦑤𦑥𦑦𦑧𦑨𦑩𦑪𦑫𦑭𦑮𦑯𦑰𦑱𦑲𦑳𦑴𦑵𦑶𦑷𦑸𦑹𦑺𦑻𦑼𦑽𦑾𦑿𦒀𦒁𦒂𦒃𦒄𦒅𦒆𦒇𦒈𦒊𦒌𦒍𦒎𦒏𦒐𦒑𦒒𦒓𦒔𦒕𦒖𦒗𦒘𦒚𦒛𦒜𦒝𦒞𦒟𦒠𦒡𦒢𦒤𦒥𦒦𦒧𦒨𦒩𦒪𦒫𦒬𦒭𦒮𦒯𦔫𦞋𦠧𦫫𦭳𦶋𦶑𧄱𧝁𧞂𧢋𧢯𧥂𧭔𧾰𨆚𨋾𨌺𨙒𨜺𨝫𨞈𨤠𨦫𨯪𨶟𨼉𩔚𩗍𩘷𩘸𩙣𩢳𩭅𩮬𪅡𪅲𪇯𪈊𪊮𪏧𪓥𪓦𪜹𪤆𪥵𪬞𪰣𪴱𪸪𪾞𫅢𫅣𫅤𫅥𫅦𫅧𫅨𫅩𫅪𫅫𫅬𫅭𫅮𫅯𫅰𫅱𫅲𫊼𫖈𫹓𬌇𬏬𬏵𬖅𬚃𬚄𬚅𬚆𬚈𭉮𭊨𭌁𭎛𭏕𭏵𭖺𭚰𭣟𭩎𭬆𭯥𭯩𭾲𮇝𮊕𮊸𮊹𮊺𮊻𮊼𮊽𮊾𮊿𮋀𮋁𮋂𮋃𮋄𮋅𮋆𮋇𮋈𮋉𮋊𮋋𮋌𮋍𮋎𮋏𮋐𮋑𮋒𮋓𮋔𮋕𮋗𮋘𮋙𮑹𮘸𮜍𮝞𮠪𮪄𮭐𮱂𮲹𮵒𮶈𮶉𮶊𮶋𮶌𮶍𮶎𰍗𰔘𰚭𰭝𰭞𰭟𰭠𰭡𰭢𰭣𰭤𰭥𰯪𰱺𰿻𱁌𱃍𱈹𱪖𱻗𱻘𱻙𱻚𱻛𱻜𱻝𱻞𱻟𱻠𱻡𱻢𱻣𱻤𱻥𱻦𱽄𲀮𲅆𲏽𲩊𲹑𲹒𲹓𲹔𲹕𲹖𲹗𲹘𲹙𲹚𲹛𲹜𲹝𲹟𲹠𲽞𳁳𳑪
羿	𫱐𱮑
翁	㨣㮬㺋䈵䐥䩺䱵傟勜嗡塕嵡慃暡滃瞈聬蓊螉鎓鶲𠃽𡟸𡩥𡻐𢐢𤌏𤹗𥕀𦒙𦒥𦫫𧛹𧷜𨉳𨎃𨜺𩄘𩔚𩡓𩥛𩮬𫕎𬓵𬭩𮬢𮴫𱗣
翌	熤翣𥡪𪢄𪩒𪷊𬄘𮄺𲣯
翏	㬔㶀㺒䚧䢧䰘䵏僇剹勠嘐嫪寥嵺廖憀戮摎樛漻熮璆疁瘳磟穋繆缪膠蓼蟉謬谬豂賿蹘轇鄝醪鏐镠雡顟飂髎鷚鹨𠐋𠓂𠗽𡀒𡠢𡬘𡭁𡳇𡻪𡽐𢄪𢒥𣠼𣩍𥂔𥉾𥧯𥲿𦑬𦗖𧢋𨟆𨶪𩌭𩘷𪅡𪇯𪖷𪤗𪯖𫐖𫟇𫬏𫲋𬵩𮖮𮨵𮪙𱚛𲚚
習	㗩㠄㦻㿇䌌䐲䒁嶍慴摺槢漝熠磖翫褶謵霫飁騽鰼鳛𡏽𢄭𣄹𣤊𣯥𣯮𤗨𤛊𤬥𥱵𦒆𦒉𦒣𦗗𦧱𦸚𧐔𧢇𨄌𨫧𨻸𨻿𩀦𩘴𪄶𪦞𮊙𮤡𮵪𰄊𰐑𰡥𰬶𰶃𱃟𱅩
翔	𦤥𰝲
翕	㒆㩉㪧㬛㯓㽂䁯噏嬆嶖歙潝熻蹹闟𠟊𢡁𢿴𣯾𣰅𤛣𦅖𦪙𧝅𧬈𨎰𨝫𩰙𩻵𪅲𪼜𫋞𮁈𮋖𮙑𰊬𰰉𰱺𰿻𱪗
翚	𫾉𰝍
翜	㵤𨮅
翟	㒛㪬㺟㿑䊮䌦䢰䴞嚁嬥戳擢曜櫂濯燿矅籊糴糶耀藋蠗趯躍鑃鸐𠑝𡒔𡽢𢖈𢣷𢺜𣟐𣠜𣤩𣩰𣰞𤛹𤾫𥜔𥣞𦒰𦡱𧥋𧸭𨞩𨤠𩁙𩁭𩍪𩱲𩴹𫃙𫦼𫾥𬣑𭯪𮋚𱁐𱊱𲀐𲒢𲰊𲹞
翠	䕜噿濢璻臎𡣝𣝦𥖮𪺀𫓚𫾒𬡳𮡊𮭚
翣	𡁕𥵳
翥	𲜟𳄒
翦	譾𢸄𫍿𰝨
翬	㩣瀈𤑱
翰	瀚𨯪𰝴𲗫
翳	蘙蠮𡤖𭌣
翼	㢞瀷龮𠥦𤒩𤼌𥤌𦔫𧃟𧾰𨙒𪧴𫍖𫓢𬓝𮷃𰃇𰋄
翽	𧕼𧖢
老	㐗㖈㧯㳣䇭䎛䎜䎝䳓佬咾姥峔恅栳狫珯硓粩耄耆耈耋荖蛯銠铑鮱𠅸𠺛𡋎𡨳𡪰𡶰𢂢𣭢𣴐𤛪𤶁𥙕𥞠𥥧𥨔𦒲𦒴𦒵𦒸𦒹𦒼𦒽𦒾𦒿𦓀𦓁𦓄𦓅𦓇𦓈𦓉𦓊𦓋𦓌𦓜𦕳𦚱𦽡𧂕𧻩𨀼𨈺𨊁𨊜𨘝𨚻𨠬𨴛𩅯𩇇𪀧𪙐𪰚𪸦𫅳𫅴𫅵𫅶𫅷𫅸𫐥𫒰𫦶𬑑𬚊𬚌𬚎𬴖𭅒𭅷𭈱𭓮𭕮𭢈𭾀𮋛𮋜𮋨𮧹𮫃𮳥𰢩𰭩𰭪𰭫𱉦𱖠𱻧𱻨𱻪𲶒𲷱𳋓𳐇
耂	㠻䎞䬡孝煑煮翥老考者耆耇耊𢝬𢳩𤆯𤤜𤨛𥨮𥭻𦂂𦒱𦒲𦒳𦒶𦒷𦒻𦓃𦓆𦙩𦹘𨮚𩲘𫗍𬄊𬚉𬚋𭃱𭾩𮋝𰛌𰭧𰭨𱳁𱻩𱻫𱻬𱻭𱻮𱻯𲅟
考	㘼㛈㼥侤拷栲洘烤耉銬铐鮳鲓𠱼𥬯𥹬𧙲𪦘𪫭𫇷𫷟𬁥𬐈𬢦𬴗𮔁𱹱𲭻𳋒
耄	𣮳𨊜
者	㗯㥩㨋㶆㸙䃴䎞䐗䘄䡤䬡䰇䰞䰩䵭乽偖儲啫堵奢媎屠帾擆斱暏暑楮櫧殾渚潳煑煮猪琽瘏睹禇箸緒緖绪署翥著薯蝫蠩褚覩觰諸诸豬賭赌赭踷都醏鍺鐯锗闍阇陼鯺𠁂𠣰𡎉𡗀𡦡𡪄𡺐𢅔𢉜𢐼𢑳𢔪𢝬𢥃𢾀𣂃𣃈𣋐𣗓𣦈𣾻𤂩𤌄𤑜𤑨𤗡𤯈𤻃𥀁𥧏𥪤𦋧𦑥𦓍𦘠𦩳𦾧𦿀𧂤𧬅𧳯𨔾𨜞𨲘𨶶𩋵𩜼𩤜𩫭𩱰𩴀𩴟𪃙𪃲𪋏𪋑𪜕𪟈𫅶𫙀𫯽𫲬𫻷𫼏𬂈𬅩𬆰𬖡𬚍𬛃𬢎𬯯𬴢𬼻𭌙𭥬𭷭𮃔𮑂𮒼𮖺𰆑𰻛𱕣𱻭𱻯𲊴𲔋𲖭𲗋𲳲𲹡𳂰
耆	䅲嗜愭搘榰蓍螧鬐鰭鳍𡺸𣉟𣯆𣹡𥉙𦓂𦔌𦞯𧡺𧪡𨢍𨪌𨲤𩝙𩥂𩥞𪄖𫂓𫎟𬤓𭏎
耇	𦴆𬾭
耋	𨊆𱟆
而	㖇㧫㾍䎟䎠䎡䛔侕峏恧斋栭洏篅粫耍耎耏耐耑聏胹荋袻輀陑需髵鮞鲕鴯鸸𠉺𠳍𡄠𡜚𡩂𡭺𢡵𢰋𢰚𣆝𣤀𤭃𤮁𤹢𥅡𥟺𥬵𥱙𥿶𦎂𦏥𦓎𦓏𦓑𦓒𦓓𦓔𦓕𦓖𦓠𦓡𦓢𦵓𧔇𧤬𧰛𧳲𨒩𨴎𨾿𩰴𩻆𪊫𪋣𪎿𪏖𪏣𫅺𫭱𫳟𬚏𭐜𭫻𭸄𭹄𮁮𮋠𮋡𮝵𰌧𰣵𰭬𰭯𱃦𱅭𱍩𱍽𱚠𱳝𱸘𱻰𱻱𱿟𲀀𲂈𲇋𲇼𲟹𲵩𲷗𲹢𲹣𳃰𳅓𳈃𳎱
耍	𡞾𢝶𤧋𦵘𨍥𫪱𬲗𱠕𲺟
耎	㐡㓴㨎㬉㮕㼲㿵䓴䙇䞂偄堧媆愞渜煗瑌碝稬緛腝蝡輭陾餪𠷀𢃾𢣓𣝚𤐱𤟦𤮵𤲬𤸂𥈇𥯬𥻟𦓜𦖩𦾳𧓐𧞕𧭌𨨰𩀋𩆣𩱄𩹓𩼭𪃉𪋐𫗬𬘰𬥻𰩥
耐	𪹅𭱈𱓗𱱘
耑	㙐㟨㪜㼷䝎䳪䵎偳剬喘圌媏惴揣椯歂湍煓猯瑞端篅腨褍諯貒踹輲遄鍴顓颛𡽏𣖃𣮼𤟮𥔗𥚻𥠄𥻁𦓗𦓙𦓚𦓛𦓝𦓞𦓟𦓣𦦇𦵓𧍒𧔇𧤗𧶲𧼴𨘼𩜵𩠊𩤚𫍱𫳟𬥼𮀅𮈪𮋟𰐜𰣵𰭭𰭮𰹄𰺒𰾜𲤥𳈃
耒	㑍㼍䋘䎢䎣䎤䎥䎦䎧䎨䎩䎪䎫䎬䎭䎮䎯䎰䎱䒹䣂䣢洡筙耓耔耕耖耗耘耙耚耛耜耝耞耟耠耡耢耣耤耥耦耧耨耩耪耫耬耭耮耯耰耱耲誄诔銇頛𠓩𠙲𠛨𠬽𠱤𡋃𡥤𢙩𢬗𢼡𣑳𣢹𤈞𤞖𥅦𥑶𥷸𥹯𦓥𦓦𦓧𦓨𦓩𦓪𦓫𦓬𦓭𦓮𦓯𦓰𦓱𦓲𦓳𦓴𦓵𦓶𦓷𦓸𦓹𦓺𦓻𦓼𦓽𦓾𦓿𦔀𦔁𦔂𦔃𦔄𦔅𦔆𦔇𦔈𦔉𦔊𦔋𦔌𦔍𦔎𦔏𦔐𦔑𦔒𦔓𦔔𦔕𦔖𦔗𦔘𦔙𦔚𦔛𦔜𦔝𦔞𦔟𦔠𦔡𦔢𦔣𦔤𦔥𦔦𦔧𦔨𦔩𦔪𦔫𦔬𦔭𦫎𧂻𧄃𧄥𧋆𨀤𩳆𪵛𫀇𫅹𫅺𫅻𫅼𫅽𫅾𫅿𫊅𫙛𬁻𬖁𬚐𬚑𬟇𬦗𬩧𬱜𭛧𮋣𮋤𮋥𮋦𮋧𮋨𮋩𮋪𮜟𮨍𮰍𰡺𰭱𰭲𱄛𱱁𱶆𱷟𱺛𱻲𱻳𱻴𱻵𲂮𲉐𲐁𲱗𲹤𲹥𲹦𲹧𲺏
耕	𦷂𮅰𮋫
耗	𣉶𪡱𱤠𲼞
耤	䎰䣢籍藉𤁏𨆮
耦	藕𡂮𡫢𥨱𬕽
耨	𣟪𤒛𧂭𩽔𬶹𲬯𲶨
耳	㒤㔌㛅㢽㣬㥝㱌㲨㵵㷅㷦㸎㿴䁒䇯䉗䋙䌰䌺䎲䎳䎴䎵䎶䎷䎸䎹䎺䎻䎼䎽䎾䎿䏀䏁䏂䏃䏄䏅䏆䏇䏈䏉䏊䏪䐕䐛䔱䕺䝒䝕䠜䠫䣵䤊䩰䩸䯀佴偮傇刵取咠咡壣媶弭恥憨戢挕搑摂敢斊最朂栮棸榵毦洱渳焣珥眲穁箿縙耴耵耶耷耸耹耺耻耼耽耾耿聀聁聂聃聄聅聆聇聈聉聊聋职聍聎聏聐聑聒聓联聕聖聗聘聙聚聛聜聝聞聟聠聡聢聣聤聥聦聧聨聩聪聫聬聭聮聯聰聱聲聳聴聵聶職聸聹聺聻聼聽聾茸葞葺衈褧誀讘趣蹑郰鄹鉺鍓铒闞闻阚顳颞餌饏饵駬驟髶鬫鵈𠏭𠐪𠖙𠟕𠣽𠦫𠪬𠻎𡁢𡂩𡄔𡍲𡑜𡓳𡗏𡞺𡠸𡤙𡦍𡪅𡫉𡱡𢌖𢕃𢙘𢜱𢝉𢞚𢟛𢡐𢦀𢧎𢩇𢸶𢾸𣀋𣀌𣀯𣀳𣉛𣌍𣍇𣜒𣝽𣠞𣠨𣧹𣭞𣯏𣰼𣷗𤅾𤈨𤋕𤑿𤔛𤕖𤛄𤣆𤣈𤣒𤦟𤧬𤭿𤮱𤳾𤼕𥉔𥋉𥍉𥎂𥕁𥙟𥚅𥠋𥣙𥤋𥥯𥧺𥨬𥨳𥪻𥴋𥵫𥷨𥷵𥹢𥻯𦆜𦔋𦔮𦔯𦔰𦔱𦔲𦔳𦔴𦔵𦔶𦔷𦔸𦔹𦔺𦔻𦔼𦔽𦔾𦔿𦕀𦕁𦕂𦕃𦕄𦕅𦕆𦕇𦕈𦕉𦕊𦕋𦕌𦕍𦕎𦕏𦕐𦕑𦕒𦕓𦕔𦕕𦕖𦕗𦕘𦕙𦕚𦕛𦕜𦕝𦕞𦕟𦕠𦕡𦕢𦕣𦕤𦕥𦕦𦕧𦕨𦕩𦕫𦕬𦕭𦕮𦕯𦕰𦕱𦕲𦕳𦕴𦕵𦕶𦕷𦕸𦕹𦕺𦕻𦕼𦕽𦕾𦕿𦖀𦖁𦖂𦖃𦖄𦖅𦖆𦖇𦖈𦖉𦖊𦖋𦖌𦖍𦖎𦖏𦖐𦖑𦖒𦖓𦖔𦖕𦖖𦖗𦖘𦖙𦖚𦖛𦖜𦖝𦖞𦖟𦖠𦖡𦖢𦖣𦖤𦖥𦖦𦖧𦖨𦖩𦖪𦖫𦖬𦖭𦖮𦖯𦖰𦖱𦖲𦖳𦖴𦖵𦖶𦖷𦖸𦖹𦖺𦖻𦖼𦖽𦖾𦖿𦗀𦗁𦗂𦗃𦗄𦗅𦗆𦗇𦗈𦗉𦗊𦗋𦗌𦗍𦗎𦗏𦗐𦗑𦗒𦗓𦗔𦗕𦗖𦗗𦗙𦗚𦗛𦗜𦗝𦗞𦗟𦗠𦗡𦗢𦗣𦗤𦗥𦗦𦗧𦗨𦗩𦗪𦗫𦗬𦗭𦗮𦗯𦗰𦗱𦗲𦗳𦗴𦗵𦗷𦗸𦗹𦗺𦗻𦗼𦗽𦗾𦗿𦘀𦘁𦘂𦘃𦘄𦘅𦘆𦘇𦘈𦘉𦘊𦘋𦘌𦘍𦘎𦘏𦘐𦘑𦣀𦻡𧂺𧄢𧅞𧆁𧊗𧎣𧓏𧕩𧙫𧚿𧝯𧡵𧤏𧩞𧪇𧭍𨃁𨉴𨊞𨌀𨍷𨏄𨏴𨓭𨘽𨙓𨛿𨝢𨝮𨞟𨞮𨠧𨨹𨺿𨻕𨽁𨽦𩊐𩍧𩙝𩧁𩮙𩰆𩱓𩲽𩼦𩽪𪓯𪔪𪕔𪘸𪙘𪚀𪣌𪣿𪵎𪸥𪺐𪿼𫆀𫆁𫆂𫆃𫆄𫆅𫆆𫆇𫆈𫆉𫆊𫆋𫆌𫆍𫆎𫆏𫆐𫆑𫆒𫆓𫉠𫉻𫔾𫜽𫟉𫧛𫮣𫴟𫾬𬃁𬄻𬋀𬌯𬚒𬚓𬚔𬚕𬚖𬚗𬚘𬚙𬚚𬚛𬚜𬚝𬚟𬚠𬚡𬚢𬚤𬚥𬚦𬚧𬚨𬝞𬠪𬥁𬦮𬴿𬵺𬸽𭆐𭈳𭋾𭌔𭒒𭤏𭤶𭬊𭳝𭵢𭺃𭽯𮈭𮋬𮋭𮋮𮋯𮋰𮋱𮋲𮋳𮋴𮋵𮋶𮋷𮋸𮋹𮋺𮋻𮋼𮋽𮋾𮋿𮌀𮐘𮤜𮫸𮱨𮶏𮶐𮶑𮶒𮶓𰆉𰇂𰒌𰕖𰖰𰝒𰦳𰭳𰭴𰭵𰭶𰭷𰭸𰭹𰭺𰭻𰱶𰱸𰷀𱀹𱁁𱁜𱅋𱌣𱣍𱤷𱫾𱷏𱻂𱻷𱻸𱻹𱻺𱻻𱻼𱻽𱻾𱾜𲄾𲆇𲝒𲥈𲥖𲫺𲹨𲹩𲹪𲹫𲹬𲹭𲹮𲹯𲹰𲹱𲹲𲹳𲹴𲹵𲹶𲹷𲹸𲹹𲹺𲹻𲹼𲹽𲹾𲹿𲺁𲺂𲺃𳅅𳅫
耴	㑙耴𠲷𢬴𥭙𦕿𦯍𧼈𩂻
耶	㖿倻揶椰爺瑘鄊鎁鿢鿣鿤𠁌𢝞𥯘𦂫𦳃𦻚𩸾𪶘𪾉𫛉𫧵𬚞𭆊𭒅𭝤𭻲𮠎𱎉𱛹𱤷𲈍𲉢𲉻𳎝
耷	䐛𠸊𡍲𢝉𢱕𧪇𨨹𬭞
耸	𢕈𲢍
耻	𢲮𪪪𬚣
耼	𣹼𦶈
耽	㴷𠹆𢲠𧏰𨄁
耿	㷦𢞚𥉔𦃸𦵸𪳎𲫺
聀	𠺵𢟘𢲦𤹚𦃎𲳹
聂	䯅嗫慑摄滠蹑镊𦈙𪳍𫌇𫒅𬥄𰵹𱗝𱢙𱳅𱸗𱹔𲫻𲳷
聃	䔜𢳞𣼚𲖁
聆	䉁𠻠
聊	㗦㟹窷𠖛𠨥𡪉𡼅𣘪𣼾𥕡𥲊𦺹𲿘
聑	㒤㱌㸎䌰䝕䯀聶讘顳𡓳𡤙𣀳𣌍𣠞𣰼𤣒𤮱𥍉𥤋𥷨𦕿𦣀𦻙𧕩𨊞𨏴𨙓𨽦𩙝𩯻𩽪𫯺𬋇
聒	𢡲𣽅
联	𢵑𣾍𥜁𪤚𱬏
聖	檉蟶𠏄𡢨𢶫𧬼𨭰𨼳𪢎𪬮𬂒𬉊𰋍𱵭𲬐
聘	𫫺𬕴
聚	㔌㵵䝒䠫藂鄹驟骤𠏭𡒍𡣞𡽨𢷗𣀒𥣙𥵫𦆜𧓏𧭍𨞮𨽁𩍧𩼦𮋼𰈸𰟪𲯁
聞	𡣟𤀳𦘁𨷝𬚩𭏾𰦇𳁚
聮	𤑿𤣆𪚀𱌨
聯	㶌㺦壣𤒤𪚁𪚄𱙱
聰	𧃿𲺀
聲	𡄔𫓠𲧚
聶	㒤㱌㸎䌰䝕䯀囁懾攝欇灄襵讘躡鑷顳𠠨𡓳𡤙𣀳𣌍𣠞𣰼𤣒𤮱𥍉𥤋𥷨𦣀𧕩𨊞𨏴𨙓𨽦𩙝𩽪𬗂𭗵𭽺𮁖𮂨𮌀𰚶𰢚𱃒𱲉
職	蘵𤼕
聼	𠫊𱕱
聽	㕔廳𢺭𪢧𲘜𲧧
聿	㖀㡽㶳䀌䋖䢖䮇侓冿垏峍建律晝書津珒畫畵硉筆肁肂肄肆肇肈茟衋貄銉𠜈𡷏𢘶𢫫𢶝𣑵𤁿𤄼𤈠𤌛𤝽𤧎𤱪𤲿𥁞𥂛𥒠𥞰𥱂𥹧𦘓𦘔𦘕𦘖𦘗𦘘𦘙𦘚𦘜𦘝𦘞𦘟𦘠𦘥𦘦𦘨𦛌𦨱𧃤𧊐𧗃𧗊𧗙𧗚𧙻𧧪𧱇𧶁𨀞𨕨𩬶𪀴𪁀𫆔𫆕𫙟𫲌𫽹𬚪𬚫𬚭𬚮𬯟𮌁𮌃𮌅𮟘𮢢𰓪𰙨𰜰𰭼𱩀𱻿𲉏𲺄𳅕𳌷
肀	䀆䏋唐帇粛聿肃肅隶鷛𠟱𠩖𡪼𢗱𢙻𣌦𣵏𣾩𤌲𤔇𤞍𤲯𥹺𦀱𦘒𦘝𦘡𦪲𦪺𦮵𦳒𦹓𧀳𧑔𧑛𧷇𨝎𪒡𬎾𬗷𭴘𭹲𮌂𮌄𮯆𰻌𱹜𲙱𳄱
肃	㙌㴋啸箫萧骕鹔𩙨𪮋𫦅𬒕𬚄𰗹𰙑𰢄𰬩𰮲𱇿
肅	㔅㩋㪩㬘䃤䊥䎘䐹嘯彇橚歗潚熽璛簫繡蕭蟰鏽驌鱐鷫𠏐𡼣𦘤𦪓𧽷𨅋𩘹𪆭𪬵𫱷𬣉𮋕𮩰𰨻𰹧𰻕𱚕𲁆𲚔𲲗𳌝
肆	蕼𱄵
肇	𬑷𬢅
肉	䏑䐡䯐朒瘸癵肏胔胬胾脔腐膐膥臋臠臡𠒯𡬻𡱎𢩌𢫭𣀙𣧻𤃼𤌔𤻚𥀙𥃀𥭊𥷭𥷽𦘫𦘬𦘻𦘽𦘾𦙂𦙡𦙢𦙧𦙩𦙲𦚆𦚇𦚒𦚓𦚘𦚙𦚛𦚨𦚮𦚷𦛂𦛃𦛄𦛅𦛆𦛇𦛝𦛶𦛷𦛹𦜁𦜑𦜜𦜽𦜾𦜿𦝍𦝎𦝘𦝙𦝾𦞉𦞊𦞋𦞍𦞏𦞘𦞱𦟎𦟖𦟡𦟦𦟴𦠂𦠩𦠪𦠫𦠬𦠶𦡇𦡈𦡛𦡜𦡝𦡼𦢆𦢰𦢻𦢽𦣚𦧘𧻣𨛇𨹌𨿇𩣀𩪏𩬳𩶩𪗌𪠼𫆜𫆫𫆭𫆰𫆸𫆺𫻯𬐺𬚱𬚲𬚴𬚶𬚸𬚺𬚿𬛃𬛈𬛌𬛎𭃘𭑶𭬙𭸆𮌉𮌊𮌑𮌕𮌜𮌿𮍉𰞎𰭾𰮀𰮂𰮄𰮆𰮈𰮉𰮍𰮎𰮏𰮑𰮔𰮕𰮖𰮘𰮛𰮜𰮞𰮢𰮣𰮨𰮪𰮫𰮮𰮶𰮻𰯆𰯋𰯖𰯠𰯣𰯥𰯦𱣑𱲃𱼄𱼚𱼛𱼦𱽠𲀊𲛀𲜿𲺅𲺏𲺒𲺔𲺫𳐨
肋	筋荕𠡮𣌰𦟭𩶵𱒠
肌	𥬾𮪛
肎	䒿肻膋骨𡁦𡧓𢋚𦡌𩪯𫆙𭞩𮌔𰟿𱮚𱼥
肖	㲖㲵㴥㴮䇌䏴䘯䨭䴛俏削哨娋宵屑峭帩弰悄捎旓梢消焇琑痟睄矟硝稍筲綃绡艄莦蛸誚诮趙踃輎逍銷销陗霄鞘韒颵髾魈鮹𠋱𡁻𡌔𡜽𡯩𢈭𢓮𢼼𢽐𣆺𣭱𣺰𤙜𤞚𤫾𤿨𥙬𥹶𦂚𦐺𦓴𦚍𧣪𧳍𧶈𨛍𨡀𨪮𨲆𩛱𩠦𩡈𩩓𪁎𪌯𪑊𪘞𬳘𬹈𬺆𭙱𮆂𮔱𮝥𰄎𰌨𰕩𱀓𱂉𱇯𲍸𲹂𲹆𲹭𳅖𳋪𳐜
肗	䑉攍𡢔𡢣𤄞𥷶𥸏𦻯𫲓𬉑𬉫𮆝𮕗𱼒
肘	𡬰𤶡𰞧
肙	㘣㾓䅌䣺䧎䬼剈埍娟弲悁捐梋涓焆狷琄瓹睊絹绢罥膏蜎裐鋗鞙駽鵑鹃𠉌𠗓𡢩𡷡𢂱𢟚𣙛𣪓𤍦𤞣𥥾𥭞𦋀𦐽𦚶𦮻𧨜𨀮𨌉𨛡𨿔𩌒𩐪𩩐𩫘𩷫𪌭𪿇𪿠𫓶𫚼𫜓𫡻𫦪𫺴𬙿𮌬𮍅𮦑𰮗𱅖𳎗
肚	𫆖𭠾𰮵
肜	𡐐𦝸𧠿𱝣𲫟
肝	𨧠𲔳𲡴
股	𦜴𨵐
肥	䈈俷淝萉蘎蜰𡝞𡺮𢩒𣋍𤷂𧁳𧌳𧓖𫉳𭈙𭵀𭵁𭽮𰮿𲦋
肩	䑷掮猏菺顅鵳𠊘𣓖𣘾𦠘𦠰𦢳𧡌𧢞𧱚𨨔𨿱𩭠𫆥𫖶𬇽𬛀𬛕𭈞𭡙𭨼𭵅𮌙𰯜𱊋𱼘
肪	𣎓𦜍𮌠
肫	𤊯𨙆𱓇
肬	䏵𤷊𧌌
肯	啃掯褃錹𡞚𣔨𣛅𥺾𦜨𦝽𧨷𨌳𨔑𪣩𫠶𬂕𬒔𭍧𰉇𰜀𰱔𰳅𰸕𱅲𱎳𱫗𱭈𲨞𲭘𲮐𲺜𳏃
肰	𥁾𭵃
育	㛩㣃㥔㬚㻙䋭䒆䘻俼唷堉徹撤棛淯焴瞮蘛蜟逳錥𠃴𢯡𣣎𣨧𣪟𣫺𣰪𤀷𤟂𤢉𥺞𦔞𦚯𦝑𦱀𧶰𨂔𨅊𨌯𨏣𨛼𨟝𨡚𨿾𩍒𩛭𩩣𪟆𫆡𫆽𫇄𫓾𬛠𭲤𮌫𰕎𱁟𲓓𲓨𲨡𳃼
肴	㮁倄崤殽淆誵郩餚𠴳𢛘𢡯𢯎𤉶𤎦𤐳𤚁𤷤𧼡𨡜𪘱𫨖𫾼𬗤𬳁𮌞𮱋𱗅𲌹𲯢
肵	𣂤𦜓
肿	𠎏𣶴𰮹
胃	㙕㥜䁌䬑喟媦渭煟猬稩緭膚蝟謂谓𠅥𢔥𢯮𣉌𣖜𣽴𤁿𥚷𦝩𦡾𦩝𦳢𧳪𧼫𨩋𩋤𩤸𩨅𩹂𪞦𫆿𫑤𬔤𭗞𭘪𮍋𰯇𱈃𱩸𱯋𱴚𲏷𲐸
胄	䅢䊘䶇𦂈𩍌𰼾
胆	𫅝𰣹𲃷𲕪
胊	胊葋𥯷
背	㔨䋳偝揹禙褙鄁𤊷𦡟𨩈𩭿𩳿𪣵𫱉𬑜𬙷𬛉𬛏𬛛𭁚𮌡𮌱𮌽𰈉𰫂𰮴𱼟𱼠𲱥𲺥𲺿
胍	𦳍𨃆
胎	𦞀𬛝𰌎𲒱
胙	葄𪱢
胞	褜𠷤
胠	脚𦛕
胡	㗅㾰䠒䩴䭌媩楜湖煳猢瑚箶糊葫蝴衚醐鍸餬鬍鰗鶘鶦鹕𡎁𡹹𢉢𢰮𤭱𥔓𧍵𧛞𧛫𨡷𩀉𪍒𪐉𪕮𪕱𪝍𫗫𫛷𬶞𭩀𮍂𮠐𱋟𱝴𱥒𲈋𲽩
胤	湚𠸕𧎠𨢂𱞳
胥	㥠䈝䱬偦壻婿揟楈湑稰糈縃蝑諝谞醑𡹲𤟠𤸀𥚩𦠷𧶳𨍐𨢺𩝔𩠋𩾊𪙀𬨏𭂘𮢦𲯪
胷	𣺷𤭶𩌠𮖣
能	㑷㔮㨢㴰䘅態熊熋罷藣螚褦𠹌𡮙𢟒𣉘𤌶𤠗𤹍𥀍𥉃𥰘𦋼𦎵𦑴𧟽𧴞𨃳𨶙𩙸𪏛𪣾𫆽𫠹𬂌𬚆𭏙𭏿𭽳𮊓𮐝𰳔𱙦𱼑𲛧𲷖𲸌𲸍𲺲𳍰𳑧
脂	㴯𫆻
脅	㙝嗋愶搚熁𣣲𣹩𫉆𮌯
脈	霢𪃻𱗦
脉	䳮霡𩥔𰪌𱊓
脊	䰪塉嵴瘠膌蹐𡲺𢊌𢱣𣖷𣦒𣦲𥕂𦡠𦵾𩮦𩴎𩺀𮭉𰽃𱨄𳎡
脚	𬛟𮆁𳍷
脛	𣻽𪡿
脣	䔚䥎漘磭𠼉𣘣𧱽
脩	䐰䗛樇滫蓨鏅𤛛𥉈𥠿𦃬𪅭𭢎𮆀𰈣
脫	𢴎𦢴𦸍𪷄𫌎𭊕
脯	䈻䔕
脱	𢴎𦢴𦸍𰈥𰤀𰯢𳃟
脹	𬛙𱟛
脾	簲𪷗𮑎
腊	𪺦𭊸𭢝𭬄𭲢𮌼𰄌𱬕𱮢𱸦𳄲
腐	𫓘𭬙𮌾
腔	𨭏𨭒
腫	𫇁𬉎
腮	𥵖𰔮
腰	𣿺𪱘
腱	𥴤𦽇
腸	𦼳𬛡
膏	𣎪𧀎𭳇
膚	𤮣𦢚𧀴𫻖𬉜𬬚𬮗𰊼𰕘𰪠
膠	㶀廫𠐋
臂	𮦾𰍣
臘	𡅘𢺎𥸆𧅕
臠	癵𡆝
臣	㰓㻨䆠䋗䑐䑑䖙䛗䜿䝂䢻䥮䭆凞卧嚚姫宦弫挋朢栕烥監盬臤臥臦臨茞蔵覧贒鍳頣鹽𠄱𠈄𠏫𠙉𠡗𠥸𠱸𠽺𠿦𡂨𡇖𡚛𡣵𡦋𡬴𡮼𢒝𢙞𢱯𢼧𣂜𣔿𣠅𣠿𣦪𣱄𤂟𤇸𤋮𤍥𤎹𤖋𤩉𤱥𥂠𥂭𥃉𥃡𥊇𥪡𥷷𥼿𥽐𦂳𦚠𦣟𦣠𦣡𦣢𦣣𦣥𦣦𦣧𦣨𦣩𦣪𦣫𦣬𦣭𦣮𦣯𦣱𦣲𦣳𦣵𦣶𦣷𦦶𦪱𦽕𦾐𧂢𧊺𧌟𧏆𧡼𧧰𧨭𧩾𧭅𧷢𨍒𨢒𨤎𨦍𨰶𩈵𩠝𩠞𪤀𫇅𫇆𫇇𫇈𫎠𫎡𫺮𬐱𬛤𬛥𭎏𭗉𭘍𭝨𭞏𭞺𭰍𭵧𭵳𭿐𮀁𮇽𮍎𮍏𮍑𮍓𮎽𮑠𮚕𮚚𮴐𮸅𰊪𰯮𰯯𰯰𰯲𰯳𰲄𱏠𱲚𱼧𱿇𲇔𲣴𲣵𲽨𳂢𳐦
臤	㷂㹂䁂䵖堅婜孯掔硻竪緊腎菣蜸豎賢鋻𡮺𡹩𢃥𢤞𤦁𤭠𤲗𤷌𤿳𥦞𦜌𦜜𦣴𧇜𧞀𧼒𨨘𩋆𩜬𪅤𪘦𫋟𭆳𭴸𭵺𮋅𮩤𰯱𲛱𲪌
臥	䖙䭆𠥸𦱽𦾐𧇬𧗄𧨭𫇉𭈌
臦	燛臩
臧	㵴藏贓𡁧𡒉𡒤𡒥𡽴𡾻𢨑𩯩𮍄𰷭𳈍
臨	瀶𠐼𡄦𤄈𮟤𰙅𲄱𲧜𲰑
自	㑑㞒㹛㿜䟍䫁䫵䰓咱垍夒夓息憩櫋洎瘪癟省睂矏臫臬臭臮臯臰臱虁詯賓辠邉邊郋首鼻𠐈𠑍𠑚𠑟𠥫𠩮𡇝𡏻𡒳𡕻𡜍𡫛𡻆𡻇𡿚𡿟𢆃𢌉𢍂𢙆𢺕𣀐𣊅𣊆𣑉𣓛𣘶𣝼𣦉𣯝𣳻𣽍𤁻𤂼𤄺𤒝𤝼𤠩𤯣𥌗𥏆𥒕𥡋𥡐𥣰𥤓𥵨𥵸𥸅𥻢𦍇𦍾𦣺𦣻𦣾𦣿𦤀𦤁𦤂𦤃𦤄𦤅𦤆𦤇𦤈𦤉𦤊𦤋𦤌𦤍𦤎𦤏𦤓𦤔𦤖𦤗𦤘𦤛𦤜𦤝𦤤𦤥𦤩𦤫𦤲𦧗𦳗𧃍𧃰𧑉𧠆𧭮𧯔𧾫𨆭𨇱𨈉𨈻𨘢𨙢𨝺𨞶𨲾𨵥𩰗𩳈𩵉𩵊𪈪𪊰𪕿𪥴𫀡𫅱𫇊𫇋𫊡𫤀𫹀𫹂𬛬𬛮𬛰𬣰𭃙𭎗𭐎𭐱𭓫𭚝𭠪𭳅𮍔𮍕𮍖𮍗𮍘𮍙𮍚𮍛𮍜𮍞𮍟𮎌𮒋𮕼𮟓𮟣𮮲𮮴𮶖𰄩𰆏𰯴𰯵𰿮𱂞𱋒𱑽𱢐𱢥𱼨𱾱𱿇𲅘𲎡𲓺𲕉𲨛𲻆𲻇
臬	㓷㙞㴪䆿寱嵲暞甈臲鎳镍闑鷍𠹑𡬒𡰆𡰈𡺼𤾚𥉒𦤎𦤙𦤞𨃔𨻄𫔶𬼯𭔜𮍝𮠃𰨲𲸋𲼡𲿍
臭	㱗䍹䠗嗅搝殠溴糗螑鄓齅𡏣𣗬𤚯𥽙𦒥𦤑𦤒𦤕𦤗𦤚𦤟𦤠𦤡𦤣𦤦𦤧𦤨𦤪𦤬𦤭𦤮𦤯𦤰𦤱𧽒𨞑𨶑𨻬𩈸𩝠𩡗𫇌𫇍𫦍𬔏𬛯𬳌𭵩𭸫𮀹𮴪𰯷𰿸𱡭𱶜𲇙𲨦𲪕𳀢𳁒
臯	䝥嘷曍橰獋皥翺鷱𡠖𡼗𢡋𣽎𤅡𤩢𤺃𥢐𥴚𦟞𦺆𧞠𧢌𧬁𧯌𨎦𨝲𨼍𩀹𩏤𩕍𭿟𮊳𮤤𰶅
臰	𥽃𪖻𪳳𭊴
臱	㝰䟍䡻䫵䰓櫋矏邊𠐈𠑟𠥣𠥫𡒳𢣔𤁻𥣰𥵨𦍇𧭮𨲾𫸣𬪟𰺤
至	㦶㰉䇪䑒䑓䘭䦯䬹䶍侄偓到厔咥喔垤姪室屋峌庢恎挃晊桎洷渥痓眰祬秷窒絰绖耊耋胵致臵臶臷臸臹臺臻荎蛭誈跮輊轾郅銍铚駤鵄𠌠𠟅𠾰𡇓𡖧𢎆𢩈𢰙𣢶𣨂𤈜𤞂𤥇𥎹𥒓𥔊𦤳𦤵𦤶𦤷𦤸𦤹𦤺𦤻𦤼𦤽𦤾𦤿𦥀𦥁𦥂𦥃𦥄𦥅𦥆𦥇𦥈𦥉𦥊𦥋𦥌𦥍𦥎𦥏𧎜𧠫𧵼𨒬𨴗𨸅𨺴𨾽𩊞𩒐𩳀𩶪𪀒𪏀𪖣𪗻𪧧𪨛𪯇𫇎𫇏𫇐𫇑𫎮𫔵𫘠𫠮𬂿𬚘𬛱𬛲𬛳𬛴𬛵𬛶𬸈𬺁𭃸𭅙𭉐𭔹𮍠𮍡𮍢𮍣𮍤𮒻𰤣𰷏𱃸𱼒𱼪𱼫𱼬𲜩𲥹𲩂𲻈𲻉𲻊𳃶
致	㨖㮹㴛䞃䦯緻𠊷𡍶𡟹𤋖𤸓𥠽𦟔𦥐𦳙𧛢𧤡𧩼𨂤𩋩𩹈𫍶𭧇𮔩𰈂𰐴𰬫
臸	㬜𦠮𦥏𬛷
臺	㘆儓嬯懛擡檯籉薹𡽩𢅣𤁅𤐽𤗿𤢬𤻡𦢀𧭏𩦽𪒴𭨉
臻	㰉𢸩
臼	㔱㦼㧮㳫䊆䑔䑕䑖䑗䑘䢅䥣䳎䳔䶾兒匶嚿帠斞桕毀毁电臽臾臿舀舁舂舃舄舅舊萏萸裒鄋閰鼠齨𠍗𠒍𠔒𠔜𠔧𠜃𠢈𠥬𠲼𠹠𡁫𡓓𡘑𡘹𡚒𡞄𡞉𡡋𡡼𡢕𡢝𡨯𡩔𡩟𢀀𢃵𢑇𢰖𢾌𣆫𣔈𣝐𣤑𣤒𣪷𣫏𣫩𣮵𣯁𣺅𤑠𤕗𤘈𤜏𤠈𤡡𤦆𤫅𤮯𤻯𥃔𥇩𥓦𥝅𥝆𥦣𥪖𥽂𦀥𦃨𦋍𦖙𦛓𦥔𦥖𦥗𦥘𦥙𦥚𦥛𦥜𦥝𦥞𦥟𦥠𦥡𦥣𦥥𦥦𦥧𦥨𦥩𦥪𦥬𦥭𦥮𦥰𦥱𦥲𦥴𦥶𦥻𦥽𦦀𦦁𦦂𦦄𦦅𦦇𦦈𦦋𦦍𦦏𦦐𦦖𦦢𦦣𦦦𦦰𦦲𦦹𦦽𦭻𦱉𦽜𦽭𧌤𧕧𧝷𧞳𧧖𧮏𧳈𨋺𨟋𨦴𨪫𨭾𨶒𨷕𨻰𨾹𨿀𩀑𩃓𩆈𩐽𩒦𩘦𩢹𩣅𩶧𩶿𪃪𪅖𪋱𪌲𪓢𪠨𪡢𪡲𫀕𫇒𫍈𫡹𫴔𫺼𫿘𫿷𬋓𬍊𬛸𬛹𬛾𬷥𬷪𬸥𭇦𭌂𭌻𭕳𭲧𭶔𭹉𮃗𮃼𮍝𮍦𮍨𮍪𮍯𮍰𮭇𰆞𰦹𰯸𰯹𱙐𱤖𱹀𱼭𱼮𱼯𲀅𲀋𲻌𳌡𳐏
臽	㡊㷺䐄䘓䱤䶟啗埳惂掐欿淊焰燄窞萏蜭諂谄輡錎閻阎陷餡馅鵮鹐𠕣𠜼𠮌𠻍𠽏𡸞𢴼𢽣𢽶𤎡𤏭𤟅𤦆𤿷𥇌𥓒𥦶𥮛𥶿𦁵𦜿𦥵𦥿𧂄𧚧𧯰𨄽𩉉𩓟𩤂𩭥𪉦𭒃𭧁𮛫𰺐𱇻𱶑𲚁
臾	㔱㥚㳛䝿庾惥斔楰瘐腴萸諛谀𠋟𠏾𠑞𡓵𡘩𡩟𢊻𣈵𤗝𤧙𥔢𥯮𦇶𦥳𦦚𦦦𦦭𦺮𧍳𧰇𨖽𨗭𨺫𨺺𩤺𪼖𫐯𫭌𬁚𬽑𭦺𮖜𮫿𰮻𱄤𱙚𱮍
臿	㛼㞚㢎㮑㴙䅤䙄䛽䮢偛喢插敮歃牐鍤鑿锸𠑆𠝞𠽣𡍪𢔣𢩖𢻗𣖄𣫞𤊿𥀈𥈊𥓾𥪵𥯥𥽿𦂉𦑣𦑪𦝥𦦈𦦕𦦘𦦱𧮙𧶵𧼰𨂵𨇧𨔨𩃹𩔓𩝟𪎲𪘾𬐬𬤌𰯻𲹳
舀	㗖䈱䤾䧟䵚塪嫍幍慆搯槄滔熖瑫稻縚舀蓞謟蹈轁鞱韜韬饀𠋯𠚘𠚜𠚡𠞞𠥒𠥪𠮐𡩹𡺫𢶽𤄅𤔥𤔱𤕄𤨐𥉰𥔿𥛗𥧹𦗌𦦌𦦨𦦪𦩹𨇲𨢝𨶒𩥅𩥓𩹴𪅎𪹗𬀖𬘺𬚁𬳊𭑁𭗧𭧏𭻷𮇷𮨚𮷝𰗋𰙗𰵽𱅣𲀾𳊲
舁	㜒𠧇𢱲𤠈𥰩𨵹
舂	㦼䄝䚎憃摏樁蹖𠌴𠽅𢠅𣞝𣻛𥊎𥡟𦦜𦦱𦦺𦦾𧐍𧜧𧢆𩥫𩮱𪄻𪅖𪆊𫴛𰫐
舃	寫澙獡磶𡃂𣚔𤡯𤢧𥣟
舄	㕐䉣冩寫潟獡磶蕮𣚔𤺎𩍆𰩛
舅	𡀭𧒺𬄵𭒥𰯺𱏖𲻎
與	㒜㠘㦛㵰㺞䑂嬩嶼懙擧旟歟璵礖礜穥籅舉藇襷譽轝鱮鸒𠁹𡁎𡒊𡽬𢣟𢷣𢹳𣄣𣝑𤄕𤑉𤪐𥎗𦏜𦦙𦦮𦦳𦦸𧞏𧸧𧾚𨘕𨣦𨮔𨮖𨷯𩁕𩦡𩼹𪇬𪋮𪤧𪴿𫬁𬍋𬎰𬛼𮨠𰥇𱊭
興	䕟嬹臖𠑣𠔻𡃳𢤀𢤽𢸁𢸾𤫂𤼈𥩆𦢯𦢰𦦟𦧅𨇫𨑁𨞾𨯵𨰨𫤂𫵪𬅊𬋙𬌐𬮀𬲈𭳢𮁕𮃴𲘏𲞘𲞙𲥎
舉	攑櫸襷𡤒𢤫𤰁𦇙𦦙𨯾𨷯𨷶𲯑𲻏
舊	匶嚿欍𠥬𢑇𦧃𭍸
舋	亹斖𤅚𤅣𤕊𧄸
舌	㓉㔚䀨䄆䏦䑙䑚䑛䑜䒷䞌䟯䣶䦚䯏乱佸刮咶姡恬憩括敌栝活狧甛甜秳筈絬聒舍舏舐舑舓舔舕舙舚蛞話话趏辞适銛铦頢颳餂髺鴰鸹𠵊𡇜𡭏𡯢𢉃𢼤𣁳𣢯𣭪𣽅𤁪𤈏𤫵𤭇𥚇𥯾𥵶𥶕𦗾𦧆𦧇𦧈𦧉𦧊𦧋𦧌𦧍𦧎𦧏𦧐𦧑𦧒𦧓𦧔𦧕𦧖𦧗𦧘𦧙𦧚𦧛𦧜𦧝𦧞𦧟𦧠𦧡𦧢𦧣𦧤𦧥𦧦𦧧𦧨𦧩𦧪𦧫𦧬𦧭𦧮𦧯𦧰𦧱𦧲𦧳𦧴𦧵𦧷𦧹𦧺𦧻𦧼𦧽𦨯𦲧𧱳𧵳𨈸𩈙𪌩𪎾𪗽𪙶𪶞𫇔𫇖𫇗𫇘𫕛𫫞𫬃𫬎𫳸𬚸𬛥𬜅𬜆𬜇𬜈𬜉𬜊𬜌𬜎𬜏𬜐𬪴𬱠𬵏𬺄𭁦𭓯𭡿𭥹𮆃𮍴𮍵𮍶𮍷𮍹𮍺𮍻𮍼𮍽𮍾𮍿𮎀𮑷𮝐𮧺𮵍𰉷𰯽𰯾𰯿𰰀𰰁𰰃𰰄𰰅𰰆𰰇𰰈𰰉𱃺𱼳𱼴𱾀𲓑𲙅𲻐𲻑𲻒𲻓𲻔𲻕𲻖𲻗
舍	䧾倽啥捨涻猞舒舖舘騇鵨𠑰𡌫𡞆𢉃𣮞𤙱𤦜𦖘𦧶𦧸𦲧𧌖𧮿𧶟𨛭𨨝𩓱𩜉𩩗𪷮𫇕𫇙𫨮𬃉𬜋𬜍𬥹𬭘𭨻𮀈𮍸𮍿𰰂𱀛𱅚𱗂𲒒𲖿𲻕𲻘
舎	捨舗𠺞𭾼
舒	𥳕𦺗𪅰
舛	㘶㷠䑝䑞僲噒曻桀桝粦舜荈𠅞𠈞𠌏𠬂𡑬𡳞𡶷𢫰𢬓𣄳𣛇𤌠𥞢𥣡𥥤𥬫𥳞𥹮𥼨𦨀𦨅𦲋𦺸𦾋𧂌𧓠𨌤𨭤𩣏𩧶𩻫𪀾𪉋𪋷𪝨𪨘𪬾𫣔𫮵𫵤𭓬𭮽𭳫𭴝𮎁𮎂𰰊𱏚𲏠𲫈𲻙𳄭
舜	䑟䢬䴄僢橓瞬蕣𡡞𣊬𤩥𤯷𦨁𫫰𬋊𬧓𰔦𲹻
舞	㵲䒉儛躌𠥢𡣆𢋑𢷵𤪕𥌇𦆞𦌬𦌳𦨂𨮧𪢦𬠴𭋩𭩐𭼳𱼵𲧎𲯅
舟	㭧䎇䑠䑡䑢䑣䑤䑥䑦䑧䑨䑩䑪䑫䑬䑭䑮䑯䑰䑱䑲䑳䑴䑵䑶䑷䑸䑹䑺䑻䑼䑽䑾䑿䒀䒁䒂䒃䒄䒅䒆䒇䒈䒉䚀䲍侜槃歬洀烐珘盘盤矪舠舡舢舣舤舥舦舧舨舩航舫般舭舮舯舰舱舲舳舴舵舶舷舸船舺舻舼舽舾舿艀艁艂艃艄艅艆艇艈艉艊艋艌艍艎艏艐艑艒艓艔艕艖艗艘艙艚艛艜艝艞艟艠艡艢艣艤艥艦艧艨艩艪艫艬艭貈輈辀郍鵃鸼𠄭𠘇𠘒𠘢𠝣𠢧𠣘𡀑𡖫𡬫𡲟𡳐𢔃𢛢𢧞𣃼𣆔𣑮𣗆𣚗𣦃𣽨𤃯𤭂𤳔𤳮𥂏𥂟𥃑𥎻𥑸𥥳𥿦𦐩𦑳𦒕𦨇𦨈𦨉𦨊𦨋𦨌𦨍𦨎𦨏𦨐𦨑𦨒𦨓𦨔𦨕𦨖𦨗𦨘𦨙𦨚𦨛𦨜𦨝𦨞𦨟𦨠𦨡𦨢𦨣𦨤𦨥𦨦𦨧𦨨𦨩𦨪𦨫𦨬𦨭𦨮𦨯𦨰𦨱𦨲𦨳𦨴𦨵𦨶𦨷𦨸𦨹𦨺𦨻𦨼𦨽𦨾𦨿𦩀𦩁𦩂𦩃𦩄𦩅𦩆𦩇𦩈𦩉𦩊𦩋𦩌𦩍𦩎𦩏𦩑𦩒𦩓𦩔𦩕𦩖𦩗𦩘𦩙𦩚𦩛𦩜𦩝𦩞𦩟𦩠𦩡𦩢𦩣𦩤𦩥𦩦𦩧𦩨𦩩𦩪𦩫𦩬𦩭𦩮𦩯𦩰𦩱𦩲𦩳𦩴𦩵𦩶𦩷𦩸𦩹𦩺𦩻𦩼𦩽𦩾𦩿𦪀𦪁𦪂𦪃𦪄𦪅𦪆𦪇𦪈𦪉𦪊𦪋𦪌𦪍𦪎𦪏𦪐𦪑𦪒𦪓𦪔𦪕𦪖𦪗𦪘𦪙𦪚𦪛𦪜𦪝𦪞𦪟𦪠𦪡𦪢𦪣𦪤𦪥𦪦𦪧𦪨𦪩𦪪𦪫𦪬𦪭𦪮𦪯𦪰𦪱𦪲𦪳𦪴𦪵𦪶𦪷𦪸𦪺𦪻𦪼𦪽𦪾𦪿𦫀𦫁𦫂𦫃𦫄𦫅𦫆𦫇𦫈𦫉𦫊𦭸𦶢𦷱𦻉𦼎𧊓𧑥𧔶𧝢𧝻𧞚𧧔𧭔𧴏𧷽𧻖𨇐𨏺𨕳𨦞𩂤𩕎𩗋𩢸𩧳𩳉𩶣𩺔𪅻𪠾𪹙𫇚𫇛𫇜𫇝𫇞𫇟𫇠𫇡𫇢𫇣𫲑𫺚𬀜𬀠𬅣𬐫𬐶𬜑𬜒𬜔𬜖𬜗𬜘𬜙𬜚𬜛𬜜𭝐𮉼𮎃𮎄𮎅𮎆𮎇𮎈𮎉𮎊𮎋𮎌𮎍𮎎𮎏𮎐𮎑𮎒𮎓𮎔𮎕𮎖𮎗𮶗𮶘𮶙𮶚𰓞𰡌𰪜𰰋𰰌𰰍𰰎𰰏𰰐𰰑𰰒𰰓𰲕𱂛𱜥𱨍𱸱𱼶𱼷𱼸𱼹𱼺𱼻𱼼𱼽𱼾𱽀𱽁𱽂𱽃𱽄𱽅𱽆𲁻𲃢𲪴𲻚𲻛𲻜𲻝𲻞𲻟𲻠𲻡𲻢𲻣𲻤𲻥𲻦𲻧𲻨𲻩𲻪𳊝𳊳
舠	𣦃𥳭
航	𦶢𰈙
般	㮽䃑䈲䰉媻幋搫搬槃瘢盤磐縏蒰螌褩鎜鞶𡂑𢟁𢹋𤠍𥈼𥉟𦪹𧏘𨃞𨃟𨕴𩺓𩺪𪄀𪒀𪒋𪤈𫨕𬖯𬰝𬿆𭏜𭙩𭺰𮃝𮧣𰔙𱜷𲕵
舮	䑷艑
舵	鿳鿸
船	𪮥𬜕𬼔𰈧𲍀𲦩
艁	𫸂𰍟
艮	㡾㸧䦘䫀䬶佷哏垠垦峎很恨恳懇拫根泿狠珢痕眼硍簋良艰艱茛蛝裉詪豤貇跟退銀银限鞎食養餋餐齦龈𠏾𠐗𠑞𠛵𠦯𠪏𠪟𠽗𠿵𡈟𡍭𡘳𡡆𡯣𡷐𢡆𢢽𢣰𢩆𣐻𣗰𣙧𣥦𣧾𣼹𥐇𥐉𦕨𦚣𦫋𦫌𦫎𦫒𧁊𧅋𧣢𧻠𨇭𨋨𨒼𨕻𨗿𨘍𨙐𨸄𩎤𪍔𪙈𪙲𪭳𪺢𪻊𫅔𫖱𫥋𫺻𫻂𬑶𬣳𬦂𬰉𬲷𭈍𭉑𭎼𭦂𭶃𭶐𭻓𭾁𮅐𮇜𮎙𮎚𮏃𮗑𮤢𮫷𮯅𮳨𰀏𰆠𰫤𰻸𱍭𱽇𱽈𲁴𲏡𲓬𲞻𲲭𳏒
良	㓪㝗㟍㢃㫰㱢㾗䀶䆡䍚䑆䓹䕞䡙䬤䭥䯖俍剆勆哴埌娘崀悢斏朖朗桹樃欴浪烺狼琅硠稂筤籑粮羪艆莨蜋誏踉躴郒郞酿鋃锒閬阆食飬養餋餐駺鿶𠩸𡗍𡘳𡳋𢕦𢭗𢽂𣂞𣌞𤗀𤭒𥍫𥶉𥶑𥶞𥽁𦀬𦫍𦫐𦫑𦿉𧃊𧓲𧚅𧥐𧳓𧻴𨶗𩁥𩗖𩛡𩜒𩪴𩴽𩷕𪁜𪂾𫔨𫗝𫗨𫝥𫦭𫷸𬏊𬣼𬪢𬴀𬸏𭉻𭔼𭙃𭧄𭯙𭯢𮏃𮗇𮢳𮨽𰃾𰈛𰕫𰠵𰢝𰰔𰺽𱄏𱵒𱺡𱼋𲼣𳆦
色	䒊䒋䒌䒍䒎䒏䒐䵥栬滟濪絕絶绝脃艳艴艵艶艷赩銫铯靘𠈜𠲅𡅩𡜆𡤸𢙚𢬘𣴊𤈖𤧾𤶋𥅺𥒍𦫓𦫔𦫕𦫖𦫗𦫘𦫙𦫚𦫛𦫜𦫝𦫞𦫟𦫠𦫡𦫢𦫣𦫤𦫥𦫦𦫧𦫨𦫩𦫪𦫫𦫬𦫭𦫮𦫯𦫰𦫱𦫲𧧘𨉆𨋭𨒶𨛉𨠶𨹔𩇝𪁅𪗼𪵼𫇤𫙙𫵺𬚐𬜝𬜞𬜟𬻖𮎝𮎞𮪀𰅝𰘎𰞑𰮣𰰕𰰖𰰗𰰘𰰙𰰚𰰛𱖥𱤁𱧷𱶅𱽉𱽊𲞮𲪦𲻫𲻬𲻭𲻮𲻼𳆰
艳	滟𮱑
艶	灔𡅩𡤩𤣚𲣦
艷	灧𡤸
艸	芔茻𠔖𠔱𠙢𠱭𡳡𢄆𢘿𢠞𢨎𢨢𢺦𣞆𤀻𤍚𦬟𦬦𦬧𦭠𦭫𦮅𦯤𦯥𦯦𦱠𦱴𦱹𦲬𦶛𦷶𦷻𦹼𦺂𦽣𦽱𦿑𧀍𧁇𧂥𧛬𨑆𨒽𨙏𨴔𨵑𩇿𮐓𰰞𰰥𱽞𱾕𱾲
艹	㗡㝺㡛㩰㪠㬸㬻㭉㲨㳸㴀㴕㵁㷸㸢㼹䅒䆏䐠䑓䒎䒒䒓䒔䒕䒖䒗䒘䒙䒚䒛䒜䒝䒞䒟䒠䒡䒢䒣䒤䒥䒦䒧䒨䒩䒪䒫䒬䒭䒮䒰䒱䒲䒳䒴䒵䒶䒷䒸䒹䒺䒻䒼䒽䒾䒿䓀䓁䓂䓃䓄䓅䓆䓇䓈䓉䓊䓋䓌䓍䓎䓏䓐䓑䓒䓓䓔䓕䓖䓗䓘䓙䓚䓛䓜䓝䓞䓟䓠䓡䓢䓣䓤䓦䓧䓩䓪䓫䓬䓭䓮䓯䓰䓱䓲䓳䓴䓵䓶䓷䓸䓹䓺䓻䓼䓽䓾䓿䔀䔁䔂䔃䔄䔅䔆䔇䔈䔉䔊䔋䔌䔍䔎䔏䔐䔑䔒䔓䔔䔕䔖䔗䔘䔙䔚䔛䔜䔝䔞䔟䔠䔡䔢䔣䔤䔥䔦䔧䔨䔩䔪䔫䔬䔭䔮䔯䔰䔱䔲䔳䔴䔵䔶䔷䔸䔹䔺䔻䔼䔽䔾䔿䕀䕁䕂䕃䕄䕅䕆䕇䕈䕉䕊䕋䕌䕍䕎䕏䕐䕑䕒䕓䕔䕕䕖䕗䕘䕙䕚䕛䕜䕝䕞䕟䕠䕡䕢䕣䕤䕦䕧䕨䕩䕪䕫䕬䕭䕮䕯䕰䕱䕲䕳䕴䕵䕶䕷䕸䕹䕺䕻䕼䕽䕾䕿䖀䖂䖄䖅䖆䖇䠜䢠䤊䩸䫡傇共兼剳勤匒嘆垂塟墓婲媶孶孽崋嵰恾搑擆昔曅曹棻榵欗歉満滿潩熼爇犕瑹甉甚畢異硭穁穓縙繤繭艺艻艼艽艾艿芀芁节芃芄芅芆芇芉芊芋芌芍芎芏芐芑芒芓芕芖芗芘芙芚芛芜芝芞芟芠芡芢芣芤芥芦芧芨芩芪芫芬芭芮芯芰花芲芳芴芵芶芷芸芹芺芼芽芾芿苀苁苂苃苄苅苆苇苈苉苊苋苌苍苎苏苐苑苒苓苔苕苖苗苘苙苚苛苜苝苞苟苠苡苢苣苤若苦苧苨苩苪苫苬苭苮苯苰英苲苳苴苵苶苷苸苹苺苻苼苽苾苿茀茁茂范茄茅茆茇茈茉茊茋茌茎茏茐茑茒茓茖茗茘茙茚茛茜茝茞茟茠茡茢茣茤茥茦茧茨茩茪茫茬茭茮茯茰茱茲茳茴茵茶茷茸茹茺茼茽茾茿荀荁荂荃荄荅荆荇荈草荊荋荌荍荎荏荐荑荒荓荔荕荖荗荘荙荚荛荜荝荞荟荠荡荢荣荤荥荨荩荪荫荬荭荮药荰荱荲荳荴荵荶荷荸荹荺荻荼荽荾荿莀莁莂莃莄莅莆莇莈莉莊莋莌莍莎莏莐莑莒莓莔莕莖莗莘莙莚莛莜莝莞莟莠莡莢莣莤莥莦莧莨莩莪莫莬莭莮莯莰莱莲莳莴莵莶获莸莼莽莾莿菀菁菂菃菄菅菆菇菈菉菊菋菌菍菎菏菑菒菓菔菕菖菗菘菙菚菛菜菝菞菟菠菡菢菣菤菥菦菧菨菩菪菫菬菭菮華菰菱菲菳菴菵菶菷菸菹菺菻菼菽菾菿萀萁萂萃萄萅萆萇萈萉萊萋萌萍萎萏萐萑萒萓萔萕萖萗萘萙萚萛萜萝萞萟萠萡萢萣萧萨萩萪萫萬萭萮萯萰萱萲萳萴萵萶萷萸萹萺萻萼落萾萿葀葁葂葃葄葅葆葇葈葉葊葋葌葍葎葏葐葑葒葓葔葕葖著葘葙葚葛葜葝葞葟葠葡葢董葤葥葦葧葨葩葪葫葬葭葮葯葰葱葲葳葴葵葶葷葸葹葺葻葼葽葾葿蒀蒁蒂蒃蒄蒅蒈蒉蒋蒌蒍蒎蒐蒑蒒蒓蒔蒕蒖蒗蒘蒙蒚蒛蒜蒝蒞蒟蒠蒡蒢蒣蒤蒥蒦蒧蒨蒩蒪蒫蒬蒭蒮蒰蒱蒲蒳蒴蒵蒶蒷蒸蒹蒺蒻蒼蒽蒾蒿蓀蓁蓂蓃蓄蓅蓆蓇蓈蓉蓊蓋蓌蓍蓎蓏蓐蓑蓒蓓蓔蓕蓖蓗蓘蓙蓚蓛蓜蓝蓞蓟蓠蓡蓢蓣蓤蓧蓨蓩蓪蓫蓬蓭蓮蓯蓰蓱蓲蓳蓴蓵蓶蓷蓸蓹蓺蓻蓼蓽蓾蓿蔀蔁蔂蔃蔄蔅蔆蔇蔈蔉蔊蔋蔌蔍蔎蔏蔐蔒蔓蔔蔕蔖蔗蔘蔙蔚蔛蔜蔝蔞蔟蔠蔡蔢蔣蔤蔥蔦蔧蔨蔩蔪蔫蔬蔭蔮蔯蔰蔱蔲蔳蔴蔵蔶蔷蔸蔹蔺蔻蔼蔽蔾蔿蕀蕁蕂蕃蕄蕅蕇蕈蕉蕊蕋蕌蕍蕎蕏蕐蕑蕒蕓蕔蕕蕖蕗蕘蕙蕛蕜蕝蕞蕟蕠蕡蕢蕣蕤蕥蕦蕧蕨蕩蕪蕫蕬蕭蕮蕯蕰蕱蕲蕳蕴蕵蕶蕷蕸蕹蕺蕻蕼蕽蕾蕿薀薁薂薃薄薅薆薇薈薉薊薋薌薍薏薐薑薒薓薔薕薖薗薘薙薚薛薜薝薞薟薠薡薢薣薤薥薦薧薩薪薫薬薭薮薯薰薱薲薳薴薵薶薷薸薹薺薻薼薽薾薿藀藁藂藃藄藅藆藇藈藉藊藋藌藍藎藏藐藑藒藓藔藕藖藗藘藙藚藛藜藝藞藟藠藡藢藣藤藥藦藧藨藩藪藫藬藭藮藯藰藱藲藳藴藵藶藷藸藹藺藻藼藽藾藿蘀蘁蘂蘃蘄蘅蘆蘇蘈蘊蘋蘌蘍蘎蘏蘐蘑蘒蘓蘔蘕蘗蘘蘙蘚蘛蘜蘝蘞蘟蘠蘡蘢蘣蘤蘥蘦蘧蘨蘩蘪蘫蘬蘭蘮蘯蘰蘱蘲蘳蘴蘵蘶蘷蘸蘹蘺蘻蘼蘽蘾蘿虀虁虂虃虄虅虆虇虈虉虊虋虌蟇襺謹趩醛鋩鐯雚難革韛韡韮驥鴱鶿鷋龩龷龿鿀鿊鿒鿓﨟𠀗𠀫𠂥𠂯𠂸𠆉𠉙𠍑𠍔𠎕𠏒𠒌𠕁𠗮𠞁𠞝𠞦𠟝𠠈𠣲𠥦𠥻𠦃𠦄𠦌𠦛𠪙𠪹𠸔𠺈𡁐𡂠𡅐𡅕𡆜𡆪𡈌𡋍𡎊𡐢𡑷𡒎𡓴𡚡𡡄𡢯𡢸𡨏𡫜𡬭𡭆𡳖𡳴𡷓𡷺𡿉𡿚𡿟𡿤𢂾𢅓𢅷𢆆𢉮𢌍𢐳𢐶𢔵𢝨𢡗𢤄𢧥𢨇𢨝𢵛𢶬𢹕𢺃𢺊𢼘𢽁𢿯𣀰𣀱𣁙𣃈𣊀𣊛𣋯𣎙𣒢𣒾𣓃𣓝𣕸𣕺𣘻𣙊𣙘𣛳𣝘𣝰𣝾𣞕𣞦𣠅𣡊𣩣𣫧𣯈𣯏𣯬𣴭𣷎𣸃𣸽𣹀𣺛𣺬𣼏𣼑𣼒𣽳𣾖𣿯𣿻𤀾𤁌𤁦𤁬𤂙𤂹𤃊𤃙𤍞𤎗𤑒𤑔𤑻𤓘𤠛𤠨𤡞𤢁𤮡𤯉𤰇𤰻𤲃𤲱𤳣𤶼𤼱𥂯𥂿𥇀𥈞𥈣𥉂𥋚𥎂𥒴𥔫𥕩𥕾𥖈𥗨𥛴𥠸𥢞𥣾𥤅𥤈𥤌𥤬𥩒𥹣𥺠𥼓𦃑𦄩𦆏𦆬𦇎𦒖𦔋𦔜𦔫𦗉𦗫𦚴𦡐𦢘𦤅𦧹𦫳𦫴𦫶𦫷𦫸𦫺𦫻𦫼𦫽𦫾𦫿𦬀𦬁𦬂𦬃𦬄𦬅𦬆𦬇𦬈𦬊𦬌𦬍𦬎𦬏𦬐𦬑𦬒𦬓𦬔𦬕𦬖𦬗𦬘𦬙𦬚𦬛𦬜𦬝𦬞𦬠𦬡𦬢𦬣𦬤𦬥𦬧𦬨𦬩𦬫𦬬𦬭𦬯𦬰𦬱𦬲𦬳𦬴𦬵𦬶𦬷𦬸𦬹𦬺𦬻𦬼𦬽𦬾𦬿𦭀𦭁𦭃𦭄𦭅𦭇𦭈𦭉𦭊𦭋𦭌𦭍𦭎𦭏𦭐𦭑𦭒𦭓𦭔𦭕𦭖𦭗𦭘𦭙𦭚𦭛𦭜𦭝𦭞𦭟𦭡𦭢𦭣𦭤𦭥𦭦𦭧𦭩𦭪𦭭𦭮𦭯𦭰𦭱𦭲𦭳𦭴𦭵𦭶𦭷𦭸𦭹𦭺𦭻𦭼𦭽𦭾𦭿𦮀𦮂𦮃𦮄𦮆𦮇𦮈𦮉𦮊𦮋𦮌𦮍𦮎𦮏𦮐𦮑𦮒𦮓𦮔𦮕𦮗𦮙𦮚𦮛𦮝𦮞𦮟𦮠𦮡𦮢𦮣𦮤𦮥𦮦𦮧𦮨𦮩𦮪𦮫𦮬𦮭𦮮𦮯𦮰𦮲𦮳𦮴𦮵𦮶𦮷𦮸𦮹𦮺𦮻𦮼𦮽𦮾𦮿𦯀𦯁𦯂𦯃𦯄𦯅𦯆𦯇𦯈𦯉𦯊𦯋𦯍𦯎𦯏𦯐𦯑𦯒𦯓𦯔𦯕𦯖𦯘𦯙𦯚𦯛𦯜𦯝𦯞𦯟𦯠𦯡𦯢𦯣𦯧𦯨𦯩𦯪𦯫𦯬𦯭𦯯𦯰𦯱𦯳𦯴𦯵𦯶𦯷𦯹𦯺𦯻𦯼𦯾𦯿𦰁𦰂𦰄𦰅𦰆𦰇𦰈𦰉𦰊𦰋𦰌𦰍𦰏𦰐𦰑𦰒𦰓𦰕𦰖𦰗𦰘𦰙𦰚𦰛𦰜𦰝𦰞𦰟𦰠𦰡𦰢𦰣𦰤𦰥𦰦𦰧𦰩𦰪𦰫𦰬𦰭𦰯𦰰𦰱𦰲𦰳𦰴𦰵𦰶𦰷𦰸𦰹𦰺𦰻𦰼𦰽𦰾𦰿𦱀𦱁𦱂𦱃𦱄𦱅𦱆𦱇𦱈𦱉𦱊𦱋𦱌𦱍𦱎𦱏𦱐𦱑𦱒𦱓𦱔𦱕𦱖𦱗𦱘𦱙𦱚𦱛𦱜𦱝𦱞𦱣𦱤𦱦𦱨𦱩𦱫𦱬𦱭𦱮𦱯𦱰𦱱𦱲𦱳𦱵𦱷𦱸𦱼𦱽𦱾𦱿𦲀𦲁𦲂𦲄𦲅𦲉𦲊𦲌𦲍𦲎𦲏𦲐𦲑𦲒𦲓𦲔𦲕𦲖𦲗𦲘𦲙𦲚𦲛𦲝𦲞𦲟𦲠𦲡𦲢𦲣𦲤𦲥𦲦𦲧𦲨𦲩𦲪𦲫𦲭𦲮𦲯𦲰𦲲𦲳𦲴𦲵𦲶𦲷𦲸𦲹𦲺𦲻𦲼𦲽𦲾𦲿𦳀𦳁𦳂𦳃𦳄𦳅𦳆𦳇𦳈𦳉𦳊𦳋𦳌𦳍𦳎𦳏𦳐𦳑𦳒𦳓𦳔𦳗𦳘𦳙𦳚𦳛𦳜𦳝𦳞𦳟𦳠𦳡𦳢𦳤𦳥𦳦𦳧𦳨𦳩𦳪𦳫𦳬𦳭𦳮𦳯𦳰𦳱𦳲𦳳𦳴𦳵𦳶𦳷𦳸𦳹𦳺𦳼𦳽𦳾𦳿𦴀𦴁𦴄𦴅𦴆𦴇𦴈𦴉𦴊𦴌𦴍𦴏𦴐𦴑𦴒𦴓𦴕𦴖𦴗𦴙𦴚𦴛𦴝𦴞𦴟𦴠𦴡𦴢𦴣𦴤𦴥𦴦𦴧𦴨𦴩𦴪𦴫𦴬𦴭𦴯𦴱𦴲𦴴𦴵𦴷𦴸𦴺𦴻𦴼𦴽𦴿𦵀𦵁𦵂𦵃𦵄𦵅𦵇𦵈𦵉𦵊𦵋𦵌𦵍𦵎𦵏𦵐𦵑𦵒𦵓𦵔𦵕𦵖𦵗𦵘𦵙𦵚𦵛𦵜𦵞𦵟𦵠𦵡𦵢𦵣𦵤𦵥𦵦𦵧𦵨𦵩𦵪𦵫𦵬𦵭𦵮𦵯𦵱𦵳𦵴𦵵𦵶𦵷𦵸𦵹𦵺𦵻𦵼𦵽𦵾𦵿𦶀𦶁𦶂𦶃𦶄𦶅𦶆𦶇𦶈𦶉𦶊𦶋𦶌𦶍𦶎𦶏𦶐𦶑𦶒𦶓𦶔𦶕𦶖𦶗𦶘𦶙𦶚𦶜𦶝𦶞𦶟𦶠𦶡𦶢𦶣𦶤𦶥𦶦𦶧𦶨𦶩𦶫𦶬𦶮𦶰𦶱𦶲𦶳𦶴𦶵𦶶𦶷𦶸𦶹𦶺𦶻𦶼𦶽𦶾𦶿𦷀𦷁𦷂𦷃𦷄𦷆𦷇𦷈𦷉𦷊𦷋𦷍𦷏𦷑𦷒𦷔𦷕𦷘𦷙𦷛𦷜𦷝𦷞𦷟𦷠𦷡𦷢𦷥𦷦𦷧𦷩𦷪𦷫𦷬𦷭𦷮𦷯𦷰𦷱𦷲𦷳𦷴𦷵𦷷𦷺𦷽𦷾𦷿𦸀𦸁𦸂𦸃𦸄𦸅𦸆𦸇𦸈𦸉𦸊𦸋𦸌𦸍𦸎𦸏𦸐𦸒𦸓𦸔𦸕𦸖𦸗𦸘𦸙𦸚𦸛𦸜𦸝𦸞𦸟𦸠𦸡𦸢𦸣𦸤𦸦𦸧𦸨𦸪𦸫𦸭𦸮𦸯𦸰𦸱𦸲𦸳𦸴𦸵𦸷𦸸𦸹𦸺𦸻𦸼𦸽𦸾𦸿𦹀𦹂𦹃𦹄𦹅𦹆𦹇𦹋𦹌𦹎𦹏𦹐𦹑𦹓𦹔𦹕𦹖𦹗𦹘𦹙𦹚𦹛𦹜𦹝𦹞𦹟𦹠𦹡𦹢𦹣𦹤𦹥𦹦𦹧𦹨𦹩𦹫𦹭𦹮𦹰𦹱𦹲𦹳𦹴𦹶𦹷𦹹𦹺𦹻𦹽𦹾𦹿𦺀𦺁𦺃𦺄𦺅𦺆𦺇𦺈𦺉𦺊𦺋𦺌𦺍𦺎𦺐𦺑𦺒𦺓𦺔𦺕𦺖𦺗𦺘𦺙𦺚𦺛𦺜𦺝𦺞𦺟𦺠𦺡𦺢𦺣𦺤𦺥𦺦𦺧𦺨𦺩𦺪𦺫𦺬𦺭𦺮𦺯𦺰𦺱𦺲𦺳𦺴𦺵𦺶𦺷𦺸𦺹𦺺𦺻𦺼𦺽𦺾𦺿𦻀𦻁𦻂𦻃𦻄𦻅𦻆𦻈𦻉𦻊𦻋𦻌𦻍𦻎𦻏𦻐𦻑𦻓𦻔𦻕𦻖𦻗𦻘𦻙𦻚𦻜𦻝𦻞𦻡𦻤𦻫𦻬𦻭𦻯𦻰𦻱𦻲𦻳𦻴𦻵𦻶𦻷𦻸𦻹𦻺𦻻𦻽𦻾𦻿𦼀𦼁𦼂𦼃𦼄𦼅𦼆𦼇𦼈𦼉𦼊𦼋𦼍𦼎𦼏𦼐𦼑𦼒𦼓𦼔𦼕𦼗𦼘𦼙𦼚𦼛𦼜𦼝𦼞𦼟𦼠𦼡𦼢𦼣𦼤𦼥𦼦𦼩𦼪𦼫𦼭𦼮𦼯𦼰𦼱𦼲𦼳𦼴𦼵𦼶𦼷𦼸𦼹𦼺𦼻𦼼𦼽𦼾𦼿𦽀𦽁𦽂𦽃𦽄𦽅𦽇𦽈𦽉𦽊𦽋𦽌𦽍𦽎𦽏𦽐𦽑𦽒𦽓𦽔𦽕𦽖𦽗𦽘𦽙𦽚𦽛𦽜𦽝𦽞𦽟𦽠𦽡𦽢𦽤𦽥𦽦𦽧𦽨𦽩𦽪𦽫𦽬𦽮𦽯𦽲𦽳𦽴𦽵𦽶𦽺𦽼𦽽𦽾𦽿𦾀𦾁𦾂𦾃𦾄𦾅𦾈𦾌𦾍𦾎𦾐𦾑𦾓𦾕𦾖𦾘𦾙𦾚𦾛𦾜𦾞𦾟𦾡𦾢𦾣𦾤𦾥𦾦𦾧𦾩𦾪𦾫𦾬𦾭𦾮𦾯𦾰𦾱𦾲𦾳𦾴𦾵𦾶𦾷𦾸𦾹𦾺𦾻𦾼𦾽𦾾𦾿𦿀𦿁𦿂𦿃𦿄𦿅𦿆𦿇𦿈𦿊𦿋𦿌𦿍𦿎𦿏𦿐𦿒𦿓𦿔𦿖𦿗𦿙𦿚𦿜𦿝𦿞𦿟𦿡𦿦𦿨𦿫𦿬𦿭𦿮𦿯𦿰𦿲𦿳𦿵𦿶𦿷𦿸𦿺𦿻𦿼𦿽𦿾𦿿𧀀𧀁𧀂𧀃𧀄𧀅𧀇𧀈𧀉𧀊𧀋𧀌𧀎𧀏𧀐𧀑𧀒𧀓𧀔𧀕𧀖𧀗𧀘𧀙𧀚𧀛𧀜𧀝𧀞𧀠𧀡𧀢𧀣𧀤𧀥𧀦𧀨𧀩𧀪𧀫𧀬𧀭𧀮𧀯𧀰𧀱𧀲𧀳𧀴𧀵𧀶𧀷𧀸𧀹𧀺𧀻𧀼𧀾𧀿𧁀𧁁𧁂𧁃𧁄𧁅𧁆𧁈𧁉𧁊𧁋𧁍𧁏𧁐𧁑𧁒𧁓𧁔𧁕𧁖𧁗𧁘𧁙𧁛𧁜𧁝𧁟𧁠𧁡𧁢𧁥𧁦𧁧𧁨𧁩𧁪𧁫𧁬𧁭𧁮𧁯𧁰𧁱𧁲𧁳𧁴𧁵𧁶𧁸𧁺𧁻𧁼𧁽𧁾𧁿𧂀𧂁𧂂𧂃𧂄𧂅𧂆𧂇𧂈𧂉𧂊𧂋𧂌𧂍𧂎𧂏𧂐𧂑𧂒𧂔𧂕𧂖𧂗𧂘𧂙𧂛𧂜𧂞𧂟𧂠𧂢𧂣𧂤𧂦𧂧𧂩𧂪𧂫𧂬𧂭𧂮𧂯𧂰𧂲𧂴𧂶𧂸𧂹𧂺𧂻𧂼𧂾𧂿𧃀𧃂𧃃𧃄𧃅𧃆𧃇𧃈𧃉𧃋𧃌𧃍𧃎𧃏𧃐𧃑𧃒𧃓𧃔𧃕𧃖𧃗𧃘𧃙𧃚𧃛𧃜𧃝𧃞𧃟𧃠𧃡𧃢𧃣𧃤𧃥𧃦𧃧𧃨𧃩𧃫𧃬𧃭𧃮𧃯𧃰𧃱𧃲𧃳𧃴𧃶𧃷𧃸𧃺𧃼𧃽𧃾𧃿𧄁𧄂𧄃𧄄𧄅𧄆𧄇𧄉𧄋𧄍𧄎𧄏𧄐𧄑𧄒𧄔𧄕𧄖𧄗𧄘𧄙𧄚𧄛𧄜𧄝𧄞𧄟𧄠𧄡𧄢𧄤𧄥𧄦𧄧𧄨𧄪𧄫𧄭𧄰𧄱𧄲𧄵𧄶𧄷𧄸𧄹𧄺𧄻𧄽𧄾𧄿𧅀𧅁𧅂𧅃𧅄𧅅𧅆𧅇𧅈𧅉𧅊𧅋𧅍𧅎𧅐𧅑𧅒𧅓𧅔𧅕𧅖𧅗𧅘𧅙𧅚𧅛𧅜𧅝𧅞𧅠𧅡𧅢𧅤𧅥𧅨𧅩𧅫𧅬𧅮𧅯𧅰𧅱𧅲𧅳𧅴𧅵𧅷𧅸𧅹𧅺𧅻𧅼𧅽𧅾𧅿𧆀𧆁𧆂𧆃𧆅𧆆𧆇𧆈𧆊𧆋𧆌𧆍𧆎𧆏𧆐𧆑𧆒𧆓𧆔𧆕𧆖𧆗𧆘𧆙𧆾𧇽𧈁𧊝𧊬𧊮𧍟𧎣𧏊𧏤𧏥𧑌𧒚𧒣𧒤𧓿𧔐𧔩𧔴𧕷𧖡𧜩𧟚𧢖𧢤𧨄𧨔𧫴𧬖𧬝𧭪𧭽𧮁𧯷𧲒𧲛𧽹𧾰𨄳𨅈𨅜𨉴𨍷𨏣𨓄𨕇𨕤𨕷𨖘𨗌𨘄𨘏𨙒𨝒𨝛𨞼𨟆𨠷𨤜𨤝𨧨𨨈𨨉𨨭𨫲𨬘𨬛𨭄𨯍𨶀𨹯𨼙𨼜𨽴𨿆𩁞𩁩𩁮𩍁𩎐𩏕𩕹𩙺𩞫𩞶𩟌𩣻𩤉𩤯𩥒𩥸𩦸𩪒𩮙𩴜𩵉𩸌𩹩𩼑𩼥𩼻𩽃𪁾𪃳𪆆𪆨𪆴𪇭𪈧𪈭𪍋𪓔𪛞𪧣𪬸𪰀𪴊𪴳𪼘𫇥𫇦𫇨𫇩𫇪𫇫𫇬𫇭𫇮𫇰𫇱𫇲𫇳𫇴𫇵𫇶𫇷𫇸𫇹𫇺𫇻𫇼𫇽𫇾𫇿𫈀𫈁𫈂𫈃𫈄𫈅𫈆𫈇𫈈𫈉𫈊𫈋𫈌𫈍𫈎𫈏𫈐𫈑𫈒𫈓𫈔𫈕𫈖𫈗𫈘𫈙𫈚𫈛𫈜𫈝𫈞𫈟𫈢𫈣𫈤𫈥𫈦𫈨𫈩𫈫𫈭𫈮𫈯𫈰𫈱𫈲𫈳𫈴𫈵𫈶𫈷𫈸𫈺𫈻𫈽𫈾𫈿𫉀𫉁𫉃𫉄𫉅𫉆𫉇𫉈𫉉𫉊𫉋𫉌𫉍𫉎𫉑𫉒𫉔𫉖𫉗𫉘𫉙𫉚𫉛𫉜𫉝𫉟𫉠𫉡𫉢𫉣𫉤𫉥𫉦𫉩𫉪𫉫𫉬𫉭𫉮𫉯𫉰𫉱𫉲𫉴𫉵𫉷𫉸𫉹𫉺𫊀𫊁𫊂𫊄𫊅𫊆𫊇𫊈𫊉𫊊𫊋𫊌𫊏𫊑𫊒𫊓𫊕𫊖𫊗𫊙𫊚𫊛𫊜𫐬𫕕𫕷𫖉𫞙𫞞𫞪𫟌𫟍𫟎𫟏𫟐𫟑𫟒𫟓𫟔𫟕𫟖𫟜𫡶𫢠𫮤𫰮𫱈𫲏𫲛𫹩𫼳𫾢𬁌𬂵𬃵𬄻𬅅𬋎𬋖𬌖𬚦𬜠𬜡𬜢𬜣𬜤𬜥𬜦𬜧𬜨𬜪𬜬𬜭𬜮𬜯𬜱𬜲𬜳𬜴𬜵𬜶𬜷𬜸𬜹𬜺𬜻𬜽𬜾𬜿𬝀𬝁𬝄𬝅𬝆𬝇𬝈𬝉𬝊𬝌𬝍𬝐𬝒𬝓𬝕𬝖𬝗𬝘𬝙𬝚𬝛𬝜𬝝𬝟𬝠𬝢𬝣𬝤𬝥𬝦𬝧𬝩𬝪𬝫𬝮𬝯𬝰𬝲𬝳𬝴𬝵𬝷𬝸𬝹𬝺𬝻𬝽𬝾𬝿𬞀𬞂𬞃𬞅𬞆𬞇𬞈𬞉𬞊𬞋𬞌𬞍𬞎𬞐𬞑𬞔𬞕𬞖𬞗𬞘𬞙𬞚𬞛𬞜𬞝𬞞𬞟𬞡𬞢𬞣𬞥𬞦𬞧𬞨𬞩𬞪𬞫𬞬𬞯𬞱𬞲𬞳𬞷𬞸𬞹𬞼𬞾𬟁𬟂𬟃𬟄𬟅𬟆𬟇𬟈𬟉𬟊𬟋𬟌𬟍𬟎𬟏𬟐𬟑𬟒𬟓𬟔𬟕𬟘𬟙𬟚𬟝𬟞𬟟𬟡𬟣𬟦𬠬𬡞𬢄𬦷𬧧𬩞𬩦𬪖𬭒𬲹𬵫𬸮𬽍𬿽𭀃𭄳𭇼𭊋𭋇𭌛𭏬𭒯𭔗𭔹𭚝𭞩𭞰𭟆𭟈𭢧𭣏𭧕𭫩𭬗𭬟𭰯𭲝𭳓𭳷𭵈𭶧𭹬𭿃𭿆𭿣𮁅𮁚𮇽𮉊𮌵𮍆𮎟𮎠𮎡𮎢𮎣𮎤𮎥𮎩𮎫𮎬𮎭𮎮𮎯𮎱𮎲𮎴𮎵𮎶𮎷𮎸𮎹𮎺𮎼𮎽𮎾𮎿𮏀𮏁𮏂𮏃𮏄𮏅𮏇𮏈𮏉𮏊𮏋𮏌𮏍𮏎𮏏𮏑𮏒𮏔𮏕𮏖𮏗𮏘𮏙𮏚𮏛𮏜𮏝𮏞𮏟𮏠𮏢𮏣𮏥𮏦𮏧𮏨𮏩𮏪𮏬𮏭𮏮𮏯𮏰𮏲𮏳𮏴𮏵𮏶𮏷𮏹𮏺𮏻𮏼𮏽𮏾𮏿𮐀𮐁𮐂𮐃𮐄𮐅𮐈𮐉𮐊𮐎𮐐𮐑𮐒𮐕𮐖𮐗𮐙𮐚𮐛𮐝𮐞𮐟𮐠𮐡𮐢𮐣𮐥𮐦𮐧𮐨𮐩𮐫𮐭𮐮𮐰𮐲𮐳𮐴𮐵𮐶𮐷𮐸𮐹𮐻𮐼𮐾𮐿𮑀𮑁𮑂𮑃𮑄𮑆𮑇𮑉𮑊𮑋𮑌𮑍𮑎𮑏𮑐𮑑𮑒𮑓𮑔𮑕𮑖𮑗𮑘𮑙𮑚𮑛𮑜𮑝𮑠𮑢𮑣𮑥𮑧𮑨𮑪𮑫𮑭𮑮𮑯𮑰𮑱𮑲𮑳𮑴𮑵𮑶𮑷𮑸𮑹𮑺𮑻𮑼𮑾𮑿𮒁𮒂𮒃𮒄𮒆𮒉𮒊𮒋𮒌𮒍𮒎𮒏𮒐𮒑𮒒𮒓𮒔𮒕𮒖𮒗𮒘𮒙𮒚𮒛𮒜𮒝𮒞𮒟𮒢𮒤𮒥𮒧𮒨𮒩𮒪𮒫𮒬𮒭𮒮𮒯𮒰𮒱𮒲𮒳𮒴𮒵𮒶𮒷𮒺𮒻𮒼𮒾𮒿𮓀𮓁𮓂𮓇𮓈𮓊𮓋𮓍𮓎𮓐𮓑𮓒𮓓𮓔𮓕𮓖𮖢𮖺𮗛𮜌𮜣𮜨𮝮𮞞𮞠𮠚𮣡𮣪𮧧𮧬𮩙𮩴𮫙𮲽𮶛𮶜𮶝𮶞𮶟𮶠𮶡𮶢𮶣𮶤𮶥𮶦𮶧𮶩𮶪𮶫𮶬𮶭𮶮𮶯𮶰𮶱𮶲𮶳𮶴𮶵𮶶𮶷𮶸𮶹𰊒𰋂𰌀𰕢𰖣𰘓𰡩𰯏𰰜𰰟𰰠𰰢𰰤𰰨𰰩𰰪𰰫𰰬𰰭𰰮𰰰𰰱𰰲𰰳𰰴𰰵𰰶𰰷𰰸𰰹𰰺𰰻𰰼𰰽𰰾𰱀𰱁𰱂𰱃𰱄𰱅𰱆𰱇𰱉𰱊𰱌𰱍𰱎𰱏𰱐𰱑𰱒𰱓𰱔𰱖𰱗𰱘𰱙𰱚𰱛𰱜𰱝𰱞𰱟𰱠𰱡𰱢𰱣𰱤𰱥𰱦𰱧𰱨𰱩𰱪𰱬𰱭𰱮𰱯𰱱𰱲𰱳𰱵𰱶𰱸𰱹𰱺𰱻𰱼𰱽𰱾𰱿𰲁𰲂𰲅𰲆𰲈𰲉𰲊𰲌𰲏𰲒𰲔𰲕𰲖𰲗𰹮𰺯𱄟𱉪𱊠𱒰𱙨𱜹𱝈𱟉𱢯𱤁𱦡𱧏𱧒𱧷𱨓𱬭𱭾𱵲𱻜𱽋𱽎𱽏𱽐𱽑𱽒𱽔𱽕𱽖𱽗𱽘𱽙𱽚𱽛𱽜𱽝𱽟𱽠𱽡𱽢𱽣𱽤𱽥𱽦𱽨𱽩𱽪𱽫𱽬𱽭𱽮𱽯𱽰𱽱𱽲𱽵𱽶𱽷𱽸𱽹𱽺𱽻𱽼𱽽𱽾𱽿𱾀𱾂𱾃𱾄𱾅𱾆𱾈𱾉𱾊𱾋𱾍𱾎𱾏𱾐𱾒𱾖𱾗𱾘𱾚𱾜𱾝𱾞𱾠𱾡𱾢𱾤𱾥𱾧𱾨𱾫𱾬𱾰𱾱𱾳𱾴𱾵𱾶𱾸𱾹𱾻𱾼𱾽𱾾𱾿𱿂𱿃𱿄𱿅𱿆𱿇𱿉𱿌𲂀𲃩𲄑𲆙𲇗𲇘𲌢𲏬𲒻𲔢𲗮𲘚𲛫𲣒𲥌𲩯𲫝𲫪𲱯𲲍𲲑𲻯𲻰𲻱𲻲𲻳𲻴𲻵𲻶𲻷𲻸𲻹𲻺𲻻𲻼𲻽𲻾𲻿𲼀𲼁𲼂𲼃𲼄𲼅𲼆𲼇𲼈𲼉𲼊𲼋𲼍𲼎𲼏𲼐𲼑𲼒𲼓𲼕𲼖𲼗𲼘𲼙𲼛𲼜𲼝𲼞𲼠𲼡𲼢𲼣𲼤𲼥𲼦𲼧𲼪𲼬𲼭𲼮𲼰𲼱𲼲𲼳𲼴𲼵𲼶𲼷𲼸𲼹𲼺𲼻𲼼𲼽𲼾𲼿𲽀𲽁𲽂𲽃𲽄𲽅𲽆𲽇𲽈𲽉𲽊𲽋𲽌𲽍𲽎𲽏𲽐𲽑𲽕𲽗𲽘𲽙𲽚𲽝𲽞𲽡𲽢𲽤𲽥𲽦𲽨𲽪𲽫𲽬𲽭𲽯𲽰𲽱𲽲𲽴𲽵𲽶𲽸𲽻𲽼𲽿𳄱
艺	呓𮷾𰳵𰵖𱄓
艻	荔𤥉
艼	芋苛
艽	芄𦬡𬜫𰰶
艾	㘷哎砹銰餀鴱𢈒𤈝𤵽𥐋𧰿𨿆𪻚𬹯𮇗𮩜𱣏𱿠𲭽𲺐
艿	䒳莻𦮘𦰆𱾌
芀	苕茘𱽧
芁	芃芟𡍙𥟌𫿕𬵘𱓄𱟤𱠍𱡴𱡵𱣩𱫖𱿬
节	栉𠰱𬝋𬶎𮔂𰓜𰛤𰞍
芃	𢭾𣒾𥟌
芅	𦿂𧂓
芈	蝆𠴟
芉	哶𠦡𢾴𣏼𤑴𤞢𥙶𦬬𦮖𦯗𦲆𪶗𰱂𱆮𱽝𲲑
芊	䒩䒷䓙𤏑𥢟𦬰𦴂𬡙𬡚
芋	𤙢𦱃𧋪𭇻𮐆𰱕𱽍
芌	𧨄𨧈
芍	烵𥍰𦮱𬞠𱽏
芎	𢽔𦯡
芏	䒧䓁茥𠑏𠒌𡍊𢐱𥪺𦏡𦰶𦲃𦳻𧨅𩱀𫈐𰻗
芑	𦮼𦯸𦸆𭰜
芒	㟐㼹䅒恾硭荒莣謊鋩铓𠉋𠴏𡙧𢂾𣒣𣗄𤞽𤶼𥇀𥭶𦀴𦛿𦮋𦱋𦱣𦳶𦻯𧋽𧨔𩓜𩛲𩷶𩺊𫼳𬕼𭦇𱇮𲘥𲲈𳇼
芓	䓝𧋫𲼜
芔	𡴠𡴨𢥁𢷎𢹄𣈤𣊨𣕐𦱡𦱢𦱧𦱶𦱺𦴘𦴬𦻇𪔫𱠹
芕	茗茤𡝅𦰔𦽭
芖	㬒䓐䔪芙荂荑荚莢莽莾菴萘𦮹𦯮𦰃𦰮𦿲𧃦𨘎𩅁𫈹𮎨𮑂𰰿𱾬𲼨
芘	荜蒈𣓋𦰙𦷅
芙	𥕪𦰀𫆾𫽈𭈏𮎪𮳫𱾪
芚	萅𢡳𦰭𦸬
芛	莙蔒
芝	徔𡝳𣔰𣷸𤦧𪫿𮐘
芞	𫉀𱽰
芟	𠫌𣓒𩋐
芠	𦹺𬜵𰲅
芡	𡞁𥟕
芣	䓏苤𠶙𢯒𣔟𥟼𦱷𱹋𱽵𲺛
芥	𠶋𤊍𦄶𦲈𰥬𱽙𲾯
芦	䓞菺萹蔰𦲏𦳰𦶋
芧	茅𦱻
芩	莟菍𠉾𢮻𣔁𣷏𦹳𫪜
芪	茋𦯚𪂛𮏚
芫	𠒖𡝴𢯥𭰳𮷣
芬	棻葐𠊠𡍆𡝱𣔄𣶼𤊈𤦈𥺯𦯀𦯲𦯳𨧼𩡉𫕧𫪝𱻜
芭	𢯓𮤕𱣪
芮	㨅焫蜹𡍝𣓃𦜬𨌣𨧨𬝎𬯜𮀥𱙽𱹷𱽠𱽡
芯	蕊𢠶𣔀𣨠𦯽𦲜𬪑
花	㬸㳸埖婲椛硴糀蒊誮錵𠎍𠝐𠵅𡳖𢯘𤦙𤰏𦷌𩋖𩤉𩸽𫈪𫢮𮖏𰔀𰞯𰫩𰱷𱽣𱾇
芳	㭶淓錺餝𢮷𣇷𤊊𦱘𦻮𪝆𪦀𭍦𭹛𮤀𮸐𲥝𲸀𳄢
芴	㖴䓤𦲇𬬈
芶	𭪡𲘧
芷	淽荹蕋𦯝𦱥𦷱𦿧𧀤𮞟𰱔
芸	𠊁𣦀𣶽𦓷𧅟𩸜𫰼𫶮
芹	𣄄𣔠
芺	䄏菾𡝩𣓎𣨘𣵽𦰎𦼩𧨶𩜈𭈎𰴁
芻	㑳㗙㥮㮲㱀䅳䐢䑼䪮媰搊煼犓皺篘縐蒭謅趨鄒雛騶鶵齺𠞃𡙦𡦅𢐨𢹤𣉵𣺥𤌉𤌽𤕂𤠮𥪥𥻤𧎷𧛸𧳹𨃘𨎆𨪕𩌄𩱈𩱦𩺥𪄞𪎪𪕾𪙗𫐻𬑡𬧺𬯲𭽲𱜃𱱠𲂣𲆶𲨒𲹎
芼	𥟪𩸚𲫪
芽	𠵝𡝿𫢯𱾷𲜙
芾	茦𢯨𣣐𦭄
芿	㗡𰰯
苂	𤋔𦴔𦼐𮎦𱤂
苎	苧荢莞萗萣萱
苏	𮢈𰧈𱓁
苐	𧔏𩹋𭪺
苑	葾𡟃𣸱𤧌𥔙𦺲𩪝𭝪𮞫𲽪
苓	𠸖𡟀𣉏𣕵𤋶𤧍𨩖𰶫𱧔
苔	葈𠫅𠫆𢞇𢰥𣹓𤠂𥀌𧀟𧄈𨃐𩌂𪞅𫉳𬟖𬨴𭃵𰱥𲞤𲦒𲺢
苕	鍣𦴚𦴰𨔴𬭡
苖	𦰝𨭈𩤱
苗	㑤䅦䔬喵媌庿描渵猫瞄緢莮葸蔂貓錨锚鶓鹋𠣯𠪄𢡘𣈴𣬍𤋙𤚐𤸠𦏒𦱓𦳢𦹣𧍣𧓵𩳸𪃞𪣲𫈨𫊜𫳝𫿁𬃝𬉙𬞏𮏥𮒡𮬂𮵝𰬬𱐵𱞭𲺣𲾾𳇢
苘	𢾠𦳖
苙	莘菨菩萻蔁蕫薏𭵋
苛	䔅渮𠶾𦂭𧪆𪻸𮒠
苜	莧萛𢉧𢱁𤊾𥢞𦢐𦮷𦱛𦳮𦵅𨘚𭔗𰡝𲽠
苞	𢯿𦳤
苟	㺃㻤敬檠𠑛𠸚𢐧𢹘𣕉𥰄𦴳𧛩𨩦𫽚𮏆𰹂𱁸𱘄𱪑𱿵𲩣𲸜𳈼
苠	𦳜𩀔𪃔
若	㥾䁥䖃䘌䤀偌匿喏婼嫟嬺惹掿楉渃睰箬蠚諾诺蹃逽鄀鍩锘鰙𡈉𡠷𢉳𢜪𣘗𣾆𦂍𦴈𧍗𧍷𧛭𧼼𨵫𩺱𪐌𪙛𪴰𪻷𫇜𫭔𫲩𭆋𭊡𭦲𭱶𮉔𮥛𮦝𮪰𰍊𰔌𰞾𰮷𰹃𱥣𲉃𲗸𲝮𲦻
苦	楛瘔𠸋𡞯𢝨𢱗𤋼𤐞𥟾𥯶𧁷𧁹𧃵𨐡𨡱𩹜𫊐𭝩𭵌𮏫𮐤𮐽𮑟𮒀𮓄𮤙𰱁𱢵𱽳𱾛𱾮𱿁𲮘𲼟𲼩𳆓
苩	䔌葟葲藠𦯑𦯜𦰬𫈇𮏦
苪	𤋲𦳭𫈡𬜼
苫	𥠯𬜗𬝐
苬	蒕𦱟
苯	𠦪𫖐𬡪
英	㡕㢍㲟䁐䊔䚆䣐䦫䭊偀媖愥暎朠楧渶煐瑛碤緓绬蝧鍈锳霙韺鶧鿦𠝟𠸄𡎘𡾗𢰶𣨽𤠉𤸡𥍼𥠚𦔃𦗘𦰈𦾇𦿴𧯀𨍞𩘑𩘕𩤯𩹅𪃳𫬡𫵄𬚡𬝱𬢑𭓐𮘡𮧈𮪒𱛻𱾄𲎀𳋎𳋾𳐸
苲	𠷆𧩳
苳	𦵝𱓜
苴	䃊𢯽𣕈𥠙
苶	𢰀𧍠𨡸
苹	𡐵𡞴𧪐𫮉𬃟𬍷𮳰
苻	﨓𢰆𦲱𬾯𰰐
苾	𦰷𦸞𧪋𭈺𮏡𮐜
茀	𦂓𭃾
茁	𠷅𢱝𢱞𣖠𣙸𤋿𲽒
茂	荗荿葴蒇蒧蔵蕆𢰝𣕚𣸻𥠏𦮠𦸗𦽫𦿱𩹛𬫯𭸙𮐺𮵕𲃴𲫳
范	𡎊𣔶𦴮𧍙𭹬𲕤
茄	嘉𠸏𡲢𣖚𨔽𫅘𫈠𱎎𱹐𱾚𲏬
茅	葇鶜𡹰𦺖𦽰𧍟𧓿𲐉
茆	蒥𬪋
茈	䓱䔝𣖨𣸆𦸺𦺱
茊	𦷇𮏊
茍	敬𠑛𠣷𫛒
茐	葱𦷐
茖	𠺴𮐬𮬉𱣿
茜	䓰𣺋
茟	𦳳𭵨𮗴𰻍𱮔𲸉
茤	𠌅𡏗𥪫𦽭
茧	𧒨𧔴
茨	薋𬝩𰱱
茲	㘂㽧䈘䗹嗞嬨孶嵫慈滋濨甆礠稵糍螆鎡鰦鶿鷀𡙠𡞰𢶴𤂇𤧹𤮀𤲸𥔵𦔒𦖺𦺬𨭨𩼰𪇔𪑿𬣐𬹪
茴	𤌚𮏤
茵	蒽𡟻𪶲𮖡
茶	嗏搽𣗪𤨓𤯊𥧣𥻹𦓅𦴶𦷨𨃓𨢕𨪩𩴊𪄦𫅷𫉕𬞠𮥗𰥸𱙤𱮒𲈓𲳻𳏙
茸	㲨䠜䤊䩸傇媶搑榵穁縙𠺊𣯏𥎂𦔋𦯍𦶪𧎣𨉴𨍷𩮙
茹	蒘蕠𣺾𦷸𫉅𰲇
茿	蒆𦵶𦶐𧏤
荀	㨚䜦槆𡟱𦃜𦳣𫺰𰯅𱧵𱽸
荂	𧪮𨃖𰵻
荃	菳醛𣗎
荄	𠹽𢲧𣘃𤼞𦃮𦟍𨐮𨢟
荅	㜓㟷䌋匒嗒塔搭榙溚瘩葊褡鎝鞳𡈐𢟉𣩾𣯈𣯚𤠟𤨑𥉌𥔽𦈘𦖿𦞂𦷋𦷼𧄮𨃚𨱏𨶀𨸉𨻇𩏒𩥠𩺗𫋓𬢿𬿀𮐯𰋱𰫇𰱺𲃑𲤯𳋭
荆	𭱧𳆜
草	䓥愺菒騲𠌓𠹊𢾳𣺞𤌸𦞻𦯖𦳕𦷖𦸶𦹯𦹵𦹸𦺏𦾠𧄊𧄣𧄳𧅭𧤣𨕡𪋛𫊘𫥬𫶱𬃸𬊳𬞁𭆍𭡶𮏱𮐌𮐍𮑅𮑤𮒇𮒠𮓆𮪤𰌐𰩗𰱰𰲍𱾑𲏰𲼚𲽔
荋	䓴𦵘
荐	鞯𢞻𰜨
荑	𠺹𬯐
荒	㡛㬻㼹䐠塃慌謊谎𠻄𣉪𣋯𣗄𣺬𤠤𥉂𥔾𥡃𦃑𪥣𬹀𬿁𮓉𱱝𲀽
荔	𢲊𦴾𦶭𫉆𬃹𮐟𰑾𲼔𳍬
荖	蓍𠺜𣗩𤧳𩺆𪙐𫃊𲃽
荘	𮖢𮚛
荣	㮠嵘溁蝾𤾔𦴇𨪪𪛞𫞡𫤒𰧓𱓲𳇯
荧	𣸨𤐥
荷	嗬𬄋𲢙
荸	𠍤𫆲
荼	䅷瑹𠻬𢴉𣘻𦹍𦼞𨝛𨢬𩻓𭱻
荿	𦼦𬃾
莀	䔚蓐𦸳𱾤
莁	𬝶𭲁
莆	蒪𤨳𦻌𧁳𧜿𧽬𨄳𫃾𫮝𬈩𬵦𮔴
莉	㻳䔣䔧𠍆𣼵𦿾
莊	糚𣼥𨫲𫱡𭫨𮖢𱢢𱺀𳏡
莎	䓾𣘡𦹈𩺳𪍬𱋨𲢘𳀬
莑	樥𡻹𣟀𨫱𭊊𰜴
莖	𦎺𨖑𩐺𭿘
莘	䅸𣘘𣻿𦸯𧐞𧤱𨫽𩇡𩺵𰲄
莙	蔒𨖗
莜	蓚蓧蓨
莝	蓌遳
莞	𣻻𥕜𦎻𪼒
莤	𫫛𰱫
莧	寛𦎽𪢯
莨	𢳑𣻡
莩	𠼼𦟵
莪	𠌾𪦙
莫	㱳㵹㷬䮬募嗼塻墓嫫寞幕幙慔慕摸摹暮暯模氁漠獏瘼瞙糢縸膜蓦蟆蟇謨謩谟貘鄚鏌镆饃馍驀鬕𠢓𠻚𡈗𡖶𡠜𡻟𢊗𢟽𢨃𣩎𣯳𥕓𥡡𥡸𥱹𦟦𦷤𦹪𦻒𦿉𦿹𧃊𧅌𧆙𧒳𧕤𧕥𧷸𨢢𩄻𩌧𩐍𩐻𩔷𩻁𪅐𪍤𪏟𪝡𪷂𫄲𫔩𬎇𬑤𬞿𬹍𭣎𭷱𮂓𮄾𮍅𮐋𮖪𮣔𰐟𰙁𰝥𰦞𰩙𰱴𰲀𱕬𱤒𱥕𱰠𲂷𲉆𲊍
莭	𩼚𭞖𲱪
莹	滢𬎆𮢽𮱕𮲩𮳶𮸝
莺	𲖆𲳺
莽	㟿㬒䁳䒎䥈漭蟒𠻵𢟨𢳠𣙷𣯬𤛘𥕊𦟮𧜒𧬏𩅁𩪎𲋟𲮱𳇰
莾	蠎𣾘𤛘𩪎𭏫𭶄𰗎𱤕𱴳
菀	𡡶𤳙𲪆
菁	𠎐𣃄𫋛𫻄𮯖
菆	𣙻𣽇𤄓𤏱𦺵𦻡𦼈𧅞𨎮𨐉𩯍
菉	𦾞𱬓
菊	𡡣𢵗𣚭𫣟𬈵𬖶𬣇𬧰𬰩𬹄𮴱𱔚𲇣
菌	𢋵𣛃𭿰
菐	㲫㹒䑑䗱䧤䪁䴆僕噗墣幞撲樸獛璞瞨穙襆贌蹼轐醭鏷镤𠔯𡡐𢖃𣊪𣪻𣾴𤂛𤗵𤾣𥐁𥼜𦄾𦢂𧴌𨞊𩑀𩪛𩯏𪋡𪒢𪖈𪠖𫐗𫦖𫨱𫼆𬿵𭗘𭞴𭶅𱏠
菓	𢵵𥼧𩻧𪳰𫉻𬶯𭛙
菛	䔵䕞䕡蔄蔅蕄蕑蕳藺蘭𦻶𦻺𦼠𦽅𧀲𧂄𧃁𧄱𧅶𫉑𬟢𮒼𲼠
菜	𢵛𰲎𱙮𱾦
菞	蔾藜𦺙𦿺
菟	𧈋𪆆
菣	藖𦸃𫉺
菩	𠟌𬈸𲖟
華	㒯㠏㦊䅿嘩墷嬅撶曄曅樺澕燁璍皣瞱譁鏵鞾韡驊鷨𠎑𡪤𣟦𤒃𤒹𥛵𦅠𦠜𦪠𦾏𧂽𧃹𧑍𧠁𧤻𨅯𨣄𨶱𩀵𩏧𩻮𪏥𪟥𪩓𫖛𫛓𬒢𬚦𬟠𭘲𱐤𳉯
菱	𡡷𮰈𲯺
菲	㔈䕁蕜韮𦻔𦻥𦻹𬄟𳇁
菴	𣚖𤎣𭊭𮰭
菹	𦼬𧗎
菻	𦽔𭌖
萁	𣾁𬄤
萃	㯜㵏膵𦷞𩦗𭧩𲇥𲖞𲬈
萄	𡐺𢵘𦻦𨼞𪷒𫱰
萅	𠎲𢡳𦸬𧅪𨅱𩯐
萈	寬𡅻𡅽𡬘𦏊𦒨𬉛𬞸
萊	𢵭𦻣𨅼𪱉𫉍𫘗
萌	橗𢅆𢡗𧾆𫄁𬝡𬠫𮶰𱿋𲖡𲢩𲻨𲽆
萎	𠾭𮟋𰹇
萑	劐匶嚿穫舊蒦蕉鸌𠥬𠿅𣤨𦺴𦻧𦼉𦼱𦾔𧾛𨞂𨬶𪇡𫮾𬞄𬞓𬥱𭬈𭬷𮒣𮕘𮶴𱾖𲟕
萗	𣛂𣰁
萠	蒯𦘃𧽹𩕕𬄡
营	𫶕𮳸𮴶𰝅𱭰𲖹
萧	潇蟏𤎻𫾃𰘩
萬	㒖䊪䖁䘍䜕勱厲噧澫燤癘礪蠆蠇贎躉邁𡳱𡽇𢋭𢶯𣜜𤛶𤢥𥍈𥖣𥜍𦼌𦽳𧄌𧄴𧾗𨆣𨙗𨭬𨲴𨷈𪒪𪯁𪵒𫉨𫙽𫮮𫴆𬒪𬚑𬞒𬯥𭙿𰊶𰤅𱵻𱾣𲆽𲗺𲥂𲹽𳅨
萮	𦾤𮳘𮳹
萱	𣜯𫫻𫱽𫻊𬁙𲪏𲬔
萲	𪷠𬣊𲬒
萻	䔔蔁薏
落	𡀩𢣅𣋛𥋷𨮎𫄈𭘹𭢥𮆗
葆	藵𦽻
葉	㵩䜓䭟僷擛瞸蠂鐷𠪸𠿚𡑢𡢬𢢲𣋑𣜿𣩨𤐌𤗽𥖢𥜈𧝵𨆡𨗸𩆏𩍣𩦭𫅠𫊍𬀗𬛚𬿾𭜆𮒅𱲇𱶦𲸛𲽽
著	㒂䦃墸擆躇鐯𡈥𢅔𣃈𣛰𣦡𤀞𤏸𤻔𥖛𦅷𫊔𬙅𬟜𮖺𲓗𲽄
葛	㵧䗶噶嶱擖獦礍臈譪轕𡑪𢢖𣰌𤩲𥀥𥢸𦅶𧝶𨆍𨞛𨭛𩍛𩦞𩯝𩼙𪆰𪙰𬸭𭁞𭌫𭭸𭶎𮝺𮤅𰾿𱤟
葡	𠏆𡢼𢣋𩍘𫾎𱙳
葢	𡑷𮁌𲖷𲪎
董	㯵嬞懂薫𡀇𣿅𥋾𥣑𥪿𦡂𦡦𧄓𨆟𫷐𫾍𲚊
葦	𦻪𨗨𫣤𭺁
葬	髒𠿺𩦦𱥔𱼝
葱	憽檧濍燪繱𢶰𣎨𤩿𫓑𲹼
葴	䥠𣿎𦽫𩼘𪇅𪒯
葵	𣋒𣿮𤢑𤩸𧬧𨆠𩦟𪆴𫶙𬄲𭢦
葻	𡑵𢶻𣜳𤀘𨮇𲤉
蒀	𨎽𮰯
蒂	𤀐𧂨𧬺𫣥𰢠𰱼𲽷
蒌	𦡢𲦿
蒍	儰𤾸𨟗
蒐	𫴒𫸄
蒙	㠓㩚䑃䙩䤓䰒䴌䵆幪懞曚朦檬氋濛獴矇礞艨蠓靀饛鸏鹲𠐁𠖨𡁏𡒯𡮹𣰥𤔽𤔾𤘁𤪑𤮠𤯻𤯾𤾬𥣛𥵿𦆟𦿢𧅭𧭊𨞫𨮵𨼿𩍬𩕱𩦺𬴌𮚩𮟔𰟶𱄈𱋮𱹦𲎈
蒦	㠛㦜㬦䨼䪝嚄嬳彟彠擭檴濩獲瓁矆矱穫籆耯臒艧蠖護鑊镬雘韄頀鱯鳠鸌鹱𢋒𣌏𣤨𤐰𤻙𥖪𧞤𧾛𩟓𩪭𪇡𫾢𭶹𰸳𱀻𱂌𲋲𲘗𳑓
蒪	䥬䪇礡𣝍𦡰𩏯𩟛𩼬𰉃
蒯	𦗿𫬉
蒲	𦢸𧁔𨆶𩟢𪇨𭳭𰯡𰽏𱠿𲗑
蒸	𡽮𩟘𲣊
蒼	濸𡒝𦢁𦾝𨮤𩼺𭟇𭬝𲗊𲣇𲴒𳀂
蒿	嚆藁藳𡽝𣝏𤢨𥖰𦿗𦿣𧂎𧂕𬞩𮬕
蓁	𣝾𫇑𬉔𲡕𲰈
蓄	𦿤𭳀
蓆	𣝸𫊘
蓉	㯴𤁇𤪜𨮥𫲇𬒦𲞌
蓋	㯼䡷壒濭瓂礚鑉饚𠤅𡀽𡈮𡣨𢅤𢣏𢷞𣋞𣩱𣰛𤐩𤻜𧞔𨽈𩍰𩕭𩡤𫇙𫠁𭗡𭿫𮜝𮡈𰺡𱘽𲹿𲽮
蓝	𣞎𱩪𱬡𲄍𲞫
蓬	纄鑝𡂫𡓄𢩣𢸚𣟀𤂧𤑫𦿪𧓶𧴟𨏕𱟨𱿊𲺁
蓮	櫣𡂴𡣻𤂍𤑞𤪼𨯌𬞮
蓲	櫙𤁮
蓺	爇藝𣞕𤑔𦿳𧁈𧃳𫉥𬡵𲄕
蓻	𤑔𫉷𬋖𭌵𭶢𮒛𮒸𲽡
蓼	𡂕𤁸𥗀
蔄	䕡𢤘𧃪
蔍	薼藨蘪𣞓𧃧𧄟𧆓𲽻
蔑	㒝㩢䁾䌩䩏䯦幭懱櫗瀎礣蠛衊襪鑖韈韤鱴𡃙𣋻𤻻𥀯𥣫𥽘𨣱𩁝𩆪𩴾𪇴𫉼𬴱𬹛𮓅𮜤𰿃𱈙𱬦𱼢𲆢𲵀
蔓	𠐎𨞼𭋽𳀈
蔕	𧀱𨘬
蔗	𣞢𳃫
蔚	藯𣞨
蔡	䌨攃櫒礤𠐐𡂠𡣮𢨝𤁱𧭝𨯓𩁞𩧇𪇭𪒼𬪝𬯡𮜨𮴸𱺯
蔥	𢤄𣞷𤁬𤑢𦇎𧁗𰭁
蔦	𦽏𩿜
蔧	𤑒𧁜
蔪	𧀵𧅀
蔭	𡓅𨯛𪷵
蔴	䕷藦蘑蘼𧀋𧂷𧔕𰲐𲗠𲽦
蔵	臓𤂘𤛻𨊙𮁔
蔺	躏𮳙𰺣
蔽	虌𦿔𧆊𮒥𮜣
蔿	儰𤾸𨟗
蕃	𧂵𪿾𲛸𲰎
蕇	玂鄿𧂳𭄚𭬩
蕈	𣃕𤂹
蕉	䌭櫵爑𢤼𢸺𫑿𫲔𬁞𬷹𭀐𰲑𱿍𲗯𲴙
蕊	蘂𦢬𧁚𧄜𬉡𮒦𰳥𲲺
蕋	蘃𤃓
蕑	𡤃𣟫𧂡
蕙	𢤺𤫃𦇠𪷺𬔄
蕚	𨯫𬵸
蕢	𰷌𲑤
蕩	蘯𢥉𥗔
蕫	𢤦𬛞𭌕
蕭	櫹瀟蠨𡣾𢑁𢸳𤑳𦢩𧅣𧹀𩙚𩧓𬘎𲗱𲧰𳇘
蕳	𤃦𧄱𭒮
薄	䭦欂礴鑮𦢸𨏫𩍿𩏵𩽛𪎄𪚂𬮁𮂣𮕓𰉃𱬫𲾀
薎	𤃿𪈛
薑	𤒬𥗪𱤳
薔	𡤑𧃻𫮽
薛	㔑㜸孽糵蘖躠𠣅𡤏𡾲𧕏𨇨𪈙𪈟𪎃𪺶𫊎𭣍𮮂𰲓
薜	蘗𧂸𧄀𭒯𭗳𮒶𮓂𮓒𲄑𲽧
薟	𣠇𤒷
薦	䍎瀳韉𥤆𦇩𧂑𧟆𧲛𨰂𨷳𳎏
薨	𠐿𤃫𥍇𩖎𩙛𪈘
薩	𡄳𢹵𧃯𪎅𮓃𮓌
薫	𬬡𭌧𭸳𮡍
薬	𣟿𬟥
薯	蠴𰖼
薰	䌲𡓽𣌕𣎰𤓂𧰣𪈧𬅑𬬡𭳵𭸳
薺	𧆌𱪏
薾	𢹜𣠝𧄬
藋	𤒽𨰑
藍	㘕灆礷𢹹𣠩𤓆𤼓𥍍𧕭𧟋𧾲𨰗𩟺𩽭𪈭𫲝𭐌𱶭𲰴𳀫
藏	㶓欌臟贜鑶𡅆𡚥𡿄𢆮𣰾𤜐𦇴𧕨𨤃𩰅𩽮𪓅𭗶𰹬𳄂
藝	囈襼讛𠑢𡤦𢺐𣡊
藟	蘲蘽虆𡿉𫊜
藥	㰛𡤤𢺇𤄶𤓈𥍐𧆄𨰤𭻽𮁚𮮎
藺	躪轥𥽼𨙟𭌾
蘆	𭶨𱢼
蘇	囌𠫋𡚢𥗹𦣑𫰅
蘋	𤅖𧅵
蘖	𡿗𮁛
蘥	𤅢𤓝𨈅𰨙
蘦	䖅𥤜
蘭	囒孏欗灡爤糷襽钄韊𠓚𡔔𢆄𢦂𢺤𤣢𥗺𧮧𨈆𨏼𫲴𫶥𬎟𬵿
虍	㓺㨜㩀䖈䖉䖍䖏䖒䖗䱷䲣慮榩盧膚虎虏虐虑虔處虖虗虘虙虚虛虜虞虨豦鎼雐鬳鰬鸆齾𠊤𠋵𠢍𠮏𠶪𡎪𡐸𡢙𢀊𢊐𢐏𢒜𢳵𢸉𢺂𣖪𣙁𣣕𤀃𤃒𤄦𤚳𤟜𤦣𤩩𤮝𤺝𥃈𥃋𥃓𥈠𥛕𥰽𥲜𦉛𧃢𧆛𧆜𧆝𧆞𧆠𧆣𧆥𧆧𧆨𧆩𧆪𧆭𧆱𧆲𧆳𧆴𧆵𧆶𧆹𧆾𧆿𧇀𧇁𧇂𧇃𧇄𧇆𧇈𧇉𧇋𧇏𧇕𧇖𧇗𧇪𧇴𧇽𧈀𧈁𧈂𧈃𧈉𧈎𧈓𧈔𧈘𧌧𧌭𧎍𧏕𧐪𧛓𧤧𧤫𧩅𧩐𧪥𧼥𧽐𨂑𨘈𨜻𨝞𨨍𨩘𨩝𨩞𨪨𨫴𨬲𨬷𨭴𨮡𨮣𨮦𨯼𨽯𩐮𩔺𩗸𩤾𩦢𩲼𩳰𩴛𩼻𪕽𪛍𪪐𫊝𫊞𫊟𫊡𫊢𫊣𫓗𫿑𬋴𬙓𬟧𬟨𬟩𬟫𬟮𬟯𬟱𭂸𭊰𭗩𭟼𭤜𭭔𮐣𮓛𮓝𮓣𮓭𮶺𰢉𰲙𰲚𰲛𰲡𰲢𰲣𰲤𰲧𱤞𱩳𱱚𱿖𲖈𲗌𲛞𲠳𲾁𲾅𲾈𲿋𳆞𳇀
虎	㔸㙈㶁䖊䖋䖌䖎䖐䖑䖓䖔䖕䖖䖘䖙䖚䖛䗂䝞䫢䬌䰧䴘俿唬婋彪椃歋淲猇琥甝箎萀虒虓虝號虠虢虣虤虥虦虩虪裭覤諕贙錿鯱鷉𠞄𠥶𡀱𡅗𡦨𢈶𢏯𢜜𢮎𢸗𣘫𣜵𣣍𣱤𤂆𤗑𤯮𤷡𤽾𥓚𥚚𦁲𦖖𦩕𦻮𧆟𧆡𧆢𧆦𧆫𧆯𧆰𧆷𧆸𧆹𧆺𧆻𧆼𧆽𧇅𧇌𧇍𧇎𧇐𧇑𧇒𧇓𧇙𧇚𧇛𧇜𧇝𧇞𧇟𧇢𧇥𧇦𧇨𧇫𧇬𧇭𧇮𧇯𧇰𧇱𧇳𧇶𧇷𧇸𧇹𧇻𧈄𧈅𧈆𧈇𧈈𧈊𧈋𧈌𧈍𧈏𧈐𧈑𧈖𧈗𧈙𧈜𧣾𧭣𧮽𧸾𧹂𨂜𨔛𨛵𨛸𨵘𩆱𩤌𩦶𩾇𪂬𪏐𪕻𪘰𪛌𪛔𪞣𫊠𫘌𫜐𫧰𫬲𫳔𫻺𫾹𫿋𬟪𬟬𬟭𬟰𬟲𬢆𬤀𭀪𭎭𮓟𮓤𮓦𮓧𮓨𮓫𮓮𮓯𮰎𰞱𰲘𰲛𰲜𰲞𰲟𰲠𰲥𰲦𰲨𱃄𱶎𱿎𱿏𱿐𱿑𱿔𱿗𲊰𲤆𲮣𲲧𲾂𲾄𲾆𲾇𳏅
虏	掳𣶭𫇛𫓺
虐	㖸瘧謔谑𥈴𦞐𨩽𪘽𪪛𭝬𭹦𱗒𱙞
虑	摅滤𮣶𰂦𰅔𰱮𱗠
虒	㔸㡗㥴㴲㾷䖙䚦䞾䶵傂嗁搋榹歋磃禠篪螔褫謕蹏遞鷈鼶𠞄𠥸𡏚𢊀𢐋𤗢𥉘𥠱𦃇𧈛𨪉𨻆𩀗𩤽𩺛𰊽𱿒𲮥𳊤
虔	㗔㨜榩鰬𠋵𠢅𤚳𥔮𥱲𧤥𧽐𨪝𩤾𪦒𫽯𮘭𱈉𱗡
處	㨿𠽁𡼆𣊑𣫦𤃔𤓤𥱿𧇡𧇤𩌲𩴘𬹜𭞚𭹰𮌶𮝤𮢹𱗮𲒳𲾃
虖	㙤㦆㯉㻯嘑嫭摢歑滹罅謼鏬𡻻𢧶𤗭𤹣𥏽𥕕𥲉𦉑𧗌𨄥𨝘𨻲𫷽𬔑𬠦𬤙𮈺𱿓
虗	𧇀𧇲𩴛𬿖𭊌𭏟𭢉𮅽𮯓
虘	㜘㢒㪥䁦䠡䣜䶥摣樝皻蔖覰謯齇𠭯𡳆𢳛𣙁𣻐𤛏𤹡𥕑𥛜𥡧𦋾𦟰𧃘𧇘𧇣𧐅𨖆𩼻𩽟𪓐𪖸𫍹𮓖𰲡𰴜𲎥
虚	㠊嘘墟憈戯歔虡覷觑譃驉魖鱋𡰐𢴮𣚛𤡣𤮆𤺞𥋖𥕰𥛳𥲤𦪡𧇊𧇠𧇺𧝔𧴆𨝹𨼋𩏣𩴥𪆛𪙫𪹣𫣞𬶬𭛚𰏭𱅧𱙧𲀄𲾉
虛	㠊噓墟憈戱歔虡覷譃驉魖鱋𡰐𢴮𣚛𤡣𤮆𥕰𥛳𥲤𦪡𧇠𧝔𧴆𨼋𩏣𩕚𪆛𪙫𮓪𲂚𲰘𳆿
虜	㢚㯭䲐擄艣鐪𠿛𢢛𤺿𩯜𪷓𭧷𳏳
虞	噳澞鸆𡑾𡢢𥵂𦾚𩦢𪋬𪝭𪩽𮯗𲠳𳇳
號	㙱饕𡀱𣜍𣜵𤩭𧰑𪷢𱿕𲇦
虡	簴𣝛𨮗
虢	㶁𢸗𧭣𲆣
虤	䖜贙𰷮𱿗
虧	𡓰𣌉𧃷𩆾𲘂𲣠
虩	𡄼𭳳
虫	㰩䂈䖝䖞䖟䖠䖡䖢䖣䖤䖥䖦䖧䖨䖩䖪䖫䖬䖭䖮䖯䖰䖱䖲䖳䖴䖵䖶䖷䖸䖹䖺䖻䖼䖽䖾䖿䗀䗁䗂䗃䗄䗅䗆䗇䗈䗉䗊䗋䗌䗍䗎䗏䗐䗑䗒䗓䗔䗕䗖䗗䗘䗙䗚䗛䗜䗝䗟䗠䗡䗢䗤䗥䗦䗧䗨䗩䗪䗫䗬䗭䗮䗯䗰䗱䗲䗳䗴䗵䗶䗷䗸䗹䗻䗼䗽䗾䗿䘁䘂䘃䘆䘈䘊䘋䘎䳋䶚斔曧浊瀜烛独痋繭茧萤虄虬虭虮虯虰虲虳虴虵虶虷虸虹虺虻虼虽虾虿蚀蚁蚂蚃蚄蚅蚆蚇蚈蚉蚊蚋蚌蚍蚎蚏蚐蚑蚒蚓蚔蚕蚖蚗蚘蚙蚚蚛蚜蚝蚞蚟蚠蚡蚢蚣蚤蚥蚦蚧蚨蚩蚪蚫蚬蚭蚮蚯蚰蚱蚲蚳蚴蚵蚶蚷蚸蚹蚺蚻蚼蚽蚾蚿蛀蛁蛂蛃蛄蛅蛆蛇蛈蛉蛊蛋蛌蛍蛎蛏蛐蛑蛒蛓蛔蛕蛖蛗蛘蛙蛚蛛蛜蛝蛞蛟蛠蛡蛢蛣蛤蛥蛦蛧蛨蛩蛪蛫蛬蛭蛮蛯蛰蛱蛲蛳蛴蛵蛶蛷蛸蛹蛺蛻蛼蛽蛾蛿蜀蜁蜂蜃蜄蜅蜆蜇蜈蜉蜊蜋蜌蜍蜎蜏蜐蜑蜒蜓蜔蜕蜖蜗蜘蜙蜚蜛蜜蜝蜞蜟蜠蜡蜢蜣蜤蜥蜦蜧蜨蜩蜪蜫蜬蜭蜮蜯蜰蜱蜲蜳蜴蜵蜶蜷蜸蜹蜺蜻蜼蜽蜾蜿蝀蝁蝂蝃蝄蝅蝆蝇蝈蝉蝊蝋蝌蝍蝎蝏蝐蝑蝒蝓蝔蝕蝖蝗蝘蝙蝚蝛蝜蝝蝞蝟蝠蝡蝢蝣蝤蝥蝦蝧蝩蝪蝫蝬蝭蝮蝯蝰蝲蝳蝴蝵蝶蝷蝸蝹蝺蝻蝼蝽蝾蝿螀螁螂螃螄螅螆螇螈螉螊螋螌融螎螏螐螑螒螓螔螕螖螗螘螚螛螜螝螞螟螠螢螣螤螥螦螧螨螩螪螫螬螭螮螯螰螱螲螳螴螵螷螸螹螺螻螼螾螿蟀蟂蟃蟄蟅蟆蟇蟈蟉蟋蟌蟍蟎蟏蟐蟑蟒蟓蟔蟕蟖蟗蟘蟙蟚蟛蟜蟝蟞蟟蟠蟡蟢蟣蟤蟥蟦蟧蟨蟩蟪蟫蟬蟭蟮蟯蟰蟱蟲蟳蟴蟵蟶蟷蟹蟺蟻蟼蟽蟾蟿蠀蠁蠂蠃蠄蠅蠆蠇蠈蠉蠊蠋蠌蠍蠎蠏蠐蠑蠒蠓蠔蠕蠖蠗蠘蠙蠛蠜蠝蠞蠟蠣蠥蠦蠨蠩蠪蠬蠮蠰蠳蠴蠵蠷蠸蠻蠼蠾襺触赨鉵閩闽颾﨡𠌒𠖧𠖪𠙍𠛿𠠞𠣜𠪿𡐉𡒹𡘗𡠁𡬛𡯥𢋙𢋜𢔼𢕉𢖄𢘷𢫼𢺃𣀺𣂂𣆣𣑺𣭦𣷋𣸀𤙕𤡴𤧠𤹊𤻹𤼚𤼭𥎔𥰱𥳎𥴵𦇂𦚭𦜱𦢅𦳶𦸞𦹌𦻷𦿸𧁧𧃀𧅆𧅇𧈝𧈞𧈟𧈠𧈡𧈢𧈣𧈤𧈥𧈦𧈧𧈨𧈩𧈪𧈫𧈬𧈭𧈮𧈯𧈰𧈱𧈲𧈳𧈴𧈵𧈶𧈷𧈸𧈹𧈺𧈻𧈼𧈽𧈾𧈿𧉀𧉁𧉂𧉃𧉄𧉅𧉆𧉇𧉈𧉉𧉊𧉋𧉌𧉍𧉎𧉏𧉐𧉑𧉒𧉓𧉔𧉕𧉖𧉗𧉘𧉙𧉚𧉛𧉜𧉝𧉞𧉟𧉠𧉡𧉢𧉣𧉤𧉥𧉦𧉧𧉨𧉩𧉪𧉫𧉬𧉭𧉮𧉯𧉰𧉱𧉲𧉳𧉴𧉵𧉶𧉷𧉸𧉹𧉺𧉻𧉼𧉽𧉾𧉿𧊀𧊁𧊂𧊄𧊅𧊆𧊇𧊈𧊉𧊊𧊋𧊌𧊍𧊎𧊏𧊐𧊑𧊒𧊓𧊔𧊕𧊖𧊗𧊘𧊙𧊚𧊛𧊜𧊞𧊟𧊠𧊡𧊢𧊣𧊤𧊥𧊦𧊧𧊨𧊩𧊪𧊫𧊬𧊭𧊯𧊰𧊱𧊲𧊳𧊴𧊵𧊶𧊷𧊸𧊹𧊺𧊻𧊽𧊾𧊿𧋀𧋁𧋂𧋃𧋄𧋅𧋆𧋇𧋈𧋉𧋊𧋋𧋌𧋍𧋎𧋏𧋐𧋑𧋒𧋓𧋔𧋕𧋖𧋗𧋘𧋙𧋛𧋜𧋝𧋞𧋟𧋠𧋡𧋢𧋣𧋤𧋥𧋦𧋧𧋨𧋩𧋪𧋫𧋬𧋭𧋮𧋯𧋰𧋱𧋳𧋴𧋵𧋶𧋷𧋸𧋹𧋺𧋻𧋼𧋽𧋾𧋿𧌀𧌁𧌂𧌃𧌄𧌅𧌆𧌇𧌈𧌉𧌊𧌋𧌌𧌍𧌎𧌏𧌐𧌑𧌒𧌓𧌔𧌕𧌖𧌗𧌘𧌙𧌚𧌛𧌞𧌟𧌠𧌡𧌢𧌤𧌥𧌧𧌨𧌩𧌪𧌫𧌬𧌭𧌮𧌯𧌰𧌱𧌲𧌳𧌴𧌵𧌶𧌷𧌸𧌹𧌺𧌻𧌼𧌽𧌿𧍁𧍂𧍃𧍄𧍅𧍆𧍇𧍈𧍉𧍊𧍋𧍌𧍍𧍎𧍏𧍐𧍑𧍒𧍓𧍔𧍕𧍖𧍗𧍘𧍙𧍚𧍛𧍜𧍝𧍞𧍟𧍠𧍡𧍢𧍣𧍤𧍥𧍧𧍩𧍪𧍫𧍬𧍭𧍮𧍯𧍰𧍱𧍲𧍳𧍴𧍵𧍶𧍷𧍹𧍺𧍻𧍼𧍽𧍾𧍿𧎀𧎁𧎂𧎃𧎄𧎅𧎇𧎈𧎉𧎊𧎋𧎌𧎍𧎎𧎏𧎐𧎑𧎒𧎓𧎔𧎖𧎗𧎘𧎙𧎚𧎛𧎜𧎝𧎞𧎟𧎠𧎡𧎢𧎣𧎤𧎥𧎦𧎧𧎨𧎩𧎫𧎬𧎭𧎯𧎰𧎲𧎳𧎴𧎵𧎶𧎷𧎸𧎺𧎻𧎼𧎽𧎾𧎿𧏀𧏁𧏂𧏃𧏅𧏆𧏇𧏈𧏉𧏌𧏍𧏎𧏏𧏐𧏑𧏓𧏔𧏕𧏖𧏗𧏘𧏙𧏚𧏛𧏜𧏝𧏞𧏟𧏠𧏡𧏢𧏣𧏤𧏥𧏦𧏧𧏨𧏩𧏪𧏫𧏬𧏭𧏮𧏯𧏰𧏱𧏲𧏳𧏴𧏵𧏶𧏷𧏸𧏹𧏺𧏻𧏽𧏾𧏿𧐀𧐁𧐂𧐃𧐄𧐅𧐆𧐇𧐈𧐉𧐊𧐋𧐌𧐍𧐎𧐐𧐑𧐒𧐓𧐔𧐕𧐖𧐗𧐙𧐚𧐛𧐜𧐝𧐞𧐟𧐠𧐡𧐢𧐣𧐤𧐥𧐦𧐨𧐩𧐪𧐫𧐬𧐭𧐮𧐯𧐱𧐲𧐳𧐴𧐵𧐶𧐷𧐸𧐹𧐺𧐻𧐼𧐽𧐾𧐿𧑀𧑁𧑂𧑃𧑄𧑅𧑆𧑇𧑈𧑊𧑋𧑌𧑍𧑏𧑐𧑑𧑒𧑓𧑔𧑕𧑗𧑘𧑙𧑚𧑛𧑜𧑝𧑞𧑟𧑠𧑡𧑣𧑦𧑧𧑩𧑪𧑫𧑬𧑭𧑮𧑯𧑰𧑱𧑲𧑳𧑵𧑶𧑷𧑸𧑹𧑺𧑻𧑼𧑽𧑾𧑿𧒀𧒁𧒄𧒅𧒆𧒇𧒉𧒊𧒋𧒌𧒍𧒐𧒑𧒓𧒖𧒗𧒘𧒚𧒜𧒞𧒠𧒢𧒣𧒤𧒥𧒦𧒩𧒪𧒫𧒬𧒭𧒮𧒯𧒰𧒱𧒲𧒳𧒴𧒵𧒶𧒷𧒸𧒹𧒺𧒻𧒼𧒽𧒾𧒿𧓀𧓁𧓃𧓄𧓅𧓆𧓇𧓈𧓉𧓋𧓌𧓍𧓏𧓐𧓒𧓓𧓔𧓗𧓘𧓙𧓛𧓜𧓝𧓠𧓡𧓣𧓤𧓥𧓦𧓧𧓩𧓪𧓬𧓭𧓮𧓯𧓰𧓲𧓳𧓴𧓶𧓷𧓸𧓺𧓻𧓼𧓽𧓾𧔀𧔅𧔇𧔈𧔉𧔊𧔋𧔌𧔍𧔎𧔒𧔓𧔕𧔖𧔘𧔙𧔚𧔛𧔜𧔝𧔟𧔠𧔢𧔣𧔤𧔥𧔦𧔪𧔫𧔬𧔯𧔱𧔶𧔷𧔸𧔹𧔺𧔽𧔾𧔿𧕀𧕁𧕂𧕃𧕄𧕅𧕆𧕇𧕉𧕊𧕋𧕍𧕏𧕓𧕖𧕗𧕘𧕚𧕞𧕟𧕡𧕤𧕥𧕨𧕩𧕪𧕫𧕬𧕭𧕮𧕯𧕳𧕴𧕸𧕺𧕻𧕼𧖃𧖆𧖇𧖋𧖎𧖐𧖒𧖖𧖗𧖘𧖙𧖜𧖝𧖞𧖠𧖣𧙽𧳃𧳻𨑉𨒷𨜗𨞷𨩪𨶣𨷌𨹁𩃪𩙐𩭃𩶥𩸈𩼞𩽱𪅵𪔖𪕕𪘅𪿛𫉴𫊤𫊥𫊦𫊧𫊨𫊩𫊪𫊫𫊬𫊭𫊮𫊯𫊰𫊱𫊳𫊴𫊵𫊶𫊷𫊸𫊹𫊺𫊻𫊼𫊽𫊾𫊿𫋀𫋁𫋂𫋃𫋄𫋅𫋆𫋇𫋈𫋉𫋊𫋋𫋌𫋍𫋎𫋏𫋐𫋑𫋓𫋔𫋕𫋖𫋗𫋘𫋙𫋚𫋛𫋜𫋝𫋞𫋟𫋠𫋡𫋢𫋣𫋤𫋥𫋦𫋧𫋨𫏪𫖨𫟗𫢀𫩮𫪻𫫱𬗌𬝋𬟴𬟵𬟶𬟷𬟸𬟹𬟺𬟻𬟼𬟽𬟾𬟿𬠀𬠁𬠂𬠃𬠄𬠅𬠆𬠇𬠈𬠉𬠊𬠋𬠌𬠍𬠎𬠏𬠐𬠑𬠒𬠓𬠔𬠕𬠖𬠗𬠘𬠙𬠚𬠜𬠝𬠞𬠟𬠠𬠡𬠢𬠣𬠥𬠦𬠧𬠨𬠩𬠪𬠫𬠬𬠭𬠮𬠯𬠰𬠲𬠳𬠴𬠵𬠻𬴥𭂌𭕛𭚸𭜫𭢰𭫵𭬛𭳰𭳹𭺟𭿇𮏲𮑿𮓲𮓳𮓴𮓵𮓶𮓷𮓸𮓹𮓺𮓻𮓼𮓽𮓾𮓿𮔀𮔁𮔂𮔄𮔅𮔆𮔇𮔈𮔊𮔋𮔌𮔍𮔎𮔐𮔑𮔓𮔔𮔕𮔖𮔗𮔘𮔙𮔚𮔛𮔜𮔝𮔞𮔟𮔠𮔡𮔢𮔣𮔤𮔥𮔦𮔧𮔨𮔩𮔪𮔫𮔬𮔮𮔰𮔱𮔲𮔳𮔴𮔵𮔶𮔷𮔹𮔻𮔼𮔾𮔿𮕀𮕁𮕂𮕃𮕆𮕈𮕋𮕌𮕍𮕎𮕏𮕐𮕒𮕓𮕔𮕖𮕗𮕘𮕙𮕚𮞣𮨩𮩿𮳋𮶋𮶻𮶼𮶽𮶾𰝆𰲦𰲩𰲪𰲫𰲬𰲭𰲮𰲯𰲰𰲱𰲲𰲳𰲴𰲵𰲶𰲷𰲸𰲹𰲺𰲻𰲼𰲽𰲾𰲿𰳀𰳁𰳂𰳃𰳄𰳅𰳆𰳇𰳈𰳉𰳊𰳋𰳌𰳍𰳎𰳏𰳑𰳒𰳓𰳔𰳕𰳗𰳘𰳙𰳚𰳜𰳞𰳟𰳠𰳡𰳣𰳥𰳦𰽶𱔿𱕺𱱯𱽃𱾞𱿘𱿙𱿚𱿛𱿜𱿝𱿞𱿟𱿠𱿡𱿢𱿣𱿤𱿥𱿦𱿧𱿨𱿩𱿪𱿫𱿬𱿭𱿮𱿯𱿰𱿲𱿳𱿴𱿵𱿶𱿷𱿸𱿹𱿺𱿻𱿼𱿽𱿾𱿿𲀀𲀁𲀂𲀃𲀄𲀅𲀆𲀇𲀈𲀉𲀊𲀋𲀌𲀍𲀎𲀐𲀑𲀒𲀓𲀕𲀖𲁷𲁾𲙶𲢴𲾊𲾋𲾌𲾍𲾎𲾏𲾐𲾑𲾒𲾓𲾔𲾕𲾖𲾗𲾘𲾙𲾚𲾛𲾜𲾝𲾞𲾟𲾠𲾡𲾢𲾣𲾤𲾥𲾦𲾧𲾨𲾩𲾪𲾫𲾬𲾭𲾮𲾯𲾰𲾱𲾲𲾳𲾴𲾵𲾶𲾷𲾸𲾹𲾺𲾻𲾼𲾽𲾾𲾿𲿀𲿁𲿂𲿃𲿄𲿅𲿆𲿇𲿈𲿉𲿊𲿋𲿌𲿍𲿎𲿏𲿐𲿑𲿒𲿓𲿔𲿕𲿖𲿗𲿘𲿙𲿚𲿛𲿜𲿝𲿞𲿟𲿠𲿡𲿢𲿣𲿤𲿥𲿦𲿧𲿨𲿩𲿪𲿫𲿬𲿭𲿮𲿯𲿰𲿱𲿲𲿳𲿴𲿵𲿶𲿷𲿸𲿹𲿺𲿻𲿼𲿽𲿾𲿿𳀀𳀁𳀂𳀄𳀇𳀈𳀉𳀊𳀋𳀌𳀍𳀎𳀏𳀐𳀑𳀒𳂢𳊜
虱	鯴鲺𥮸𧌡𧒢𰇽
虳	𦵈𫃳
虵	𠋞𣸚𦴍𭈽
虹	渱蚷𫕩𬀒𬁅𬟿𳆒
虺	𣸀𩄁
虽	强摾漒糨繦膙襁雖𠎦𠷣𠼢𡟎𣚦𣹑𤟩𧊧𧏋𧚴𧪎𩌾𪨈𫮬𬄶𭿂𮈩𮏲𮔯𮕊𰳢𱣷𲁾𲤤𳆎
虾	𰳤𱿱
蚄	𧐗𱿸
蚉	䘇𣂂
蚊	𡦉𧏎
蚏	𧌇𧌳𲾗𲾴𲿽
蚕	䘉𥱄𧍦𧎕𰯁𱐈
蚞	𧉱𧉹
蚤	㮻㲧慅搔溞瑵瘙糔颾騷骚鰠鳋鼜𠋺𠹏𢔳𣉔𤔢𤠘𥰱𦃐𦞣𦻩𧎇𧒕𨃣𨪊𩙫𩮚𲹌𳀅
蚩	㺈䥀䧝嗤媸滍𠋷𢱟𢾫𣣷𤚍𤠷𥉍𦞲𧏬𨖀𩝚𩺉𬖲𭩂𳑱
蛇	㵃𨫯𬠶𰣿𳍵
蛋	𡐆𢳱𣼈𥕨𦄦𬿷𮕊𰳢𲀏𲿧
蛛	𦅱𰳛
蛩	𥳎𧏤
蛬	𣫣𧏒𨣂
蛮	𧅬𪮳𫣢𬉁𬠱𬡯𰯛𱔭𱥬𲽺
蛽	𧍡𧒅𧒿
蜀	㒔㯮㻿䟉䪅䫳䮷劅噣屬擉斀斣斶歜濁燭獨臅薥蠋蠲襡觸躅鐲镯韣髑鸀𠠡𢢗𢻧𣀈𣂌𤛯𤢜𥋛𥎠𥖠𥣋𦆂𦏕𧐰𧥘𨊒𨞕𩁍𩑂𩞾𩼟𪇆𪍹𪦨𫬼𭤦𭷍𮥦𱂋𱊬𲆼𲭐𲯖𲰥
蜚	𧕿𩈂𲜈
蜜	櫁藌𠏷𦢉𨷛𪢗𬉗𬠵𭢼𭺋𮉒𳀆𳀓
蜣	𧎉𧏙
蜩	𧐸𧔿
蝱	䥰𧕕
融	曧瀜𭂧
螢	㶈𢤨𤫁𥌴𪦱
螻	𧔅𮕍
蟲	䘇䘉爞蠱𠤋𠥨𢥞𤼖𧒢𧔃𧔔𧔨𧔴𧔻𧔼𧕑𧕒𧕽𧕿𧖁𧖈𧖓𧖔𧖕𧖟𨰍𨷷𩫲𫯀𱃓𳀐
蟸	蠡𦫆𧔑𱇊
蠃	𫂯𫨁
蠆	囆爡𡿋𢺉𤜒𤼚𧓽𧮚𨙚
蠒	𤣝𦇼𧟐𧟚𭽻
蠡	㒩㼖䤙劙攭欚𢥾𤼠𦫈𧅮𩽵𬺬
蠢	𡆂𢺨𣡢𤅧𤜗𧕷𧕹𨙥𰖾
蠱	𠘦𢦃𤅱𧖂
蠶	𥸢𧖛𨽳
蠻	䂅𢦈𢺳𥾃𧖣𧖦𪈿𱏣
血	䆝䒸䘏䘐䘑䘒䘓䘔䦗侐卹恤桖欰殈洫潨烅衁衂衃衄衅衆衇衈衉衊衋裇賉𠗅𠜄𠲣𡋒𡥠𡨴𡩂𡪖𡬪𢬔𢶢𢹋𣁫𤶰𥅧𥒌𥩹𦚡𦪹𧑄𧑬𧕠𧖧𧖨𧖩𧖪𧖫𧖬𧖭𧖮𧖯𧖰𧖱𧖲𧖳𧖴𧖵𧖶𧖷𧖸𧖹𧖺𧖻𧖼𧖽𧖾𧖿𧗀𧗁𧗂𧗃𧗄𧗅𧗆𧗇𧗈𧗉𧗊𧗋𧗌𧗍𧗎𧗏𧗐𧗑𧗒𧗓𧗔𧗕𧗖𧗗𧗘𧗙𧗚𧗛𧗜𧧓𨙛𩶫𪪽𫀉𫁃𫋪𫋫𫋬𬕫𬠼𭷞𮔆𮕜𮕝𮕞𮕟𮕠𮕡𮗅𰳧𰳨𰳩𱧤𱵋𲀗𲀙𲀚𲆍𲔅𲟽𳀔𳀕𳀖𳀗
衂	䘐𢜷
衆	䝦潨𠍸𥼟𧑄𧑸𧕠𨖼𨙛𨬹𩅧𩻴𪢊𫏢𭹻𰃈𱤘𱺇
行	㤚䀪䘕䘖䘗䘘䘙䚘䟰䡓䯒䰢哘垳桁洐烆珩筕絎绗胻荇衍衎衏衐衑衒術衔衕衖街衘衙衚衛衜衝衞衟衠衡衢裄銜鴴鵆鸻𠒣𢔖𢔬𢔮𢕁𢕅𢕋𢕥𢕵𢖅𢖋𢖍𢖡𢙡𢫱𣆯𥞧𦨵𦸇𧊔𧊽𧗝𧗞𧗟𧗠𧗡𧗢𧗣𧗤𧗥𧗦𧗧𧗨𧗩𧗪𧗫𧗬𧗭𧗮𧗯𧗰𧗱𧗲𧗳𧗴𧗵𧗶𧗷𧗸𧗹𧗺𧗻𧗼𧗽𧗾𧗿𧘀𧘁𧘂𧘃𧘄𧘅𧘆𧻥𨴠𪨳𪩵𫋭𫋮𫋯𫋰𫋱𫙚𫟘𫟙𬠽𬠾𬠿𬡀𬡁𬣀𬫑𬺭𭄤𭛰𭤷𭹊𮀖𮁴𮕢𮕣𮠧𮬷𮱀𰅎𰍶𰞘𰪺𰳪𰳫𰳬𰳭𰳮𰳯𱜫𱣒𲀛𲀜𲀝𲀞𲀟𲀠𲀡𲀢𲀣𳀘𳀙𳀚𳀛𳀜𳀝𳀞𳀟𳀠𳀡𳀢𳀣𳀤𳀥𳀦𳀧𳀨𳀩𳀪𳀫𳀬
衍	愆椼葕餰𢯼𤦷𧍢𧎘𩜾𬳆𭵗𰗿𲁮
術	𣻚𦸇𪨜
衖	𣽣𲼺
衛	㦣讆躗𡓎𢆈𢖨𣟉𤜂𥶽𧁮𧲝𧲞𧾦𬣔𭺎𱥊
衝	𧁬𲞒
衞	㦣讏躛𢆈𣟉𤜂𥶽𧲔𧲝𧲞𨇙
衡	蘅𤫄𫂬𫶣𬋛𭗯
衢	𡆚𩇐
衣	㕈㙥㛄㠢㥋㲤㳖㵝㿆䒾䘚䘡䘫䘱䙚䙛䙝䙨䙪䜇䧇䮍亵依哀庡懐懷扆挔滚滾畩簔藵衮衰衷衺衾袃袅袈袋袌袞袠袤袬袭袰袲裁裂装裊裏裒裔裘裚裛裝裟裠裦裳裴裵裹裻製褁褎褏褒褜褢褧褩褭褮褰褱褺褻褽襃襄襞襲銥铱餏饻𠆘𠜆𠞬𠟼𠲖𠵒𠼁𠼊𡈂𡈃𡘚𡫵𡾝𢊇𢌀𢍧𢙇𢡐𢮯𢲙𢳤𢴴𢴶𢸊𢸬𣀤𣀩𣄆𣐿𣚝𣟎𣤽𣰐𣺒𣻴𤅭𤇯𤢢𤬥𤺀𥑴𥕦𥥴𥫄𥲘𦆪𦊬𦊶𦶧𦻫𧃥𧃳𧘉𧘊𧘎𧘗𧘘𧘙𧘝𧘠𧘦𧘨𧘩𧘫𧘭𧘮𧘯𧘴𧘼𧘽𧙁𧙃𧙉𧙌𧙍𧙎𧙏𧙐𧙑𧙘𧙙𧙚𧙜𧙦𧙨𧙩𧙪𧙬𧙭𧙯𧙰𧙳𧙴𧙵𧙶𧙾𧙿𧚌𧚍𧚐𧚒𧚚𧚛𧚝𧚞𧚠𧚡𧚣𧚤𧚩𧚰𧚱𧚲𧚵𧚹𧚽𧚾𧚿𧛀𧛁𧛄𧛅𧛉𧛌𧛙𧛜𧛣𧛦𧛫𧛬𧛯𧛱𧛲𧛵𧛽𧛿𧜈𧜉𧜊𧜌𧜍𧜏𧜚𧜜𧜟𧜤𧜪𧜫𧜷𧜸𧜻𧜼𧝏𧝑𧝕𧝖𧝗𧝚𧝛𧝟𧝢𧝣𧝥𧝬𧝯𧝷𧝹𧝺𧝻𧝾𧞂𧞈𧞉𧞐𧞒𧞕𧞗𧞙𧞚𧞜𧞠𧞡𧞢𧞥𧞮𧞯𧞴𧞹𧞺𧞻𧞼𧟏𧟛𧟟𨎊𨏛𨗢𨝺𩀖𩂱𩔝𩛚𩟮𩣰𩬿𩱘𪀰𪊉𪊬𪒌𪗋𪝢𪪠𪫳𫀊𫉵𫋴𫌍𫌎𫌏𫌻𫞫𫟝𫟨𫱹𫻡𫿏𬈟𬋧𬍠𬕁𬗑𬡇𬡌𬡏𬡐𬡑𬡓𬡗𬡚𬡛𬡝𬡡𬡤𬡫𬰏𬷐𬹶𬽏𭊀𭔔𭕊𭕧𭥾𭧯𭨳𭫱𭯧𭸈𭾱𭿀𮆵𮒵𮒸𮕦𮕩𮕪𮕫𮕮𮕱𮕵𮕷𮕹𮕺𮕻𮖄𮖇𮖈𮖊𮖎𮖐𮖑𮖒𮖔𮖖𮖚𮖛𮖟𮖠𮖢𮖥𮖬𮖭𮖶𮞕𮨛𮪩𮫟𮭴𮲢𮶿𰍫𰱪𰳳𰴆𱌙𱖨𱗉𱚸𱭮𱯯𱾚𲀥𲀧𲀭𲀯𲀰𲀱𲀶𲀷𲁃𲁅𲁳𲃠𲋁𲑂𲑙𲤸𲪂𲰔𲲀𳀭𳀮𳀰𳀺𳁂𳁆𳁌𳑯
衤	䘛䘜䘝䘞䘟䘠䘢䘣䘤䘥䘦䘧䘨䘩䘪䘬䘭䘯䘰䘲䘳䘴䘵䘶䘷䘸䘹䘺䘻䘼䘽䘾䘿䙀䙁䙂䙃䙄䙅䙆䙇䙈䙉䙊䙋䙌䙍䙎䙏䙐䙑䙒䙓䙔䙕䙖䙗䙘䙙䙛䙜䙞䙟䙠䙡䙢䙣䙤䙥䙦䙧䙨䙩䙫䙬䙭䙮䙯䙰䙱初补衦衧衩衪衫衬衭衯衱衲衳衴衵衶衸衹衻衼衽衿袀袂袄袆袇袉袊袍袎袏袐袑袒袓袔袕袖袗袘袙袚袛袜袝袟袡袢袣袥袦袧袨袩袪被袮袯袱袳袴袵袶袷袸袹袺袻袼袽袾袿裀裃裄裆裇裈裉裋裌裍裎裐裑裓裕裖裗裙補裞裡裢裣裤裥裧裨裩裪裫裬裭裮裯裰裱裲裶裷裸裺裼裾裿褀褂褃褄褅褆複褈褉褊褋褌褍褐褑褓褔褕褖褗褘褙褚褛褝褞褟褠褡褣褤褥褦褨褪褫褬褯褲褳褴褵褶褷褸褹褼褾褿襀襁襂襅襆襇襈襉襊襋襌襍襎襏襐襑襒襓襔襕襖襗襘襙襚襛襜襝襟襠襡襢襣襤襥襦襧襨襩襪襫襬襭襮襯襰襱襳襴襵襶襷襸襹襺襻襼襽鿋𠖌𡅢𣿟𤇷𧘈𧘋𧘌𧘍𧘏𧘐𧘑𧘒𧘓𧘔𧘕𧘖𧘚𧘛𧘜𧘞𧘟𧘡𧘢𧘣𧘤𧘥𧘧𧘪𧘬𧘱𧘲𧘵𧘶𧘷𧘸𧘹𧘺𧘻𧘾𧘿𧙀𧙂𧙄𧙅𧙆𧙇𧙈𧙊𧙋𧙒𧙓𧙔𧙕𧙖𧙗𧙛𧙝𧙞𧙟𧙠𧙡𧙢𧙣𧙤𧙥𧙧𧙫𧙮𧙱𧙲𧙷𧙸𧙹𧙺𧙻𧙼𧙽𧙿𧚀𧚁𧚂𧚃𧚄𧚅𧚆𧚇𧚈𧚉𧚊𧚋𧚎𧚏𧚑𧚓𧚔𧚕𧚖𧚗𧚘𧚙𧚜𧚟𧚢𧚥𧚦𧚧𧚨𧚪𧚫𧚬𧚭𧚮𧚯𧚳𧚴𧚶𧚷𧚸𧚺𧚻𧚼𧛂𧛃𧛄𧛅𧛆𧛇𧛈𧛊𧛋𧛍𧛎𧛏𧛐𧛑𧛒𧛓𧛔𧛕𧛖𧛗𧛘𧛚𧛛𧛝𧛞𧛟𧛠𧛡𧛢𧛤𧛥𧛩𧛪𧛭𧛮𧛰𧛳𧛴𧛶𧛷𧛸𧛹𧛺𧛻𧛼𧛾𧜀𧜁𧜂𧜃𧜄𧜅𧜆𧜇𧜋𧜎𧜐𧜑𧜒𧜓𧜔𧜕𧜖𧜗𧜘𧜙𧜛𧜝𧜞𧜠𧜡𧜢𧜣𧜥𧜦𧜧𧜨𧜩𧜬𧜭𧜮𧜰𧜱𧜲𧜳𧜴𧜵𧜶𧜹𧜺𧜽𧜾𧜿𧝀𧝁𧝂𧝃𧝄𧝅𧝆𧝇𧝈𧝉𧝊𧝋𧝌𧝍𧝎𧝐𧝒𧝓𧝔𧝘𧝙𧝜𧝝𧝞𧝠𧝡𧝤𧝧𧝨𧝩𧝪𧝫𧝭𧝮𧝯𧝰𧝱𧝲𧝳𧝴𧝵𧝶𧝸𧝼𧝽𧝿𧞀𧞁𧞃𧞄𧞅𧞆𧞇𧞊𧞋𧞌𧞍𧞎𧞏𧞑𧞓𧞔𧞖𧞘𧞛𧞝𧞞𧞟𧞣𧞤𧞦𧞧𧞨𧞩𧞪𧞫𧞬𧞭𧞰𧞱𧞲𧞳𧞵𧞶𧞷𧞸𧞼𧞽𧞾𧞿𧟀𧟁𧟂𧟃𧟄𧟅𧟆𧟇𧟈𧟉𧟊𧟋𧟌𧟍𧟎𧟐𧟑𧟒𧟓𧟔𧟕𧟖𧟗𧟘𧟙𧟚𧟜𧟝𧟞𫋲𫋳𫋵𫋷𫋸𫋹𫋺𫋻𫋼𫋽𫋾𫋿𫌀𫌁𫌂𫌃𫌄𫌅𫌆𫌇𫌈𫌉𫌊𫌋𫌌𫌐𫌑𫌒𫌓𫌔𫌕𫌖𫌗𫌘𫌙𬡂𬡃𬡅𬡆𬡈𬡉𬡊𬡋𬡍𬡎𬡒𬡔𬡕𬡖𬡘𬡙𬡜𬡞𬡟𬡠𬡢𬡣𬡥𬡦𬡧𬡨𬡪𬡬𬡮𬡯𬡰𬡱𬡳𬡴𬡵𬡶𬡷𭃨𭔔𮆰𮕤𮕥𮕧𮕨𮕬𮕭𮕯𮕰𮕲𮕳𮕴𮕶𮕸𮕼𮕽𮕾𮕿𮖀𮖁𮖂𮖃𮖅𮖆𮖉𮖌𮖍𮖏𮖓𮖕𮖗𮖘𮖙𮖜𮖝𮖞𮖡𮖣𮖤𮖦𮖧𮖨𮖩𮖪𮖫𮖮𮖯𮖰𮖱𮖲𮖳𮖴𮖵𮖷𮖸𮖹𮖺𮖻𮖼𮖽𮖾𮷀𮷁𮷂𮷃𰍕𰍙𰳰𰳱𰳲𰳴𰳵𰳶𰳷𰳸𰳹𰳺𰳻𰳼𰳽𰳾𰳿𰴀𰴁𰴂𰴃𰴄𰴅𰴇𰴈𰴉𰴊𲀤𲀦𲀨𲀩𲀫𲀬𲀮𲀲𲀳𲀴𲀵𲀸𲀹𲀺𲀻𲀼𲀽𲀾𲀿𲁀𲁁𲁂𲁄𲁆𲁇𳀯𳀱𳀳𳀴𳀵𳀶𳀷𳀸𳀹𳀻𳀼𳀽𳀾𳀿𳁀𳁁𳁃𳁄𳁅𳁇𳁈𳁉𳁊𳁋𳁍𳁎𳁏
表	㧼䁃䱪俵婊脿裱諘錶𠶓𡨲𣍅𣓻𣷴𣿵𤷶𧘰𧶫𩓳𩤕𩩩𪍊𪿦𫈒𫻘𬒾𬗠𭎫𭹙𮄏𮔘𰡜𰾍𱈭𱢉𱫑𱾔𲂏𲤞𲧺
衮	㨰䜇滚磙蓘𡻨𢟦𧸫𨍽𬊼
衰	㲤䙑榱滖簑縗缞蓑𤠠𤸬𫣐𬧭𭏗𮯐𰔜𲃿
衾	搇𠹸𩔝𲄫
袁	㝨㨬園媴榬溒猿瞏褤轅辕遠鎱𥰟𧫁𧽚𨘏𨘣𨘻𩔭𪡫𪼄𮲊𰊍𱾂𲋽
袅	𫽲𮱒𱗥
袞	㙥㨰䙛䜇滾蔉𠞬𠽓𡻨𢟦𥐐𥕦𦄣𧸫𨎊𫬙𬄓𬓕
袪	𤹒𳀸
被	𫫢𬡩𬬣𭘴𭻭𭼤𮶮
袲	㒅橠𢄴𢡏𦠸𧛧𨎭𭢟
袺	襭𮖱
裁	𣚸𦅞𧸄𬿢𭢚
裂	𧝦𭙻𰅖𰽊𱔗
裊	嬝𡀮𡑩𢶑𦆚𧒬𩦫𭲰𱏕
裏	𣿞𩼆𬅗𰂶𳌪
裒	𧝘𱔨
裔	㵝䕍𨘆
裘	𦽲𩱘
補	𠬕𠬖𡀨𨗗𮑱𱑮𱷗𲣃𲲎𳀀
裳	𡣖𲣈
裴	𤫛𦢄𧜏𫬍𱘍
褁	裹褁
複	𥵩𲗤
褐	䕣𧝽
褢	𠐤𤪿
褭	㒟㜵㠡䃵𢸣𣟊𥤂𨳀𨽖
褰	攐𣟋𧞼
褱	㜳䃶壞懷櫰瀤瓌耲𠐦𠘠𡃩𡾝𡾨𢸬𣀤𣩹𣩻𤜄𦏨𧞷𩟮𪊉𬵹𭶦𭿯𰯨𱊽𲚣
襄	㠤䉴䑋儴勷嚷壤孃忀懹攘曩欀瀼爙獽瓖瓤禳穰纕蘘蠰讓躟釀鑲镶饟驤骧鬤𡗑𢐿𣀮𣤸𣩽𣰶𤬞𤰂𥀶𥗝𥸒𥽬𧟄𨟚𨳃𨽢𩆶𪊊𪓃𪱒𫗵𬙋𬰰𭤑𱿉
襾	䙲要覂覃覆覇覈覉覊𡊹𡼒𥷱𧄏𧕡𧟠𧟣𧟤𧟧𧟨𧟩𧟱𧟲𧟳𧟴𧟹𧟼𧟽𧟿𧠂𧠃𧠄𨝍𩳭𮗋
西	㛉㟳䄽䇴䙵䙶哂嗮垔墂廼徆恓拪晒栖毢氥洒牺硒粞絤舾茜覃跴迺酉閪𠊆𠒓𡧳𡶼𢬣𣗇𤈇𤍰𤑀𤞏𤥒𤭾𤶈𤿢𥙘𥣊𦕩𦚵𦴖𧔭𧟢𧟪𧟫𧟭𧟷𧠁𧧍𨔰𨕏𨚹𨠴𩌯𩳹𪀹𪎢𪟱𪪰𫊕𫗔𫘊𫙘𬘟𬠂𬡹𬭄𮖿𮗆𰀾𰏌𰕿𱑝𱝃𱟷𱦆𱫔𱹅𲇊𲈹𲐡𲐹𲢊𲳁𳄆
覀	㶾䅇䙲䙳䙵䥮䧈価僲垔栗票粟要覂覃覄覆覇覈覉覊賈贾𠌐𠍍𠎣𠏹𠑵𠭱𡆛𡊹𡥟𡫊𢙣𢝴𣆛𣈺𣡷𣳳𤊆𤍭𤜕𤭾𥠌𥣃𥩂𥲦𥽶𦂬𦇉𦇸𧟡𧟥𧟦𧟧𧟨𧟪𧟬𧟮𧟲𧟵𧟶𧟸𧟽𧠂𧠅𧺅𧾇𨑇𨒿𨗆𨗢𩌕𩌯𩌶𩌸𩍊𩍋𩗏𩥡𩳭𪄏𪠧𫉹𫌚𫌛𫌞𫌺𫑬𫒖𫝠𫞍𫟛𬡸𬦭𭟑𭦪𭧆𭪯𭬞𭻌𮖿𮗀𮗁𮗂𮗃𮗄𮗇𮗈𮗊𮗌𮟀𰀽𰂣𰝚𰝲𰴋𱨫𱫣𲁉𲁌𲁍𲑦𲸎𳁐𳁑𳄭
要	㙘㫏㴗䁏䌁䙅䳩偠喓嘦婹嫑崾楆腰葽覅闄騕𠙞𡠍𡤆𢃽𢞅𢧦𢰳𣉋𤚘𤧄𤰊𥔖𥾀𦝫𧍔𧟰𧷋𨪁𩀄𪽳𪾈𫸻𬘱𬡺𬦽𬮲𬲘𬵜𭒍𭦫𮗅𮗉𰃥𰢥𰩚𰴌𰴍𱅜𱸍𲓆𲱈𳁒𳎞
覃	㜤㶘㻼㽑䊤䐺䚓䨵嘾墰憛撢曋橝潭燂瞫磹禫簟罈蕈藫蟫譚谭贉醰鐔镡驔鱏鷣𡂽𡼒𡼬𢅀𢕯𤂹𤑶𥢏𥨎𦅰𦗡𧝓𧰘𧽼𨅭𨊈𨝸𩀽𩙀𩡝𪍵𪒤𫎫𫖊𫜃𫣗𬻰𭮠𮩐𰡬𱅪𱈓
覆	𡳷𢺁𥷱𧄏𧕡𭳱
覇	㶚𢥻𣠽𭐏𭟧
覈	𥽶𦇸
見	㒻㝟㵾䂓䅐䏹䙷䙸䙹䙺䙻䙼䙽䙾䙿䚀䚁䚂䚃䚄䚅䚆䚇䚈䚉䚊䚋䚌䚍䚎䚏䚐䚑䚒䚓䚔䚕䚖䧋䨘䩤俔儬儭哯嚫垷娊寛峴悓挸斍晛梘櫬欟涀瀙現睍硯竀筧粯絸莧萈蜆襯覌覍覎規覐覑覒覓覔覕視覗覘覙覚覛覜覝覞覟覠覡覢覣覤覥覦覧覨覩親覫覬覭覮覯覰覱覲観覴覵覶覷覸覹覺覻覼覽覾覿觀誢鋧靚靦麲𠄺𠏌𠺐𡃁𡕚𡤅𡩖𡪳𡫨𡷹𢀢𢈥𢦉𢳢𢵅𢽕𣁐𣠤𣽾𤒠𤕥𤙧𤞭𤫽𤶻𥉎𥉨𥦀𥰖𥳸𥵒𦖃𦶴𧠆𧠈𧠉𧠊𧠋𧠌𧠍𧠎𧠏𧠐𧠑𧠒𧠓𧠔𧠕𧠖𧠗𧠘𧠙𧠚𧠛𧠜𧠝𧠞𧠟𧠠𧠡𧠢𧠣𧠤𧠥𧠦𧠧𧠨𧠩𧠪𧠫𧠬𧠭𧠮𧠯𧠰𧠱𧠲𧠴𧠵𧠶𧠷𧠸𧠹𧠺𧠻𧠼𧠽𧠾𧠿𧡀𧡁𧡂𧡃𧡄𧡅𧡇𧡈𧡉𧡊𧡋𧡌𧡍𧡎𧡏𧡐𧡑𧡒𧡓𧡔𧡕𧡖𧡗𧡘𧡙𧡚𧡛𧡜𧡝𧡞𧡟𧡠𧡡𧡢𧡣𧡤𧡥𧡦𧡧𧡨𧡩𧡪𧡫𧡬𧡭𧡮𧡰𧡱𧡲𧡳𧡴𧡵𧡶𧡷𧡸𧡹𧡺𧡻𧡼𧡽𧡾𧡿𧢀𧢁𧢂𧢃𧢄𧢆𧢇𧢈𧢉𧢊𧢋𧢌𧢍𧢎𧢏𧢐𧢑𧢒𧢓𧢔𧢕𧢖𧢗𧢘𧢙𧢚𧢛𧢜𧢝𧢟𧢠𧢡𧢢𧢣𧢤𧢥𧢦𧢧𧢨𧢩𧢪𧢫𧢭𧢮𧢯𧢰𧹦𧼊𨁍𨘵𨡁𨴼𩇟𩑋𩷪𪑈𪨔𪱔𪵄𪶂𪷃𪽔𫌜𫌝𫌞𫌟𫌠𫌡𫌢𫌣𫌤𫌦𫌧𫝎𫟜𫴏𫾴𬒜𬡼𬡽𬡾𬡿𬢀𬢁𬢂𬢃𬢄𬢅𬢆𬦄𬪖𬸳𭌊𭌎𭐆𭔢𭘠𭟁𭠺𭲨𮄼𮗍𮗎𮗏𮗐𮗑𮗒𮗓𮗔𮗕𮗖𮗗𮗘𮗙𮗚𮗛𮗜𮗝𮗞𰩫𰴎𰴏𰴐𰴑𰴒𰴓𰴔𰽓𱤓𲀚𲁎𲁏𲁐𲣛𲣩𲪸𲼘𳁓𳁔𳁕𳁖𳁗𳁘𳁙𳁚𳂙
規	䲅嫢摫槻槼瞡窺闚鬹𡙭𡦑𤍮𧜴𪄯𫱟𱗪𲬀𳆨
覓	㯒䌐䮭漞𠼽𥊋𥛟𦸡𧐎𧱻𧽨𪒐𱘪
覔	𢊡𢴓𥉿𦏀𨅂𫫗𮒐𮙤
視	𨶳𮄚𮑖
覚	撹𧠳𨬥𰂲𰟢𱟌
覞	䨳𧢅𧢛𧢞𧢬𫌥𭺕
覧	㰖䌫鑬𢥊𢺮𤂺𤑸𨇣𨣸𫬠𭣄𱳘𲴘𳁎
覩	𣠶𤒠𧺂𧺃𨇛𨇜𬦄𭌎𱸰𲣛𳃮
親	䞋儭嚫寴櫬瀙藽襯𡤅𥗒𥨾𧭼𨯦𫥝𭣋𮍊𮜪𮜽𮥰
覺	攪灚𦤲𧅫𧢱𪱔𪴤𬑬𲘔𲾉
覽	囕攬欖灠爦纜𡔑𡤱𤣟𥍖𥗽𥤝𧖐𧮤𨈇𨤋𨰲𭀓𭍘𭨕𮓔
觀	欟𢦉𲣩
见	䩄伣岘枧现砚笕舰苋蚬观觃规觅视觇览觉觊觋觌觍觎觏觐觑靓𠯟𪎉𪷍𪾢𫀨𫌨𫌩𫌪𫌫𫌬𫌭𫚜𫤸𬀪𬃀𬆾𬊦𬖑𬘖𬟪𬢇𬢈𬢉𬢊𬢋𬢌𬢍𬢎𬢏𬢐𬢑𬢒𬢓𬢔𬺟𮲁𮸮𰉚𰓻𰥪𰦔𰩓𰴕𰴖𰴗𰴘𰴙𰴚𰴛𰴜𰴝𰴞𰽢𱛊𲁑𲁒𲁓𲁔𲁕𲁖𲁗𲁘𲁙𲈶𲡞𲨺
规	椝窥鬶𫚜𫰹𬃀𬮭𰓻𰥪
觅	𬘮𰶨
览	揽榄缆𫔃𬒗𬦾𬪯𰈆𰜐𱗏
觉	搅𮷄𱞶𱫩
角	㓩䇶䚗䚘䚙䚚䚛䚜䚝䚞䚟䚠䚡䚢䚣䚤䚥䚦䚧䚨䚩䚪䚫䚬䚭唃埆崅捔斛桷确觓觔觕觖觗觘觙觚觛觜觝觞觟觠觡觢解觤觥触觧觨觩觪觫觬觭觮觯觰觱觲觳觴觵觶觷觸觹觺觻觼觽觾觿鵤𢏧𢵠𣀾𣂍𣨍𣫅𤞴𤮝𥆌𥷑𦎈𦛲𧢳𧢴𧢵𧢶𧢷𧢸𧢹𧢺𧢻𧢼𧢽𧢾𧢿𧣀𧣁𧣂𧣃𧣄𧣅𧣆𧣇𧣈𧣉𧣊𧣋𧣌𧣍𧣎𧣏𧣐𧣑𧣒𧣓𧣔𧣕𧣖𧣗𧣘𧣙𧣚𧣛𧣜𧣝𧣞𧣟𧣠𧣡𧣢𧣣𧣤𧣥𧣦𧣧𧣨𧣩𧣪𧣫𧣬𧣭𧣮𧣯𧣰𧣱𧣲𧣳𧣴𧣵𧣶𧣷𧣸𧣹𧣺𧣻𧣼𧣽𧣾𧣿𧤀𧤁𧤂𧤃𧤄𧤅𧤆𧤇𧤈𧤉𧤊𧤋𧤌𧤍𧤎𧤏𧤐𧤑𧤒𧤓𧤔𧤕𧤖𧤗𧤘𧤙𧤚𧤛𧤜𧤝𧤞𧤟𧤠𧤡𧤢𧤣𧤤𧤥𧤦𧤧𧤨𧤩𧤫𧤬𧤮𧤯𧤰𧤱𧤲𧤳𧤴𧤵𧤶𧤷𧤸𧤹𧤺𧤻𧤼𧤽𧤾𧤿𧥀𧥂𧥃𧥄𧥅𧥆𧥇𧥈𧥉𧥊𧥋𧥌𧥍𧥎𧥏𧥐𧥑𧥒𧥓𧥕𧥖𧥗𧥚𧨖𧳊𨓨𨛥𨷌𩊺𩓅𩭛𩷛𪏠𪔝𪝀𫁣𫋽𫌮𫌯𫌰𫌱𬌨𬜲𬢕𬢖𬢗𬢘𬢙𬣏𬷺𭓲𭟵𭶝𮇢𮗡𮗢𮗣𮗤𮗥𮗦𮗧𮗨𮗩𮗪𮗫𮗬𮗭𮗯𮗰𮗱𮗲𮗳𮗴𮗵𮗶𮣾𰐏𰣮𰲾𰴠𰴡𰴢𰴣𰴤𰴥𰴦𰼰𱎆𱛮𱦨𲁚𲁛𲁜𲁝𲁞𲁟𲁠𲬁𳁛𳁜𳁝𳁞𳁟𳁠𳁡𳁢𳁣𳁤𳁥𳁦𳃕𳐮𳑰
觔	䈥𮏴
觚	䉉𦺠
觜	嘴蟕𣚀𪬰𫙾𲚏
解	㙰㿍䉏䲒嶰廨懈檞澥獬繲薢蟹蠏邂𠎿𠢲𠿇𡽖𢖆𢢣𢶷𤐃𤛳𥎎𦏘𧞊𧤭𧥁𧴛𨮂𨱕𨼬𩍝𩼠𪠘𬧕𮙁𰬽𱘆𱜒
觧	𣿨𧒻𭺅𰤇
觱	𣀣𣁀𥷑𧥙
觸	𧥔𫬼𲯖
言	㝈㝘㢇㪻㯎㱍㽊㽋䂴䇾䓂䕶䚮䚯䚰䚱䚲䚳䚴䚵䚶䚷䚸䚹䚺䚻䚼䚽䚾䚿䛀䛁䛂䛃䛄䛅䛆䛇䛈䛉䛊䛋䛌䛍䛎䛏䛐䛑䛒䛓䛔䛕䛖䛗䛘䛙䛚䛛䛜䛝䛞䛟䛠䛡䛢䛣䛤䛥䛦䛧䛨䛩䛪䛫䛬䛭䛮䛯䛰䛱䛲䛳䛴䛵䛶䛷䛸䛹䛺䛻䛼䛽䛾䛿䜀䜁䜂䜄䜅䜆䜇䜈䜉䜊䜋䜌䜍䜎䜏䜐䜑䜒䜓䜔䜕䜖䜗䜘䜙䜚䜛䜜䜝䜞䜟䜠䜡䜢䩧䴦信唁噡圁圝圞娮孌孿寣巒幨彎悥戀攣欒灓燮爕狺琂矕罰羉臠薝蠻訂訃訄訅訆訇計訉訊訋訌訍討訏訐訑訒訓訔訕訖託記訙訚訛訜訝訞訟訠訡訢訣訤訥訦訧訨訩訪訫訬設訮訯訰許訲訳訴訵訶訷訸訹診註証訽訾訿詀詁詂詃詄詅詆詇詈詉詊詋詌詍詎詏詐詑詒詓詔評詖詗詘詙詚詛詜詝詞詟詠詡詢詣詤詥試詧詨詩詪詫詬詭詮詯詰話該詳詴詵詶詷詸詹詺詻詼詽詾詿誀誁誂誃誄誅誆誇誈誉誊誋誌認誎誏誐誑誒誓誔誕誖誗誘誙誚誛誜誝語誟誠誡誢誣誤誥誦誧誨誩說誫説読誮誯誰誱課誳誴誵誶誷誸誹誺誻誼誽誾調諀諁諂諃諄諅諆談諈諉諊請諌諍諎諏諐諑諒諓諔諕論諗諘諙諚諛諜諝諞諟諠諡諢諣諤諥諦諧諨諩諪諫諬諭諮諯諰諱諲諳諴諵諶諷諸諹諺諻諼諽諾諿謀謁謂謃謄謅謆謇謈謉謊謋謌謍謎謏謐謑謒謓謔謕謖謗謘謙謚講謜謝謞謟謠謡謢謣謤謥謦謧謨謩謪謫謬謭謮謯謰謱謲謳謴謵謶謷謸謹謺謻謼謽謾謿譀譁譂譃譄譅譆譇譈證譊譋譌譍譎譏譐譑譒譓譔譕譖譗識譙譚譛譜譝譞譟譠譡譢譣譤譥警譧譨譩譪譫譬譭譮譯議譲譳譴譵譶護譸譹譺譻譼譽譾譿讀讁讂讃讄讅讆讇讈讉變讋讌讍讎讏讐讑讒讓讔讕讖讗讘讙讚讛讜讝讞讟辯這鑾霅鸞龻鿁𠌜𠏘𠐜𠐨𠑏𠟑𠟸𠣂𠥇𠥵𠦸𠽹𡅨𡣌𡣹𡤣𡥪𡹼𡽜𢉲𢋀𢍶𢐵𢖊𢚘𢝯𢺈𣁎𣁧𣃎𣌚𣚞𣜆𣞇𣠳𣨌𣫏𣵧𤀃𤅗𤉘𤜊𤯆𤶘𤺒𤼙𥊜𥕔𥶏𥸔𥸝𦆶𦋬𦎍𦏯𦢃𦫁𦸻𦿫𧅰𧆂𧗳𧞮𧠻𧥝𧥞𧥟𧥠𧥡𧥢𧥣𧥤𧥥𧥦𧥧𧥨𧥩𧥪𧥫𧥬𧥭𧥮𧥯𧥰𧥱𧥲𧥳𧥴𧥵𧥶𧥷𧥸𧥹𧥺𧥻𧥼𧥽𧥾𧥿𧦀𧦁𧦃𧦄𧦅𧦆𧦇𧦈𧦉𧦊𧦋𧦌𧦍𧦎𧦏𧦐𧦑𧦒𧦓𧦖𧦗𧦘𧦙𧦚𧦛𧦜𧦝𧦞𧦟𧦠𧦡𧦢𧦣𧦤𧦥𧦦𧦧𧦨𧦩𧦪𧦫𧦬𧦭𧦮𧦯𧦰𧦱𧦲𧦳𧦴𧦵𧦶𧦷𧦸𧦹𧦺𧦻𧦼𧦽𧦾𧦿𧧀𧧁𧧂𧧃𧧄𧧅𧧆𧧇𧧈𧧉𧧊𧧋𧧌𧧍𧧎𧧏𧧐𧧑𧧒𧧓𧧔𧧕𧧖𧧗𧧘𧧚𧧛𧧜𧧝𧧞𧧟𧧠𧧡𧧢𧧣𧧤𧧥𧧦𧧧𧧨𧧩𧧪𧧫𧧬𧧭𧧮𧧯𧧰𧧱𧧲𧧳𧧴𧧵𧧶𧧷𧧸𧧹𧧺𧧻𧧼𧧽𧧾𧧿𧨀𧨁𧨂𧨃𧨄𧨅𧨆𧨇𧨈𧨉𧨊𧨋𧨌𧨍𧨎𧨏𧨐𧨑𧨒𧨓𧨔𧨕𧨖𧨗𧨘𧨙𧨚𧨛𧨜𧨝𧨞𧨟𧨠𧨡𧨢𧨣𧨤𧨥𧨦𧨧𧨨𧨩𧨪𧨫𧨬𧨭𧨮𧨯𧨰𧨱𧨲𧨳𧨴𧨵𧨶𧨷𧨸𧨹𧨺𧨻𧨼𧨽𧨾𧨿𧩀𧩁𧩂𧩃𧩄𧩅𧩆𧩇𧩈𧩉𧩊𧩋𧩌𧩍𧩎𧩐𧩑𧩒𧩓𧩔𧩕𧩖𧩗𧩘𧩙𧩚𧩛𧩜𧩝𧩞𧩟𧩠𧩡𧩢𧩣𧩤𧩥𧩦𧩧𧩨𧩩𧩪𧩫𧩬𧩭𧩮𧩯𧩰𧩱𧩲𧩳𧩴𧩵𧩶𧩷𧩸𧩹𧩺𧩻𧩼𧩽𧩾𧩿𧪀𧪁𧪂𧪃𧪄𧪅𧪆𧪇𧪈𧪉𧪊𧪋𧪌𧪍𧪎𧪏𧪐𧪑𧪒𧪓𧪔𧪕𧪖𧪗𧪘𧪙𧪚𧪛𧪜𧪝𧪞𧪟𧪠𧪡𧪢𧪣𧪤𧪥𧪦𧪧𧪨𧪩𧪪𧪫𧪭𧪮𧪯𧪰𧪱𧪲𧪳𧪴𧪵𧪶𧪷𧪸𧪹𧪺𧪻𧪼𧪽𧪾𧪿𧫀𧫁𧫃𧫄𧫅𧫆𧫇𧫉𧫊𧫋𧫌𧫍𧫎𧫏𧫐𧫑𧫒𧫓𧫔𧫕𧫖𧫗𧫘𧫙𧫚𧫛𧫜𧫝𧫞𧫟𧫠𧫡𧫢𧫣𧫤𧫥𧫦𧫧𧫨𧫩𧫪𧫫𧫬𧫭𧫮𧫯𧫰𧫱𧫲𧫳𧫴𧫵𧫶𧫷𧫸𧫺𧫻𧫼𧫽𧫾𧫿𧬀𧬁𧬂𧬃𧬄𧬅𧬆𧬇𧬈𧬊𧬋𧬌𧬍𧬎𧬏𧬐𧬑𧬒𧬓𧬔𧬕𧬖𧬗𧬘𧬙𧬚𧬛𧬜𧬝𧬞𧬟𧬠𧬡𧬢𧬣𧬤𧬥𧬧𧬨𧬩𧬪𧬫𧬬𧬭𧬮𧬯𧬰𧬱𧬲𧬳𧬴𧬵𧬶𧬷𧬸𧬹𧬺𧬻𧬼𧬽𧬾𧬿𧭀𧭁𧭂𧭄𧭅𧭆𧭇𧭈𧭉𧭊𧭋𧭌𧭍𧭎𧭏𧭐𧭑𧭒𧭓𧭔𧭕𧭖𧭗𧭘𧭙𧭚𧭛𧭜𧭝𧭞𧭟𧭠𧭡𧭢𧭣𧭤𧭥𧭦𧭧𧭨𧭩𧭪𧭫𧭬𧭭𧭮𧭯𧭰𧭱𧭲𧭳𧭴𧭵𧭶𧭷𧭸𧭹𧭺𧭻𧭼𧭽𧭾𧮁𧮂𧮃𧮄𧮅𧮆𧮇𧮈𧮉𧮊𧮋𧮍𧮎𧮏𧮐𧮑𧮒𧮓𧮔𧮕𧮖𧮘𧮙𧮚𧮛𧮜𧮝𧮞𧮠𧮡𧮢𧮤𧮥𧮧𧮨𧮩𧸸𨈊𨐫𨘔𨡄𨦼𨧕𨰸𨷻𩐶𩕵𩕸𩙜𩪾𪆻𪘎𪘙𪭇𪺂𪺞𫀎𫂰𫆾𫉚𫌲𫌳𫌴𫌵𫌶𫌷𫌸𫌹𫌺𫌻𫌼𫌽𫌾𫌿𫍀𫍁𫍂𫍃𫍄𫍅𫍆𫍇𫍈𫍉𫍊𫍋𫍌𫍎𫍏𫍐𫍑𫍒𫍔𫍖𫍗𫍘𫑟𫟝𫭷𫶦𫻓𬀍𬀜𬍊𬚝𬜇𬢚𬢛𬢜𬢝𬢞𬢟𬢠𬢡𬢢𬢣𬢤𬢥𬢦𬢧𬢨𬢩𬢪𬢫𬢬𬢭𬢮𬢯𬢰𬢱𬢲𬢳𬢴𬢵𬢶𬢷𬢸𬢹𬢺𬢻𬢼𬢽𬢾𬢿𬣀𬣁𬣂𬣃𬣄𬣅𬣆𬣇𬣈𬣉𬣊𬣋𬣍𬣎𬣏𬣐𬣑𬣒𬣓𬣔𬣕𬣖𬣗𬣘𬩋𬯂𬾕𭅩𭅾𭉵𭌱𭔙𭕴𭙮𭟄𭤛𭪐𭬍𭬿𮆣𮏵𮏹𮒘𮗷𮗸𮗹𮗺𮗻𮗼𮗽𮗾𮗿𮘀𮘁𮘂𮘃𮘄𮘅𮘆𮘇𮘈𮘉𮘊𮘋𮘌𮘍𮘎𮘏𮘐𮘑𮘒𮘓𮘔𮘕𮘖𮘗𮘘𮘙𮘚𮘛𮘜𮘝𮘞𮘟𮘠𮘡𮘢𮘣𮘤𮘥𮘦𮘧𮘨𮘩𮘪𮘫𮘬𮘭𮘮𮘯𮘰𮘱𮘲𮘳𮘴𮘵𮘶𮘷𮘸𮘹𮘺𮘻𮘼𮘽𮘾𮘿𮙀𮙁𮙂𮙃𮙄𮙅𮙆𮙇𮙈𮙋𮜬𮞵𮠊𮣖𰐐𰕡𰚝𰴧𰴨𰴩𰴪𰴫𰴬𰴭𰴮𰴯𰴰𰴲𰴳𰴴𰴵𰴶𰴷𰴸𰴹𰴺𰴻𰴼𰴽𰴾𰴿𰵀𰵁𰵂𰵃𰵄𰵅𰵆𰵇𰵈𰵉𰷜𱘞𱟚𱠅𱪂𱰄𱳎𲁡𲁢𲁣𲁤𲁥𲁧𲁨𲁩𲁪𲁫𲁬𲁭𲁮𲁯𲁰𲁲𲁳𲁵𲁶𲁷𲁸𲁺𲁻𲁼𲁾𲁿𲂀𲂍𲚪𲢑𲬜𲵋𲾦𳁧𳁨𳁩𳁪𳁫𳁬𳁭𳁮𳁯𳁰𳁱𳁲𳁳𳁴𳁵𳁶𳁷𳁸𳁹𳁺𳉻
訇	揈渹輷鍧鞫𢝁𣮴𤟼𥔀𥷚𥷤𥷴𦑟𧃈𧃓𩘇𩜺𩧛𪡡𫐒𭿈𮆽𮆾𮏹𰵀𰾡
計	㾵𠸥𣖟𥰇𦞍𦵗𧦔𧦕𩄊𪞴𱈱𲲫𳈴
訌	証詎
討	傠罸𧏛
訓	瞓𣉤𮭌
訔	徾𠏩𠻂𢖅𤍉
託	㓃𣘄𨶃𲕺
記	䓽𣉸𥱬𪡴𫂮𫍕𭵮𲠚𲹵𲿓
訥	𠽆𤹽𦄠𭋚𱟄𲻦
訪	𧩹𪤜𲊆
訮	𧨘𮘉
許	䔓滸𠼯𢠇𤡈𤾟𭢒𰒊𰘦𲇠𲗀𲿡
訶	𦺞𲖨
訾	𢋀𤺒𧭽
詈	㦒𠟟𪴾
詐	𠁙𨐷𱔧𲸙𲺹
詔	𠾓𥴜𧝨𱺈𲽀𳁻
評	𬕱𬞖
詧	𥋮𥋯𭔙
詩	𡀗𡮲𫄋
該	𡀲𫐝𱠼𲽏
詳	𧞆𮑳
詹	㙴㜬䃫䄡䟋䠨䦲䪜儋噡嶦幨憺擔曕檐澹甔癚瞻簷聸膽舚薝蟾襜譫谵贍赡韂黵𠓏𠟧𢕻𢨕𣀁𣠳𤐐𤖝𤗻𦅼𦉜𧩏𧫹𧭃𨊍𨎻𨗧𨼮𩁏𩟋𪆻𪼤𬰷𱃏𱰒𲋉𲱋𳎂
誅	𬅜𱬜
誇	𡀵𫏥
誊	謄𧬸𨊏
語	𠑕𡂂𡈰𢣸𤻭𫤋𲗶
誩	譱譶𠑫𦌽𧭚𧭛𧭿𧮀𧮣𧮦𨘔𨟪𫊂𫴪𮒹
說	𡁾𧭚
説	𡣛𧭚
誰	䜃讎𢦄𧀣𩀕𩽀𪇻𰟳
課	𢸠𣋾𥌥𲗥
誾	𨶡𲡀
調	𢸛𤂂𥶏𧞴𭌄𲞔
請	𡃑𳂀
論	𡃝𫤍𫩎𫾗𬣎𲒚𲡂𲣗𲸨𲸮
諫	𠣂𫋨
諸	㶆䃴䊰儲櫧藷蠩𠤌𢥃𣌆𣠖𧬥𫧬𮉘𱕣𳎊
謀	𫍍𬣌
謁	藹靄𮆻𰝯𱎐
謄	𫂭𬟙
謇	𧮎𮣫
謈	𡄗𢥑𣌈𤃵𤜈𥗟
謉	𧭵𧮊𧮓
謝	𫌗𲘆𲧟
謢	䕶𬺫
謨	𢺀𥷺𧄲𩇅𱕬𱳚𲂹𲄔
謹	𡄾𢥢𤄲𭀑
譖	𥸄𱽊𲻃
識	𧄹𲘐
譱	𦏬𦏯𭀒𭶩
譶	𧮗𫴪𬋠
護	𧅰𲘗
讀	讟𭍏
變	𡔖𤅶𤓩𥍚𥘂𨰺𲧩
讎	㘜犫𠧐𢦄
讒	𡆙𡿣
讖	𲣨𳊒
讠	㺆䜣䜤䜥䜦䜧䜨䜩狱罚计订讣认讥讦讧讨让讪讫讬训议讯记讱讲讳讴讵讶讷许讹论讻讼讽设访诀证诂诃评诅识诇诈诉诊诋诌词诎诏诐译诒诓诔试诖诗诘诙诚诛诜话诞诟诠诡询诣诤该详诧诨诩诪诫诬语诮误诰诱诲诳说诵诶请诸诹诺读诼诽课诿谀谁谂调谄谅谆谇谈谉谊谋谌谍谎谏谐谑谒谓谔谕谖谗谘谙谚谛谜谝谞谟谠谡谢谣谤谥谦谧谨谩谪谫谬谭谮谯谰谱谲谳谴谵谶辩𧮪𫍙𫍚𫍛𫍜𫍝𫍞𫍟𫍠𫍡𫍢𫍣𫍤𫍥𫍦𫍧𫍨𫍩𫍪𫍫𫍬𫍭𫍮𫍯𫍰𫍱𫍲𫍳𫍴𫍵𫍶𫍷𫍸𫍹𫍺𫍻𫍼𫍽𫍾𫍿𫟞𫟟𫟠𫟡𫟢𬣙𬣚𬣛𬣜𬣝𬣞𬣟𬣠𬣡𬣢𬣣𬣤𬣥𬣦𬣧𬣨𬣩𬣪𬣫𬣬𬣭𬣮𬣯𬣰𬣱𬣲𬣳𬣴𬣵𬣶𬣷𬣸𬣹𬣺𬣻𬣼𬣽𬣾𬣿𬤀𬤁𬤂𬤃𬤄𬤅𬤆𬤇𬤈𬤉𬤊𬤋𬤌𬤍𬤎𬤏𬤐𬤑𬤒𬤓𬤔𬤕𬤖𬤗𬤘𬤙𬤚𬤛𬤜𬤝𬤞𬤟𬤠𬤡𬤢𬤣𬤤𬤥𬤦𬤧𬤨𬤩𬤪𬤫𬤬𬤭𬤮𬤯𬤰𬤱𮙊𮷅𮷆𮷇𮷈𮷉𮷊𰵊𰵋𰵌𰵍𰵎𰵏𰵐𰵑𰵒𰵓𰵔𰵕𰵖𰵗𰵘𰵙𰵚𰵛𰵜𰵝𰵞𰵟𰵠𰵡𰵢𰵣𰵤𰵥𰵦𰵧𰵨𰵩𰵪𰵫𰵬𰵭𰵮𰵯𰵰𰵱𰵲𰵳𰵴𰵵𰵶𰵷𰵸𰵹𰵺𰵻𰵼𰵽𰵾𰵿𰶀𰶁𰶂𰶃𰶄𰶅𰶆𰶇𰶈𰶉𰶊𰶋𰶌𰶍𰶎𰶏𲂂𲂃𲂄𲂅𲂆𲂇𲂈𲂉𲂊𲂋𲂌𲂍𲂎𲂏𲂐𲂑𲂒𲂓𲂔𲂕𲂖𲂗𳁼𳁽
计	𬏟𲉲
许	浒𰓤𱛦
论	𲔆𲟿𲡬
诸	储槠𫉄𫞛𰧘
谒	蔼霭
谷	㕡㞃㭲㼸䀰䎥䘱䛦䜪䜫䜬䜭䜮䜯䜰䜱䜲䞱䧍俗卻唂容峪彮欲浴焀硲綌绤螸裕谸谹谺谻谼谽谾谿豀豁豂豃豄豅輍逧郤鋊鵒鹆﨏𠌋𠑉𠗖𡓛𡓼𢂲𢓾𢼽𢿁𢿶𣃺𣍂𣙴𣴲𤄟𤞞𤥫𤩋𤩡𤭏𥋩𥙿𥪉𦛱𦢽𧋉𧕉𧜲𧣳𧮬𧮭𧮮𧮯𧮰𧮱𧮲𧮳𧮴𧮵𧮶𧮷𧮸𧮹𧮺𧮻𧮼𧮽𧮾𧮿𧯀𧯁𧯂𧯃𧯄𧯅𧯆𧯇𧯈𧯉𧯊𧯋𧯌𧯍𧯎𧯏𧯐𧯑𧯒𧯓𧯔𧯕𧯖𧯗𧯘𧯙𧷚𧾝𨁖𨜪𨬂𨿜𩔜𩟨𩣥𩷝𩻇𪁴𪃾𪇟𪊿𪑌𪚡𪫹𫈅𫎀𫎁𫎂𫨊𫫽𫮺𬢁𬢗𬤲𬤳𬤴𬤵𬴒𭃣𭆮𭏳𭐋𭖦𭭲𭻗𮎐𮓧𮙌𮙍𮙎𮙏𮙐𮙑𰋬𰒠𰶐𰶑𰶒𰶓𰶔𰶕𰶖𰾆𱍜𱕿𱙖𲂘𲂙𲂚𲂜𲎢𲎼𳁾𳁿𳂀𳂁𳂂𳅗𳇿
豆	㐙㛒㢄㤱㪷㰯䄈䇺䔇䖒䛠䜳䜴䜵䜶䜷䜸䜹䜺䜻䜼䜽䜾䜿䝀䝁䝂䝃䝄䱏侸剅哣壴壹梪毭浢澍澎痘登短脰荳裋豇豈豉豊豋豌豍豎豏豐逗邆郖鋀闓頭餖饾鿲𠪶𡇧𡕌𡘰𡬾𡻧𢍪𢭃𢵦𣃃𣕒𣪌𣰆𤞟𤣁𤮘𤸳𤼼𥆖𥐍𥗅𥥷𥴡𥺉𦪍𧀆𧡀𧯚𧯛𧯜𧯝𧯞𧯟𧯠𧯡𧯢𧯤𧯥𧯦𧯧𧯨𧯩𧯪𧯬𧯭𧯮𧯯𧯰𧯱𧯲𧯳𧯴𧯵𧯷𧯹𧯽𧰁𧰂𧰃𧰆𧰈𧰉𧰌𧰍𧰎𧰏𧰐𧰑𧰗𧰛𧰤𧸒𧻿𨁋𨝾𨞌𨹜𨻭𨻯𨽆𩊪𩮖𩰒𪁞𪉣𪏄𪲓𪴊𪻡𪽧𫌋𫎃𫎄𫏰𫑶𫔡𫖥𫝋𫴜𬆱𬗖𬤶𬤷𬤸𭅋𭎞𭐞𭔰𭟾𭴧𭽁𮙒𮙓𮙔𮙖𮙘𮝒𮨜𮩂𮷋𰃛𰇿𰊰𰒪𰕢𰖉𰦛𰲇𰵫𰶗𰶘𰶙𰶚𰶛𰶜𰶝𰶞𰶟𰶠𰶡𰶢𰿯𱄮𱊻𱩁𱵱𱵷𱾧𲂝𲂞𲜤𲦧𲩸𳂃𳂅𳋴
豈	㜐㨟㱯䁗䅱䐩䔇䠽䭓䱺䶣凒凱剴塏嵦愷敱敳暟榿溰獃皚磑螘覬鎧闓隑顗颽𠹛𡳂𣪱𤅐𤍈𤘑𤠲𤧸𤸳𥏸𥪪𥻶𦒀𦩴𧔮𧪚𧯶𧯺𧰄𧰙𧽊𨕰𨢉𩀡𩄟𩘥𩥉𩪂𩮖𫣅𫷋𬤹𭺤𮸛𲉄𲡒𳅉
豉	𠽑𡻧
豊	䌡䪆䵄僼澧禮艶豑軆鄷醴闦霻體鱧鳢𠓍𠙫𡅩𡫋𡽍𢢪𣀂𤄝𥎓𥴡𥽈𦡊𧬹𧰅𧰖𧰚𧰞𧰟𧰢𨼷𩁑𪏨𪤡𪩰𪴀𫋠𫌓𫓐𭍑𭾖𮙕𮙗𰢓𰶣𱾧𳂆
豋	𥣎𦡪𨗱𨭕𨽆𰸱
豎	𠐊𧞫
豐	㒥㠦寷灃艷蘴豒豓豔酆靊麷𡤸𡾿𤣖𥜪𦣂𧾳𨰘𫿩𬤺𳈷
豕	㒪㒮㒸㥞㭬㯻㴚㻹䀃䃍䆥䖶䝅䝆䝇䝈䝉䝊䝋䝌䝍䝎䝏䝐䝑䝒䝓䝔䝕䠔䡵䯟冡剶啄圂塚墜嬘家嶳旞澻烼煫燧燹琢璲瓥甤禭穟蒙蟸襚豗豘豚豛豜豝豞豟豠豢豣豤豥豦豧豨豩豪豬豭豮豯豰豱豲豳豴豵豶豷逐遂遯邃鐆隊𠍪𠐭𠑡𠑮𠑳𡁷𡃱𡏔𡑞𡑸𡒴𡒿𡙾𡝍𡟝𡭷𡱰𢅕𢉭𢑡𢓻𢡆𢢝𢤪𣄚𣔾𣫖𣫚𣫛𣵠𤀴𤂼𤃣𤉄𤎩𤑾𤒝𤙦𤛚𤞱𤥨𤯹𤸉𤻄𥆋𥎔𥙮𥠂𥢁𥴎𥴦𥶼𥻖𦂁𦄘𦊽𦎇𦟙𦟢𦼯𧁂𧄟𧋠𧖹𧞢𧞹𧡄𧤲𧤶𧰦𧰩𧰪𧰫𧰭𧰮𧰯𧰰𧰱𧰲𧰳𧰴𧰶𧰷𧰸𧰹𧰺𧰻𧰿𧱀𧱁𧱂𧱃𧱄𧱅𧱆𧱇𧱈𧱉𧱊𧱋𧱌𧱍𧱎𧱏𧱐𧱑𧱒𧱓𧱔𧱕𧱖𧱗𧱙𧱚𧱛𧱜𧱝𧱞𧱟𧱠𧱡𧱢𧱣𧱥𧱨𧱩𧱪𧱫𧱬𧱭𧱮𧱯𧱰𧱱𧱲𧱴𧱵𧱶𧱷𧱸𧱹𧱺𧱻𧱼𧱽𧱾𧱿𧲀𧲁𧲂𧲃𧲄𧲅𧲆𧲇𧲈𧲉𧲊𧲋𧲌𧲍𧲎𧲏𧲐𧲑𧲒𧲓𧲔𧲖𧲗𧲘𧲙𧲚𧲛𧲟𧸙𨆏𨌇𨍨𨖡𨗉𨗹𨘹𨙆𨛛𨛤𨣢𨤜𨴯𨷃𨷹𨷼𨺵𨻐𨾃𩅲𩍚𩐌𩔀𩔧𩕑𩕺𩗛𩙢𩙤𩝌𩩒𩫕𩭐𩰟𩳟𪁥𪅊𪋁𪋢𪋱𪍭𪑫𪔟𪙲𪺏𪼅𫁾𫎅𫎆𫎈𫎉𫔫𫖨𫙠𫦀𫯦𫿘𬆲𬏺𬤻𬤼𬤽𬤾𬤿𬥀𬥁𬥂𬥃𬥄𬥅𬷓𬾷𭉇𭒣𭟖𭶝𭹣𮙚𮙛𮙜𮙟𮙡𮙣𮙤𮟔𮟦𮥆𮪑𮸿𰋎𰖱𰯒𰶤𰶥𰶦𰶧𰶨𰶪𰶫𰶬𰶭𰶮𰶰𰺼𱃛𱗵𱨘𱴮𱻌𱽃𲂡𲌓𲧇𳂇𳂈𳄽
豖	㙇㞘㧻䐁䦠冢剢啄椓涿琢瘃硺諑诼𠣥𡟼𢁁𢒔𢧈𢽚𢽴𣂡𣫔𣺵𥳤𦎜𧌮𧞮𧰵𧱦𧱧𧼙𨁿𨧧𩳥𬳝𮙢𱔷𲖇
豙	䉨顡𠎵𢟰𥲰𦗐𧏹
豚	遯𧲝𱥈
象	䂊䴂像勨嶑橡櫲潒蟓襐豫鐌鱌𢄵𢇐𢐣𢒶𢠽𤂻𤡸𤩪𦺨𧬛𧲜𨖶𩕓𩞧𪮱𫂤𫏡𫬰𫮧𬂏𬂖𬅌𬙧𬥆𬥌𬶲𭶆𮂚𮃯𰶯𱄇𱔠𲀔𲂢𲭙𲸖
豤	𢡆𪙲𲚌
豦	㯫㷾䆽䟊劇勮噱壉懅據澽璩臄躆遽醵鐻𤢓𥜅𥴧𦼫𧇿𧝲𧬷𧲋𧴘𨎶𨞙𨞦𨼫𨼽𩁋𩴯𪆺𪍸𭘶𭺥𮣷𱝹𱢮𲂣𲋠
豩	𧲏𧲟
豪	㠙㩝䧫儫嚎壕檺濠籇蠔譹𤐶𤢭𤪗𦪳𧥉𨮙𪞯𬤫𬵵𭿭𮃳𮒑𱙰𱜸𱴽𱺮
豫	䂊櫲𤂻𫡡𫮻
豬	櫫瀦藸𣌁𣌂𣠕𰻛
豳	𫴠𮠓
豸	䝖䝗䝘䝙䝚䝛䝜䝝䝞䝟䝠䝡䝢䝣䝤䝥䝦䫉懇絼豹豺豻豼豽豾豿貀貁貂貃貄貅貆貇貈貉貊貋貌貍貎貏貐貑貒貓貔貕貖貗貘貙貚貛貜𠉠𢚵𢭺𤉒𤙪𤞝𥍪𦎋𦻿𧀔𧋈𧕤𧣭𧲠𧲡𧲢𧲣𧲤𧲥𧲦𧲧𧲨𧲩𧲪𧲫𧲬𧲭𧲮𧲯𧲰𧲱𧲲𧲳𧲴𧲵𧲶𧲷𧲸𧲹𧲺𧲻𧲼𧲽𧲾𧲿𧳀𧳁𧳂𧳃𧳄𧳅𧳆𧳇𧳈𧳉𧳊𧳋𧳌𧳍𧳎𧳏𧳐𧳑𧳒𧳓𧳔𧳕𧳖𧳗𧳘𧳙𧳚𧳛𧳜𧳝𧳞𧳟𧳠𧳡𧳢𧳣𧳤𧳥𧳦𧳧𧳨𧳩𧳪𧳫𧳬𧳭𧳮𧳯𧳰𧳲𧳳𧳴𧳵𧳶𧳷𧳸𧳹𧳺𧳻𧳼𧳽𧳾𧳿𧴀𧴁𧴂𧴃𧴄𧴅𧴆𧴇𧴈𧴉𧴊𧴋𧴌𧴍𧴎𧴏𧴐𧴑𧴒𧴓𧴔𧴕𧴖𧴗𧴘𧴙𧴚𧴛𧴜𧴝𧴞𧴟𧴠𧴡𧴢𧴣𧼋𧼌𨗿𨘅𩳏𪁰𪡊𫎊𫎋𫎌𫎍𬏯𬥈𬥉𬥊𬥋𬥌𬥍𬦳𭃤𮙦𮙧𮙨𮙩𮙪𮙫𮙬𮟅𰐩𰬛𲂤𲂥𲂦𲂧𲑱𲧈𲻓𳂉𳂊𳂋𳂌𳂍𳂎𳂏𳂐𳃁
豹	𠹕𥔰𦷒𪕺𬿅𭱯𱱟
貇	墾懇𠿵𢢽𤀊𥖞𦾜𨼯𭢩𭾒𱌦
貌	㦝藐邈𢷕𱚯𲌰
貍	㦟薶霾𥵷𩯬
貎	𣞠𤂚
貘	𧕤𧕥
貝	㕢㛝㡦㯯㰓㲘㸽㿎䒈䗰䝧䝨䝩䝪䝫䝬䝭䝮䝯䝰䝱䝲䝳䝴䝵䝶䝷䝸䝹䝺䝻䝼䝽䝾䝿䞀䞁䞂䞃䞄䞅䞆䞇䞈䞉䞊䞋䟺䢙䩀䪥䴍則員唄垻孭寳寶屓幩戝擯敗梖浿狽珼璳筫篔篢籫萯蒷蕆蕒薋藖蛽豶貞貟負財貢貣貤貥貦貧貨販貪貫責貭貯貰貱貲貳貴貵貶買貸貹貺費貼貽貾貿賀賁賂賃賄賅賆資賈賉賊賋賌賍賎賏賐賑賒賓賕賖賗賘賙賚賛賜賝賞賟賠賡賢賤賥賦賧賨賩質賫賬賭賮賯賰賱賲賳賵賶賷賸賹賺賻購賽賿贀贁贂贃贄贅贆贇贈贉贊贋贌贍贎贏贐贒贓贔贖贗贘贙贚贜郥酇鋇鐼閴闝隫靌頁饙鱝鵙鼰齎鿓𠏞𠏤𠙒𠚞𠟔𠟻𠩠𠭁𠼠𡑧𡪓𡪛𡮺𡻃𢉯𢊷𢊾𢋍𢋐𢋫𢎐𢡝𢤞𢥨𢭲𢺔𢿓𢿡𣀕𣀶𣀹𣄫𣇜𣠦𣣬𣤉𣺪𤀭𤂯𤃋𤄴𤔼𤩳𤫋𤫖𤫞𤺔𤺕𤼊𤼹𤼺𤾶𥀢𥆘𥌄𥎉𥖏𥣶𥦎𥧡𥨽𥫔𥱷𥳹𥴶𥴹𥵎𥺎𦁀𦇅𦎳𦡛𦢼𦫂𦮷𦹘𦹳𦹺𦺱𦺲𧂟𧂪𧃛𧃤𧄽𧢔𧧾𧳒𧴤𧴥𧴦𧴧𧴨𧴩𧴪𧴫𧴬𧴭𧴮𧴯𧴰𧴱𧴲𧴳𧴴𧴵𧴶𧴷𧴸𧴹𧴺𧴻𧴼𧴽𧴾𧴿𧵀𧵁𧵂𧵃𧵄𧵅𧵆𧵇𧵈𧵉𧵊𧵋𧵌𧵍𧵎𧵏𧵐𧵑𧵒𧵓𧵔𧵕𧵖𧵗𧵘𧵙𧵚𧵛𧵝𧵞𧵟𧵠𧵡𧵢𧵣𧵤𧵥𧵦𧵧𧵨𧵩𧵪𧵫𧵬𧵭𧵮𧵯𧵱𧵲𧵳𧵴𧵵𧵶𧵷𧵸𧵹𧵺𧵻𧵼𧵽𧵾𧵿𧶁𧶂𧶄𧶅𧶆𧶇𧶈𧶉𧶋𧶌𧶍𧶎𧶏𧶐𧶒𧶔𧶕𧶖𧶗𧶘𧶚𧶛𧶜𧶝𧶞𧶟𧶠𧶡𧶣𧶤𧶥𧶦𧶧𧶨𧶩𧶪𧶫𧶬𧶭𧶮𧶰𧶱𧶲𧶳𧶴𧶵𧶸𧶺𧶻𧶼𧶽𧶾𧶿𧷀𧷂𧷃𧷄𧷆𧷇𧷈𧷉𧷊𧷋𧷌𧷍𧷎𧷏𧷐𧷑𧷒𧷔𧷕𧷖𧷗𧷘𧷙𧷚𧷛𧷜𧷠𧷡𧷢𧷣𧷥𧷦𧷧𧷩𧷫𧷬𧷭𧷮𧷰𧷲𧷳𧷴𧷶𧷷𧷸𧷹𧷻𧷼𧷽𧷾𧷿𧸀𧸁𧸂𧸃𧸄𧸅𧸆𧸇𧸉𧸊𧸌𧸍𧸎𧸏𧸐𧸑𧸒𧸓𧸔𧸕𧸖𧸗𧸘𧸙𧸚𧸛𧸜𧸞𧸟𧸠𧸡𧸢𧸣𧸤𧸥𧸦𧸧𧸨𧸩𧸪𧸬𧸭𧸮𧸰𧸱𧸲𧸳𧸴𧸶𧸸𧸹𧸺𧸻𧸼𧸽𧸾𧸿𧹀𧹁𧹂𧹄𧹆𧹇𧹉𧹊𧹎𧹏𧹐𧼀𧾒𨎘𨎾𨏅𨙑𨜭𨢖𨰦𨰷𨶎𨶛𨿎𩆃𩗗𩦥𩯃𩼧𩼱𪊾𪎬𪒦𪒰𪔡𪔵𪚾𪪥𪬡𪭖𪷎𪸭𪽾𫂢𫎎𫎏𫎐𫎑𫎒𫎓𫎔𫎕𫎖𫎗𫎘𫎙𫎛𫎜𫎝𫎞𫎟𫎠𫎡𫎢𫎣𫎥𫠾𫤀𫱇𫲂𫴝𫴡𫴦𫴩𫴫𫶑𫸳𫿖𫿜𫿪𬃜𬅇𬒹𬔪𬗨𬟫𬥎𬥏𬥐𬥑𬥒𬥓𬥔𬥕𬥖𬥗𬥘𬥚𬥛𬥜𬥝𬥞𬥟𬥡𬥢𬥤𬥥𬥦𬥧𬥨𬥪𬥫𬥱𬥲𬩫𬹠𬿩𭔟𭚍𭜼𭨍𭶘𭶰𭺐𮁁𮁃𮆓𮆪𮐧𮒮𮙭𮙮𮙯𮙰𮙱𮙲𮙳𮙴𮙵𮙶𮙷𮙸𮙹𮙺𮙻𮙼𮙽𮙾𮙿𮚀𮚁𮚂𮚃𮚄𮚅𮚆𮚇𮚈𮚉𮚊𮚋𮚌𮚎𮚏𮚐𮚒𮚓𮚔𮚕𮚖𮚗𮚘𮚚𮚛𮚞𮚟𮚢𮚤𮚦𮚩𮚪𮚫𮜛𮜞𮠉𮣅𮣊𮦒𮮌𰂇𰇩𰳫𰶱𰶲𰶳𰶴𰶵𰶶𰶷𰶸𰶹𰶻𰶼𰶽𰶾𰶿𰷀𰷁𰷂𰷃𰷄𰷅𰷆𰷇𰷈𰷉𰷊𰷋𰷍𰷎𰷏𰷐𰷑𰷖𰷗𰷘𰷚𰷛𰷜𰷝𱏞𱐅𱔊𱚇𱛫𱨺𱩰𱪛𱪟𱪠𱯸𱶤𱼉𲂨𲂩𲂪𲂬𲂭𲂮𲂯𲂰𲂱𲂲𲂳𲂸𲌩𲓏𲟋𲸠𲼳𳂑𳂒𳂓𳂔𳂕𳂖𳂗𳂘𳂙𳂚𳂜𳂝𳂟𳂠𳂢𳂣𳂤𳂪𳄪
貞	䡠偵媜寊幀揁楨湞碵禎緽赬遉鍞𠭹𠸩𡎞𢒟𢔤𣦓𤋺𤦹𤸘𥕫𥢅𥢆𦵄𧶃𧶸𨜓𨺟𩹰𪍕𪑳𪺘𫁅𫖙𫖣𫧸𫨫𫺤𬓲𬡥𬢵𭵐𮚯𮛶𰷺𲾽
貟	圎𠋏𡎖𡞩𥫎𧴳𧶀𩆹𪃰𪻅𰶺
負	偩媍萯蝜貧賴𡥼𡯿𢰺𥛤𧶙𧶯𪃓𪍏𫻉𬌻𭱘𮚰𮚱𮠂𰦠𰷙𲝰𳆖
財	𣺠𫞭𲕳
貢	㯯䔈嗊幊愩慐戅摃槓熕碽篢贑贛𠗸𠞖𡎴𡟫𡺭𡻃𢥮𢦀𢩛𢶦𣃐𣹟𤕙𤗤𤣣𤳢𥈿𥛌𥧡𥨨𥳹𦩼𧜙𧶓𧷱𧹃𨫋𨶛𩌌𩐵𩑅𩫢𩹸𪄌𪅷𪝖𪱮𫋐𬗯𬧄𭹫𱪝𱯱𱻡𲡆
貧	𢠈𧷨𧹅𨉺𪨄𪷪𫎤𬥣𬥬𬥮𬥯𰔢𰘝𰧝𰷕𲂵𲪀𲿞
貨	𰐡𲖉
販	𢴔𲿜
貪	㵅僋嗿𥱷𦤰𦹳𬳦𮥞𰔣𱮜
貫	䗰實慣摜樌瑻罆謴躀遦鏆𠍿𢿒𣩔𤎽𥊫𥖏𥸜𦄻𨝑𪷈𫉜𭀷𭑠𮚙𱔔𲙸𳁇𳏤
責	㣱㥽㱴㺓䚍䟄䥊䶦債勣嘖嫧幘樍歵漬皟瞔磧積簀績耫蔶襀謮賾蹟鰿𣤈𤖓𤗮𤳎𤹠𥎍𥡯𥼃𦎸𦟜𦣱𧐐𧶷𨖊𨢦𨲪𩄾𩌪𩔳𪄸𪒑𫗙𫘁𭋂𭍬𭭻𭽴𮂒𮥜𮧐𰊜𱯝𲑩𲢕𳄌𳈇
貮	𠍎𨫮𭞎𮚞𰖡
貰	勩𣽒𤺔𧸊𲼳
貲	𠟓𠽷𡢍𣚁𦺱𨝳𳏲
貳	㒃㦐㹑樲膩𠽬𢄽𢴧𧸐𫬤𬥠𭲘𲀈
貴	㙺㚍㿉䙡䜋䠿䫭䯣䰎僓匱嘳圚墤嬇尵憒撌樻殨潰璝瞶穨簣繢聵膭蕢蹪遺鐀闠隤靧鞼饋𠒺𡪲𢊮𣄜𣄧𤏳𤗴𤡱𥀠𥢢𥣧𥼩𦪒𧑋𧗏𧲆𧷅𧷪𧸃𧸯𨆨𨎨𨣈𨲿𩏡𩘺𩡞𪎯𫙷𫵒𬐲𬳱𭂟𭅁𭘵𭧫𮚠𮤩𮱣𰠼𰷌𰷒𰷓𲂴𲴆𳂐𳂦𳏦
貶	𠍥𠹰𢵉𧒅𬜎
買	㜥㵋䁲䚑嘪簤蕒賣鷶𠃅𡤓𡤔𡮨𡮳𢠼𢵯𣛠𣩥𤛬𥌔𧃜𧘃𧶶𧷏𧷓𧷷𧸏𨊋𩀺𩍃𩴬𪦲𫂥𫎚𫡠𫣿𫼇𬄽𬎘𬏽𬔫𮚜𮚣𮦭𱰣𲂷𲂹𲍦𲤇𲯹𲴇𲹁𳂛𳂞𳂨𳄕
貸	蟘𧹋
費	㩌㵒䊧曊鄪鐨靅𠢥𠾚𣙿𤺕𦠻𧑈𧝇𩯃𪰂𫅿𱘃𲟩𲴊𳍿
貼	𢵚𪹭𰸭
貿	橮鄮𰹦𲅸
賀	㵑𠟒𧝂𧬂𪳺𮆓𮜗𲆝𲖬
賁	㱵㿎䒈䩿䴅僨噴墳幩憤橨歕濆燌獖羵翸膹蕡蟦豶轒鐼隫饙馩鱝黂𡼝𢊱𢴢𢿠𣯻𤂫𤖘𤗸𤩳𥀢𥖀𥢊𥳡𦡛𧴍𧷐𩀴𩟲𩦥𪎰𪒰𪔵𪖅𭧥𮮪𱀳𱠱
賃	𠿹𥵎
資	䆅澬薋蠀𡳠𢢾𥼻𧹌𧾒𩆂𩆃𫑫𫚁𰂷𰘹
賈	䜖價檟𠿪𣿦𥋣𦽿𨞝𪆲𫠎𭞼𭢤𭯦𲆀𲶝
賊	蠈鱡𣛸𣿐𦽒𧒿𨆎
賏	䴍嬰屭甖罌譻贔鑍鸎𠫍𡔈𡚔𤑄𦉦𦡺𦢆𧮣𧶹𧸵𨈍𬋑𬥰𬯵𭍙𭐯𭒱𭛋𭩖𭯬𭳴𭸴𮚝𮚮𮣰𮥳𲧶𲪹𳏽
賓	㡦䎙䚔䧬䨈儐嬪擯檳殯濱獱璸矉礗穦繽臏薲蠙鑌顮馪驞髕鬢𡁟𡒨𢣐𣋪𣰨𧷟𧸈𨊕𨲺𩰝𩴱𩴸𩼧𪇕𪵢𪹿𫴑𰹩
賔	㯽濵𡣕𢷤𣩵𥖶𦆯𦿜𧓍𧢘𨮘𨷚𩦿𩪯𩯫𩯭𪇧𬛜𭀀𭄗𭶞𭿬𰯣𰷚𱁏𱆉𱆡
賚	𡃄𮣠
賛	㠝㸇䟎儧攅櫕濽瓉纉讃鄼鑚𠓒𡂐𡣶𢖑𥎞𥣪𥸝𦢤𦪸𨇃𨘧𨣵𨲽𩍴𩟪𩯳𬼼𭟎𮂠𮆫𮋘𮒟𮕌𮚡𮝰𮬖𰧪𱜺
賜	儩瀃𧀩𱁦
賞	償贘鑜𢤗𤪸𦘆𧭢𫲐𭣁𱭲
賢	㘋䉯礥臔藖鑦𡮷𡮺𢤞𢸒𤂐𪦬𫣴𱤬𱯼𲯉
賣	䄣䢱儥凟匵嬻櫝殰瀆牘犢瓄皾竇續藚襩覿讀豄贕贖鑟韇韥黷𠠔𠠠𡂝𢖏𢷺𣋺𣤯𣰬𥀲𥌚𥖿𥶦𦌷𦏢𦢌𧔖𧘅𧸝𧸷𧾥𨏔𨽍𩧈𩴺𩽆𪺁𬌏𬔃𬼕𭍏𭟐𮚬𮮟𰊻𰠥𰷔𲂶𳂧
賤	㰄濺𥜤𫻔𬚂𲑞𳂥
質	㜱㩫䑇䜠儨劕懫櫍瓆礩躓鑕𠘖𡂒𡒻𡦫𤁩𤢽𧓳𧸲𨏑𨐿𨟊𩍵𩧄𩽄𪮽𬘋𬽟𳅢
賫	𦢒𫣲
賭	𧷿𭌙
賴	㸊䄤䠭䲚嬾懶攋櫴瀨瀬獺瓎癩籟藾襰𠘝𡃤𡓒𡚚𢀲𢁑𢅭𢋷𢤿𣡙𣡚𥗓𦇛𦧺𧔣𧴡𩯽𩽓𪈎𪈐𫣻𬨛𬯩𭌽𰚂
賷	𡄙𢥎𲪭
賽	㘔𡤐𨙇𱪎𲣣𲧠𲰓𲽶
贅	嚽𭚍
贊	㜺㦫䂎䡽䰖儹劗囋巑攢欑灒瓚礸禶穳籫纘臢襸讚趲躦酇鑽饡𠓕𡿍𢑊𣀶𣪁𤓎𤿀𥽷𦫅𧄽𧹍𧹏𨤆𨳄𩎈𩵆𪚇𰖽𲆌𲓏𳀒𳌂
贏	灜籯
贑	戅𠖫𡔕𫧝𱪝
贔	屭𠫍𤼟𧹈
贛	㔶䀍戇灨𢦅𥸡𧆐𧗜𰃴
贝	㗷㺆㺙䞌䞍䞎䞏䞐则呗员坝屃朿狈筼蒇贞负贠贡财责贤败账货质贩贪贫贬购贮贯贰贱贲贳贴贵贶贷贸费贺贻贼贽贾贿赀赁赂赃资赅赆赇赈赉赊赋赌赍赎赏赐赑赒赓赔赕赗赘赙赚赛赝赞赟赠赡赢钡页鿒𧹑𧹒𧹓𧹔𧹕𧹖𧹗𪠀𪱷𪽴𫎦𫎧𫎨𫎩𫎪𫎫𫝦𫞥𫿂𬂉𬃊𬇙𬕂𬖃𬜾𬥳𬥴𬥵𬥶𬥷𬥸𬥹𬥺𬥻𬥼𬥽𬥾𬥿𬦀𬦥𬮂𬹳𭕆𮲀𮷌𮷍𰇀𰋙𰕐𰱱𰷞𰷟𰷠𰷡𰷢𰷣𰷤𰷥𰷧𰷨𰷩𰷪𰷫𰷬𰷭𰷮𱂎𱆄𱉐𱎡𱐀𱑥𱙷𱽎𲂺𲂻𲂼𲂽𲂾𲂿𲃁𲃂𲃃𲃄𲃅𲅑𲡝𳂫𳈕
贞	侦帧桢浈祯赪𬹕𮲅𰌂𱟸𱮺𲅗
负	㭥赖𫼨𮔅𰁾𰛨𰰷
贡	䂵唝赣𥧂𫎬𫝪𫢟𫺌𫼱𬊎𬕂𬠈𮸉𰑟𰱀𱖭𱛨𱣚𲩌𳃓𳈕
责	债啧帻渍碛箦绩赜𤾀𪟝𫌀𫖴𬺉𮳭𰌇𰳁𱇵𱭜𱶌𱻴𲃏𲃫𲈄
贤	𫢲𬜾𰧇𱏛𱞠
败	𱖼𲩚
质	踬锧𫟬𫪪𬃊𰑬𰧉𲾳
贪	𰇲𰡘
贫	𭡘𮀧𲄥
贯	惯掼𨱌𪻲𬤆𬦻𭀳𭱀𮀪𰅺𰭄𱓔𱣱𱫜
贰	腻𬃘
贱	溅𮲶
贲	偾喷愤豮鲼𣸣𪔭𪩸𪱥𫅗𫔁𬅫𬏷𬓱𬳟𮝷𰗺𰞻𰡞𰱟𰳊𱀡𱄀𱋱𱻞𲙟𳀖
贳	勚𪽴
贵	㱮䅪䙌䣒匮愦溃瞆篑缋聩蒉遗阓馈𨡺𩙬𪡞𪨇𪻺𫖃𫝬𬓼𬤉𬭢𬯎𭫀𮳱𰂜𰊛𰔋𰣶𰸞𱁹𱆃𱼏𲃆𲙢𳂬
费	镄𪰶𫽧𬃮𬈕𰷦𰻳𱆄𲃺𲠔𲳶
贺	𰜢𰸦𱣻
贼	𬝠𬠠
贾	槚𪢋𫟢
资	𧏗𫞚𰨳𰱱
赐	𣽷𰂭
赑	𪥠𲼶
赖	懒濑獭癞籁𧝝𪢐𪬯𪮶𪵇𫇘𬋍𰌙𰘳𰬼𰱾𱈖𱏔𲿹𳃦
赛	𪷱𫬐
赞	攒瓒缵臜趱躜酂𥎝𪴙𪷽𫲗𬖃𬡷𬤮𭄛𰃆𰉄𰏁𰿆𱄊𱆈𲎫
赣	戆𰃳𰥊𱑉
赤	㤸㫱㬨䓇䚂䞑䞒䞓䞔䞕䞰䤲䦝䬉哧嚇懗捇浾焃爀硳赥赦赧赨赩赪赫赬赭赮赯郝頳𠭷𡋽𡘥𡨁𡪌𢟻𢠱𢷓𣇐𤃬𤙮𤛖𥙼𦀗𦛘𧋒𧨃𧹙𧹚𧹛𧹜𧹝𧹞𧹟𧹠𧹡𧹢𧹣𧹤𧹥𧹦𧹧𧹨𧹩𧹪𧹫𧹬𧹭𧹮𧹯𧹰𧹱𧹲𧹳𧹴𧹵𧹶𧹷𧹸𧹹𧹺𧹻𧹼𧹽𧹾𧹿𧺀𧺁𧺂𧺃𧺄𧺅𨁯𨲂𨹮𩭑𩷧𪁌𪜻𪠇𪲒𫁆𫈽𫎭𫎮𫎯𫎰𫐨𫥠𫰭𬏭𬦁𬦂𬦃𬦄𬫁𬮨𭕢𭮒𭴩𭹍𮚱𮜜𮰊𮷑𰧩𰷯𰷰𱺝𲃇𲃈𲄠𲆟𲊼𲋹𲝛𲣷𲨁𲮀𲺼𳂭𳂮𳂯𳂰𳂱𳂲𳅆
赦	螫𠻲𡠬𢟻𢲳𣻪𥨅𧐭𫛿𭊆𰥾𱲓
赫	㬨嚇懗爀𢷓𥋿𮜜𰧩𰷘𲆟𲺼
走	䞖䞗䞘䞙䞚䞛䞜䞝䞞䞟䞠䞡䞢䞣䞤䞥䞦䞧䞨䞩䞪䞫䞬䞭䞮䞯䞰䞱䞲䞳䞴䞵䞶䞷䞸䞹䞺䞻䞼䞽䞾䞿䟀䟁䟂䟃䟄䟅䟆䟇䟈䟉䟊䟋䟌䟍䟎䟏䟐䟑䟒唗徒赲赳赴赵赶起赸赹赺赻赼赽赾赿趀趁趂趃趄超趆趇趈趉越趋趌趍趎趏趐趑趒趓趔趕趖趗趘趙趚趛趜趝趞趟趠趡趢趣趤趥趦趧趨趩趪趫趬趭趮趯趰趱趲跿陡鯐龪﨣𠠄𢈩𤏉𥆥𦛣𧋨𧺇𧺈𧺉𧺊𧺋𧺌𧺍𧺎𧺏𧺐𧺑𧺒𧺓𧺔𧺕𧺖𧺗𧺘𧺙𧺚𧺛𧺜𧺝𧺞𧺟𧺠𧺡𧺢𧺣𧺤𧺥𧺦𧺧𧺨𧺩𧺪𧺫𧺬𧺭𧺮𧺯𧺰𧺱𧺲𧺳𧺴𧺵𧺶𧺷𧺸𧺹𧺺𧺻𧺼𧺽𧺾𧺿𧻀𧻁𧻃𧻄𧻅𧻆𧻇𧻈𧻉𧻊𧻋𧻌𧻍𧻎𧻏𧻐𧻑𧻒𧻓𧻔𧻕𧻖𧻗𧻘𧻙𧻚𧻛𧻜𧻝𧻞𧻟𧻠𧻡𧻢𧻣𧻤𧻥𧻦𧻧𧻨𧻩𧻪𧻫𧻭𧻮𧻯𧻰𧻱𧻲𧻳𧻴𧻵𧻶𧻷𧻸𧻹𧻺𧻻𧻼𧻽𧻾𧻿𧼀𧼁𧼂𧼃𧼄𧼅𧼆𧼇𧼈𧼉𧼊𧼋𧼌𧼍𧼎𧼏𧼐𧼑𧼒𧼓𧼔𧼕𧼖𧼗𧼘𧼙𧼚𧼛𧼜𧼝𧼞𧼟𧼠𧼡𧼢𧼣𧼤𧼥𧼦𧼨𧼩𧼪𧼫𧼬𧼭𧼮𧼯𧼰𧼱𧼲𧼳𧼴𧼵𧼶𧼷𧼸𧼹𧼺𧼻𧼼𧼽𧼾𧼿𧽀𧽁𧽂𧽃𧽄𧽅𧽆𧽉𧽊𧽋𧽌𧽍𧽎𧽏𧽐𧽑𧽒𧽓𧽔𧽕𧽖𧽗𧽘𧽙𧽚𧽛𧽜𧽝𧽞𧽟𧽠𧽡𧽢𧽣𧽤𧽥𧽦𧽧𧽨𧽩𧽪𧽫𧽬𧽭𧽮𧽯𧽰𧽱𧽲𧽳𧽴𧽵𧽶𧽷𧽸𧽹𧽺𧽻𧽼𧽽𧽾𧽿𧾀𧾁𧾂𧾃𧾄𧾆𧾇𧾈𧾉𧾊𧾋𧾌𧾍𧾎𧾏𧾐𧾑𧾒𧾓𧾔𧾕𧾖𧾗𧾘𧾙𧾚𧾛𧾜𧾝𧾞𧾟𧾠𧾡𧾢𧾣𧾤𧾥𧾦𧾧𧾨𧾩𧾪𧾫𧾬𧾮𧾯𧾰𧾱𧾲𧾳𧾴𧾵𧾶𪭴𫎱𫎲𫎳𫎴𫎵𫎶𫎷𫎸𫎹𫎺𫎻𫎽𫎾𫎿𬦅𬦆𬦇𬦈𬦉𬦊𬦋𬦌𬦍𬦎𬦏𬦐𬦑𬦒𬦓𬦔𬦕𬦖𬦘𬦙𬦚𬦜𬦝𬦞𬦟𬾉𭌠𮚲𮚳𮚴𮚵𮚶𮚷𮚸𮚹𮚺𮚻𮚼𮚽𮚾𮚿𮛀𮴙𰁁𰈀𰷱𰷲𰷴𰷵𰷶𰷷𰷸𰷹𰷺𰷼𰷽𰷾𰸀𱣙𱵎𲃉𲃊𲃋𲃌𲃍𲃎𲃏𲃑𲃒𲃓𳂳𳂴𳂵𳂶𳂷𳂸𳂹𳂺𳂻𳂼𳂽𳂾𳂿𳃀𳃂𳃃𳃄𳃆
起	𠺬𤠳𧽇𧽈𫎼𬏌𬦗𭡳𮔸𲃐𳃁
趂	𦼜𪮭
超	㯧𠾸𢵒𦠶𬙄𰫳𲠢𳆾
越	樾𠾲𢵼𣾼𦅲𧑅𨅿𨬓𪆧𪒥𪽸𫌐𬷲𭸩𲞂𳃅𳄯
趙	𠠄𡁻
趨	𢹤𳌭
足	㹱㿓䇍䎌䛤䟟䟫䟳䠂䠟䠠䠢促哫娖捉浞珿莡趗趸跫跾踀踅蹇蹔蹙蹩蹵蹷躄躉躗躛躠鋜齪龊𠈮𡟐𡡍𡷿𢶝𣙳𣟯𤗁𤰉𤲊𤼗𤼯𤽱𥁯𥒭𥞺𥭽𥷼𧂨𧋥𧋩𧚖𧣫𧯩𧹤𧻻𧾸𧾺𧿀𧿃𧿍𧿗𧿮𧿿𨀂𨀑𨀲𨀶𨁀𨁘𨁛𨁢𨁥𨂝𨂞𨂢𨂣𨂮𨃗𨃞𨃢𨃨𨃫𨃱𨃲𨃾𨄚𨄝𨄟𨄡𨄦𨄧𨄬𨄯𨅇𨅐𨅘𨅚𨅠𨅪𨅴𨆊𨆐𨆕𨆜𨆥𨆧𨆪𨆬𨆻𨇌𨇐𨇓𨇘𨇛𨇜𨇭𨉌𩃈𩈤𩕈𩦬𩩔𪕝𪧎𪨡𪴢𪽰𫃥𫏐𫏔𫏕𫷭𬑝𬒺𬚃𬣹𬦭𬦼𬧁𬧈𬵔𬻚𭎣𭛬𭭤𮇟𮉩𮌘𮛅𮛍𮛎𮛖𮛣𮛿𮜋𮜟𮜣𮜫𮜭𮯇𰋓𰯫𰸈𰸍𰸏𰸛𰸷𰾃𱃨𱟻𱩢𱫉𱭖𱱱𱲹𲃕𲃗𲃴𲃼𲄅𲄆𲄊𲄋𲄑𲒐𳃔𳃢𳃬𳃮𳇽𳌞
跀	𨂃𨃆𨃵𰸌𲃷𳃟
跛	𭊱𮆎𮜈𳉰
距	𭞯𲿯
路	㯝潞璐簬蕗鏴露鷺鹭𡀔𡽘𢷅𤢊𤮗𦌕𦓉𧒌𧒍𧸚𨎲𩁐𪆬𪛅𫄉𫘘𮮍𰨼𱀺𱘅𱳍𲈝𲬛
跱	𠍰𱤡
跳	𪴁𬵰𲢺
踷	𨅮𬟅
蹄	𧀰𬖀
蹇	䙭䮿攓瀽鑳𠐻𡄓𡾰𣟯𧃕𧮈𨇥𩎀𩽜𬤯𬴏𲚧
蹈	𢹡𲭪
蹎	𨈀𨈃𬧚
蹙	㰗䙯𡄱𦇰𩖑𭟣𰯫𳂪
身	㑗㛛㧶䆤䠲䠳䠴䠵䠶䠷䠸䠹䠺䠻䠼䠽䠾䠿䡀䡁射竧裑躬躭躮躯躰躱躲躳躴躵躶躷躸躹躺躻躼躽躾躿軀軁軂軃軄軅軆軇軈軉銵鯓鵢麝𠗏𠘇𠤂𠲳𠾮𡌏𡘪𢈯𣕼𣛘𤶴𥨃𥨚𥨪𥨵𥼒𦎒𧬄𧼅𨈒𨈓𨈔𨈕𨈖𨈗𨈘𨈙𨈚𨈛𨈜𨈝𨈞𨈟𨈠𨈡𨈢𨈣𨈤𨈥𨈦𨈧𨈨𨈩𨈪𨈫𨈬𨈭𨈮𨈯𨈰𨈱𨈲𨈳𨈴𨈵𨈶𨈷𨈸𨈹𨈺𨈻𨈼𨈽𨈾𨈿𨉀𨉁𨉂𨉃𨉄𨉅𨉆𨉇𨉈𨉉𨉊𨉋𨉌𨉍𨉎𨉏𨉐𨉑𨉒𨉓𨉔𨉕𨉖𨉗𨉘𨉙𨉚𨉛𨉜𨉝𨉞𨉟𨉠𨉡𨉢𨉣𨉤𨉥𨉦𨉧𨉨𨉩𨉪𨉫𨉬𨉭𨉮𨉯𨉰𨉱𨉲𨉳𨉴𨉵𨉶𨉷𨉸𨉹𨉺𨉻𨉼𨉽𨉾𨉿𨊀𨊁𨊂𨊃𨊄𨊅𨊆𨊇𨊈𨊉𨊊𨊋𨊌𨊍𨊎𨊏𨊐𨊑𨊒𨊓𨊔𨊕𨊖𨊗𨊙𨊚𨊛𨊜𨊝𨊞𨊟𨌈𨓉𩫙𪇣𪈬𪋧𫊾𫏪𫏫𫏬𫏭𫏮𫏯𫏰𫏱𫐍𬢭𬧠𬧡𬧢𬧣𬧤𬧥𬧦𬧧𬧨𬧩𬧪𬧫𬧬𬧭𬧮𬧯𬧰𬼧𭄨𮀝𮄕𮜮𮜯𮜰𮜱𮜲𮜳𮜴𮜵𮜶𮜷𮜸𮜹𮜺𮜻𮜼𮜽𮜾𮮞𮷓𮷔𮷕𰑢𰸺𰸻𰸼𰸽𰸾𰸿𰹀𰹁𰹂𰹃𰹄𰹅𰹆𰹇𰿰𱃁𱫍𲄗𲄘𲄙𲄚𲄛𲄜𲄝𲄞𲄟𲄠𲄡𲄢𲄣𲄤𲄥𲄦𲄧𲄨𲄩𲄪𲄫𲄬𲄭𲄮𲄯𲄰𲄱𲄲𲦂𳃱𳃲𳃳𳃴𳃵𳃶𳃷𳃸𳃹𳃺𳃻𳃼𳃽𳃾𳃿𳄀𳄁𳄂𳎘
躬	匑窮𡺺𨈧
躭	𥲇𱗰
躳	匔竆
車	㾝䡂䡃䡄䡅䡆䡇䡈䡉䡊䡋䡌䡍䡎䡏䡐䡑䡒䡓䡔䡕䡖䡗䡘䡙䡚䡛䡜䡝䡞䡟䡠䡡䡢䡣䡤䡥䡦䡧䡨䡩䡪䡫䡬䡭䡮䡯䡰䡱䡲䡳䡴䡵䡶䡷䡸䡹䡺䡻䡼䡽䡾䡿俥厙唓庫捙斬硨莗葷蛼軋軌軍軎軏軐軑軒軓軔軕軖軗軘軙軚軛軜軝軞軟軠軡転軣軤軥軦軧軨軩軪軫軬軭軮軯軰軱軲軳軴軵軶軷軸軹軺軻軼軽軾軿輀輁輂較輄輅輆輇輈載輊輋輌輍輎輏輐輑輒輓輔輕輖輗輘輙輚輛輜輞輟輠輡輢輣輤輥輦輧輨輩輪輫輬輭輮輯輰輱輲輳輴輵輶輷輸輹輺輻輼輽輾輿轀轁轂轃轄轅轆轇轈轉轊轋轌轍轎轏轐轑轒轓轔轕轖轗轘轙轚轛轜轝轞轟轠轡轢轣轤轥連閳陣龫鿂𠐡𠓽𠜒𠜥𠣞𠺟𠻆𡌄𡍦𡕀𡝀𡷖𢀃𢚷𢣜𢥩𢷦𣒞𣗑𣞹𣤖𣫂𣵐𣹫𤉖𤛕𤥭𤭔𤮈𥔚𦀺𦆕𧷄𨊠𨊡𨊣𨊤𨊥𨊦𨊧𨊨𨊩𨊪𨊫𨊬𨊭𨊮𨊯𨊰𨊱𨊲𨊳𨊴𨊵𨊶𨊷𨊸𨊹𨊺𨊻𨊼𨊽𨊾𨊿𨋀𨋁𨋂𨋃𨋄𨋅𨋆𨋇𨋈𨋉𨋊𨋋𨋌𨋍𨋎𨋏𨋐𨋒𨋓𨋔𨋕𨋖𨋗𨋘𨋙𨋚𨋛𨋜𨋝𨋞𨋟𨋠𨋡𨋢𨋣𨋤𨋥𨋦𨋧𨋨𨋩𨋪𨋫𨋬𨋭𨋮𨋯𨋰𨋱𨋲𨋳𨋴𨋵𨋶𨋷𨋸𨋹𨋺𨋻𨋼𨋽𨋾𨌀𨌁𨌂𨌃𨌄𨌅𨌆𨌇𨌈𨌉𨌊𨌋𨌌𨌍𨌎𨌏𨌐𨌑𨌒𨌓𨌔𨌕𨌖𨌘𨌙𨌚𨌛𨌜𨌝𨌞𨌟𨌠𨌡𨌢𨌣𨌤𨌥𨌦𨌧𨌨𨌩𨌪𨌫𨌬𨌭𨌮𨌯𨌰𨌲𨌳𨌴𨌵𨌶𨌷𨌹𨌺𨌻𨌼𨌽𨌾𨌿𨍀𨍁𨍂𨍄𨍅𨍆𨍇𨍈𨍉𨍊𨍋𨍌𨍍𨍎𨍏𨍐𨍑𨍒𨍓𨍔𨍕𨍖𨍘𨍙𨍚𨍛𨍜𨍝𨍞𨍟𨍠𨍡𨍢𨍣𨍤𨍥𨍦𨍧𨍨𨍩𨍪𨍫𨍬𨍭𨍮𨍰𨍱𨍲𨍳𨍴𨍵𨍶𨍷𨍸𨍹𨍺𨍻𨍼𨍽𨍾𨍿𨎀𨎁𨎂𨎃𨎄𨎅𨎆𨎇𨎈𨎉𨎊𨎋𨎌𨎍𨎎𨎏𨎐𨎒𨎔𨎕𨎖𨎗𨎘𨎙𨎚𨎛𨎜𨎝𨎞𨎟𨎠𨎡𨎢𨎣𨎤𨎥𨎦𨎧𨎨𨎩𨎪𨎫𨎬𨎭𨎮𨎯𨎰𨎱𨎲𨎳𨎴𨎵𨎶𨎷𨎸𨎹𨎺𨎻𨎽𨎾𨎿𨏀𨏁𨏂𨏃𨏄𨏅𨏆𨏈𨏉𨏊𨏋𨏌𨏍𨏎𨏏𨏐𨏑𨏒𨏓𨏔𨏕𨏗𨏘𨏙𨏚𨏛𨏜𨏝𨏞𨏟𨏠𨏡𨏢𨏣𨏤𨏥𨏦𨏧𨏨𨏪𨏫𨏬𨏭𨏮𨏰𨏱𨏲𨏳𨏴𨏵𨏶𨏷𨏸𨏹𨏺𨏻𨏼𨏽𨏾𨏿𨐀𨐁𨐂𨐃𨐄𨛩𨩕𩋱𩒷𩳛𪋀𪚿𪢫𪨑𪰽𪹜𫁿𫅨𫈹𫌼𫏲𫏳𫏴𫏵𫏶𫏷𫏸𫏹𫏺𫏻𫏽𫏾𫐀𫐁𫐂𫐃𫰀𫴀𫺸𬍻𬦲𬧱𬧲𬧳𬧴𬧵𬧶𬧷𬧸𬧹𬧺𬧻𬧼𬧽𬧾𬧿𬨀𬬆𬵀𬵒𭶕𭶼𮜇𮜿𮝀𮝁𮝂𮝃𮝄𮝅𮝆𮝇𮝈𮝉𮝊𮝋𮝌𮝍𮝎𮝏𮝐𮝑𮝒𮝓𮝔𮝕𮝖𮝗𮝘𮝙𮝚𮝛𮝜𮝝𮝞𮝟𮝠𮝡𮝢𮝣𮝤𮝧𮝨𮝩𮝪𮝫𮝬𮝭𮝮𮝯𮝰𮝱𮟝𰃚𰍹𰹈𰹉𰹊𰹋𰹌𰹍𰹎𰹏𰹐𰹑𰹒𰹓𰹔𰹕𰹖𰹗𰹘𰹙𰹚𰹛𰹜𰹝𰹞𰹟𰹠𰹡𰹢𰹣𰹤𰹥𰹦𰹧𰹨𰹩𰹪𰹬𰹭𰹮𱏘𱹄𲄳𲄴𲄵𲄶𲄷𲄸𲄹𲄻𲄼𲄽𲄾𲄿𲡆𳄃𳄄𳄅𳄆𳄇𳄈𳄉𳄊𳄋𳄌𳄍𳄎𳄏𳄐𳄑𳅼𳉎
軋	錷𠵣𡸗𡸲𢮊𬒒
軌	匭𣷾𦳛𨋛
軍	㑮㟦㡓㫎㹆䝍䡣䩵䮝喗堚媈惲揮暈暉楎渾煇琿瘒皸皹睴禈緷翬腪葷褌諢賱輝運鄆鍕韗顐餫鯶鶤鼲齳𡍦𡺠𢉦𢧰𢸏𣄈𣣞𣨿𤐕𤟤𤟴𤾈𥪠𥰃𦑩𦾥𧆃𧎊𧡡𧮘𧳰𨂱𨋿𨌗𨍶𨘙𨞎𨡫𨰀𩙵𩠫𩮔𪏕𫏼𬒚𬦖𭛒𮊋𮙡𮥒𰚅𰫃𲄺
軎	毄𬘍𭮼
軒	䆭搟蓒𠻃𢟑𣺕𤹖𨪚
軗	撃繋𡐊𤮈𭥂𮜋𮝥𳄁
軟	㜛簐𢕢𣼴𤡋𥊡𨅄𨉻𫣑𫺸𬝵
軫	𡑁𤺋𲔌
軬	䉊撪
輂	檋𣿢𨍯
載	儎𠥠𢶪𪳾𫄇𰝑𳄒
輔	𭲽𳍄
輕	鑋𢷰𣱮𧸰𨆪𨏄𨮫𫡸
輙	𧁍𮝦
輦	攆鄻𠣇𢤠𣞶𤁥𥌦𥗇𨇍𨘪𨯉𫌖𱕗𱼴𲰌
輩	𠐡𠓽𫚄𲣕𲪢
輪	𥶡𭋳𮒜𮣣
輸	瀭𪿐𭌋
輿	𢹏𣟰𤫌𥷔𨏮𬀣𳏿
轉	囀𡤛𩧜𮁗𮎀
轎	𡅫𥍑
轟	𠑭𡆀𢺩𣡴𨰵𲧦
车	䢀䢁䢂伡军厍库斩砗舆荤轧轨轩轪轫转轭轮软轰轱轲轳轴轵轶轷轸轹轺轻轼载轾轿辀辁辂较辄辅辆辇辈辊辋辌辍辎辏辐辑辒输辕辖辗辘辙辚连阵𨐅𨐆𨐇𨐈𨐉𨐊𪠳𪨶𫐄𫐅𫐆𫐇𫐈𫐉𫐊𫐋𫐌𫐍𫐎𫐏𫐐𫐑𫐒𫐓𫐔𫐕𫐖𫐗𫐘𫐙𫟤𫟥𫟦𬛼𬨁𬨂𬨃𬨄𬨅𬨆𬨇𬨈𬨉𬨊𬨋𬨌𬨍𬨎𬨏𬨐𬨑𬨒𬨓𬨔𬨕𮝳𮝴𮝵𮝶𮝷𮝸𮝹𮝺𮷖𮷗𮷘𮷙𮷚𮷛𮷜𮷝𰔶𰡰𰰿𰲬𰹯𰹰𰹱𰹲𰹳𰹴𰹵𰹶𰹷𰹸𰹹𰹺𰹻𰹼𰹽𰹾𰹿𰺀𰺁𰺂𰺃𰺄𰺅𰺆𰺇𰺈𰺉𰺊𰺋𰺌𰺍𰺎𰺏𰺐𰺑𰺒𰺓𰺔𰺕𰺖𰺗𰺘𰺙𰺚𰺛𰺜𰺝𰺞𰺟𰺠𰺡𰺢𰺣𰺤𰾋𱳬𱸵𲀝𲅀𲅁𲅂𲅃𲸯𳃈𳄓𳈑
轧	𪨩𬒄
轨	匦𱦈
轻	𫏕𰼻
载	傤𬘹
辇	撵𪿵𬧑
辛	㖕㖖㛙㢹㲔㳯㵷㸉㸤㾕䛨乵亲厗垶孼宰屖峷嶭梓糱莘薛觪謘辜辝辞辟辠辡辢辣辤辥辪辭辮辯鋅锌騂骍𠉄𡁈𡦯𡫊𡺰𡾦𢓫𢣑𢩞𣂺𣃎𣇛𣋩𣐽𣓀𣖅𣖸𣘲𣫖𣹲𤁕𤈼𤏻𤏽𤙡𤨘𤽮𥂚𥂿𥃌𥋑𥏔𥔈𥞽𥭴𦀓𦐹𦛛𦡍𦵮𦽵𧀕𧀼𧃈𧎨𧗶𧤱𧱏𨁅𨃛𨌍𨐌𨐍𨐎𨐏𨐑𨐒𨐓𨐔𨐕𨐖𨐗𨐘𨐙𨐚𨐛𨐜𨐝𨐞𨐟𨐠𨐡𨐣𨐤𨐥𨐦𨐧𨐩𨐪𨐫𨐮𨐱𨐲𨐳𨐵𨐶𨐷𨐸𨐺𨐿𨑀𨴲𩕺𩷔𪇷𪢘𪭀𪮷𪿢𫋁𫐚𫐛𫐜𫐝𫓅𫶼𬁪𬂘𬅀𬍧𬢹𬨖𬨗𬨘𬨙𬨚𬨛𬪬𬯁𬯶𭍤𭝅𭡄𭮧𭶧𮆽𮇞𮑠𮜧𮝼𮝽𮧝𮨬𰉢𰚀𰡒𰭎𰸷𰺥𰺧𰺨𰺩𰺫𰺬𰽑𱚎𱡈𱯳𱷀𱺎𱼜𲅄𲅅𲅆𲅮𲟆𲼗𳄔𳄕
辜	䐻嫴橭𠽿𢡇𥢍𧬕𨑀𨬟𰾵
辝	𣙼𤐮𤒞𦠋𦠬𨐹𱬖
辟	㠔㱸㵨䁹䌟䑀䡶䢃䴙僻劈噼壀壁嬖孹幦廦憵擗擘檗檘澼璧甓癖礔礕糪繴臂薜襞譬躃躄避鐴鐾闢隦霹鷿鸊鼊𠒱𠙮𠙱𠪮𠮃𢐦𢕾𣦢𣩩𤐙𤖟𤗺𤢣𤩹𤴣𥴬𦈞𦌠𦡜𧓄𧞃𧲉𧲜𧾑𨐢𨐨𨐬𨐯𨐴𨐽𩁊𩪧𩼎𩼢𪇊𫴎𫻏𬨔𬭽𬸯𰿾𱌉𱑔𲅉𲛵𳀁
辠	𡽁𡽕𢶓𣿒𤻁𥼺𲅈
辡	㦚㵷㸤瓣辦辧辨辩辫辬辮辯𡁈𢣑𤀫𤀲𥌊𨐰𨐱𨐵𭮧𰁏𰺪𰽑
辣	𣋩𤁕𤻬𥶁𨆹𪢘𰳡𲬣𲽙
辥	㔎孼櫱糱蠥𡾦𧃎𪇷𫲕
辭	𫍗𮓑𲆋
辯	䉸𡅼𨐾
辰	㖘㫳㰮㲀䀼䆣䟴䢅䢆䢇䢈䢉䣅䫃侲唇娠宸屒帪振搙敐晨曟桭浱祳耨脣脤莀蕽蜃蜄裖誫賑赈辱農辳辴鄏鋠陙震鬞鷐麎𠢑𠸸𠺃𡏌𡝌𡪮𡷰𢈫𢛚𢦿𢺪𢾯𣊤𣭽𣯋𣺚𤂪𤅁𤚨𤚾𤱼𤲆𤴌𥗰𥗸𥵛𦁄𦍇𦓶𦞹𦸳𦻼𧒏𧣨𧽘𨉎𨌑𨎂𨑅𨑆𨑇𨑈𨑉𨑋𨑌𨻟𩀭𩇀𩕁𩱜𩱨𩷩𪁧𪓧𪘝𪣗𪺼𪿟𫆬𫍨𫑥𫓵𫘾𫜀𫤹𫫪𫯕𫸚𬅾𬞀𬴶𬷨𭼏𮝿𰚩𰬙𰺭𱞗𲅊𲎁𲙉𲢉𳃃𳄀𳄖
辱	㦺䅶䢆䢇傉嗕媷搙槈溽縟缛耨蓐褥鄏鎒𡏌𡫦𡭃𡭋𢟲𢟹𢾯𣜻𣯋𤍇𤚾𤹘𤾖𥛑𦞹𧏯𧗈𧢁𧽘𨃽𨕯𩱨𪑾𬌽𬢾𬭦𱾤𲆵𲓎
農	㺜䁸䃩䵜儂噥嶩憹擃檂欁濃燶癑禯穠繷膿蕽襛譨醲鬞齈𠘊𡢿𢐪𢖢𣋏𣰊𥵛𦗳𧓅𨆞𨐺𨑊𨲳𩅽𩟊𩼅𪆯𪇌𪒬𪞽𫓒𫧪𬉰𬍎𮜻𮞀𮰮𱥧𲰃
辳	𤂑𪫛𫣳𬋔
辵	𢣜𨑔𨑛𨑡𨑢𨒼𨓶𨕪𨕼𨕽𨖁𨖤𨖪𨗃𨗝𨗬𨙁𨙞𨙧𩬂𫐳𰺮𰺵𰻈𲅍
辶	㮸䆈䉦䒃䔏䕂䗢䜚䡵䢊䢋䢌䢍䢎䢏䢐䢑䢒䢓䢔䢕䢖䢗䢘䢙䢚䢛䢜䢝䢞䢟䢠䢡䢢䢣䢤䢥䢦䢧䢨䢩䢪䢫䢬䢭䢮䢯䢰䢱䢲䭀嚺嬘巡旞暹櫏澻燧璲禭穟簉糙縫蒁蒾薳蘕襚躚辷辸边辺辻込辽达辿迀迁迂迃迄迅迆过迈迉迊迋迌迍迎迏运近迒迓返迕迖迗还这迚进远违连迟迠迡迢迣迤迥迦迧迨迩迪迫迬迭迮迯述迱迲迳迴迵迶迷迸迹迺迻迼追迾迿退送适逃逄逅逆逇逈选逊逋逌逍逎透逐逑递逓途逕逖逗逘這通逛逜逝逞速造逡逢連逤逥逦逧逨逩逪逫逬逭逮逯逰週進逳逴逵逶逷逸逹逺逻逼逽逾逿遀遁遂遃遄遅遆遇遈遉遊運遌遍過遏遐遑遒道達違遖遗遘遙遚遛遜遝遞遟遠遡遢遣遤遥遦遧遨適遪遫遬遭遮遯遰遱遲遳遴遵遶遷選遹遺遻遼遽遾避邀邁邂邃還邅邆邇邈邉邊邋邌邍邎邏邐隨髓﨤𠑞𠑟𠻛𡂙𡂭𡃱𡐡𡐿𡑞𡮗𡱦𢅕𢢝𢤪𣄚𣄧𣔲𣚢𣝋𣝘𣟀𣟳𣾣𣿔𤀱𤄺𤐹𤑾𤩻𤸕𤻄𥈚𥊵𥕈𥤓𥱃𥲽𥳤𥳪𥴦𥶼𥸅𦇭𦇶𦌻𦗻𦰭𦳖𦳭𦳯𦳺𦴚𦹇𦹢𦻗𦼯𦽙𦾼𦾽𧀕𧀹𧁂𧁽𧅊𧅣𧑔𧞘𧭟𧸙𨆏𨇱𨑍𨑎𨑏𨑐𨑑𨑒𨑓𨑕𨑖𨑗𨑘𨑙𨑚𨑜𨑝𨑞𨑟𨑠𨑣𨑤𨑥𨑦𨑧𨑨𨑩𨑪𨑫𨑬𨑭𨑮𨑯𨑰𨑱𨑲𨑳𨑴𨑵𨑶𨑷𨑸𨑹𨑺𨑻𨑼𨑽𨑾𨑿𨒀𨒁𨒂𨒃𨒄𨒅𨒆𨒇𨒈𨒉𨒊𨒋𨒌𨒍𨒎𨒏𨒐𨒑𨒒𨒓𨒔𨒕𨒖𨒗𨒘𨒙𨒚𨒛𨒜𨒝𨒞𨒟𨒡𨒢𨒣𨒤𨒥𨒦𨒧𨒨𨒩𨒪𨒫𨒬𨒭𨒮𨒯𨒰𨒱𨒲𨒳𨒴𨒵𨒶𨒷𨒸𨒹𨒺𨒻𨒽𨒾𨒿𨓀𨓁𨓂𨓃𨓄𨓅𨓆𨓇𨓈𨓉𨓊𨓋𨓌𨓍𨓎𨓏𨓐𨓒𨓓𨓔𨓕𨓖𨓗𨓘𨓙𨓚𨓛𨓜𨓝𨓞𨓟𨓠𨓡𨓣𨓤𨓥𨓦𨓧𨓨𨓩𨓪𨓫𨓬𨓭𨓮𨓯𨓰𨓱𨓲𨓳𨓴𨓵𨓷𨓸𨓹𨓺𨓻𨓽𨓾𨓿𨔀𨔁𨔂𨔃𨔄𨔅𨔆𨔇𨔈𨔉𨔊𨔋𨔌𨔍𨔎𨔏𨔐𨔑𨔒𨔓𨔔𨔕𨔖𨔗𨔘𨔙𨔚𨔛𨔜𨔝𨔞𨔟𨔠𨔡𨔢𨔣𨔤𨔥𨔦𨔧𨔨𨔩𨔪𨔫𨔬𨔭𨔮𨔯𨔰𨔱𨔲𨔳𨔴𨔵𨔶𨔷𨔸𨔹𨔺𨔻𨔼𨔽𨔾𨕀𨕁𨕂𨕃𨕄𨕅𨕆𨕇𨕈𨕉𨕊𨕋𨕌𨕍𨕎𨕏𨕐𨕑𨕒𨕓𨕔𨕕𨕖𨕗𨕘𨕙𨕚𨕛𨕜𨕝𨕞𨕟𨕠𨕡𨕢𨕣𨕤𨕥𨕦𨕧𨕨𨕩𨕫𨕬𨕮𨕯𨕰𨕱𨕲𨕳𨕴𨕶𨕷𨕸𨕹𨕺𨕻𨕾𨕿𨖀𨖂𨖃𨖄𨖅𨖆𨖇𨖈𨖉𨖊𨖋𨖌𨖍𨖎𨖏𨖐𨖑𨖒𨖓𨖔𨖖𨖗𨖘𨖙𨖚𨖛𨖜𨖝𨖞𨖟𨖠𨖡𨖢𨖥𨖦𨖨𨖩𨖫𨖬𨖭𨖮𨖰𨖱𨖳𨖴𨖵𨖶𨖷𨖸𨖹𨖺𨖻𨖼𨖽𨖾𨖿𨗀𨗁𨗂𨗄𨗅𨗆𨗇𨗈𨗉𨗊𨗋𨗌𨗍𨗎𨗏𨗐𨗑𨗒𨗓𨗔𨗕𨗖𨗗𨗘𨗙𨗚𨗛𨗞𨗟𨗠𨗡𨗢𨗣𨗤𨗥𨗦𨗧𨗨𨗩𨗪𨗫𨗭𨗮𨗯𨗱𨗲𨗴𨗵𨗶𨗷𨗸𨗹𨗺𨗻𨗼𨗽𨗾𨗿𨘀𨘁𨘂𨘃𨘄𨘅𨘆𨘇𨘈𨘉𨘊𨘋𨘌𨘍𨘎𨘏𨘐𨘒𨘓𨘔𨘕𨘖𨘗𨘙𨘚𨘛𨘜𨘝𨘞𨘟𨘠𨘡𨘢𨘣𨘤𨘥𨘦𨘧𨘨𨘩𨘪𨘫𨘬𨘭𨘯𨘰𨘲𨘴𨘵𨘶𨘷𨘸𨘹𨘻𨘼𨘽𨘾𨘿𨙀𨙂𨙄𨙅𨙆𨙇𨙈𨙉𨙊𨙋𨙍𨙎𨙏𨙐𨙑𨙒𨙓𨙔𨙕𨙗𨙘𨙙𨙚𨙜𨙟𨙠𨙡𨙢𨙣𨙤𨙥𨙦𨣢𨷃𩄫𩅆𩆡𩍚𪒡𪳤𪴐𪴠𫈡𫐞𫐟𫐠𫐡𫐢𫐣𫐤𫐥𫐦𫐧𫐨𫐩𫐫𫐬𫐭𫐮𫐯𫐰𫐱𫐲𫐵𫐶𫐷𫐸𫐹𫐺𫐻𫐼𫐽𫐿𫑀𫑁𫑂𫑃𫑄𫑆𫑈𫑊𫑎𫑔𫑕𫑖𫟧𫟨𫟩𫟪𫡮𫽾𫾔𬄭𬎍𬎚𬕟𬞤𬣆𬤖𬨜𬨝𬨞𬨟𬨠𬨡𬨢𬨣𬨤𬨥𬨦𬨧𬨨𬨩𬨪𬨫𬨭𬨮𬨯𬨰𬨱𬨲𬨴𬨶𬨷𬨸𬨼𬨽𬨾𬨿𬩂𬩃𬩅𬩆𬩈𬩊𬩍𬩎𬩑𬩒𬩖𬩘𬩙𬩚𬩜𬩝𬩞𬩡𬩢𬩣𬩤𬩦𬩨𬩩𬩪𬩫𬩬𬩮𬩯𬵯𭏘𭖮𭗥𭙨𭢾𭬱𮅚𮅨𮈹𮉉𮉓𮏙𮖽𮝫𮞁𮞂𮞃𮞄𮞅𮞆𮞇𮞈𮞉𮞊𮞋𮞍𮞎𮞏𮞐𮞑𮞒𮞓𮞔𮞕𮞗𮞘𮞙𮞚𮞛𮞜𮞝𮞞𮞟𮞠𮞡𮞢𮞣𮞤𮞥𮞦𮞧𮞨𮞩𮞪𮞫𮞬𮞭𮞮𮞯𮞰𮞱𮞲𮞳𮞴𮞵𮞶𮞷𮞸𮞹𮞺𮞻𮞼𮞽𮞾𮞿𮟀𮟁𮟂𮟃𮟅𮟆𮟇𮟈𮟊𮟋𮟌𮟍𮟎𮟏𮟐𮟑𮟒𮟓𮟔𮟕𮟖𮟗𮟘𮟙𮟚𮟛𮟜𮟝𮟞𮟟𮟠𮟡𮟢𮟣𮟤𮟥𮟦𮟨𮟩𮢐𮤨𮧀𮷞𮷟𮷠𮷡𮷢𮷣𮷤𮷥𮷦𮷧𰖱𰗱𰺯𰺰𰺱𰺲𰺳𰺴𰺶𰺷𰺸𰺹𰺺𰺻𰺽𰺾𰺿𰻀𰻁𰻂𰻃𰻄𰻅𰻆𰻇𰻉𰻊𰻋𰻌𰻍𰻎𰻏𰻐𰻑𰻒𰻕𰻗𰻘𰻚𰻛𰻜𰻝𰻞𱋀𱕃𱚧𱭑𱵮𲅋𲅌𲅎𲅏𲅐𲅑𲅒𲅓𲅔𲅕𲅖𲅗𲅘𲅙𲅚𲅛𲅜𲅝𲅞𲅟𲅠𲅡𲅢𲅣𲅤𲅥𲅦𲅧𲅨𲅩𲅪𲅫𲅬𲅭𲅮𲅯𲅰𲅱𲅲𲅳𲅴𲅵𲅶𲅷𲅸𲅹𲅺𲅻𲅼𲅿𲆀𲆁𲆂𲆃𲆄𲆆𲆇𲆈𲆊𲆋𲆌𲊋𲌓𲪲𲵁𳄗𳄘𳄙𳄚𳄛𳄜𳄝𳄞𳄟𳄠𳄡𳄢𳄣𳄤𳄥𳄦𳄧𳄨𳄩𳄫𳄭𳄮𳄯𳄰𳄱𳄲𳄳𳄹𳄺𳄻𳄼𳄽𳅂𳅃𳈯𳊥𳋏
边	笾迦𤶒𫐪𫑊𫩸𫼯𬨬𬩇𰗥𱁵𱖩𲃦
辺	𨒀𬵑
达	㳠哒垯挞荙跶闼鞑鿎𠉂𩠅𫄤𫟼𬊉𬜔𬣵𬶑𭃢𭖟𭦆𮴘𰄬𰌄𰤨𰲻𰳻
迁	跹𰗬𰛱𱁶
迄	𦛰𮘔
迅	䭀𩠇𩷰𩾄𱦮
过	㳡挝𪁶𫪀𬲸𭪆𮞖𰩻𰰾𰲺𰼭𰽾𲍡
迈	𨒒𬣴𰇥
迌	遯𳄲
迍	𣔝𦝊𦰭
迎	𠶐𥈁𨓑𫤏𭪧𱎸𱢧𲧼𲲨𲹰
近	菦𠶌𡹢𣔅𣷯𥇐𨉘𨓢𫋅𫑇𫙧𬨵𬩲𬽞𬾞𭎱𭡕𮞌𰊭𰐄𰖑𰮰𰻙𲴩𳄪𳑦
还	𬩀𭈮𰲿𲈂
这	𨒻𲙞
进	琎𱿩
远	䓕𨙌
连	梿涟琏莲裢链鲢𦈐𪡏𫅼𫢪𫽁𬌵𬣽𮱇𮳬𰖏𰸔𱐜𲅽𲎑𲾭𳑉
迡	𠸽𣖗𳄷
迥	𣔲𣹔𲃵𲹘
迦	𠷉𪳇
迪	䨤𣔴𭵍𰳌
迫	𣖐𦂸𫪼
迭	𦂾𱓌
迮	𥯧𭱕𭹪
述	蒁鶐𣉐𨩔𬨳𬩋𬾬𮘣
迴	𡏁𥔯𭝽𭱫
迶	随髄𤨂𪝘𰯟𱓬𲗃𳆤
迷	㜆㴹瞇蒾謎谜醚𠺗𡗅𢞞𣉢𣗌𦟂𨕜𨶌𩄲𩔢𩺍𪋗𫂗𫆭𫆿𫐽𫡮𬨿𭢁𮈵𮟟𰻋𰻖𲄀
迸	𦞸𮈴𮢭
追	㗓㷟㾽䊚䨨䭔塠搥槌磓縋缒膇鎚𡟴𢊅𢟋𤧫𥡈𧏴𧪲𨃬𨕵𨻡𩌝𩔦𩠱𩪀𩺬𫑓𫗰𫷤𬩱𬭨𬻾𮐕𮖦𮟄𰂨𲀏𲩱𲴲
退	㾼煺腿螁褪蹆𠑉𠺙𢟔𢱸𣗔𣻇𦄁𦤮𨙝𩄮𩘩𩘬𫗁𫗂𫤈𫤓𮪲𱗩
送	㮸鎹餸𠌡𢱤𦷴𩠌𫯖𬚥𭞅𱠥𲕸
适	𠻉𨶐𭫙𰔖𲶊
逃	𫃹𰸩
逄	𣝘𧔧𧜨𪳖𮌨𰽂
逆	磀縌遡𠸺𡏤𥉥𦗄𦞮𩺝𪄧𫏮𫒼𬶪𰬳
逌	𦷿𨖯𨗰𨙃
透	𦄭𫫟
逐	㯌䆳䮱篴蓫鱁𠦹𠽖𡐌𢄘𢴊𦟥𧏿𨄃𨔿𩞈𪿯𫐴𫐾𫑏𫸐𬩛𬩥𰻛𱈏𱑐𲎾𲤴𲫿𲯱𳄸
途	𥱻𩥽
這	𢳘𤡖𥳅𨘔𨙎𬰊𰧟𰫎𰫲𲁁𲖑𳄴
通	嗵樋熥蓪𡠙𢄟𢠆𢳟𣻢𥲆𦄷𦪏𧐺𨖕𨙖𨫤𩐹𫍌𫮢𬩐𭀶𮃫𳁊
逛	𨖢𬞅
逜	䢩𨖍
逝	𩻔𭊅
速	㯈䔎䲇遫遬𠻣𢳪𧐒𧜦𧫻𨄞𨖧𨗜𨘘𨘱𨙛𨫩𩅘𩞍𩯀𩱫𪋝𫅯𫐿𫑅𫑋𫑐𫑒𬨻𬩉𬩏𬩓𬩯𮀼𱎌𱝇𱝥𲆉𲆍𳄬𳄶
造	䎭䒃䔏䗢慥簉糙𠻛𡠻𡮯𢳥𧷹𨄹𨖰𪳤𬒝𬩭𭏤𭧙𭹱𮡀𰟔𲑌𳂨
逢	㡝㦀㷭㻱䗦䗬䙜䡫䩼塳摓槰漨熢篷縫缝膖蓬蠭鏠韼鬔𢕝𥊒𥎌𥛝𦪎𧴂𨲫𩅛𩙹𩪌𪔲𭁛𭢊𭥊𭼣𮃩𰈨𰖧𰻓𱄐𱌤𱜉𱟦𱟧𱮛𱹚𲄂
連	㜕㦁㰈䃛僆嗹慩摙槤漣璉縺翴蓮褳謰蹥轋鏈鰱𠁎𢄱𤹨𥊩𦔖𦟪𧐖𨏩𨕭𨖲𨘑𨘼𩞙𪍦𪐍𪤎𫧧𬊿𬍁𬨺𬩰𭧒𰄻𰏿𲆅𲈱
逮	叇曃靆𡐡𢠻𥊵𧑔𩻸𪒡𭢡𮩮
進	䗯璡𢶘𣛎𣝤𥳟𦻗𧾄𬔀𬣓𬿫𭗝𭞷𭢜𰰓𱗽𱮣𲴈
逵	𩕜𭲗𰐢
逸	𣾹𥳿𮉅𱠵𱯤𱾠
逹	𡐿𤃧𩞱
逼	𮕂𰱿𲖳
逾	𩙋𩙌𫕲𲋋𳋌𳋏
遀	㰐㵦䜔䥦膸隨髓𠏍𡃴𤅵𤢍𤢩𤩼𦢪𧲈𨯝𩟆𩼂𪹴𫲙𭞻𰖯𲄭
遁	𠎻𡀷𡮽𢶿𣜲𨆛𨮐𱘇𲲙
遂	㸂䍁䡵嬘旞檖澻燧璲礈禭穟繸襚譢鐩隧鿪𡀟𡑞𢅕𢢝𢷊𣄚𤻄𥴦𦼯𧸙𨆏𨣢𨷃𩍚𪩩𫟦𬩄𬭼𭛉𭿨𮄜𮕆𲂖𲑗𲞋𲹟
遄	𣛹𣜅𬩗𰹨
遅	𥣔𫋢𱤥
遇	𢡎𣜛𥴪𬩔𰽍𳄵
運	璭𡽅𢶂𧬪𨏂𪷦𭋗𰂳𰦅𲬝𳊧
遍	𦽟𨆩𭢬𮂝
過	㗻䆼䙤撾檛濄簻膼薖鐹𠏀𡑟𡢤𢅗𢣄𤻌𥖤𧒖𨆔𨊐𩟂𩼣𪆹𪇍𫃓𫑌𫑑𬩕𬩟𬩧𭶏𭺚𮝫𱳧𲁺𲴻𳃆
遏	𣜶𣿌𱾨
道	㘏䆃噵導檤𠁛𠿱𡚑𣜦𣿪𥽌𧒴𨗳𨭪𬧖𰌲𰔱𱵯𲅾𲍁𲏾𲔄
達	㒓㣵㺚㼀㿹䃮噠墶撻橽澾燵繨薘蟽躂鐽闥韃𠁺𢺂𤄢𦡯𦪭𧞅𧬻𩟐𫯇𫸉𬇓𬵮𭌸𮟉𰄍𱀷𲯗𳌑
遗	𧒭𬉋𬤦𭏸
遙	𢷫𤁠𦆸𦾾𨘺𨙂𩆡
遜	䕖𲗖
遝	䜚嚃𣝋𦾽𦿚𬤪
遟	𡁂𥣦𦆣𧭋𱘒
遠	薳闧𤾮𭋜𭔚𭗤𮆡𮟧
遣	䪈䭤儙繾缱譴谴鑓𡒌𨇀𫑍𬩠𭢵𱕊𳋲
遥	𤁠𦆸𨘺𨙂
適	㰅擿瓋藡讁𠐝𡂓𡣪𢤊𤁷𤑦𤢼𥖾𨮹𱀿𲄏
遮	𡂪𧀹𧭧
遲	䆈𡂙𢹌𥽩𧞽𧭟𫮼𮉙𲆎𲪬𳄿
遴	𧁽𫸈
遶	𡃺𡮾𤃤
遷	䉦櫏躚韆𧭱𪝴𭠌𰝢
選	𠐯𢸷𣟙𤂿𥶷𦇗𦌻𧂍𨯭
遺	䑊䪋壝瀢讉𠑌𢸦𣄧𣟧𥌰𦇞𧂠𧔥𧞸𧸽𨯯𨽟𩽎𪐔𪺊𫏩𳄾𳅀
遼	𣟆𤃜𥷊𧂏𲯏
遽	籧蘧
邁	𧮇𫬱𱑕
還	㶎𡄤𣟳𤫐𧮅𨰄𫤇𭣌
邊	籩𠑟𤄺𤓋𥤓𨇱𩽲𪢥𮉝𮕙𲱻
邑	㛕㨭䇼䓃䢽䣈䣉䣖䭂䱒俋唈悒扈挹槴浥滬熩簄蔰裛邕邫郌郒郶鄨雝𠅔𠉲𡻮𢌓𢸊𢹭𢻌𤅻𤕕𤙝𤨖𤫔𤶛𥒵𥨪𦀕𦛞𦤡𦶁𧋾𧠅𨁲𨙨𨙾𨚆𨚇𨚈𨚉𨚊𨚋𨚒𨚚𨚠𨚡𨚬𨚭𨚵𨚺𨚻𨚼𨚽𨛗𨛚𨛛𨛜𨛝𨛦𨛫𨛬𨛷𨛸𨛾𨛿𨜀𨜁𨜂𨜝𨜞𨜢𨜣𨜯𨜲𨝅𨝖𨝚𨝝𨝞𨝟𨝠𨝦𨝩𨝬𨝼𨞀𨞁𨞏𨞔𨞡𨞦𨞮𨞯𨞰𨞸𨟄𨟩𨟮𨦺𨹝𩇊𩇑𩎏𩗥𩫩𪁗𪁨𪖱𪲲𫉏𫨓𫼷𬩴𬩺𬪁𮑛𮖄𮟶𮟹𮟺𮟾𮠃𮠅𮠏𰅶𰩎𰻣𰻧𰻩𰻱𰻷𰻿𰼁𱇰𱏲𱣝𲀲𲄡𲆛𲆜𲆞𲟅𳅅𳅆𳅈𳉻
邒	𡌯𨚩
邓	𡪅𱣋
邕	㜉㴩嗈郺雝齆𢀄𢀍𤕆𦃽𦞡𧜇𨝖𨞑𩌋𩏔𩔪𩝹𪄉𪖵𪪝𭟊𭵰𮐞𮠅𰶣
邖	𡹣𡻴𪩁
邚	婀嫷𡡦𫲙𭒜𲥼
邛	㧭桏筇𥞱𦨰𦭭𧊡𨀯𪵹
邜	桞茒𠲄𡋓𡜙𤥌𦕬𫚹𳅏
邢	𨦹𲩎
那	㑚哪娜挪梛𡌈𡷙𤥶𤶸𥭵𦀨𦰡𨁌𩈩𪽖𪿣𫑏𫖂𫛀𫭹𫴲𫸶𬛁𬠌𬪄𭆗𭉒𭉔𭉺𭌉𭡇𭴴𭸐𭻤𮖍𮘖𮧍𰇯𰻸𰼈𰼴𱺢𲆠𲕞𲩑
邦	䦁垹帮幚挷梆綁绑𠳐𢀥𣵮𥒷𥮇𦜅𦰥𨧜𪥶𫑢𫷪𫺎𮫠𰝙𱮿𱽨
邩	𤌅𤏢𰟸𲫾
邪	㭨䓉峫捓琊鋣铘𡌯𡜹𤕓𤞡𥦢𥭕𬾈𭜺𲀯𲔯𲛎
邱	𢮼𣔆𨨎𩜞𫃃𫋄
邵	綤𢇊𪹃𬥃𰞸
郁	㮋喐𣹙𦵁𩡏𭎺𭝣𭵊𱀢
郅	𢰗𭪸
郍	𡟦𢰓
郎	㾿䱶啷嫏廊榔瑯膷蓈螂鄉鎯響鿥鿾𠌇𠗷𡏅𢀨𢲲𤍎𤠸𤧨𥧫𥱳𦂧𦗏𧜛𧽗𨄂𨉰𨖅𨜮𨱍𩝢𪤼𪺆𫑯𫑱𫵉𬁈𬅙𬓌𬛋𮲈𱎋𱘸𱧧𲻢
郑	掷踯𫺫𱓣𱧛
郚	𢔴𦷽
郝	𭉞𲆟
郞	㾿䱶嫏廊榔瑯蓈螂鎯𨉰𩝢𱶞
郡	㴫𠹴𡩫𤹓𦄄𦵼𩺐𳐾
郢	𣗐𫹟
郤	㮝𦃛𪼾
部	廍篰蔀𠘁𡏿𣘙𧐾𩅇𩻗𫚨𫨚𫯵𭊘𲀇𲑍
郭	㗥㨯㬑䁨墎廓槨漷霩鞹𡻙𡻳𣍉𤍪𥂣𥕖𦗒𦹐𨎎𪅪𰒈𱗳
都	嘟𡳢𡳣𡳤𡼞𢵋𣛭𥳉𦡄𦺥𧬥𧷿𧹼𨅮𨗊𨟞𩼁𪴄𬠩𰈷𰥈𰶠𲄆𲚃𲪅𳆽
鄉	㗽䦳嚮曏膷薌蠁響饗鱜𣜼𤩬𥖡𧬰𨬽𬳧
鄊	𦼅𪢞
鄕	嚮曏膷薌饗
鄧	䠬𡂱𡓂𢸞𣞽𧔛𲎹
鄭	擲躑𡂸𢤜𤣀𧀿𧓸𬅈𲟮
鄰	𠐕𡂰𡓏𢸜𤑲𩽂
酉	㜝㱃㾞䣥䣦䣧䣨䣩䣪䣫䣬䣭䣮䣯䣰䣱䣲䣳䣴䣵䣶䣷䣸䣹䣺䣻䣼䣽䣾䣿䤀䤁䤂䤃䤄䤅䤆䤇䤈䤉䤊䤌䤍䤎䤏䤐䤑䤒䤓䤔䤕䤖䤗䤘䤙䨄䳺唒尊嶏庮梄槱歠猶綇莤蒏虋覃輏逎酊酋酌配酎酏酐酑酒酓酔酕酖酗酘酙酚酛酜酝酞酟酠酡酢酣酤酥酦酧酨酩酪酫酬酭酮酯酰酱酲酳酴酵酶酷酸酹酺酻酼酽酾酿醀醁醂醃醄醅醆醇醈醉醊醋醌醍醎醏醐醑醒醓醔醕醖醗醘醙醚醛醜醝醞醟醠醡醢醣醤醥醦醧醨醩醪醫醬醭醮醯醰醱醲醳醴醵醶醷醸醹醺醻醼醽醾醿釀釁釂釃釄釅韽鯂𠥤𠩚𠼣𡂜𡜳𡷾𡻡𢍲𢭳𣁹𣄉𣤕𣫈𣮩𤋃𤏾𤖕𤖙𤸈𥂧𥃄𥃝𥆺𥎈𥕼𥙫𥟁𥡤𥡱𥭛𦈋𦡅𦳷𦾹𧂢𧣮𨁪𨗕𨞀𨟰𨟱𨟲𨟳𨟴𨟵𨟶𨟷𨟸𨟹𨟺𨟻𨟼𨟽𨟾𨟿𨠀𨠁𨠂𨠃𨠄𨠅𨠆𨠇𨠈𨠉𨠊𨠋𨠌𨠍𨠎𨠏𨠐𨠑𨠒𨠓𨠔𨠕𨠖𨠗𨠘𨠙𨠚𨠛𨠜𨠝𨠞𨠟𨠠𨠡𨠢𨠣𨠤𨠥𨠦𨠧𨠨𨠩𨠪𨠬𨠭𨠮𨠯𨠰𨠱𨠲𨠳𨠴𨠵𨠶𨠷𨠸𨠹𨠺𨠻𨠼𨠽𨠾𨠿𨡀𨡁𨡂𨡃𨡄𨡅𨡆𨡇𨡈𨡉𨡊𨡋𨡌𨡍𨡎𨡏𨡐𨡑𨡒𨡓𨡔𨡕𨡖𨡗𨡘𨡙𨡚𨡛𨡜𨡝𨡞𨡟𨡠𨡢𨡣𨡤𨡥𨡦𨡧𨡨𨡩𨡪𨡫𨡬𨡭𨡮𨡯𨡱𨡲𨡳𨡴𨡵𨡶𨡷𨡸𨡹𨡺𨡻𨡼𨡽𨡾𨡿𨢀𨢁𨢂𨢃𨢄𨢆𨢇𨢉𨢊𨢋𨢌𨢍𨢎𨢏𨢐𨢑𨢒𨢓𨢔𨢕𨢖𨢗𨢘𨢙𨢚𨢛𨢜𨢝𨢞𨢟𨢠𨢡𨢢𨢣𨢤𨢥𨢦𨢧𨢨𨢩𨢪𨢫𨢬𨢭𨢮𨢯𨢰𨢱𨢲𨢳𨢴𨢵𨢶𨢷𨢸𨢹𨢺𨢻𨢼𨢽𨢾𨢿𨣀𨣁𨣂𨣃𨣄𨣅𨣆𨣇𨣈𨣉𨣊𨣋𨣌𨣍𨣎𨣏𨣐𨣑𨣒𨣓𨣔𨣕𨣖𨣗𨣘𨣙𨣚𨣛𨣜𨣝𨣞𨣟𨣠𨣢𨣣𨣤𨣥𨣦𨣧𨣨𨣩𨣪𨣫𨣬𨣭𨣮𨣯𨣰𨣱𨣲𨣳𨣴𨣵𨣶𨣷𨣸𨣹𨣺𨣻𨣼𨣽𨣾𨣿𨤀𨤁𨤂𨤃𨤄𨤅𨤆𨤇𨤈𨤉𨤊𨤋𨤌𨤍𨤎𩆑𩟫𩭓𩱗𩳜𪈍𪧬𫊛𫑳𫑴𫑵𫑶𫑷𫑹𫑺𫑻𫑼𫑽𫑾𫑿𫟮𫢞𫤧𫥦𫳼𫵯𫹉𫿙𬄇𬌲𬐶𬜁𬪓𬪦𬪧𬪨𬪩𬪪𬪫𬪬𬪭𬪮𬪯𬪰𬪱𬪲𬪳𬪴𬪵𬪶𬪷𬪸𬪹𬯢𭌼𮑄𮠖𮠗𮠘𮠙𮠛𮠜𮠝𮠞𮠟𮠠𮠡𮠢𮠣𮠤𮠥𮠦𮠧𮠨𮠩𮠪𮠫𮠬𮠭𮠮𮠯𮠰𮠱𮠲𮠳𮠴𮠵𮠶𮠷𮠸𮠹𮠺𮠻𮠼𮠽𮠾𮠿𮡀𮡁𮡄𮡅𮡆𮡇𮡈𮡉𮡊𮡋𮡌𮡍𰼃𰼄𰼅𰼆𰼇𰼈𰼉𰼊𰼋𰼌𰼎𰼏𰼐𰼑𰼒𰼓𰼔𰼕𰼖𱁎𱊣𱞙𱡧𲆥𲆦𲆧𲆨𲆩𲆪𲆫𲆬𲆭𲆯𲆰𲆱𲆲𲆳𲆴𲆵𲆶𲆷𲆸𲆹𲆺𲆻𲆼𲆽𲳡𲷆𳅐𳅑𳅒𳅓𳅔𳅕𳅖𳅗𳅘𳅙𳅚𳅛𳅜𳅝𳅞𳅟𳅠𳅢𳅣𳅤𳊞𳐫
酋	㥢㷕㻥㽀䠓䤋䥖䲡偤奠媨尊崷揂楢橂湭澊煪猶猷磸禉緧蝤蠤趥輶遒鄭鞧鰌𠄁𠟃𡞜𡯾𡲚𡺚𢉷𢍜𣣫𣮩𤋃𤮐𤸈𥂝𥂴𥊭𦅆𦖣𦝱𦩲𦳷𧤕𧳫𨜟𨠫𨡡𨡴𨢅𨢈𨣡𨩊𨺧𩔕𩮈𪃬𪍑𪓰𪓵𪡧𫊛𫜟𬘶𬨎𮉶𮡂𮡃𰼍𱋢𱨴𲆿
配	嶏蓜𢲭𦟊𪡭𪶪𫅉𫑸𫱓𬀎𲆮
酒	䲤鿐𤂭𤄍𦵩𪶪𫇓𬜂𭳒𲆾
酓	㜝䨄䳺盦𡻡𣘞𣻦𥕼𧫧𬯖
酖	𥂘𩻕
酤	䔯醐𥂰
酷	𤐿𱕆
酸	𦾹𩆑𭋟𰫔𱀀𲱷𳅡
醀	蘸𬋕
醜	𢹧𧃝𨣫𩽤𳂁
醫	鿀𡄵𧕪𧮒
釆	䎹䧽䰂奧宷悉敹番竊粵釈釉释釋𠀭𠃆𠄚𠟲𠢏𠨟𠳅𠽲𡒃𡩨𡩭𡪃𡪘𡲹𢍏𢍢𣗷𣪖𤁌𤄪𤕽𤨺𥂑𥤈𥦓𥩈𥹄𥹐𥽊𦷀𦼀𧅨𧰌𨁢𨅴𨤏𨤑𨤒𨤕𨤖𨤗𨤘𨤙𨤚𨤛𨤜𨤝𨤞𨤟𨤠𨤡𩗞𪙖𫁝𫒀𫾶𬢸𬪺𬪻𭣏𭳜𭹏𮑧𮖈𮡎𮡏𮡐𮡑𰥆𰼗𱱃𱷢𲇀𲦵𳅥𳅦𳅧
采	㥒䌽䐆䣋䰂倸啋埰婇寀彩採棌睬綵菜踩𠗡𡸯𢵛𣁝𣈄𣫋𣶶𤊕𤔁𤚀𤟖𤷕𥚖𥟩𦖗𧳥𨤐𨤔𨨫𨺉𩓰𩜓𫆇𫞺𫽱𬎱𬴹𭫫𭯂𮓇𳅨
釋	𡅵𨰪𰪤
里	㢆㼿㾖䋥䚒䣑䤚䧉䴀俚勭厘哩埋娌悝捚梩氃浬狸理瓼異童粴缠罿艃荲蕫裏裡貍野量釐鋰锂鯉鲤黒𠗔𠟍𠫶𠹈𡏂𡒟𡔬𡪂𡺉𡿂𢃇𢑿𢖜𢢨𢨒𣊹𣙚𤖃𤺄𥆤𥆼𥓄𥚃𥪽𥫎𥱐𥲔𥳘𦆊𦎐𦓵𦕸𦷗𧋎𧘂𧚣𧻲𨁫𨓦𨘦𨛋𨝯𨤢𨤣𨤤𨤥𨤦𨤧𨤩𨤪𨤫𨤬𨤭𨤮𨤱𨤲𨤵𨤷𨤺𨭱𨴻𨶻𩁤𩕉𩧹𩭇𩳓𩼞𪋠𪜽𪟯𪱁𫈩𫒁𫒂𫙣𫝿𫟯𫡭𫭬𫮈𬥋𬿙𬿧𭄴𭚐𭟛𭧰𭮔𭴬𭻕𮠆𮡒𮡓𮡔𮡖𮡗𮡘𮡙𮡚𮡜𮡣𮭧𮮜𮮞𮷮𰀓𰆐𰆯𰙻𰢮𰤈𰼘𰼙𰼛𰼝𰿏𱏏𱗐𱝝𱠳𱲔𲇁𲇂𲤙𲮼𲴬𲸤𳅪𳅬𳅭
重	㡖㣫㮔䱰䳯䵯偅動喠堹媑尰揰歱湩濌煄畽瘇種箽緟腫董蝩衝褈諥踵鍾锺隀𠄉𠏳𠝤𠞕𠪵𠽚𡈈𡣢𡥿𡦢𡮵𡮶𡰁𡺍𢝆𣱧𤋱𤚏𤭮𥍽𥏱𥔧𥠭𥻝𦉂𦑝𦔉𦩰𧰜𧳮𧳿𧼩𨉢𨔝𨤨𨤯𨤴𨤶𨤹𨤼𨵮𨿿𩅞𩩳𩴂𩾋𪏘𪐈𪧃𫍳𫒃𫒅𫘐𫟆𫟚𫯰𫯳𫼂𬁇𬉎𬎮𬔥𬪼𬪽𬪾𬰎𬱴𭽰𭿍𮠵𮡕𮡞𮡡𰁑𰃏𰢈𰩨𰰙𰻈𰼜𰼞𱕶𱟔𲂳𲇄𲟫𲮛𳅩𳇶𳑸
野	嘢墅𣼫𤍓𤡒𧐓𫽼𬫀𮡢𰁍
量	䭪糧𡑆𣊼𣛀𤎲𩞯𪋥𪬨𪷑𪾞𫓉𫾄𬉨𬎎𬓾𬴼𭨎𭿝𮡛𰸮𱇁𲇃𲘫
金	㕋㾣䉧䋮䔙䘳䤛䤜䤝䤞䤟䤠䤡䤢䤣䤤䤥䤦䤧䤨䤩䤪䤫䤬䤭䤮䤯䤰䤱䤲䤳䤴䤵䤶䤷䤸䤹䤺䤻䤼䤽䤾䤿䥀䥁䥂䥃䥄䥅䥆䥇䥈䥉䥊䥋䥌䥍䥎䥏䥐䥑䥒䥓䥔䥕䥖䥗䥘䥙䥛䥜䥝䥞䥟䥠䥡䥢䥣䥤䥥䥦䥧䥨䥩䥪䥫䥬䥭䥮䥯䥰䥱䥲䥳䥴䥵䥶䥷䥸䥹䦦䬟凎劉唫嬼崟崯惍捦欽淦淾琻瘹碒菳蓥藰趛釓釔釕釖釗釘釙釚釛針釞釟釠釡釢釣釤釥釦釧釨釩釪釫釬釭釮釯釰釱釲釳釴釵釶釷釸釹釺釻釼釽釾釿鈀鈁鈂鈃鈄鈅鈆鈇鈈鈉鈊鈋鈌鈍鈎鈏鈐鈑鈒鈓鈔鈕鈖鈗鈘鈙鈚鈛鈜鈝鈞鈟鈠鈡鈢鈣鈤鈥鈦鈧鈨鈩鈪鈫鈬鈭鈮鈯鈰鈱鈲鈳鈴鈵鈶鈷鈸鈹鈺鈻鈼鈽鈾鈿鉀鉁鉂鉃鉄鉅鉆鉇鉈鉉鉊鉋鉌鉍鉎鉏鉐鉑鉒鉓鉔鉕鉖鉗鉘鉙鉚鉛鉜鉝鉞鉟鉠鉡鉢鉣鉤鉥鉦鉧鉨鉩鉪鉫鉬鉭鉮鉯鉰鉱鉲鉳鉴鉵鉶鉷鉸鉹鉺鉻鉼鉽鉾鉿銀銁銂銃銄銅銆銇銈銉銊銋銌銍銎銏銐銑銒銓銔銕銖銗銘銙銚銛銜銝銞銟銠銡銢銣銤銥銦銧銨銩銪銫銬銭銮銯銰銱銲銳銴銵銶銷銸銹銺銻銼銽銾銿鋀鋁鋂鋃鋄鋅鋆鋇鋈鋉鋊鋋鋌鋍鋎鋏鋐鋑鋒鋓鋔鋕鋖鋗鋘鋙鋚鋛鋜鋝鋞鋟鋠鋡鋢鋣鋤鋥鋦鋧鋨鋩鋪鋫鋬鋭鋮鋯鋰鋱鋲鋳鋴鋵鋶鋷鋸鋹鋺鋻鋼鋽鋾鋿錀錁錂錃錄錅錆錇錈錉錊錋錌錍錎錏錐錑錒錓錔錕錖錗錘錙錚錛錜錝錞錟錠錡錢錣錤錥錦錧錨錩錪錫錬錭錮錯錰錱録錳錴錵錶錷錸錹錺錻錼錽錾錿鍀鍁鍂鍃鍄鍅鍆鍇鍈鍉鍊鍋鍌鍍鍎鍏鍐鍑鍒鍓鍔鍕鍖鍗鍘鍙鍚鍛鍜鍝鍞鍟鍠鍡鍢鍣鍤鍥鍦鍧鍨鍩鍪鍫鍬鍭鍮鍯鍰鍱鍲鍳鍴鍵鍶鍷鍸鍹鍺鍻鍼鍽鍾鍿鎀鎁鎂鎃鎄鎅鎆鎇鎈鎉鎊鎋鎌鎍鎎鎏鎐鎑鎒鎓鎔鎕鎖鎗鎘鎙鎚鎛鎜鎝鎞鎟鎠鎡鎢鎣鎤鎥鎦鎧鎨鎩鎪鎫鎬鎭鎮鎯鎰鎱鎲鎳鎴鎵鎶鎷鎸鎹鎺鎻鎼鎽鎾鎿鏀鏁鏂鏃鏄鏅鏆鏇鏈鏉鏊鏋鏌鏍鏎鏏鏐鏑鏒鏓鏔鏕鏖鏗鏘鏙鏚鏛鏜鏝鏞鏟鏠鏡鏢鏣鏤鏥鏦鏧鏨鏩鏪鏫鏬鏭鏮鏯鏰鏱鏲鏳鏴鏵鏶鏷鏸鏹鏺鏻鏼鏽鏾鏿鐀鐁鐂鐃鐄鐅鐆鐇鐈鐉鐊鐋鐌鐍鐎鐏鐐鐑鐒鐓鐔鐕鐖鐗鐘鐙鐚鐛鐜鐝鐞鐟鐠鐡鐢鐣鐤鐥鐦鐧鐨鐩鐪鐫鐬鐭鐮鐯鐰鐱鐲鐳鐴鐵鐶鐷鐸鐹鐺鐻鐼鐽鐾鐿鑀鑁鑂鑃鑄鑅鑆鑇鑈鑉鑊鑋鑌鑍鑎鑏鑐鑑鑒鑓鑔鑕鑖鑗鑘鑙鑚鑛鑜鑝鑞鑟鑠鑡鑢鑣鑤鑥鑦鑧鑨鑩鑪鑫鑬鑭鑮鑯鑰鑱鑲鑳鑴鑵鑶鑷鑸鑹鑺鑻鑼鑽鑾鑿钀钁钂钃钄顉鵭龬龯龲﨧﨨𠊄𠓓𠟁𠟛𠥟𠪒𠫎𠼫𡄘𡙯𡫷𡫿𡻿𢉅𢡮𢣰𢤐𢥍𢦆𢷶𣃋𣔋𣞗𣤪𤓍𥃅𥇶𥦨𥯀𥲟𥷍𥺻𦑕𦗾𦡎𦹦𦿻𧁅𧁆𧄭𧅀𧅒𧟴𨅠𨤽𨤿𨥁𨥂𨥃𨥅𨥆𨥇𨥈𨥉𨥊𨥋𨥌𨥍𨥎𨥏𨥐𨥑𨥒𨥓𨥔𨥕𨥖𨥗𨥘𨥙𨥚𨥛𨥜𨥝𨥞𨥟𨥠𨥡𨥢𨥣𨥤𨥥𨥦𨥧𨥨𨥩𨥪𨥫𨥬𨥭𨥮𨥯𨥰𨥱𨥲𨥳𨥴𨥵𨥶𨥷𨥸𨥹𨥺𨥻𨥼𨥽𨥾𨥿𨦀𨦁𨦂𨦃𨦄𨦅𨦆𨦇𨦈𨦉𨦊𨦋𨦌𨦍𨦎𨦏𨦐𨦑𨦒𨦓𨦔𨦕𨦖𨦗𨦘𨦙𨦚𨦛𨦜𨦝𨦞𨦟𨦠𨦡𨦢𨦣𨦤𨦥𨦦𨦧𨦨𨦩𨦪𨦫𨦬𨦭𨦮𨦯𨦰𨦱𨦲𨦳𨦴𨦵𨦶𨦷𨦸𨦹𨦺𨦻𨦼𨦽𨦾𨦿𨧀𨧁𨧂𨧃𨧄𨧅𨧆𨧇𨧈𨧉𨧊𨧋𨧌𨧍𨧎𨧏𨧐𨧑𨧒𨧓𨧔𨧕𨧖𨧘𨧙𨧚𨧛𨧜𨧝𨧞𨧟𨧠𨧡𨧢𨧣𨧤𨧥𨧦𨧧𨧨𨧩𨧪𨧫𨧬𨧭𨧮𨧯𨧰𨧱𨧲𨧳𨧴𨧵𨧶𨧷𨧸𨧹𨧺𨧻𨧼𨧽𨧾𨧿𨨀𨨁𨨂𨨃𨨄𨨅𨨆𨨇𨨈𨨉𨨊𨨋𨨌𨨍𨨎𨨏𨨐𨨑𨨒𨨓𨨔𨨕𨨖𨨗𨨘𨨙𨨚𨨛𨨜𨨝𨨞𨨟𨨠𨨡𨨢𨨣𨨤𨨥𨨦𨨧𨨨𨨩𨨪𨨫𨨬𨨭𨨮𨨯𨨰𨨱𨨲𨨳𨨴𨨵𨨶𨨷𨨸𨨹𨨺𨨻𨨼𨨽𨨾𨨿𨩀𨩁𨩂𨩃𨩄𨩅𨩆𨩇𨩈𨩉𨩊𨩋𨩌𨩍𨩎𨩏𨩐𨩑𨩒𨩓𨩔𨩕𨩖𨩗𨩘𨩙𨩚𨩛𨩜𨩝𨩞𨩟𨩠𨩡𨩢𨩣𨩤𨩥𨩦𨩧𨩨𨩩𨩪𨩫𨩬𨩭𨩮𨩯𨩰𨩱𨩲𨩳𨩴𨩵𨩶𨩷𨩸𨩺𨩻𨩼𨩽𨩾𨩿𨪀𨪁𨪂𨪃𨪄𨪆𨪇𨪈𨪉𨪊𨪋𨪌𨪍𨪎𨪏𨪐𨪑𨪒𨪓𨪔𨪕𨪖𨪗𨪘𨪙𨪚𨪛𨪜𨪝𨪞𨪟𨪠𨪡𨪢𨪣𨪤𨪥𨪦𨪧𨪨𨪩𨪪𨪫𨪬𨪭𨪮𨪯𨪰𨪱𨪲𨪳𨪴𨪵𨪶𨪷𨪸𨪺𨪻𨪼𨪽𨪾𨪿𨫀𨫁𨫂𨫃𨫄𨫅𨫆𨫇𨫈𨫉𨫊𨫋𨫌𨫍𨫎𨫏𨫐𨫑𨫒𨫓𨫔𨫕𨫖𨫗𨫘𨫙𨫚𨫛𨫜𨫝𨫞𨫟𨫠𨫡𨫢𨫣𨫤𨫥𨫦𨫧𨫨𨫩𨫪𨫫𨫬𨫭𨫮𨫯𨫰𨫱𨫲𨫳𨫴𨫵𨫶𨫷𨫸𨫹𨫺𨫻𨫼𨫽𨫾𨫿𨬀𨬁𨬂𨬃𨬄𨬅𨬆𨬇𨬈𨬉𨬊𨬋𨬌𨬍𨬎𨬏𨬐𨬑𨬒𨬓𨬔𨬕𨬖𨬗𨬘𨬙𨬚𨬛𨬜𨬝𨬞𨬟𨬠𨬡𨬢𨬣𨬤𨬥𨬦𨬧𨬨𨬩𨬪𨬫𨬬𨬭𨬮𨬯𨬰𨬱𨬲𨬴𨬵𨬶𨬷𨬸𨬹𨬺𨬻𨬼𨬽𨬾𨬿𨭀𨭁𨭂𨭃𨭄𨭅𨭆𨭇𨭈𨭉𨭊𨭋𨭌𨭍𨭎𨭏𨭐𨭑𨭒𨭓𨭔𨭕𨭖𨭗𨭘𨭙𨭚𨭛𨭜𨭝𨭞𨭟𨭠𨭡𨭢𨭣𨭤𨭥𨭦𨭨𨭩𨭪𨭫𨭬𨭭𨭮𨭯𨭰𨭱𨭲𨭳𨭴𨭵𨭶𨭷𨭸𨭹𨭺𨭻𨭼𨭽𨭾𨭿𨮀𨮁𨮂𨮃𨮄𨮅𨮆𨮇𨮈𨮉𨮊𨮋𨮌𨮍𨮎𨮏𨮐𨮑𨮒𨮓𨮔𨮕𨮖𨮗𨮘𨮙𨮚𨮛𨮜𨮝𨮞𨮟𨮠𨮡𨮢𨮣𨮤𨮥𨮦𨮧𨮨𨮩𨮪𨮫𨮬𨮭𨮮𨮯𨮰𨮱𨮲𨮳𨮴𨮵𨮶𨮷𨮸𨮹𨮺𨮻𨮼𨮽𨮾𨮿𨯀𨯁𨯂𨯃𨯅𨯆𨯇𨯈𨯉𨯊𨯋𨯌𨯍𨯏𨯐𨯑𨯒𨯓𨯔𨯕𨯖𨯗𨯘𨯙𨯚𨯛𨯜𨯝𨯞𨯟𨯠𨯡𨯢𨯣𨯤𨯥𨯦𨯧𨯨𨯩𨯪𨯫𨯬𨯭𨯮𨯯𨯰𨯱𨯲𨯳𨯴𨯵𨯶𨯷𨯸𨯹𨯺𨯻𨯼𨯽𨯾𨯿𨰀𨰁𨰂𨰃𨰄𨰅𨰆𨰇𨰈𨰉𨰊𨰋𨰌𨰍𨰎𨰏𨰐𨰑𨰒𨰓𨰔𨰕𨰖𨰗𨰘𨰙𨰚𨰛𨰜𨰝𨰞𨰟𨰠𨰡𨰢𨰣𨰤𨰥𨰦𨰧𨰨𨰩𨰪𨰫𨰬𨰭𨰮𨰯𨰰𨰱𨰲𨰳𨰴𨰵𨰶𨰷𨰸𨰹𨰺𨰻𨰼𨰽𩔟𩕅𩗩𩙔𩙗𩰔𩸱𪆱𪆷𪑙𪦢𪯧𪷙𪹸𫅇𫆤𫋆𫍀𫒆𫒇𫒈𫒉𫒊𫒋𫒌𫒍𫒎𫒏𫒐𫒑𫒒𫒓𫒔𫒕𫒖𫒗𫒘𫒙𫒚𫒛𫒜𫒝𫒞𫒟𫒠𫒡𫒢𫒣𫒤𫒥𫒦𫒧𫒨𫒩𫒪𫒫𫒬𫒭𫒮𫒯𫒰𫒱𫒲𫒳𫒴𫒶𫒷𫒸𫒹𫒺𫒻𫒼𫒽𫒾𫒿𫓀𫓁𫓂𫓃𫓄𫓅𫓆𫓇𫓈𫓉𫓊𫓋𫓌𫓍𫓎𫓏𫓐𫓑𫓒𫓓𫓔𫓕𫓖𫓗𫓘𫓙𫓚𫓛𫓜𫓝𫓞𫓟𫓠𫓡𫓢𫓣𫓤𫟰𫟱𫭾𫰾𫲧𫸀𬈹𬊝𬫂𬫃𬫄𬫅𬫆𬫇𬫈𬫉𬫊𬫋𬫌𬫍𬫎𬫏𬫐𬫑𬫒𬫓𬫔𬫕𬫖𬫗𬫘𬫙𬫚𬫛𬫜𬫝𬫞𬫟𬫠𬫡𬫢𬫣𬫤𬫥𬫦𬫧𬫨𬫩𬫪𬫫𬫬𬫭𬫮𬫯𬫰𬫱𬫲𬫳𬫴𬫵𬫶𬫷𬫸𬫹𬫺𬫻𬫽𬫾𬫿𬬀𬬁𬬂𬬄𬬅𬬆𬬇𬬈𬬉𬬊𬬋𬬍𬬎𬬏𬬑𬬒𬬓𬬔𬬕𬬖𬬗𬬘𬬙𬬚𬬛𬬜𬬝𬬞𬬟𬬠𬬡𬬢𬬣𬬤𬬥𬬦𬯉𭄘𮓈𮡤𮡥𮡦𮡧𮡨𮡩𮡪𮡫𮡬𮡭𮡮𮡯𮡰𮡱𮡲𮡳𮡴𮡵𮡶𮡷𮡸𮡹𮡺𮡻𮡽𮡾𮡿𮢀𮢁𮢂𮢃𮢄𮢅𮢆𮢇𮢈𮢉𮢊𮢋𮢌𮢍𮢎𮢏𮢐𮢑𮢒𮢓𮢔𮢕𮢖𮢗𮢘𮢙𮢚𮢛𮢜𮢝𮢞𮢟𮢠𮢡𮢢𮢣𮢤𮢥𮢦𮢧𮢨𮢩𮢪𮢫𮢬𮢭𮢮𮢯𮢰𮢱𮢲𮢳𮢴𮢵𮢶𮢷𮢸𮢹𮢺𮢻𮢼𮢽𮢾𮢿𮣁𮣂𮣃𮣄𮣅𮣆𮣇𮣈𮣉𮣊𮣋𮣌𮣍𮣎𮣏𮣐𮣑𮣓𮣔𮣕𮣖𮣗𮣘𮣙𮣚𮣛𮣜𮣝𮣞𮣟𮣠𮣢𮣣𮣤𮣥𮣦𮣧𮣨𮣩𮣪𮣫𮣬𮣭𮣮𮣯𮣰𮣱𮲙𮲤𮷢𮷯𮷰𮷱𮷲𮷳𮷴𮹚𰝵𰢞𰦑𰼞𰼟𰼠𰼡𰼢𰼣𰼤𰼥𰼦𰼧𰼨𰼩𰼪𰼫𰼬𰼭𰼮𰼯𰼰𰼱𰼲𰼳𰼴𰼵𰼶𰼷𰼸𰼹𰼺𰼻𰼽𰼾𰼿𰽀𰽁𰽂𰽃𰽄𰽅𰽆𰽇𰽈𰽊𰽋𰽌𰽍𰽎𰽏𰽐𰽑𰽒𰽓𰾑𱓵𱬥𱿄𲇅𲇇𲇈𲇉𲇊𲇋𲇌𲇍𲇎𲇏𲇐𲇑𲇒𲇓𲇔𲇕𲇖𲇗𲇘𲇙𲇚𲇛𲇜𲇝𲇞𲇟𲇠𲇡𲇢𲇣𲇤𲇥𲇦𲇧𲇨𲇩𲇪𲇫𲇬𲒽𲞯𲧤𲨠𲴪𲽞𳀩𳀬𳃖𳅯𳅰𳅱𳅲𳅳𳅴𳅵𳅶𳅷𳅸𳅹𳅺𳅻𳅼𳅽𳅾𳅿𳆀𳆁𳆂𳆃𳆄𳆅𳆆𳆇𳆈𳆉𳆊𳆋𳆌𳆍𳆎𳆏𳆐𳆑𳆒𳆓𳆔𳆕𳆖𳆗𳆘𳆙𳆚𳆛𳆜𳆝𳆞𳆟𳆠𳆡𳆢𳆣𳆤𳆥𳆦𳆧𳆨𳆩𳆪𳆫𳆬𳆭𳆮𳆯𳆰𳆱𳆲𳆳𳆴𳆵𳆷𳆸𳆹𳆺𳆻𳆽𳆾𳆿𳇀𳇁𳇂𳇃𳇄𳇅𳇆𳇇𳇈𳇉𳇊𳇋𳇌𳇍𳇎𳇏𳇐𳇑𳇓𳇔𳇕𳇖𳇗𳇘𳇙𳇚𳇛𳇜𳇝𳇞𳇟𳇠𳇡𳇢𳇣𳇤𳇦𳇧𳇨𳏨𳐖
釗	𠞾𠺓𦄈𳉟
釘	𱓸𱠣
釛	鉫𰪐
釜	滏𩱉𪞪𬫻𱜄
針	𢔿𢟙𢲥𣗒𣻁𫃋𫓆𫠍𭿒𰦈𱓼𲙮
釡	𥦨𰘌
釣	䔙瘹𠍖𡠶𥲟
釦	𨦀𳅺
釭	鉅鉦
釹	銣𨨓𬫓𳆦
鈁	鍦鏇𨧗𨨡𮢓
鈃	䤯鉶𨦹
鈅	錋𨧠𨫇𨭏
鈍	𡚃𢵶𫫲𰼼
鈙	𡪵𥂲
鈞	憌𥳾𫉟𫱳
鈢	鉥𨥼
鈤	䥵𨧹𨫉
鈩	䥇錑鍽𨩮𮣀𳆉
鈲	𢶎𣿿
鈴	𤪊𫫿𮤧
鈷	鍸𰽁
鉐	䤺𨨵𫓅𮣞𳆩
鉗	𡽎𬕸𮢞
鉢	𡀖𩏭
鉣	𨦲𨧶
鉤	𥴴𦽋
鉬	𨪵𬬏𳆐
鉴	𰿀𱩔
鉵	𨫯𳆒
鉺	銸鋷鎁𮢄
銀	檭𡁬𢣩𢣰𤢲𧓪𪇩𬞵𭨆𱘎𲣌
銛	懖𦗾𮢏
銜	㘅䕔䲗𦌫
銽	𢤌𦘉
鋠	䥎鎒𬫷𮍈
鋤	㐥𱕩
鋪	𪢜𲚝
鋭	𫒵𱚬
鋼	𮢪𰉅
錄	籙𧃆
錐	𨷫𲹃
錢	籛𥃒𥗛𧂂𧔢𨪑𪈇𪩞𪷻𬬌𮕒
錦	𡄎𢥅𢸼𣟡𥌹𥷏𧃃𬬃𲑥
錫	𡃶𲡄
錯	𡓠𰽉
錿	𢹁𨬳
鍂	鑫𣫫𨰻𳇒
鍄	𰽌𲶪
鍉	𨫞𳇠
鍾	籦𡓯𥗦𦇮𬬐
鎮	𤄱𲺾
鎷	𰽎𳇏
鎾	𤒸𲽲
鏕	䥝鑣𨮞𨯄𳇓
鏡	𰽔𳊈
鏢	𨭚𨮬
鏤	𨯃𮣯
鐵	𫬾𱱳
鐸	𫓡𮇁𳇥
鑊	𡆇𲶲𳁏
鑒	𨰹𫭀𲫆
鑫	𤅺𨐃𲅃
鑾	𨰼𬉲𲘝
钅	䥺䥻䥼䥽䥾䥿䦀䦁䦂䦃䦄䦅䦆衔钆钇针钉钊钋钌钍钎钏钐钑钒钓钔钕钖钗钘钙钚钛钜钝钞钟钠钡钢钣钤钥钦钧钨钩钪钫钬钭钮钯钰钱钲钳钴钵钶钷钸钹钺钻钼钽钾钿铀铁铂铃铄铅铆铇铈铉铊铋铌铍铎铏铐铑铒铓铔铕铖铗铘铙铚铛铜铝铞铟铠铡铢铣铤铥铦铧铨铩铪铫铬铭铮铯铰铱铲铳铴铵银铷铸铹铺铻铼铽链铿销锁锂锃锄锅锆锇锈锉锊锋锌锍锎锏锐锑锒锓锔锕锖锗锘错锚锛锜锝锞锟锠锡锢锣锤锥锦锧锨锩锪锫锬锭键锯锰锱锲锳锴锵锶锷锸锹锺锻锼锽锾锿镀镁镂镃镄镅镆镇镈镉镊镋镌镍镎镏镐镑镒镓镔镕镖镗镘镙镚镛镜镝镞镟镠镡镢镣镤镥镦镧镨镩镪镫镬镭镮镯镰镱镲镳镴镵镶鿏鿔鿭𨰾𨰿𨱀𨱁𨱂𨱃𨱄𨱅𨱆𨱇𨱈𨱉𨱊𨱋𨱌𨱍𨱎𨱏𨱐𨱑𨱒𨱓𨱔𨱕𨱖𫓥𫓦𫓧𫓨𫓩𫓪𫓫𫓬𫓭𫓮𫓯𫓰𫓱𫓲𫓳𫓴𫓵𫓶𫓷𫓸𫓹𫓺𫓻𫓼𫓽𫓾𫓿𫔀𫔁𫔂𫔃𫔄𫔅𫔆𫔇𫔈𫔉𫔊𫔋𫔌𫔍𫔎𫔏𫔐𫔑𫔒𫔓𫔔𫔕𫛾𫟲𫟳𫟴𫟵𫟶𫟷𫟸𫟹𫟺𫟻𫟼𫟽𫟾𫟿𫠀𫠁𫻇𬬧𬬨𬬩𬬪𬬫𬬬𬬭𬬮𬬯𬬰𬬱𬬲𬬳𬬴𬬵𬬶𬬷𬬸𬬹𬬺𬬻𬬼𬬽𬬾𬬿𬭀𬭁𬭂𬭃𬭄𬭅𬭆𬭇𬭈𬭉𬭊𬭋𬭌𬭍𬭎𬭏𬭐𬭑𬭒𬭓𬭔𬭕𬭖𬭗𬭘𬭙𬭚𬭛𬭜𬭝𬭞𬭟𬭠𬭡𬭢𬭣𬭤𬭥𬭦𬭧𬭨𬭩𬭪𬭫𬭬𬭭𬭮𬭯𬭰𬭱𬭲𬭳𬭴𬭵𬭶𬭷𬭸𬭹𬭺𬭻𬭼𬭽𬭾𬭿𬮀𬮁𬮂𬮃𮣲𮣳𮣴𮣵𮣶𮣷𮷵𮷶𮷷𮷸𮷹𮷺𮷻𮷼𮷽𮷾𮷿𮸀𮸁𮸂𮸃𮸄𮸅𮸆𮸇𮸈𮸉𮸊𮸋𮸌𮸍𮸎𮸏𮸐𮸑𮸒𮸓𮸔𮸕𮸖𮸗𮸘𮸙𮸚𮸛𮸜𮸝𮸞𮸟𮸠𮸡𮸢𮸣𰽕𰽖𰽗𰽘𰽙𰽚𰽛𰽜𰽝𰽞𰽟𰽠𰽡𰽢𰽣𰽤𰽥𰽦𰽧𰽨𰽩𰽪𰽫𰽬𰽭𰽮𰽯𰽰𰽱𰽲𰽳𰽴𰽵𰽶𰽷𰽸𰽹𰽺𰽻𰽼𰽽𰽾𰽿𰾀𰾁𰾂𰾃𰾄𰾅𰾆𰾇𰾈𰾉𰾊𰾋𰾌𰾍𰾎𰾏𰾐𰾑𰾒𰾓𰾔𰾕𰾖𰾗𰾘𰾙𰾚𰾛𰾜𰾝𰾞𰾟𰾠𰾡𰾢𰾣𰾤𰾥𰾦𰾧𰾨𰾩𰾪𰾫𰾬𰾭𰾮𰾯𰾰𰾱𰾲𰾳𰾴𰾵𰾶𰾷𰾸𰾹𰾺𰾻𰾼𰾽𰾾𰾿𰿀𰿁𰿂𰿃𰿄𰿅𰿆𰿇𰿈𰿉𰿊𲇭𲇮𲇯𲇰𲇱𲇲𲇳𲇴𲇵𲇶𲇷𲇸𲇹𲇺𲇻𲇼𲇽𲇾𲇿𲈀𲈁𲈂𲈃𲈄𲈅𲈆𲈇𲈈𲈉𲈊𲈋𲈌𲈍𲈎𲈏𲈐𲈑𲈒𲈓𲈔𲈕𲈖𲈗𲈘𲈙𲈚𲈛𲈜𲈝𲈞𲈟𲈠𲈡𳇩𳇪𳇫𳇬𳇭𳇮𳇯𳇰𳇱𳇲𳇳𳇴
钦	嵚揿𫪽𫷷𰧎𱧚𲃶
钫	镟𰾢
钱	篯𮶬𱿾
長	㙊㙣㯑㷃䂻䗅䛫䠆䩨倀帳張悵掁棖涱漲痮粻脹萇賬躼鋹韔餦鼚𡘷𢐘𢳫𣛊𤊞𤟔𤬅𤲘𥇔𥮲𦁢𧄂𧐊𧛇𧹔𨱥𨱪𨱼𨱽𨱾𨲅𨲍𨲖𨲗𨲷𩭨𩳤𩸕𪠍𪥽𪧼𪯹𪺑𫣖𫪛𫫧𫬖𬔡𬪆𬼓𭀫𮝙𮡙𮣻𮦳𮪉𰅸𰆩𰖎𰻞𰿋𰿍𰿏𰿔𲈣𲜥𲝡𲴧𲵌𲻟𳈢
镸	䦇䦈䦉䦊䦋套瓺肆蕻镹镺镻镼镽镾隂髟𡑺𢡪𣁸𤪈𤭖𤸌𤹱𥱫𦝴𧀳𧄂𧛛𨱙𨱚𨱛𨱜𨱝𨱞𨱟𨱠𨱡𨱢𨱣𨱤𨱦𨱧𨱨𨱩𨱫𨱬𨱭𨱮𨱯𨱰𨱱𨱲𨱳𨱴𨱵𨱶𨱷𨱸𨱹𨱺𨱻𨱽𨱿𨲀𨲁𨲂𨲃𨲄𨲆𨲇𨲈𨲉𨲊𨲋𨲌𨲎𨲏𨲐𨲑𨲒𨲓𨲔𨲕𨲖𨲘𨲙𨲚𨲛𨲜𨲝𨲞𨲟𨲠𨲡𨲢𨲣𨲤𨲥𨲦𨲧𨲨𨲩𨲪𨲫𨲬𨲭𨲮𨲯𨲰𨲱𨲲𨲳𨲴𨲵𨲶𨲸𨲹𨲺𨲻𨲼𨲽𨲾𨲿𨳀𨳁𨳂𨳃𨳄𨳅𨳆𨼲𨽸𩬂𫔖𫔗𬝑𬮄𬷔𮣸𮣹𮣺𮣼𮣽𮣾𮣿𮤀𮤁𮤂𮤃𮤄𮤅𮤆𮸤𰙓𰿌𰿎𰿐𰿑𰿒𰿓𰿕𱯣𲈢𲯧𳇵𳇶
长	伥帐张怅枨涨胀苌账𩲒𪼴𪽪𫊪𫏃𫗠𬑇𬬮𭇉𮧴𰋛𰓄𰝾𰪭𰻝𰿖𱌊𱒻𱛏𱳱𲄚𲈤𲈥𲘵𲻐
門	㥃䦌䦍䦎䦏䦐䦑䦒䦓䦔䦕䦖䦗䦘䦙䦚䦛䦜䦝䦞䦟䦠䦡䦢䦣䦤䦥䦦䦧䦨䦪䦫䦬䦭䦮䦯䦰䦱䦲䦳䦴䦵們問悶憫捫椚潣灁焛燘聞菛誾鍆閁閂閃閄閅閆閇閈閉閊開閌閍閎閏閐閑閒間閔閕閖閗閘閙閚閛閜閝閞閟閠閡関閣閤閥閦閧閨閩閪閫閬閭閮閯閰閱閲閳閴閵閶閸閹閺閻閼閽閾閿闀闁闂闃闄闅闆闇闈闉闊闋闌闍闎闏闐闑闒闓闔闕闖闗闘闙闚闛關闝闞闟闠闡闢闣闤闥闦闧𠎓𠑆𠵘𡅭𡆏𡍜𡕌𡢄𡢸𡮆𡮉𡾧𢛩𢠶𢡙𢡥𢡻𢵧𣘥𣠸𣠼𣶯𣿸𤂕𤂷𤄇𤄡𤅾𤩟𤷱𤺖𥗮𦁺𦘑𦝋𧲃𨇧𨇮𨇲𨉖𨰎𨳉𨳊𨳋𨳌𨳍𨳎𨳏𨳐𨳑𨳒𨳓𨳔𨳕𨳖𨳗𨳘𨳙𨳚𨳛𨳜𨳝𨳞𨳟𨳠𨳡𨳢𨳣𨳤𨳥𨳦𨳧𨳨𨳩𨳪𨳫𨳬𨳭𨳮𨳯𨳰𨳱𨳲𨳳𨳴𨳵𨳶𨳷𨳸𨳹𨳺𨳻𨳼𨳽𨳾𨳿𨴀𨴁𨴃𨴄𨴅𨴆𨴇𨴈𨴉𨴊𨴋𨴌𨴍𨴎𨴏𨴐𨴑𨴒𨴓𨴔𨴕𨴗𨴘𨴚𨴛𨴜𨴝𨴞𨴟𨴠𨴡𨴢𨴣𨴤𨴥𨴦𨴧𨴨𨴩𨴪𨴫𨴬𨴭𨴮𨴯𨴰𨴱𨴲𨴳𨴴𨴵𨴶𨴷𨴸𨴹𨴺𨴻𨴼𨴽𨴾𨴿𨵀𨵁𨵂𨵃𨵄𨵅𨵆𨵇𨵈𨵉𨵊𨵋𨵌𨵍𨵎𨵏𨵐𨵑𨵒𨵓𨵔𨵕𨵖𨵗𨵘𨵙𨵚𨵛𨵜𨵝𨵞𨵟𨵠𨵡𨵢𨵣𨵤𨵥𨵦𨵧𨵨𨵩𨵪𨵫𨵬𨵭𨵮𨵯𨵱𨵲𨵳𨵴𨵵𨵶𨵷𨵸𨵹𨵺𨵻𨵼𨵽𨵾𨵿𨶀𨶁𨶂𨶃𨶅𨶆𨶇𨶈𨶉𨶊𨶋𨶌𨶍𨶎𨶏𨶐𨶑𨶒𨶔𨶕𨶖𨶗𨶘𨶙𨶚𨶛𨶜𨶝𨶞𨶟𨶠𨶡𨶢𨶣𨶤𨶥𨶦𨶧𨶨𨶩𨶪𨶫𨶬𨶭𨶮𨶯𨶰𨶱𨶲𨶳𨶴𨶵𨶶𨶷𨶸𨶹𨶺𨶻𨶾𨶿𨷀𨷁𨷂𨷃𨷄𨷅𨷆𨷇𨷈𨷉𨷊𨷋𨷌𨷍𨷏𨷐𨷒𨷓𨷔𨷕𨷖𨷗𨷘𨷙𨷚𨷛𨷜𨷞𨷟𨷠𨷡𨷣𨷤𨷦𨷧𨷨𨷩𨷪𨷫𨷭𨷮𨷯𨷰𨷱𨷲𨷳𨷴𨷵𨷶𨷷𨷸𨷹𨷺𨷻𨷽𨷾𩦔𪘶𪩴𪺿𫔘𫔙𫔚𫔛𫔜𫔝𫔞𫔟𫔠𫔡𫔢𫔣𫔤𫔥𫔧𫔨𫔩𫔪𫔫𬮅𬮆𬮇𬮈𬮉𬮊𬮋𬮌𬮍𬮎𬮏𬮐𬮑𬮒𬮓𬮕𬮖𬮗𭑙𭷴𮅘𮤇𮤈𮤉𮤊𮤋𮤌𮤍𮤎𮤏𮤐𮤑𮤒𮤓𮤕𮤖𮤗𮤘𮤙𮤚𮤛𮤜𮤝𮤞𮤟𮤠𮤡𮤢𮤣𮤤𮤥𮤦𮤧𮤨𮤪𮦗𰌋𰚣𰯤𰿗𰿘𰿙𰿚𰿛𰿜𰿝𰿞𰿟𰿡𰿢𰿣𰿤𱩐𲈦𲈧𲈨𲈩𲈪𲈬𲈭𲈮𲈯𲈰𲈱𲈲𲈳𲈴𲣹𲪙𲪱𲬱𳇷𳇸𳇹𳇺𳇻𳇼𳇽𳇾𳇿𳈀𳈁𳈂𳈃𳈄𳈅𳈆𳈇𳈉𳈊𳈌𳈍𳈏
閁	䦗䦚䦭闑𨳝𨴖𨵆𨶑𨶸𲈧𲈮
閂	䦎䦜閅閆閇閈開閏閠閪𨳎𨳨𨳪𨳵𨴂𨴎𨴯𮤩𰿘𳇷
閃	㨛㴸䁡䠾熌閝閤閦閷𥡕𨷬𪬖𫔨𬿂𱢚𲶈𲹍𲼠
閈	閏𫉑
閉	𠻻𡠳𡮣𡮤𡮥𡮩𢲾𣘥𤛞𦟼𰝁𱢤𲜰𳈈
閊	闓𳈃
開	鐦𢵱𣛣𣾺𤡲𥖆𥳐𦼠𨷑𩦓𫔦𫙸𫫭𫯿𰿠𳈐𳊏
閏	㠈撋橍潤瞤膶𠾽𢡞𣋆𦻺𨬔𨶽𨷎𪼙𮝧𰟟
閑	㯗䔵䥜嫻澖鷴𢡿𣩝𤡦𤺛𥊺𦠯𨅽𨶓𨼝𩦃𬵬𭧴𮫐𰊨𲁞𲖯𲸕
閒	㗴㵎僩嫺憪撊橌燗癇瞯礀繝蕑襉覵譋鐗鬜鷳𡼥𣩞𤡥𥳑𦠥𧤽𧯎𨆀𨎫𨣇𩦂𩻘𪙩𮇻𲚇𳈋
間	㗴䦔䦪僴墹橺澗癎瞷磵簡蕳襇覸鐧閶閺闒鬝鷼𡢃𡼏𢢀𢵧𣊺𤏐𤩎𥼴𦅘𦗬𧒄𧢑𧬘𧯑𨅍𨣉𨴝𨵒𨵷𨶁𩴦𩻾𪙨𪧶𪪢𬛖𭂠𭮣𮤔𰴦𲮷𳀓𳄐𳈌𳌜
閔	憫潣燘簢𠎓𡢄𢡻𢵢𣚾𤺖𦅤𧲃𪾽𭹺𲈫𲹺
閕	𠽫𧯋𳄰
閖	𨵝𨶺
閘	𣜊𨆇
閙	𠿷𢷃𣿸𤐛𩦔𩦴𫆺𮬔
閚	䦣闇𨴲𨶤𨶻𭲻
閜	㗿𦽅𧬱𧯓
閞	𡢸𥴥
閠	𡀊𣜝𭂣
関	𰔴𲧊
閣	擱櫊𡁤𤁐𨆿𪦫𭟉𰟫𲽓
閤	闟𨶼𮆤
閧	闀𰪝
閩	𤁝𨷷𲛶
閭	䕡䥨櫚𢣻𤁵𥶆
閰	䦧𨵹𭢶
閱	𧀲𮆬𲣑
閲	𧀲𱩶
閵	䉮藺躙𡃦𤂶𨏦𨶄𨶲𭣉𮤣𲊡
閻	㶄㿕䌪嚪壛櫩爓讇𠐩𡣽𢸴𤯐𥌸𥶿𦢨𧂄𨇝
闇	𤃷𧮍𨶤𭌩
闊	𤄃𲘁𳃯
闌	㘓㦨䃹䑌䪍孄幱攔斕欄欗瀾爛瓓籣蘭襴讕躝鑭𠓖𣩼𥌻𥽭𦧼𧕗𨏭𩽥𬐁𮉚𰖻𱘘𳂂
闍	𡄢𮒼
闒	躢𡓲𤒻𧄱𧮑𨰏
闔	𱡐𳈎
闕	灍𥗮𨇮𬘒𭬸
闖	㶒𧮕𪞰
關	𡅭𡤡𢺄𣠸
闞	㘚矙𠑨𣌙𦘑𧯘
闡	灛𢺛𤓙𥸍
闥	𧖆𭳽
门	䦶䦷䦸们扪訚钔闩闪闫闬闭问闯闰闱闲闳间闵闶闷闸闹闺闻闼闽闾闿阀阁阂阃阄阅阆阇阈阉阊阋阌阍阎阏阐阑阒阓阔阕阖阗阘阙阚阛𡭜𦝹𨷿𨸀𨸁𨸂𨸃𨸄𨸅𨸆𨸇𨸈𨸉𨸊𨸋𨸌𨸎𪡯𫔬𫔭𫔮𫔯𫔰𫔱𫔲𫔳𫔴𫔵𫔶𫔸𫠂𫩖𫹰𬦢𬮘𬮙𬮚𬮛𬮜𬮝𬮞𬮟𬮠𬮡𬮢𬮣𬮤𬮥𬮦𬮧𬮨𬮩𬮪𬮬𬮭𬮮𬮯𬮰𬮱𬮲𬮳𬮴𬮵𬮷𬮸𬮹𭓎𭩛𮓳𮤫𮤬𮤭𮤮𮤯𮤰𮤱𮤲𮤳𮤵𮤶𮤷𮤸𮦅𮳎𮸥𮸦𮸧𰚍𰛉𰿥𰿦𰿧𰿨𰿩𰿪𰿫𰿬𰿭𰿮𰿯𰿰𰿱𰿲𰿴𰿵𰿶𰿷𰿸𰿹𰿺𰿻𰿼𰿽𰿾𱀀𱏱𱐪𱙅𱱊𱳨𱾣𲃯𲈵𲈶𲈷𲈸𲈹𲈺𲈻𲈼𲈽𲈾𲈿𲉀𲉁𲉂𲉃𲉄𲉅𲉆𲷪𲻯𳈑𳈒𳈓𳈔𳈕𳈖𳈗𳈘
闩	闫闬闰𫔭𬮙𬮚𬮜𮤫𰿨𲈹𲈽
闪	𤇄𰓔𰛛𰿳
闬	闰𳈖
闭	𡭬𫆝𫴼𫼫𬌱𬎵𱚥
问	㭣䠺闾𬜬𬮳𮴖
闰	润𥆧𬂀𰓷𳈖
闲	娴痫鹇𬚿𰛵𱅘𱣡𲌞𲡶
间	㛠涧简裥锏阊阘𨁴𫈉𫺒𬑗𬖷𬪫𭴳𰂋𰣯𰧃𰬝𰴘𰴥𰿲𰿴𱃩𱆀𱖲𱣤𱿧𲇏𲍻𲡵
闵	悯𫂃𫞗𬊖𮱆
闷	焖𫢨𫺓𫼽𬅳𬇰𬕊𬖟𭑽𭪓𮸎𰱉𰴻𱒶𱞹𱹵
闹	𫔹𫽔𬊢𭈥𭧼𰌓𱍡
闽	𮰖𱧜
闾	榈𰱩
阁	搁𮳍𰟄𲦖
阎	𫫦𫾁𬙁𬤛𰊡𰘠𰟘
阑	斓澜襕谰镧𨅬𪢌𪩱𫝮𬁘𬎑𬖺𬞕𮆏𰏟𱁽𱏓𱤚𲠫𲱱
阜	㷆䘀埠顊𡸠𡽷𢈹𢮒𤦞𤭟𤷎𥓭𦰺𧌓𧌛𧨮𨹺𨺔𨻑𨽪𨽫𨽱𩣸𬂫𬯈𬱪𮢌𮥜𰍄𰎧𱀁𱀂𱀅𱀈𱀖𱀜𱀝𱀟𱀮𱁃𱶒𳈣
阝	㖿㗽㭨㮋㴫䂙䉄䖎䘏䢳䢴䢵䢶䢷䢸䢹䢺䢻䢼䢾䢿䣀䣁䣂䣃䣄䣅䣆䣇䣊䣋䣌䣍䣎䣏䣐䣑䣒䣓䣔䣕䣗䣘䣙䣚䣛䣜䣝䣞䣟䣠䣡䣢䣣䣤䦳䦹䦺䦻䦼䦽䦿䧀䧁䧂䧃䧄䧅䧆䧇䧈䧉䧊䧋䧌䧍䧎䧏䧐䧑䧒䧓䧔䧕䧖䧗䧘䧙䧚䧛䧜䧝䧞䧟䧠䧡䧢䧣䧤䧥䧦䧧䧨䧩䧪䧫䧬䧭䧮䧯䧰倻喐嘟嚮墜墬峫幚捓掷揶敶曏桞梆椰檃滁琊瑘癃祁綁耶膷萨薌薩蠁邒邓邔邖邗邘邙邚邛邜邝邞邟邠邡邢那邤邥邦邧邨邩邪邬邭邮邯邰邱邲邳邴邵邶邷邸邹邺邻邼邽邾邿郀郁郂郃郄郅郆郇郈郉郊郋郍郎郏郐郑郓郔郕郖郗郘郙郚郛郜郝郞郟郠郡郢郣郤郥郦郧部郩郪郫郬郭郮郯郰郱郲郳郴郵郷郸郹郻郼都郾郿鄀鄁鄂鄃鄄鄅鄆鄇鄈鄋鄌鄍鄎鄏鄐鄑鄒鄓鄔鄕鄖鄗鄘鄙鄚鄛鄜鄝鄞鄟鄠鄡鄢鄣鄤鄥鄦鄧鄩鄪鄫鄬鄭鄮鄯鄰鄱鄲鄳鄴鄵鄶鄷鄸鄹鄺鄻鄼鄽鄾鄿酀酁酂酃酄酅酆酇酈鋣鎁鐆铘阞队阠阡阢阣阤阥阦阧阨阩阪阫阬阭阮阯阰阱防阳阴阵阶阷阸阹阺阻阼阽阾阿陀陁陂陃附际陆陇陈陉陊陋陌降陎陏限陑陒陓陔陕陖陗陘陙陚陛陜陝陞陟陠陡院陣除陥陦陧陨险陪陫陬陭陮陯陰陱陲陳陴陵陶陷陸陹険陻陼陽陾陿隀隁隂隃隄隅隆隇隈隉隊隋隌隍階随隐隑隒隓隔隕隖隗隘隙隚際障隝隞隟隠隡隢隣隤隥隦隧隨隩險隫隬隭隮隯隰隱隲隴隵響鱜﨩𠋇𠐕𠹴𠻑𡋓𡍵𡏿𡓏𡖥𡜙𡣀𡺰𡺿𡽃𢋽𢌅𢔴𢖁𢵋𢷢𢸌𢸜𣃶𣒒𣓹𣗐𣘙𣛭𣠫𣡨𣬤𣯱𣵷𣹙𣻩𤀝𤅝𤎩𤑲𤑾𤜡𤞡𤠸𤥸𤧡𤧢𤧨𤩬𤷸𥀾𥖡𥭫𥮺𥱥𥳲𥴝𥴩𥶼𥸬𦃛𦄄𦡄𦰥𦵮𦶬𦶽𦽚𦽵𧀕𧁂𧁠𧎟𧐾𧨧𧬚𧬥𧬰𧱞𧷿𨅮𨈕𨖖𨗊𨗎𨙩𨙪𨙫𨙬𨙭𨙮𨙯𨙰𨙱𨙲𨙳𨙴𨙵𨙶𨙷𨙸𨙹𨙺𨙻𨙼𨙽𨙿𨚀𨚁𨚂𨚃𨚄𨚅𨚌𨚍𨚎𨚏𨚐𨚑𨚓𨚔𨚕𨚖𨚗𨚘𨚙𨚛𨚜𨚝𨚞𨚟𨚢𨚣𨚤𨚥𨚦𨚧𨚨𨚩𨚪𨚫𨚮𨚯𨚰𨚱𨚲𨚳𨚴𨚶𨚷𨚸𨚹𨚾𨚿𨛀𨛁𨛂𨛃𨛄𨛅𨛆𨛇𨛈𨛉𨛊𨛋𨛌𨛍𨛎𨛏𨛐𨛑𨛒𨛓𨛔𨛕𨛖𨛗𨛘𨛙𨛞𨛟𨛠𨛡𨛢𨛣𨛤𨛥𨛧𨛨𨛩𨛪𨛭𨛮𨛯𨛰𨛱𨛲𨛳𨛴𨛵𨛶𨛹𨛺𨛻𨛼𨛽𨜃𨜄𨜅𨜆𨜇𨜈𨜉𨜊𨜋𨜌𨜍𨜎𨜏𨜐𨜑𨜒𨜓𨜔𨜖𨜗𨜘𨜙𨜚𨜛𨜜𨜟𨜠𨜡𨜤𨜥𨜦𨜧𨜨𨜩𨜪𨜫𨜬𨜭𨜰𨜱𨜳𨜴𨜵𨜶𨜷𨜸𨜹𨜺𨜻𨜼𨜽𨜾𨜿𨝀𨝁𨝂𨝃𨝄𨝆𨝇𨝈𨝉𨝊𨝋𨝌𨝍𨝎𨝏𨝐𨝑𨝒𨝓𨝔𨝕𨝗𨝘𨝙𨝛𨝜𨝡𨝢𨝣𨝤𨝥𨝧𨝨𨝪𨝫𨝭𨝮𨝯𨝰𨝱𨝲𨝳𨝴𨝵𨝶𨝷𨝸𨝹𨝺𨝻𨝽𨝾𨝿𨞂𨞃𨞄𨞅𨞆𨞇𨞈𨞉𨞊𨞋𨞌𨞍𨞎𨞐𨞒𨞓𨞕𨞖𨞗𨞘𨞙𨞚𨞛𨞜𨞝𨞞𨞟𨞢𨞣𨞤𨞥𨞧𨞨𨞩𨞪𨞫𨞬𨞭𨞱𨞳𨞴𨞵𨞶𨞷𨞹𨞺𨞻𨞼𨞽𨞾𨞿𨟀𨟁𨟂𨟃𨟅𨟆𨟇𨟈𨟉𨟊𨟋𨟌𨟍𨟎𨟏𨟐𨟑𨟒𨟓𨟔𨟕𨟖𨟗𨟘𨟙𨟚𨟛𨟜𨟝𨟞𨟟𨟠𨟡𨟢𨟣𨟤𨟥𨟦𨟧𨟨𨟪𨟫𨟬𨟭𨟯𨟰𨦹𨧦𨸐𨸑𨸒𨸓𨸔𨸕𨸖𨸗𨸘𨸙𨸚𨸛𨸜𨸝𨸞𨸟𨸠𨸡𨸢𨸣𨸤𨸦𨸧𨸨𨸩𨸪𨸫𨸬𨸭𨸮𨸯𨸰𨸱𨸲𨸳𨸴𨸵𨸶𨸸𨸹𨸺𨸻𨸼𨸽𨸾𨹀𨹁𨹂𨹃𨹄𨹅𨹆𨹈𨹉𨹊𨹋𨹌𨹍𨹎𨹏𨹐𨹑𨹒𨹓𨹔𨹕𨹖𨹗𨹘𨹙𨹚𨹛𨹜𨹝𨹞𨹟𨹠𨹡𨹢𨹣𨹤𨹥𨹦𨹧𨹨𨹩𨹪𨹫𨹬𨹭𨹮𨹯𨹰𨹲𨹳𨹴𨹵𨹶𨹷𨹸𨹹𨹺𨹻𨹼𨹽𨹾𨹿𨺁𨺂𨺃𨺄𨺆𨺇𨺈𨺉𨺊𨺋𨺌𨺍𨺎𨺏𨺐𨺑𨺒𨺓𨺕𨺖𨺗𨺘𨺙𨺚𨺛𨺜𨺝𨺞𨺟𨺠𨺡𨺢𨺣𨺤𨺥𨺦𨺧𨺨𨺩𨺪𨺬𨺭𨺮𨺯𨺰𨺱𨺲𨺳𨺴𨺶𨺷𨺸𨺹𨺺𨺻𨺼𨺽𨺾𨺿𨻀𨻁𨻂𨻃𨻄𨻅𨻆𨻇𨻈𨻉𨻊𨻋𨻌𨻍𨻎𨻐𨻒𨻓𨻔𨻕𨻖𨻗𨻘𨻙𨻚𨻛𨻜𨻝𨻞𨻟𨻠𨻡𨻢𨻣𨻤𨻥𨻦𨻧𨻨𨻩𨻫𨻬𨻭𨻯𨻰𨻱𨻲𨻳𨻴𨻵𨻶𨻷𨻸𨻹𨻺𨻻𨻼𨻽𨻾𨼀𨼁𨼂𨼃𨼄𨼅𨼆𨼇𨼈𨼉𨼊𨼋𨼌𨼍𨼎𨼏𨼐𨼑𨼒𨼓𨼔𨼖𨼗𨼘𨼙𨼚𨼛𨼜𨼝𨼞𨼟𨼠𨼡𨼢𨼣𨼤𨼥𨼦𨼧𨼨𨼩𨼪𨼫𨼬𨼭𨼮𨼯𨼰𨼲𨼳𨼴𨼵𨼶𨼷𨼸𨼹𨼺𨼻𨼿𨽀𨽁𨽂𨽃𨽅𨽆𨽇𨽈𨽉𨽊𨽋𨽌𨽍𨽎𨽏𨽐𨽑𨽒𨽓𨽔𨽕𨽖𨽗𨽘𨽙𨽚𨽛𨽜𨽞𨽟𨽠𨽢𨽣𨽤𨽥𨽦𨽧𨽨𨽬𨽭𨽮𨽯𨽰𨽲𨽳𨿭𩈁𩐌𩞶𩩜𩷷𩷾𩺐𩻗𩼁𩼏𩽂𪁢𪅋𪬾𪮂𪲐𪲑𪼫𫂉𫉛𫊛𫑗𫑘𫑙𫑛𫑜𫑝𫑞𫑟𫑠𫑡𫑣𫑤𫑥𫑦𫑧𫑨𫑩𫑪𫑫𫑬𫑭𫑮𫑰𫑲𫒉𫔺𫔻𫔼𫔽𫔾𫔿𫕀𫕁𫕂𫕃𫕄𫕅𫕆𫕇𫕈𫕉𫕊𫕋𫕌𫕍𫕎𫕏𫕐𫕑𫕒𫕓𫕔𫕕𫕘𫕮𫚨𫜷𫟫𫟬𫟭𫠃𫳨𫴧𬄂𬅈𬈖𬝰𬞾𬠩𬡅𬩳𬩵𬩶𬩷𬩸𬩹𬩻𬩼𬩽𬩾𬩿𬪀𬪂𬪃𬪅𬪆𬪇𬪈𬪉𬪊𬪋𬪌𬪍𬪎𬪏𬪐𬪑𬪒𬪓𬪔𬪕𬪖𬪗𬪘𬪙𬪚𬪛𬪜𬪝𬪞𬪟𬪠𬪡𬪢𬪣𬪤𬪥𬮺𬮻𬮼𬮽𬮾𬮿𬯀𬯁𬯂𬯃𬯄𬯅𬯆𬯇𬯉𬯊𬯋𬯌𬯍𬯎𬯏𬯐𬯑𬯒𬯓𬯔𬯕𬯖𬯗𬯘𬯙𬯚𬯛𬯝𬯞𬯟𬯠𬯡𬯢𬯤𬯥𬯦𬯧𬯨𬾈𬾏𭁃𭉞𭊘𭋒𭌉𭍙𭍹𭒅𭔼𭔽𭚆𭚌𭝣𭡊𭦐𭵊𮂰𮈂𮛈𮟪𮟫𮟬𮟭𮟮𮟯𮟰𮟱𮟲𮟳𮟴𮟵𮟷𮟸𮟻𮟼𮟽𮟿𮠀𮠁𮠂𮠄𮠆𮠇𮠈𮠉𮠊𮠋𮠌𮠍𮠐𮠑𮠒𮠓𮠔𮢳𮤹𮤺𮤻𮤼𮤽𮤾𮤿𮥀𮥁𮥂𮥄𮥅𮥆𮥇𮥈𮥉𮥊𮥋𮥍𮥎𮥏𮥐𮥑𮥒𮥓𮥔𮥕𮥖𮥗𮥘𮥙𮥚𮥛𮥝𮥞𮥟𮥡𮥢𮥣𮥤𮥥𮥦𮥧𮥩𮥪𮥫𮥬𮥭𮥮𮥯𮥰𮥱𮥲𮥳𮭏𮷨𮷩𮷪𮷫𮷬𮷭𮸨𮸩𮸪𰞸𰟹𰥆𰻟𰻠𰻡𰻢𰻤𰻥𰻦𰻨𰻪𰻫𰻬𰻭𰻮𰻯𰻰𰻲𰻳𰻴𰻵𰻶𰻹𰻺𰻻𰻼𰻽𰻾𰼀𰼂𱀃𱀄𱀆𱀇𱀊𱀋𱀌𱀍𱀎𱀏𱀐𱀑𱀒𱀔𱀕𱀗𱀙𱀚𱀛𱀞𱀡𱀢𱀣𱀤𱀥𱀦𱀧𱀨𱀩𱀪𱀫𱀬𱀭𱀯𱀰𱀱𱀲𱀴𱀵𱀶𱀷𱀸𱀹𱀺𱀻𱀼𱀽𱀾𱀿𱁁𱁂𱓣𱔜𱧛𱾹𲆏𲆐𲆑𲆒𲆓𲆔𲆕𲆖𲆗𲆘𲆙𲆚𲆝𲆟𲆢𲆣𲆤𲉉𲉊𲉋𲉌𲉍𲉎𲉏𲉑𲉓𲉗𲉘𲉜𲉝𲉞𲉟𲉠𲉣𲉥𲑍𲑵𲔯𲚃𲛎𲩎𲪅𲽂𳅄𳅇𳅉𳅊𳅋𳅌𳅍𳅎𳆽𳈛𳈜𳈝𳈞𳈟𳈠𳈡𳈢𳈥𳈦𳈧𳈨𳈩𳈪𳈫𳈬𳈭𳈮𳈲𳈳𳈵𳈷𳈸𳏋
阞	泐𮤿𳍊
队	坠𱂍𲡦
阮	𠴉𢭫𦰟𪮀𪲭𫆻𲝞𲩓
防	埅𩗧𪁢𫕗𭰤𱁚𱃂𲼆𳈭
阳	㳱𫔿𬭏
阴	荫𨹹𫷮𰛺𲐪𲱟
阻	唨𦯓𨂀𪠭𪩁𫽖𬨱𲔊
阿	㢌䋪啊娿婀屙痾錒锕𠥍𡹣𣶰𨵌𨼼𫕖𫮄𬁭𬮰𬯜𬯣𬯩𭊎𮀄𮀫𮥌𱗊𱣲𲉢𲉤𲉦𲏪𲝬𲨢𳈤𳈯𳈰𳈱𳈴𳈶𳏋
陀	𣵻𦱆𩎼𪂊𭈪𭔴𭖰
陁	𠴻𣵺𥺡𦰜𨧯𩣾𩷿𩸻
陂	𤚆𨧦
附	䮛𡍃𦝗𦱖𧨽𩷺𱸌
陈	𫈟𮳈𰳄
陋	𠸳𡩊𪶾𰘄
陌	𣶊𧼟
降	𡲣𡹷𤌅𤯲𧌰𩄐𫁫𭉓𰙳𰜡𱗘𱽿
陏	堕椭𡺆𦳉𨔳𮥠𰶭𱀢
限	䈨𨵬𬮵𭉑𱧭𲝱
陖	𡍵𡺲𦶬
陟	騭骘𨽗
院	𤠴𦶤𨻮
陣	塦𠻆𣗑𧏶𩄛𫺶
除	㾻滁篨蒢𢡣𢲢𭏚𮔲𱢠
陪	㯁䔒𣯱
陰	廕癊蔭𠽛𣼩𲞀
陳	䨯樄蔯螴𠼂𢠣𢴟𣼼𭒜𮁂𮔽𳈹
陵	䉄䔖𠻱𡏹𡺿𡻴𢁋𨫭
陶	𡒘𩍂𬞌𭲏𱕂𱠯𲿦
陷	𠽏𥊥𨄽𲚁
陸	𥨁𥲎𦸐𲖘
陽	鐊𤺹𥳜𪤝𫉤𫶖𰘲𰢒
隂	䕃𭲪𭼭𱝍
隅	𣿃𪽹
隆	㝫㦕䃧嶐漋癃窿蕯霳鿧𠘓𠾐𥀼𥳌𧑟𪔳𪔴𭙹𭬇𱴶𲑑𲬌
隊	䉌䔹䥙墜鐆𠾕𡑖𡡦𢢊𢵌𢵩𣾶𤎩𤏢𥖐𦅭𦠵𧥃𨅷𨼾𨽎𩅥𩈁𩐌𪒛𪥡𪳹𲢶𲱲𲿶𳋹𳌨
隋	㯐䔺䜏䜐䝐䢫䲊墮嫷嶞憜撱橢隳𡐦𡡙𢡢𣿂𤛩𤡪𥪹𥳔𧝍𨬍𩀶𩅡𩙇𩞢𩯚𪅿𪍳𰶇𲿵𳇇
随	𫝡𰯟𱁀𲗃
隐	瘾𦻕𬄩𮁉𮙊𰝋
隓	𡽃𢢠𩁌𩪦
隗	㠕𠏁
隠	𬰔𭬚𳈏
隡	薩𧃯
隣	𭌇𮒧𮟠𱘔
隤	濻藬𥶐𲞖
隧	𢤸𤑾𥶼𧁂𨽛𩆰
隨	㰐瀡瓍𡃴𡓗𤢩𥶻𦢪𧁼𨯝𩪷𫲙𭗱
險	𧂹𰟸𱕤𲚻
隱	㦩㶏䨸櫽癮蘟讔𡾯𧮐𨏱
隶	㥆㻖䇐䗧䠈埭嫝康慷捸棣殔漮穅糠逮隷隸霴齂𠟷𠡫𠻞𡐓𡐡𡝯𢳧𣇨𤎖𥊵𥓏𥕎𥟤𥮤𧳙𨄗𨻷𨽶𨽷𨽸𨽹𨽺𨽻𨽼𨽽𨽾𨽿𨾀𨾁𨾂𨾃𨾄𩛾𩭞𩸙𩸺𪂩𪑠𪒡𪴛𪵞𫀘𫕙𬸗𬿛𭌚𭳬𮈡𮉉𮥵𮯊𰠷𲋑𲮔
隷	㘑𠘞𢸀𣟌𤃀𥶾
隸	𥌿𥷗𪴛𭳬
隹	㒧㕍㢈㢕㨤㩦㫿㮅㰚㲝㸕㿈㿑䉮䊒䍜䔨䙰䧱䧲䧳䧴䧵䧶䧷䧸䧺䧻䧼䧽䧾䧿䨀䨁䨂䨃䨄䨅䨆䨇䨈䨉䱦䳡䶆倠僱儺准售唯囄堆奞婎寉崔嵟帷惟截推擢攡攤暹曜椎櫂淮滙濉濰灉灕灘焦焳燞猚琟痽睢瞿碓稚維维羅翟耀脽萑蔺藋藺蜼誰讎谁趡踓進醀錐锥閵陮隻隼隽难隿雀雂雃雄雅集雇雈雉雊雋雌雍雎雏雐雑雒雓雔雕雖雗雚雛雜雝雞雟雠雡離難雤雥雦霍顀騅骓魋鵻龨﨎𠃲𠥥𠦼𠾒𡁫𡂗𡄐𡄪𡄸𡅧𡚞𡚟𡡳𡣯𡹐𡿾𢊛𢌏𢛧𢜐𢟴𢶾𢹭𢽝𣀧𣋿𣌖𣚳𣜁𣡻𣨫𣼲𤂦𤄛𤄬𤊙𤒂𤒿𤓌𤓪𤓬𤕚𤙵𤣕𤫔𤫚𤳬𤽼𥍃𥛭𥜺𥯄𥷜𥽀𦋜𦏮𦑏𦟗𦣚𦩏𦸏𦻃𦻗𦿐𧂤𧂴𧃄𧄡𧐃𧑦𧔰𧔿𧕮𧚮𧡖𧢉𧣽𧫟𧮓𧮛𧳞𧽭𧾕𧾟𨌴𨖫𨘝𨣐𨤠𨬺𨮀𨲈𨶄𨾅𨾆𨾇𨾈𨾉𨾊𨾋𨾌𨾍𨾎𨾏𨾐𨾑𨾒𨾓𨾔𨾕𨾖𨾗𨾘𨾙𨾚𨾛𨾜𨾝𨾞𨾟𨾠𨾡𨾢𨾣𨾤𨾥𨾦𨾧𨾨𨾩𨾪𨾫𨾬𨾭𨾮𨾯𨾰𨾱𨾲𨾳𨾴𨾵𨾶𨾷𨾸𨾹𨾺𨾻𨾼𨾽𨾾𨾿𨿀𨿁𨿂𨿃𨿄𨿅𨿆𨿇𨿉𨿊𨿋𨿌𨿍𨿎𨿏𨿐𨿑𨿒𨿓𨿔𨿕𨿖𨿗𨿘𨿙𨿚𨿛𨿜𨿝𨿟𨿠𨿡𨿢𨿣𨿤𨿥𨿦𨿧𨿨𨿩𨿪𨿫𨿬𨿭𨿮𨿯𨿰𨿱𨿲𨿴𨿵𨿶𨿷𨿸𨿹𨿺𨿻𨿼𨿽𨿾𨿿𩀀𩀁𩀂𩀃𩀄𩀅𩀆𩀇𩀈𩀉𩀊𩀋𩀌𩀍𩀎𩀏𩀐𩀑𩀒𩀓𩀔𩀕𩀖𩀗𩀘𩀙𩀚𩀛𩀜𩀞𩀠𩀡𩀢𩀣𩀤𩀥𩀦𩀧𩀨𩀩𩀪𩀫𩀬𩀭𩀮𩀯𩀰𩀴𩀵𩀶𩀷𩀸𩀹𩀺𩀻𩀼𩀽𩀾𩀿𩁀𩁁𩁃𩁄𩁅𩁆𩁇𩁈𩁉𩁊𩁋𩁌𩁍𩁎𩁏𩁐𩁑𩁒𩁓𩁔𩁕𩁖𩁗𩁘𩁙𩁚𩁛𩁜𩁝𩁞𩁟𩁠𩁡𩁢𩁣𩁤𩁥𩁨𩁩𩁪𩁬𩁭𩁮𩁯𩁰𩁱𩁲𩁳𩇈𩉈𩋘𩏸𩜑𩞠𩥤𩦘𩮴𪂣𪄾𪆅𪆉𪆐𪇛𪋇𪍇𪏌𪕪𪘮𪱖𪴓𪷐𫁒𫄻𫔴𫕚𫕛𫕜𫝜𫞐𫞞𫟜𫡹𫤥𫩇𫮘𫱞𫲫𫻼𬄐𬆨𬚟𬝴𬞼𬡡𬤱𬯪𬯫𬯬𬯭𬯮𬯯𬯴𬯵𬯶𬱏𬿡𬿶𭄒𭄿𭉼𭋕𭞹𭟃𭣟𭬘𭬥𭭕𭲶𭳊𭹾𮁎𮆦𮉞𮐩𮗚𮚭𮚮𮟌𮣛𮥷𮥺𮥻𮥼𮥽𮥾𮥿𮦀𮦃𰕌𰙭𰨇𰨘𰭆𰴔𱀜𱁅𱁆𱁇𱁈𱁉𱁊𱁋𱁌𱁎𱁏𱁐𱂝𱂭𱊅𱋜𱕦𱘐𱘙𱠷𱨦𱨻𱰀𱵩𱼤𱽄𱿀𲄦𲆆𲉧𲉨𲉩𲉪𲉫𲉬𲉭𲉮𲉯𲌟𲍾𲝁𲠣𲦨𳇕𳈺𳈻𳈼𳈿𳌓
隺	㴶㹊㿥䥃䮤傕搉榷確篧蒮髉鶴鹤𠻓𡃜𢞕𣉒𣤇𤌍𥉑𦑱𦞦𨢜𫛏𬎂𬛎𬥩𬯱𬯲𬯳𮣞𲮮𳁢𳊹
隻	㨦㸕䑾䕶䨇䨥愯矍篗蒦謢𠔟𡙜𢊄𣄥𣉲𣡀𣺦𤹆𥌍𥛭𥨦𥻬𧃀𨈍𩀝𩁦𩆀𩇈𩹹𪒊𪯩𪯰𪼌𫉬𫊆𫤑𫫊𬑠𬓏𬯰𬷩𬿈𭂙𭸴𮀺𮈳𮑮𮒗𮓈𮔺𮖤𮣰𮧽𰯪𱚐𲎂𲮦𲽐𳆢
隼	㢑榫鎨集鶽𠧑𡺾𡻛𢲜𣯍𦞠𪄩𱊛𳁶
隽	㑺㝦㷪㻪䐪携槜鎸镌𡻎𣋭𧤤𩺫𪾷𭉨𮲋𰹠𳐽
难	傩摊滩瘫𣗙𦟗𪹠𫺷𬊾𬝴𭉼𰖠𰯋𰵄𱍾𱮘
雀	巀熦蠽𠓃𠻘𡦓𡾃𢧵𣼎𤍳𧽟𨄤𨫠𪅓𪇲𪖀𪾻𫋗𬑥𭗋𮀿𮭕𰪖𲬨𳅟
雁	㷳䧹贋赝軅𤎝𤏚𪆒𬒡𮘻𮰒𮳔𱁍𱙭
雄	𨗑𩀳𱨦
雅	蕥𠾒𡡳𪷐𲠣
集	㗱㙫㠍㠎㱷䌖䮶潗磼穕襍鏶𠍱𡙸𢵸𣛜𦈜𦺴𨤹𩁱𪹯𪼛𫋝𫕱𫘂𭬲𭼫𮝨𮤣𮥢𮦂𮬏𰍜𰒎𱢪
雇	僱顧𢩤𢻠𤡵𤺮𩴡𮸹𲞸𳏫
雈	㠛㦜䪝劐嬳彠瓁矆耯臒舊蒦鱯鸌𠿅𢋒𢑇𣤨𤐰𤻙𥖪𧂴𧅰𧾛𨞂𩟓𩪭𪇡𫣾𰲃𱚡
雉	䉜薙𢶾𣜫𪨅𫡍𭼯𱚫
雋	㻽儁寯嶲懏擕檇臇觹鐫𠟠𠿘𡼕𢋄𤎱𤺻𥨣𦆈𦼱𧓈𧕣𧕲𧗔𩦩𪆳𰬹𰵇𰾹𱢫𲒙𲚐𳎃
雍	㒕㙲㻾㽫䗸噰壅擁澭甕癕罋臃蕹饔𠂅𠙰𡗌𢋊𢢓𢶜𤢐𥀪𦡈𦡚𧒱𧝸𧴗𩆄𩍓𩏨𩟀𪇉𪖿𬆳𬐷𬪘𬬑𬳓𭬎𲰇𳈽𳏵
雐	虧𢨘𤀶𤫗𧇾𩕷𪇦𫨡𬯷𭼲𱬟𳁙
雒	𩁗𩦼
雔	㸈犨讐雙雥雦靃𠥥𡆛𤒏𧕺𩀟𩀱𪈲𪟻𬖈𭟩𱁫𱟚𱾻𲗳
雖	𡄪𥍃𧕘
雙	㩳䉶䝄孇欆艭𡾼𢅻𢥠𧄐𧕟𨇯𨰚𩆿𩽧𪫄𲪼
雚	㩲䌯䑏䙮䚭䝔䟒䠰勸嚾壦孉巏懽權歡灌爟獾瓘矔礶罐虇蠸觀讙貛酄鑵顴颧飌驩鱹鸛鹳𠤍𡚜𡰝𡰞𢑆𣌓𣡀𣤾𣰻𤅞𤜍𤬠𤮳𤮴𤼐𥍊𥐓𥤊𥤙𥷬𧃼𧆉𧢯𧢰𨙕𨽧𩁧𩁫𩙤𩪼𩵄𪈩𬤰𬴐𬶺𭳼𮜾𮦃𰔽𰝵𱥙𲈡𲷧𲻪𳉀
雜	䕹囃𢹼𣠛𣠥𤄖𥗭𥗱𥷩𭟦
雝	廱灉癰𡄸𡓱𢹬𢹭𢺠𤫔𤮲𦉥𩟷
雞	𤄬𤣕𧄰𭌲
雟	儶攜讗𧟃𨏳
離	㒧㒿㰚䍦䙰囄攡灕籬蘺𡿎𢌈𢥗𤫚𧕮𧮛𪺇𮉞𮣮𳌓
難	㬮㰙㸐䕼儺戁攤灘癱臡𡅧𡔃𡚟𡿊𢥪𢺋𣌖𤓉𤓌𥸁𦍀𦣊𦣎𧕴𮁙𲯔𲸬
雥	䨊雧𤓪𤓬𩁴𩁵𭳾𱁫
雨	㩕㬡㵢䌢䙥䨋䨌䨍䨎䨏䨐䨑䨒䨓䨔䨕䨖䨗䨘䨙䨚䨛䨜䨝䨞䨟䨠䨡䨢䨣䨤䨥䨦䨧䨨䨩䨪䨫䨬䨮䨯䨰䨱䨳䨴䨵䨶䨷䨸䨹䬠䴫屚檑漏礌蘎雩雪雫雬雭雮雯雰雱雲雳雴雵零雷雸雹雺電雼雽雾雿需霁霂霃霄霅霆震霈霉霊霋霌霍霎霏霐霑霓霔霖霗霘霙霚霛霜霝霞霟霠霡霢霣霤霥霦霧霨霩霪霫霬霭霮霯霰霱露霳霵霶霷霸霹霺霻霽霾霿靀靁靂靃靄靇靊靋靌靍靎靏鱩𠉴𠎌𠭍𠼇𠽌𡀂𡢵𡢽𡸹𢉀𢤓𢮳𢷛𢸲𣋔𣍾𣔯𣠄𣠌𣠚𣷌𣾙𣾡𣾱𣾲𣾳𤀍𤂪𤅒𤐇𤐝𤣋𤮷𤹶𥋸𥢴𥩉𥽛𥽣𥽯𦆙𦗫𦡏𦫄𦲸𧀾𧌙𧓑𧫞𧯗𨂎𨆢𨎿𨏨𨖝𨗒𨘍𨙉𨙝𨙤𨜄𨟘𨣖𨣬𨤀𩁎𩁦𩁶𩁷𩁸𩁹𩁺𩁻𩁼𩁽𩁾𩁿𩂀𩂁𩂂𩂃𩂄𩂅𩂆𩂇𩂈𩂉𩂊𩂋𩂌𩂍𩂎𩂏𩂐𩂑𩂒𩂓𩂔𩂕𩂖𩂗𩂘𩂙𩂚𩂛𩂜𩂝𩂞𩂟𩂠𩂡𩂢𩂣𩂤𩂥𩂦𩂧𩂨𩂩𩂪𩂫𩂬𩂭𩂮𩂯𩂰𩂱𩂲𩂳𩂴𩂵𩂶𩂷𩂸𩂹𩂺𩂻𩂼𩂽𩂿𩃀𩃁𩃂𩃃𩃄𩃆𩃇𩃈𩃉𩃊𩃋𩃍𩃎𩃏𩃐𩃑𩃒𩃓𩃔𩃕𩃖𩃗𩃘𩃚𩃛𩃜𩃝𩃞𩃟𩃡𩃢𩃣𩃤𩃥𩃦𩃧𩃨𩃩𩃪𩃫𩃬𩃭𩃮𩃯𩃰𩃱𩃲𩃳𩃴𩃵𩃹𩃺𩃻𩃼𩃽𩃾𩃿𩄀𩄁𩄂𩄃𩄄𩄅𩄆𩄇𩄈𩄉𩄊𩄋𩄌𩄍𩄎𩄏𩄐𩄑𩄒𩄓𩄔𩄕𩄖𩄗𩄘𩄙𩄚𩄛𩄜𩄝𩄞𩄟𩄠𩄡𩄢𩄣𩄤𩄥𩄦𩄧𩄨𩄩𩄪𩄫𩄬𩄭𩄮𩄰𩄱𩄲𩄳𩄴𩄵𩄶𩄷𩄸𩄹𩄺𩄻𩄼𩄽𩄾𩄿𩅀𩅁𩅂𩅃𩅄𩅅𩅆𩅇𩅈𩅉𩅊𩅋𩅌𩅍𩅑𩅒𩅓𩅔𩅕𩅖𩅗𩅘𩅙𩅚𩅛𩅜𩅟𩅠𩅡𩅢𩅣𩅤𩅥𩅦𩅧𩅨𩅩𩅪𩅫𩅬𩅭𩅮𩅯𩅰𩅱𩅲𩅳𩅴𩅵𩅶𩅸𩅹𩅺𩅻𩅼𩅽𩅿𩆀𩆁𩆂𩆃𩆄𩆅𩆆𩆇𩆈𩆉𩆋𩆌𩆍𩆎𩆏𩆐𩆑𩆓𩆔𩆘𩆙𩆛𩆝𩆠𩆡𩆢𩆣𩆤𩆥𩆧𩆨𩆩𩆪𩆫𩆬𩆭𩆮𩆯𩆰𩆱𩆲𩆳𩆴𩆵𩆶𩆷𩆸𩆹𩆺𩆽𩆾𩆿𩇀𩇁𩇂𩇅𩇆𩇇𩇈𩇉𩇊𩇋𩇌𩇍𩇏𩇐𩇑𩇒𩇓𩍢𩗿𩪥𩳧𪂕𪆼𪋉𪋪𪋳𪝺𪤙𪦦𪪲𪴟𪷋𫋃𫑄𫒧𫕝𫕞𫕟𫕠𫕡𫕢𫕤𫕥𫕦𫕧𫕨𫕩𫕪𫕫𫕬𫕭𫕮𫕯𫕰𫕱𫕲𫕳𫕴𫕵𫕶𫕷𫩍𫰺𬉈𬝷𬠬𬧾𬯸𬯹𬯺𬯻𬯼𬯽𬯾𬯿𬰀𬰁𬰂𬰃𬰄𬰅𬰆𬰇𬰈𬰉𬰊𬰋𬰌𬰍𬰏𬰐𬰒𬰓𬰔𬰕𬵗𭟘𭩗𭲬𮀽𮁆𮞛𮡣𮣀𮦅𮦇𮦈𮦉𮦊𮦋𮦌𮦍𮦎𮦏𮦐𮦑𮦒𮦓𮦔𮦕𮦖𮦗𮦘𮦙𮦚𮦛𮦜𮦝𮦠𮦡𮦣𮦤𮦥𮦦𮦧𮦨𮦩𮦪𮦫𮦬𮦭𮦮𮦲𮦴𮦵𮦶𮦷𮦹𮦺𮦼𮦽𮦾𮦿𮧁𮧂𮬙𮸫𮸬𰖣𰜾𰝰𰣞𰯍𰴒𱁑𱁒𱁓𱁔𱁕𱁖𱁘𱁙𱁚𱁛𱁜𱁝𱁞𱁟𱁡𱁢𱁦𱁧𱁨𱁩𱁪𱁫𱊪𱍩𱏰𲉰𲉲𲉳𲉴𲉵𲉶𲉷𲉸𲉹𲉺𲉻𲉼𲉽𲉾𲉿𲊀𲊁𲊂𲊅𲊆𲊇𲊈𲊉𲊊𲊋𲊌𲊍𲊎𲊏𲊒𲊔𲌢𲑓𲒶𲷜𲸤𲼨𲽯𳁺𳉁𳉂𳉄𳉅𳉆𳉇𳉈𳉉𳉊𳉋𳉌𳉍𳉎𳉑𳉒𳉓𳉔𳉕𳉖𳉗𳉘𳉙𳉚𳉛𳉜𳉝𳉞𳉟𳉠𳉡𳉢𳉣𳉤𳉥𳉦𳉧𳉨𳉩𳉪𳉫𳉬𳉭𳉮𳉯𳉰𳉱𳉲𳉳𳉴𳉵𳉶𳉷𳉹𳉺𳉻𳉼𳉽𳉾𳉿𳊀𳊂𳊃𳊄𳊅𳊆𳊇𳊈𳊉𳊊𳊋𳊌𳊍𳊎𳊏𳊐𳊑𳊒𳊓𳊔𳋺𳐌
雩	㻬嫮嶀摴樗謣鄠𠻢𦉏𨖜𨬆𩅞𪄮𭄆𰶀𱗫𱴭𲲬𲿔
雪	樰膤艝轌鱈鳕𠞯𠽌𡐅𡠭𢳬𤍱𤓨𨯎𩃏𩅷𪞵𪴐𫂪𫃽𫕣𫟀𬎅𬝹𮳷𰄈𰒅𱁣
雬	𮴳𳉮
雯	𠎋𦅙𦻱𪼗𫱭𬈳
雲	䉙䨭䨺墵曇橒澐繧蕓霒霕霴霼靅靆靉𠎉𠟙𡢅𢵆𣊯𤳟𥖅𥢚𧬞𨗠𨝽𩃌𩃠𩃶𩃷𩃸𩅝𩅾𩆦𩇔𪆚𪒝𬎌𬰎𬰨𭅀𭊤𭶀𮌻𮔻𮥡𮦸𮧀𱁥𱁬𲊑𲊓𲞁𳆺𳊎
雴	霎𩄒𩅈𩆇𮦢
零	㩕㬡㯪䌢䙥䴇䴫澪燯蕶鿅𠏡𠟨𤖜𤾨𥋞𥖟𥢴𥼸𦪩𨆖𨗺𨞖𨣖𨭭𩁎𩟃𩪥𪋪𪞮𮋔𮘿𰸀𱔴𲰀𳊻𳎁
雷	㵢䍣䢮䨻擂檑癗礌蕾鐳镭霬靐鱩鿨𡀂𡃷𡢽𣀀𣰑𤐝𤢗𤮚𤴑𥋸𥩉𥵉𦆙𧒜𧒽𨆢𨎿𨙝𨷏𩁦𩂾𩃙𩅎𩅏𩆢𩇆𩍢𩑆𪆼𪤠𫑪𫶘𮦞𮦟𮦯𮦰𮦳𰀞𰊴𱁗𱁘𱁤𱚀𱯩𱺭𲑓𳉐
雹	㵡䥤𠿙𢶉𤐊𦡕𨣙𲊄
雺	霱𩄯
電	𣋔𩂬𭬋𭺀𮁋𰃕𱁠𳉏
雽	𡀛𣛲𣿋𭒢𱀸𳃥
需	㹘㽭䇕䞕䨲䰑䰰儒嚅壖嬬孺嶿懦擩曘檽濡燸獳瓀礝穤糯繻羺臑薷蠕襦譳轜醹鑐隭顬颥鱬𠟺𠣉𠧍𢐰𤻪𥀫𥀭𥌎𥎘𥐎𥜗𥤃𦈡𨷘𩆊𩆟𩍥𩪰𩴶𪋯𪎱𪴠𫏧𫗜𭮥𰶌𰿂𱈗
霄	𥍕𲬧
霅	㘊𤁳𱾳
霆	𧓴𨯊𨽕𲗚
震	𢤟𢸍𤂪𨯂𭩒𮸣
霍	㰌㱋㸌㺢䨥嚯攉曤瀖癨皬矐礭籗臛藿鸖𠐶𠠛𡓘𡾜𤜅𤣅𥽥𦒧𨘾𨟓𨯟𩟯𩧏𩱶𫔓𫕱𬸰𭟙𭺑𮜩𮦱𮦻𮫓𱁫𲸩
霓	𪝷𬰖𳀌
霖	瀮𪤰𪴖𪼬𫣼𳉥
霛	𥽮𭬵
霜	䌮孀灀礵驦骦鸘鹴𢹩𥀸𪴜𮡣𱻦𳇧𳎥
霝	㪮䡼孁櫺蘦酃醽靈麢龗𠠢𢹝𤃩𤖥𤣍𤫊𤮮𤮸𤴤𤾻𥌼𥜧𦉢𦉣𦏪𦫃𧕅𧢥𧲙𧾮𨟮𨯻𨷰𩆒𩆕𩆖𩆚𩆜𩆞𩆻𩆼𩇃𩇄𩇎𩖊𩰂𩵀𩵁𩵂𪈝𪋶𪛈𫲚𫻝𬰑𰒡𰼂𱆢𱇉𲰐𳉸
霞	𡄟𡤕𣌊𤫑𧄁𧕖𨙉𪸀𬘐
霤	㽌𣠚𤄐
霧	𧅑𫝞𬉮
露	虂𤅟𤫢𥸐𭍆𮱛
霸	䃻壩欛灞𢥻𢺞𤫦𩽷𬧞𬶻
霹	𫕶𮦾𲘕
靃	籱𠠰𧆑𩆿
靈	㦭䄥䉹䖅䚖䡿䰱䴒欞爧𠠱𠣋𡿡𢌔𢺰𣌟𤅷𤖦𤜙𤣤𤫩𤮹𤿅𥘃𥤞𥩔𥾂𦏰𦫊𧖜𧟙𧢱𧯙𨟯𨤍𨽲𩑊𩟽𭩗𰶰𱘟𲑪𲘛𳑄
靑	䑶䝼䨝䨼倩凊啨圊埥婧崝情掅晴棈氰淸猜皘睛碃箐精綪聙腈菁蜻請輤郬錆靕靖靗靘静靚靛靜靝鯖鶄鼱𠝜𡁔𢃢𢉑𥶹𦑊𧃠𧚫𨓽𨿬𩇕𩇖𩇗𩇛𩇜𩇞𩇠𩇣𩓨𩗼𩜎𪂴𫏏𫕻𫘋𭭦𭼓𮃇𮤒𮧞𰚞𰠟
青	䑶䝼䞍䨝䨼䴖倩凊啨圊埥婧寈崝情掅晴棈氰清猜皘睛碃箐精綪聙腈菁蜻請请輤郬錆锖靓靔靕靖靗靘静靚靛靜靝鯖鲭鶄鼱𠝜𡁔𡃑𡸺𢃢𢉑𣮛𤀜𤎓𤦭𤲟𦑊𦑖𧃠𧚫𨓽𨿬𩇕𩇖𩇗𩇘𩇙𩇚𩇛𩇜𩇞𩇠𩇡𩇢𩇣𩇤𩇥𩓨𩗼𩜎𪂴𫏏𫕸𫕹𫕺𫕻𫕼𫸎𬘬𬮬𬰗𬰘𬺚𭓉𭛯𭴼𮄄𮧃𮸨𮸭𮹉𰗂𰘫𰝡𰺉𱁭𱁮𱓪𱥭𲄤𲊕𲊖𲊗𲊘𳊕𳊖𳊗
靖	𥴰𦽴
靘	濪𩇝
静	瀞𥶹𮱙
靚	㵾儬𡃁𩇟
靜	瀞𥶹𧂮𨷧𫣺𬎛𭟝𱘕𳇙
非	㐟㒎㠧㪪㫵㹃㻗䃺䊳䠊䤵䥆䨽䨾䨿䩀䩁䫍俳剕匪厞啡奜婓婔孊屝徘悱悲戂扉排攠斐暃棐棑毴渄灖猅猆琲痱緋绯罪翡腓菲蘼蜚裴裵裶誹诽輩輫辈陫霏靟靠靡韭餥馡騑鯡鲱𠓿𠢻𠣊𠣋𡁭𡈚𡌦𡔭𡘼𡨰𡫗𡳕𡿌𢒺𢖥𢨆𢵞𢾺𣔉𣠻𣡂𣾝𤊬𤓒𤗋𤦅𤾅𤿻𥇖𥇪𥟍𥦯𥺘𥺟𥼞𦆷𦇺𦋛𦖕𦣆𦩋𦻅𦻰𧁝𧇁𧍃𧓊𧔒𧕿𧾁𨓿𨛬𨰞𨵈𩇩𩇪𩇫𩇬𩇭𩇮𩇯𩇰𩇱𩇲𩇳𩇴𩇵𩇶𩇷𩇸𩇹𩇺𩇻𩇼𩇽𩇾𩇿𩈀𩈁𩉚𩋂𩎻𩻲𪁹𪂏𪂞𪶬𪿨𫅪𫕽𫕾𫕿𫸝𬏿𬐤𬚀𬜞𬞃𬰙𬰚𬰛𬰜𬰝𬰞𬰟𬴂𭔡𭣻𭬽𭽜𮀦𮤁𮧄𮧅𮧆𮧇𮫊𰈖𰞴𰣱𰨅𰪂𰶝𰺎𰻾𰼌𰼒𰾐𱁯𱎇𱖾𱲆𱴎𲊙𲌬𲐆𲧿𳁐𳊘𳊙𳊚
靠	㸆𣞳𨘴𨯕𫣶𮧈𱡇
靡	㠧㸏䃺䊳䭩劘孊戂攠灖爢蘼釄𡿐𢌁𢌑𢖥𣡂𤓒𦇺𦔭𦣆𨇻𨰞𩉚𪎫𪎮𮃷
面	㮌䤄䩂䩃䩄䩅䩆䩇䩈䩉䩊䩋䩌䩍䩎䩏偭勔喕圙奤媔愐湎糆緬缅腼蝒蠠靤靥靦靧靨麵麺𠖪𠷰𠼟𡫍𢃮𢋏𢹙𣮻𣮿𤃨𤚛𤟯𥈅𥽯𦫥𦵀𧩤𧼸𨉥𨕂𨜧𩈃𩈄𩈅𩈆𩈇𩈈𩈉𩈊𩈋𩈌𩈍𩈎𩈏𩈐𩈑𩈒𩈓𩈔𩈕𩈖𩈗𩈘𩈙𩈚𩈛𩈜𩈝𩈞𩈟𩈠𩈡𩈢𩈣𩈤𩈥𩈦𩈧𩈨𩈩𩈪𩈫𩈬𩈭𩈮𩈯𩈰𩈱𩈲𩈳𩈴𩈵𩈶𩈷𩈸𩈹𩈺𩈻𩈼𩈽𩈾𩈿𩉀𩉁𩉂𩉃𩉄𩉅𩉆𩉇𩉈𩉉𩉊𩉋𩉌𩉍𩉎𩉏𩉐𩉑𩉒𩉓𩉔𩉕𩉖𩉗𩉘𩉙𩉚𩋠𩔁𩖋𩤤𩳾𩹠𪓱𫏔𫖀𫖁𫖂𫖃𫖄𫗖𫘏𫞑𬍵𬏶𬰠𬰡𬰢𬰣𭊩𭎹𮅥𮆖𮧉𮧊𮧋𮧌𮧍𮧎𮧐𮧑𮧒𮨡𮲎𰔆𰝰𰷉𱁰𱚦𱳢𱵴𱿑𲊚𲘬𳂌𳊛𳌔
靣	𠓮𠡳𡞎𣮗𥧘𨡞𪎎𫪓𬍭𬗟𬹃𭛱𭰫𮧏
革	㗆㮖㴖㵮䐙䨣䩐䩑䩒䩓䩔䩕䩖䩗䩘䩙䩚䩛䩜䩝䩞䩟䩠䩡䩢䩣䩤䩥䩦䩧䩨䩩䩪䩫䩬䩭䩮䩯䩰䩱䩲䩳䩴䩵䩶䩷䩸䩹䩺䩻䩼䩽䩾䩿䪀䪁䪂䪃䪄䪅䪆䪇䪈䪉䪊䪋䪌䪍䪎䳬勒嘞堇愅煂緙缂羁諽靪靫靬靭靮靯靰靱靲靳靴靵靶靷靸靹靺靻靼靽靾靿鞀鞁鞂鞃鞄鞅鞆鞇鞈鞉鞊鞋鞌鞍鞎鞏鞐鞑鞒鞓鞔鞕鞖鞗鞘鞙鞚鞛鞜鞝鞞鞟鞠鞡鞢鞣鞤鞥鞦鞧鞨鞩鞪鞫鞬鞭鞮鞯鞰鞱鞲鞳鞴鞵鞶鞷鞸鞹鞺鞻鞼鞽鞾鞿韀韁韂韃韄韅韆韇韈韉韊韚𠌙𠏏𠏽𡃈𡅤𡟍𡣐𢃲𢯹𢳝𣂷𣂼𣎤𣼷𤏊𤒿𤠇𤭫𥨳𦍈𦍊𦑜𦣄𦫒𦻵𧈎𧤒𨍝𨏚𨐥𨔷𨙀𨞋𨟨𨻜𩁚𩁢𩉛𩉜𩉝𩉞𩉟𩉠𩉡𩉢𩉣𩉤𩉥𩉦𩉧𩉨𩉩𩉪𩉫𩉬𩉭𩉮𩉯𩉰𩉱𩉲𩉳𩉴𩉵𩉶𩉷𩉸𩉹𩉺𩉻𩉼𩉽𩉾𩉿𩊀𩊁𩊂𩊃𩊄𩊅𩊆𩊇𩊈𩊉𩊊𩊋𩊌𩊍𩊏𩊐𩊑𩊒𩊓𩊔𩊕𩊖𩊗𩊘𩊙𩊚𩊛𩊜𩊝𩊞𩊟𩊠𩊡𩊢𩊣𩊤𩊥𩊦𩊧𩊨𩊩𩊪𩊫𩊬𩊭𩊮𩊯𩊰𩊱𩊲𩊳𩊴𩊵𩊶𩊷𩊸𩊹𩊺𩊻𩊼𩊽𩊾𩊿𩋀𩋁𩋂𩋃𩋄𩋅𩋆𩋇𩋈𩋉𩋊𩋋𩋌𩋍𩋎𩋏𩋐𩋑𩋒𩋓𩋔𩋕𩋖𩋗𩋘𩋙𩋚𩋛𩋜𩋝𩋞𩋟𩋠𩋡𩋢𩋣𩋤𩋥𩋦𩋧𩋨𩋩𩋪𩋫𩋬𩋭𩋮𩋯𩋰𩋱𩋲𩋳𩋴𩋵𩋶𩋷𩋸𩋹𩋺𩋻𩋼𩋽𩋾𩋿𩌀𩌁𩌂𩌃𩌄𩌅𩌆𩌇𩌈𩌉𩌊𩌋𩌌𩌍𩌎𩌏𩌐𩌑𩌒𩌓𩌔𩌕𩌖𩌗𩌘𩌙𩌚𩌛𩌜𩌝𩌞𩌟𩌠𩌡𩌢𩌣𩌤𩌥𩌦𩌧𩌨𩌩𩌪𩌫𩌬𩌭𩌮𩌯𩌰𩌱𩌲𩌳𩌴𩌵𩌶𩌷𩌸𩌹𩌺𩌻𩌼𩌽𩌾𩌿𩍀𩍁𩍂𩍃𩍄𩍅𩍆𩍇𩍈𩍉𩍊𩍋𩍌𩍍𩍎𩍏𩍐𩍑𩍒𩍓𩍔𩍕𩍖𩍗𩍘𩍙𩍚𩍛𩍜𩍝𩍟𩍠𩍡𩍢𩍣𩍤𩍥𩍦𩍧𩍨𩍩𩍪𩍫𩍬𩍭𩍮𩍯𩍰𩍱𩍲𩍳𩍴𩍵𩍶𩍷𩍸𩍹𩍺𩍻𩍼𩍽𩍾𩍿𩎀𩎁𩎂𩎃𩎄𩎅𩎆𩎇𩎈𩎉𩎊𩎋𩎌𩎍𩎎𩎏𩎐𩎑𩔈𩥕𩩸𪇼𪔨𪟋𪨒𪩗𫕮𫕳𫖅𫖇𫖈𫖉𫖊𫖋𫠅𬰤𬰥𬰦𬰧𬰨𬰩𬱭𭳻𭹤𮀆𮄤𮗋𮧔𮧕𮧖𮧗𮧘𮧙𮧚𮧛𮧜𮧝𮧞𮧟𮧠𮧡𮧢𮧣𮧥𮧦𮧧𮧨𮧩𮧪𮧫𮧬𮧭𮪏𮸮𰥵𱁱𱁲𱁳𱁴𱁵𱁶𱁷𱁸𱁹𱁺𱁻𱁼𱁽𱁾𱎼𱗋𱿲𲇒𲊛𲊜𲊞𲊟𲊠𲊡𳊜𳊝𳊞𳊟𳊠𳊡𳊢𳊣𳊤𳊥𳊦𳊧𳊨𳊩𳋆
靳	龩𨭠𬎔
靴	㗾𢶤𫫸𬆌𬩑𲢷
鞁	𡣐𥌕
鞋	嚡𲑜
鞍	𧁟𭺧
鞠	巈蘜驧𠮑𡖁𥷥
鞫	𧄛𨰌𩧛𮆾
韋	㙔䍷䘙䪏䪐䪑䪒䪓䪔䪕䪖䪗䪘䪙䪚䪛䪜䪝偉喡圍媁幃徫愇暐椲湋煒瑋禕稦緯葦衛褘諱違郼鍏闈韌韍韎韏韐韑韒韓韔韕韖韗韘韙韚韛韜韝韞韟韠韡韢韣韤韥颹𠥎𡺨𢯷𢾁𢾝𣪡𤸆𥀊𥔬𥯤𥲾𦑻𦗇𦝛𦼽𦽞𧍫𨙈𨜢𩋾𩎒𩎓𩎔𩎕𩎖𩎗𩎘𩎙𩎚𩎛𩎜𩎝𩎞𩎟𩎠𩎡𩎢𩎣𩎤𩎥𩎦𩎧𩎨𩎩𩎪𩎫𩎬𩎭𩎮𩎯𩎰𩎱𩎲𩎳𩎴𩎵𩎶𩎷𩎸𩎹𩎺𩎻𩎼𩎽𩎾𩎿𩏀𩏁𩏂𩏃𩏄𩏅𩏆𩏇𩏈𩏊𩏋𩏌𩏎𩏏𩏐𩏑𩏒𩏓𩏔𩏕𩏖𩏗𩏘𩏙𩏚𩏛𩏜𩏝𩏞𩏟𩏠𩏡𩏢𩏣𩏤𩏥𩏦𩏧𩏨𩏩𩏪𩏫𩏬𩏭𩏮𩏯𩏰𩏱𩏲𩏳𩏴𩏵𩏶𩏷𩏸𩏹𩏺𩏻𩘚𩤮𩳷𪫀𪾃𪾳𫁨𫌱𫎞𫖌𫖍𫖎𫖏𫖐𫠄𬉧𬰪𬰫𬰬𬰭𬰮𬰯𬰰𭄵𭞈𮧱𮧲𮧳𮬄𰆔𱁿𱂀𱂁𱂂𱥓𲊢𲊣𲊤𲻣𳃀𳊪
韓	𧃙𬉧𲗿
韦	㭏伟围帏炜玮祎纬苇袆讳违闱韧韨韩韪韫韬鿰𠨼𣲗𩏼𩏽𩏾𩏿𩐀𪭝𫁳𫃗𫖑𫖒𫖓𫖔𫖕𫖖𫠅𫰍𫵶𫹴𬀩𬙭𬣀𬬬𬰱𬰲𬰳𬰴𬰵𬰶𬰷𬰸𬱵𮧴𮧵𮰔𮵆𮵊𮵠𮶔𮸯𮸰𰉘𱂃𱂄𱂅𱂆𱂇𱂈𱂉𱂊𱂋𱂌𲅀𲊥
韩	鿰𲦭
韭	㔐㻗䪞䪟䪠䪡䪢䪣䪤䪥韮韯韰韱韲齏齑𠎷𠏪𠑯𠟜𠠃𠢾𠬘𡒁𡡰𡢭𡤪𢌁𢨁𢻨𣞯𣩶𤑪𤦅𤫧𤾿𦺅𦼩𦿱𧅱𧆌𧆙𧕂𧞁𧾓𨆂𨰕𨷆𩆅𩆷𩇱𩇲𩎋𩐁𩐂𩐃𩐄𩐅𩐆𩐇𩐈𩐊𩐋𩐌𩐍𩐎𩐏𩐐𩐑𩐒𩐓𩐔𩟶𩽍𫂰𫓤𫦟𬕵𬝛𭪾𭬔𭬹𭮞𭲴𭳷𮑸𮨝𰲅𰲗𱂍𱂎𱐣𱙲𱳙𲊦𲼬
韮	𡢪𲰄
韯	㩥㰇䃱䘂䜟懴殱瀐籖纎𡣳𡾺𤢷𦢙𧆂𧞬𨏓𨣲𨯒𨰸𨷡𩆧𩯶𩽅𬶸𭀁𭋲𭗨𰚵
韰	㒠瀣𡤋𢤯𢤰𧂊𧭸𩐉𩽍
韱	㡨㺤䃸䆎䊱䑎䘋䤘孅懺攕櫼殲瀸籤纖襳讖谶鑯𡄑𡾺𢖝𣰷𣱰𤒯𤼋𥍀𧃖𨇦𨏪𩆷𩉔𩟶𩰁𪖎𰿈𱏢
韲	虀𠑠𤅈
音	㛺䅧䜾䤃䪦䪧䪨䪩䪪䪫䪬䪭䪮䪯䪰䬓偣喑堷嬜意愔戠揞摿暗歆湆瘖窨竟章罯腤萻諳谙闇隌韴韵韶韷韸韹韺韻韼韽韾響頀鶕黯鿷𠆒𠗥𠿌𡩘𡺈𡺞𢄈𢉩𢥺𢶹𢻕𢾑𢾚𣄕𣤗𣤣𤋾𤟟𤪅𤭵𤼕𥃚𥃛𥏮𥚱𥻚𦂺𦋫𦖢𧗹𧡱𧯹𨍑𨙣𩄒𩆢𩇄𩈴𩐗𩐘𩐙𩐚𩐛𩐜𩐝𩐞𩐟𩐠𩐡𩐢𩐣𩐤𩐥𩐦𩐧𩐨𩐩𩐪𩐫𩐬𩐭𩐮𩐯𩐰𩐱𩐲𩐳𩐴𩐵𩐶𩐷𩐸𩐹𩐺𩐻𩐼𩐽𩐾𩐿𩑀𩑁𩑂𩑃𩑄𩑅𩑆𩑇𩑈𩑉𩑊𩩿𩮋𩹎𪔧𪛏𪟠𪱐𪳀𪵦𪾲𫅬𫖗𫖘𫖙𫖚𫖛𫖜𫗊𫦊𫨏𬇂𬛯𬮴𬰹𬰺𬰻𬰼𬰽𬰾𬸝𭋎𭟛𮗋𮛾𮢣𮧡𮧶𮧷𮧸𮧹𮧺𮧼𮧽𮧾𮧿𮮜𮸱𮸲𮸳𮸷𰪍𰼝𱂏𱂐𱂑𱂒𱂓𱄧𱠞𱿺𲁘𲊧𲊨𲠰𲩨𲳴𳁂𳊫𳊬𳊭𳊮𳊯𳊰𳊱𳐹𳑡
韶	𪷰𱕑𱡁
韻	𡅙𢥫
頁	㑯㖽㘖㛲㥧㰋㰜㴿㶊䅡䋶䐓䪱䪲䪳䪴䪵䪶䪷䪸䪹䪺䪻䪼䪽䪾䪿䫀䫁䫂䫃䫄䫅䫆䫇䫈䫉䫊䫋䫌䫍䫎䫏䫐䫑䫒䫓䫔䫕䫖䫗䫘䫙䫚䫛䫜䫝䫞䫟䫠䫡䫢䫣䫤䫥䫦䫧䫨䫩䫪䫫䫬䫭䫮䫯䫰䫱䫲䫳䫴䫵䫶䫷䭭䯪䰅傾噸嚬嚻囂崸幁擷攧暊湏澦瀕灝灦煩碩禵纇纈蝢襭頂頃頄項順頇須頉頊頋頌頍頎頏預頑頒頓頔頕頖頗領頙頚頛頜頝頞頟頠頡頢頣頤頦頧頨頩頪頫頬頭頮頯頰頱頲頳頵頶頷頸頹頺頻頼頽頿顀顁顂顃顄顅顆顇顉顊顋題額顎顏顐顑顒顓顔顕顖顗願顙顚顛顜顝類顟顠顡顢顣顤顥顦顧顩顪顫顬顭顮顯顱顲顳顴龥鿓𠎡𠐬𠐺𠐾𠑘𠑯𠖩𠽒𠽸𡂄𡄶𡅑𡅥𡅪𡆘𡡓𡤉𡯺𡺋𢖤𢝊𢥤𢥨𢦁𢶄𢹉𢹟𢹻𣄩𣄫𣛪𣛿𣠢𣡲𣪀𣽥𣾢𤀪𤁪𤁫𤁾𤂌𤂔𤃑𤃣𤄭𤄰𤅆𤅎𤅓𤅡𤢺𥈗𥊾𥌨𥍎𥎀𥚴𥜛𥜝𥢙𥪙𥵝𥸊𥸤𦅐𦅨𦇖𦖦𦫤𦹗𧄴𧅙𧢪𧩬𨂠𨇐𨇪𨈀𨔞𨗶𨢣𨬗𨮌𨲙𨵪𨽗𩎌𩐳𩑌𩑍𩑎𩑏𩑐𩑑𩑒𩑓𩑔𩑕𩑖𩑗𩑘𩑙𩑚𩑛𩑜𩑝𩑞𩑟𩑠𩑡𩑢𩑣𩑤𩑥𩑦𩑧𩑨𩑩𩑪𩑫𩑬𩑭𩑮𩑯𩑰𩑱𩑲𩑳𩑴𩑵𩑶𩑷𩑸𩑹𩑺𩑻𩑼𩑽𩑾𩑿𩒀𩒁𩒂𩒃𩒄𩒅𩒆𩒇𩒈𩒉𩒊𩒋𩒌𩒍𩒎𩒏𩒐𩒑𩒒𩒓𩒔𩒕𩒖𩒗𩒘𩒙𩒚𩒛𩒜𩒝𩒞𩒟𩒠𩒡𩒢𩒣𩒤𩒥𩒦𩒧𩒨𩒩𩒪𩒫𩒬𩒭𩒮𩒯𩒰𩒱𩒲𩒳𩒴𩒶𩒷𩒸𩒺𩒻𩒼𩒽𩒾𩒿𩓀𩓁𩓂𩓃𩓄𩓅𩓆𩓇𩓈𩓉𩓊𩓋𩓌𩓍𩓎𩓏𩓐𩓑𩓒𩓓𩓔𩓕𩓖𩓗𩓘𩓙𩓚𩓛𩓜𩓝𩓞𩓟𩓠𩓢𩓣𩓤𩓥𩓦𩓧𩓨𩓩𩓪𩓫𩓬𩓭𩓮𩓯𩓰𩓱𩓲𩓳𩓴𩓵𩓶𩓷𩓸𩓹𩓺𩓻𩓼𩓽𩓿𩔀𩔁𩔂𩔃𩔄𩔅𩔆𩔇𩔈𩔉𩔊𩔋𩔌𩔍𩔎𩔏𩔐𩔑𩔒𩔓𩔔𩔕𩔖𩔗𩔘𩔙𩔚𩔛𩔜𩔝𩔞𩔟𩔡𩔢𩔣𩔤𩔥𩔦𩔧𩔨𩔩𩔪𩔫𩔬𩔭𩔮𩔯𩔰𩔱𩔲𩔳𩔴𩔵𩔶𩔷𩔸𩔹𩔺𩔻𩔼𩔽𩔿𩕀𩕁𩕂𩕃𩕄𩕅𩕆𩕇𩕈𩕉𩕊𩕋𩕌𩕍𩕎𩕏𩕐𩕑𩕒𩕓𩕔𩕕𩕖𩕗𩕘𩕙𩕚𩕜𩕝𩕞𩕟𩕠𩕡𩕢𩕣𩕤𩕥𩕦𩕨𩕩𩕪𩕫𩕬𩕭𩕮𩕯𩕰𩕱𩕲𩕳𩕴𩕵𩕶𩕷𩕸𩕹𩕺𩕻𩕼𩕽𩕾𩕿𩖀𩖁𩖂𩖃𩖄𩖅𩖆𩖇𩖈𩖉𩖊𩖋𩖌𩖍𩖎𩖏𩖐𩖑𩖒𩖔𩝗𪏔𪑸𪕯𪗎𪚉𪝽𪫇𪴣𪹺𫖝𫖞𫖟𫖠𫖡𫖢𫖣𫖤𫖥𫖧𫖨𫖩𫚆𫨌𫳜𫴉𫸔𫹧𬅁𬉐𬊪𬘂𬤴𬰄𬰿𬱀𬱁𬱂𬱃𬱅𬱆𬱇𬱈𬱉𬱊𬱋𬱌𬱏𬱐𬱑𬱒𬷢𭀂𭋴𭌍𭍋𭎸𭐐𭚻𭨖𭬻𭮷𭳥𭺌𮖗𮟖𮣍𮣯𮨀𮨁𮨂𮨃𮨄𮨅𮨆𮨇𮨈𮨉𮨊𮨋𮨌𮨎𮨏𮨐𮨑𮨒𮨓𮨔𮨕𮨖𮨗𮨘𮨙𮨚𮨛𮨜𮨝𮨞𮨟𮨠𮨡𮨢𮨣𮨤𮨥𰃉𰊹𰜏𰨔𰸵𱂔𱂕𱂖𱂗𱂘𱂙𱂚𱂛𱂜𱂝𱂞𱂟𱐇𱠽𱤲𱩤𱶥𱼖𲉮𲊪𲊫𲊬𲊭𲊮𲊯𲊰𲊱𲊲𲊳𲊴𲊵𲊶𲊷𲋛𲎘𲖤𲗆𲗞𲘋𲘑𲚡𲢻𲪖𲪵𲬵𲭍𲮖𳂽𳇠𳊳𳊴𳊵𳊶𳊷𳊸𳊹𳊺𳊻𳊼𳊽𳍟
頂	㴿嵿𠽒𩑸𬗀𬱎
頃	㯋䔛傾廎潁熲穎蹞頴顈𠼴𣻯𣻳𨢣𨫫𨻺𩑽𩒠𩒨𩒵𩓙𪩌𪷿𫖝𬱄𮟂𮨍𰃅𰪕𲛪
項	䁰澒𠾿𡼔𢠷𢴦𦺣𨬰𬄝𬿦𭩆𰉔𰽈
順	𫖦𬱍𲖤
頇	𣽥𩒖
須	䇓嬃澃盨蕦頾鬚𠾫𢄼𢊼𢒷𣌌𣛪𥳗𦄼𦅓𨅑𨬗𩅺𩒹𩓾𩔾𪆦𮖶𱲟𲅻
頉	𢺕𰸰
頊	𨘀𬿰
頍	𨆆𩓡
預	澦蕷𠟹𣛿𥎀𨮌𬘂𱠽𲊸𲗆𲺿𳃨
頑	㹕𤻆𱑂
頓	噸𦡋𦼿𰔫𲆁𲲱𲴍
頗	櫇𠠉𡂄𡽠𢷧𤀪𨆵𬖾𭗣
領	䕘嶺𡽹𢋞𥵝𦆺𰈼𲪜
頝	纐𫹨
頡	擷纈襭𤂌𤢺𥜝𧀺𫹧𬅁𭀂𭋴
頣	㶊頥𭟏
頪	𤁾𥌨𬕿
頭	䕱𡾣𢸸𤃌𨯲𨷩𫷒𭀆𲗪
頴	蘏𣟓𪷿𭌑
頶	𭜊𭳥
頹	㿗瀩蘈𣟩𦢶𧔾𨯸
頺	𠐬𡾫𤒟𦢶𬟒𲚡
頻	㰋嚬瀕蘋顰𠐺𡤉𥷎𦇖𧔪𧭹𨏞𨽗𫵍𫶡𮜫𳌬
頼	瀬𪈈
頽	㿗瀩蘈
題	禵𢖤𣠢𤄭𳇠
額	𡅅𡿃𢹷𣌔𥗳𪭄𰳦𲧢𲻀𳊾
顏	㘖𫌧𫻤
顒	𡅑𡿅𥍎𱿂𲍪
顔	㘖𤄰
願	𡅪𢥧𩖒𫚆𭬻
顙	𣌛𲘑
顚	㰜巓攧癲𠑘𠖩𠫉𡬅𣪀𧄺𪚉𬵽𱸲
顛	巔攧癲𠑘𠖩𠫉𡅥𡬅𣪀𧄺𨈀𪓇𪚉𲎗𲎘
類	禷蘱類𡔇𤄹𨰥𫔕
顡	𥸊𧅙
顥	灝𭐐𭨖𰃉
顯	灦𡆘𣡲𧖙𩎌𩎍
页	㑔嚣撷滪濒灏烦硕缬顶顷顸项顺须顼顽顾顿颀颁颂颃预颅领颇颈颉颊颋颌颏颐频颒颓颔颗题颙颚颛颜额颞颟颠颡颢颣颤颥颧鿒𩖕𩖖𩖗𫖪𫖫𫖬𫖭𫖮𫖯𫖰𫖱𫖲𫖳𫖴𫖵𫖶𫖷𫖸𫖹𫖺𫠆𫫾𫬟𬃲𬈱𬈾𬥈𬧚𬱓𬱔𬱕𬱖𬱗𬱘𬱙𬱚𬱛𬱜𬱝𬱞𬱟𬱠𬱡𬱢𬱣𬱤𬱥𬱦𬱧𬱨𬱩𬱪𬱫𬱬𬱭𬱮𬱯𬱰𬱱𬱲𬱳𬺂𭣇𮖱𮰗𮲟𮲺𮷦𮸴𮸵𮸶𮸷𮸸𮸹𰉁𰛽𰨖𰲒𰽳𱂠𱂡𱂢𱂣𱂤𱂥𱂦𱂧𱂨𱂩𱂪𱂫𱂬𱂭𱂮𱂯𱂰𱂱𱂲𱂳𱂴𱂵𱂶𱂷𱂸𱂹𱂺𱂻𱆚𱓝𲊹𲊺𲊻𲊼𲊽𲊾𲊿𲋀𲋁𲋂𲋃𳊿
顶	𰛽𲊻
顷	倾庼颍颎颕颖𪠌𲩕𲼇
项	𫽙𬃛𭱊𰱝𱛷
顺	𫯮𱓝
须	媭𪾔𫷈𬘳𰩧𳌥
预	滪蓣𮷦
领	𬕬𱜇
颉	撷缬𮖱𮲺𲼱
频	濒颦𫍐𫫾𬞟𮸺𲿻
颓	𤻊𬉏𰲁
颠	巅癫𫬟𬧚𭣇
颢	灏𮰗
風	㜄䑺䫸䫹䫺䫻䫼䫽䫾䫿䬀䬁䬂䬃䬄䬅䬆䬇䬈䬉䬊䬋䬌䬍䬎䬏䬐䬑䬒䬓䬔䬕䬖䬗䬘䬙䬚䬛䬜䬝䬞䬟偑堸嵐楓檒渢煈猦瘋碸葻諷闏颩颪颫颬颭颮颯颰颱颲颳颴颵颶颷颸颹颺颻颼颽颾颿飀飁飂飃飄飅飆飇飈飉飊飋飌飍𠑒𠷕𡺤𢞁𢱚𣄖𣈼𣽝𤅜𤧑𥢓𥣍𥷜𦂱𦣕𧍯𨐦𨺢𩄏𩖘𩖙𩖚𩖛𩖜𩖝𩖞𩖟𩖠𩖡𩖢𩖣𩖤𩖥𩖦𩖧𩖨𩖩𩖪𩖫𩖬𩖭𩖮𩖯𩖰𩖱𩖲𩖳𩖴𩖵𩖶𩖷𩖸𩖹𩖺𩖻𩖼𩖽𩖾𩖿𩗀𩗁𩗂𩗃𩗄𩗅𩗆𩗇𩗈𩗉𩗊𩗋𩗌𩗍𩗎𩗏𩗐𩗑𩗒𩗓𩗔𩗕𩗖𩗗𩗘𩗙𩗚𩗛𩗜𩗝𩗞𩗟𩗠𩗡𩗢𩗣𩗤𩗥𩗦𩗧𩗨𩗩𩗪𩗫𩗬𩗭𩗮𩗯𩗰𩗱𩗲𩗳𩗴𩗵𩗶𩗷𩗸𩗹𩗺𩗻𩗼𩗽𩗾𩗿𩘀𩘁𩘂𩘃𩘄𩘅𩘆𩘇𩘈𩘉𩘊𩘋𩘌𩘍𩘎𩘏𩘐𩘑𩘒𩘓𩘔𩘕𩘖𩘗𩘘𩘙𩘚𩘛𩘜𩘝𩘞𩘟𩘠𩘡𩘢𩘣𩘤𩘥𩘦𩘧𩘨𩘩𩘪𩘫𩘬𩘭𩘮𩘯𩘰𩘱𩘲𩘳𩘴𩘵𩘶𩘷𩘸𩘹𩘺𩘻𩘼𩘽𩘾𩘿𩙀𩙁𩙂𩙃𩙄𩙅𩙆𩙇𩙈𩙉𩙊𩙋𩙍𩙎𩙏𩙐𩙑𩙒𩙓𩙔𩙕𩙖𩙗𩙘𩙙𩙚𩙛𩙜𩙝𩙞𩙟𩙠𩙡𩙢𩙤𩹥𪋖𪕴𫖻𫗅𫗆𬕜𬬣𬱴𬷣𭂖𮨦𮨧𮨨𮨩𮨪𮨫𮨬𮨭𮨮𮨯𮨰𮨱𮨲𮨳𱂼𱂽𱂾𱂿𱃀𱃁𱃂𱃃𱃄𱃅𱃆𱃇𱃈𱃉𱃊𱃋𱃌𱃍𱃎𱃏𱃐𱃑𱃒𱃓𲋅𲋆𲋉𲋊𲋌𲋍𲘒𳋀𳋁𳋂𳋃𳋄𳋅𳋆𳋇𳋈𳋉𳋊𳋋𳋌𳌦
飄	𤅜𦣕𲘒
风	㐽㚯岚枫沨疯砜讽飏飐飑飒飓飔飕飖飗飘飙飚𩙥𩙦𩙧𩙨𩙩𩙪𩙫𩙬𩙭𩙮𩙯𩙰𫗇𫗈𫗉𫗊𫗋𫠇𫠈𬜥𬰲𬱵𬱷𬱸𬱺𬱼𬱽𬱾𬱿𬲀𬲅𬲆𬳳𭪫𮨴𮨵𮲂𮳠𮴆𮵭𮷻𮸻𮸼𰃶𰒴𱃔𱃕𱃖𱃗𱃘𱃙𱃚𱃛𱃜𱃝𱃞𱃟𱃠𱼸𲋎𲋏𲋐𲋑𲔒𳋍𳋎
飛	䙍䬠䬡榌飜飝騛𠋉𢑮𢝵𢞵𦂹𦴧𨕗𩙲𩙳𩙴𩙵𩙶𩙷𩙸𩙹𩙺𩙻𩙼𩙽𩙾𩹉𪚢𪮕𫍄𫗿𫛊𫜛𫫁𬠞𱢗𲋒𲏯𲩭𳋑𳌾𳑤
飞	飛𠃧𩄩𩙱𫗌𬲉𬾘𭮖𮨶𮳛𮶞𮶻𮸽𮹂𰼠𱙆𱢿𱭙𱿙𲆧𲋓
食	䉵䓹䬤䬥䬩䬭䬸䭁䭆䭌䭕喰湌篒飡飧飨飱飸飺餈養餋餍餐餥餮饏饔饕饗饜𠋡𠥗𠩸𡄄𡒶𣈮𤸤𤼛𨢁𨩭𩚇𩚏𩚓𩚜𩚴𩚷𩚻𩚾𩛁𩛈𩛒𩛕𩛗𩛚𩛛𩛢𩛰𩛳𩛻𩜔𩜕𩜢𩜥𩜨𩜬𩜸𩜻𩜾𩝓𩝕𩝖𩝦𩝩𩝫𩝵𩝶𩞁𩞂𩞇𩞌𩞎𩞐𩞕𩞚𩞟𩞠𩞣𩞤𩞨𩞹𩞺𩟗𩟚𩟨𩟷𩟸𩩶𩮍𩽐𪞓𪦿𫔨𫗍𫗚𫷸𬨷𬲏𬲑𬲕𬲖𬲟𮇯𮔣𮖛𮩄𮩆𮩑𮩕𮩚𮴧𰙰𱃤𲋖𲋗𲋛𳋙𳋧
飠	㔦㔲䬢䬣䬦䬧䬨䬪䬫䬬䬮䬯䬰䬱䬲䬳䬴䬵䬶䬷䬹䬺䬻䬼䬽䬾䬿䭀䭂䭃䭄䭅䭇䭈䭉䭊䭋䭍䭎䭐䭑䭒䭓䭔䭖䭗䭘䭙䭚䭛䭝䭞䭟䭠䭡䭢䭣䭤䭥䭦䭧䭨䭩䶿蝕飢飣飤飥飦飩飪飫飭飯飰飲飳飴飵飶飷飹飻飼飽飾飿餀餁餂餃餄餅餆餇餉餌餎餏餑餒餓餔餕餖餗餘餙餚餛餜餝餞餟餠餡餢餣餤餦餧館餩餪餫餬餭餯餰餱餲餳餴餵餶餷餸餹餺餻餼餽餾餿饀饁饂饃饄饅饆饇饈饉饊饋饌饍饎饐饑饒饓饖饘饙饚饛饝饞饟饠饡饢𠥗𡓉𤏼𥴝𧈐𧐂𩚂𩚄𩚅𩚆𩚈𩚉𩚊𩚋𩚌𩚍𩚎𩚐𩚑𩚒𩚔𩚕𩚖𩚗𩚘𩚙𩚚𩚛𩚝𩚞𩚟𩚠𩚡𩚢𩚣𩚤𩚥𩚦𩚧𩚨𩚩𩚪𩚫𩚬𩚭𩚮𩚯𩚰𩚱𩚲𩚳𩚵𩚶𩚸𩚹𩚺𩚼𩚽𩚿𩛀𩛂𩛃𩛄𩛅𩛆𩛇𩛉𩛊𩛋𩛌𩛍𩛎𩛏𩛐𩛑𩛓𩛔𩛘𩛙𩛜𩛝𩛞𩛟𩛠𩛡𩛣𩛤𩛥𩛦𩛧𩛨𩛩𩛪𩛫𩛭𩛮𩛯𩛱𩛲𩛴𩛵𩛶𩛷𩛸𩛹𩛺𩛼𩛽𩛾𩛿𩜀𩜁𩜂𩜃𩜄𩜅𩜆𩜇𩜈𩜉𩜊𩜋𩜌𩜍𩜎𩜏𩜐𩜑𩜓𩜖𩜗𩜘𩜙𩜚𩜛𩜜𩜝𩜞𩜟𩜠𩜡𩜣𩜤𩜦𩜧𩜩𩜪𩜫𩜭𩜯𩜰𩜱𩜲𩜳𩜴𩜵𩜶𩜷𩜹𩜺𩜼𩜽𩜿𩝀𩝁𩝂𩝃𩝄𩝅𩝆𩝇𩝈𩝉𩝊𩝋𩝌𩝍𩝎𩝏𩝐𩝑𩝒𩝔𩝗𩝘𩝙𩝚𩝛𩝜𩝝𩝞𩝟𩝠𩝡𩝢𩝣𩝤𩝥𩝧𩝨𩝪𩝬𩝭𩝮𩝯𩝰𩝱𩝲𩝳𩝴𩝷𩝸𩝹𩝺𩝻𩝼𩝽𩝾𩝿𩞀𩞃𩞄𩞅𩞆𩞈𩞉𩞊𩞋𩞍𩞏𩞑𩞒𩞓𩞔𩞖𩞗𩞘𩞙𩞛𩞜𩞝𩞞𩞡𩞢𩞥𩞦𩞧𩞩𩞪𩞫𩞬𩞭𩞮𩞯𩞰𩞱𩞲𩞳𩞴𩞵𩞶𩞷𩞸𩞻𩞼𩞽𩞾𩞿𩟀𩟁𩟂𩟃𩟄𩟅𩟆𩟇𩟈𩟉𩟊𩟋𩟌𩟍𩟎𩟏𩟐𩟑𩟒𩟓𩟔𩟕𩟖𩟘𩟙𩟛𩟜𩟝𩟞𩟟𩟠𩟡𩟢𩟣𩟤𩟥𩟦𩟧𩟩𩟪𩟫𩟬𩟭𩟮𩟯𩟰𩟱𩟲𩟳𩟴𩟵𩟶𩟹𩟺𩟻𩟽𪂾𫗎𫗏𫗑𫗓𫗔𫗕𫗗𫗘𫗛𫗜𫗝𬛠𬲋𬲌𬲍𬲎𬲐𬲑𬲒𬲓𬲔𬲗𬲘𬲙𬲚𬲛𬲜𬲝𬲞𬲠𬲡𬲢𬲣𬲤𭷒𮅲𮨸𮨺𮨻𮨼𮨿𮩁𮩂𮩃𮩅𮩆𮩉𮩌𮩎𮩐𮩒𮩓𮩔𮩖𮩗𮩘𮸾𱃡𱃢𱃣𱃧𱃨𱃩𱃪𱃫𱃬𱃭𱃯𱃰𲋔𲋕𲋘𲋙𲋚𲋜𲋝𲋞𲋟𲖣𳉳𳊀𳋒𳋓𳋔𳋕𳋖𳋗𳋘𳋚𳋛𳋜𳋝𳋞𳋟𳋠𳋡𳋢𳋣𳋤𳋦
飢	㔳𠍃
飮	𡼽𥽁
飯	𪾗𲖣
飱	薞𳎀
飲	𠿮𡑨𡼽𤀔𥽁𫨜
養	㔦䑆䭥懩攁瀁癢礢鱶𠐒𡂺𡅖𡒶𣌞𣝡𣞼𥶑𧁙𧓲𧥐𩜒𩟼𩪴𭥉𮊶𱃮𲧽𲨭𲵚𳀪𳇖𳈵
餐	爘𡄄𩽐𬆝𰏀
餒	𡃲𤃠𥷓𩟼𫄑𬷸𲒃𲣖𲸦𳋧
餘	𧃋𬉣𮣧
饒	𠑬𡆁𥍘𦈂𦣗𩰈𩽸𬲢𲄖
饣	䭪蚀饤饥饦饧饨饩饪饫饬饭饮饯饰饱饲饳饴饵饶饷饸饹饺饻饼饽饾饿馀馁馂馃馄馅馆馇馈馉馊馋馌馍馎馏馐馑馒馓馔馕𩟾𩟿𩠀𩠁𩠂𩠃𩠄𩠅𩠆𩠇𩠈𩠉𩠊𩠋𩠌𩠍𩠎𩠏𫗞𫗟𫗠𫗡𫗢𫗣𫗤𫗥𫗦𫗧𫗨𫗩𫗪𫗫𫗬𫗭𫗮𫗯𫗰𫗱𫗲𫗳𫗴𫗵𬲥𬲦𬲧𬲨𬲩𬲪𬲫𬲬𬲭𬲮𬲯𬲰𬲱𬲲𬲳𬲴𬲵𬲶𬲷𬲸𬲹𬲺𬲻𬲼𬲽𬲾𬲿𬳀𬳁𬳂𬳃𬳄𬳅𬳆𬳇𬳈𬳉𬳊𬳋𬳌𬳍𬳎𬳏𬳐𬳑𬳒𬳓𬳔𮩛𮩜𮩝𮩞𮸿𱃱𱃲𱃳𱃴𱃵𱃶𱃷𱃸𱃹𱃺𱃻𱃼𱃽𱃾𱃿𱄀𱄁𱄂𱄃𱄄𱄅𱄆𱄇𱄈𱄉𱄊𲋢𲋣𲋤𲋥𲋦𲋧𲋨𲋩𲋪𲋫𲋬𳋨𳋩𳋪𳋫𳋬𳋭𳋮𳋯𳋰𳋱𳋲𳋳
首	䭫䭭䭮渞艏衜道馗馘𠃺𠡼𡞝𢰢𣮹𤠁𨍣𨗓𨲛𩠑𩠓𩠔𩠕𩠗𩠘𩠙𩠚𩠛𩠟𩠠𩠤𩠥𩠦𩠧𩠨𩠩𩠬𩠭𩠮𩠯𩠰𩠱𩠲𩠳𩠴𩠵𩠶𩠷𩠸𩠹𩯢𩰇𪬐𪳂𪼼𫋎𫗶𫗷𫗸𫗹𫗺𫗻𫤞𫮐𬞪𬱯𬳕𬳖𬳗𬳘𬳙𬳚𬳛𭛼𭩍𮩟𮩠𮩡𮩢𮩣𮩤𮩥𮩦𮫤𮬅𱄋𱄌𱤛𱥅𲀣𲋭𲜣𳋴𳋵𳋶𳋷𳋸𳋹𳋺
馘	𢹖𩉕
香	㐯㗍㴡䅨䦭䫝䭯䭰䭱䭲䭳楿萫馚馛馜馝馞馟馠馡馢馣馤馥馦馧馨馩馪馫麘黁𠝲𡎟𢢹𤋭𤧘𤼍𥔜𥔡𥗶𥣉𥧎𧪑𧯄𧯅𧹰𧽂𨟝𩠺𩠻𩠽𩠾𩠿𩡀𩡁𩡂𩡃𩡄𩡅𩡆𩡇𩡈𩡉𩡊𩡋𩡌𩡎𩡏𩡐𩡑𩡒𩡓𩡔𩡕𩡖𩡗𩡘𩡙𩡚𩡛𩡜𩡝𩡞𩡟𩡠𩡡𩡣𩡤𩡥𩡦𩤹𪋒𪨝𪬏𫗼𫗽𫗾𫗿𫘀𫘁𫘂𫘃𫘄𬟞𬳜𬳝𬳞𬳟𬳠𬳡𬳢𬳣𬳤𬳥𬳦𬳧𮠷𮩧𮩨𮩩𮩪𮩫𮩬𮩭𮩮𮩯𮩰𮩱𮬀𮷭𮹀𰮽𱄎𱄏𱄐𲋮𲋯𲋰𲋱𲋲𲻖𳅈𳋉𳋻𳋼𳋽𳋾𳋿𳌀𳌁𳌂
馥	𧄦𲪺
馬	㾺䔍䠮䣕䣖䧞䩻䬚䭴䭵䭶䭷䭸䭹䭺䭻䭼䭽䭾䭿䮀䮁䮂䮃䮄䮅䮆䮇䮈䮉䮊䮋䮌䮍䮎䮏䮐䮑䮒䮓䮔䮕䮖䮗䮘䮙䮚䮛䮜䮝䮞䮟䮠䮡䮢䮣䮤䮥䮦䮧䮨䮩䮪䮫䮬䮭䮮䮯䮰䮱䮲䮳䮴䮵䮶䮷䮸䮹䮺䮻䮼䮽䮾䮿䯀䯁傌嗎媽榪溤獁瑪碼禡篤罵螞褭遤鎷闖隲颿馭馮馯馰馱馲馳馴馵馶馷馸馹馺馻馼馽馾馿駀駁駂駃駄駅駆駇駈駉駊駋駌駍駎駏駐駑駒駓駔駕駖駗駘駙駚駛駜駝駞駟駠駡駢駣駤駥駦駧駨駩駪駫駬駭駮駯駰駱駲駳駴駵駶駷駸駹駺駻駼駽駾駿騀騁騂騃騄騅騆騇騈騉騊騋騌騍騎騏騐騑騒験騔騕騖騗騘騙騚騛騜騝騞騟騠騡騢騣騤騥騦騧騨騩騪騫騬騭騮騯騰騱騲騳騴騵騶騷騸騹騺騻騼騽騾騿驀驁驂驃驄驅驆驇驈驉驊驋驌驍驎驏驐驑驒驓驔驕驖驗驘驙驚驛驜驝驞驟驠驡驢驣驤驥驦驧驨驩驪驫鰢鷌龭龮𠓄𠖖𠺎𡂣𡈊𡏢𢉿𢟀𢨗𢲫𢶮𢷭𣜋𤅲𤌬𤚴𥉊𥡗𥧓𦄀𦋻𦌯𦟐𦟖𧁦𧜗𧪨𧽙𧾖𨉸𨎇𨙦𨷜𨽥𩎐𩡨𩡩𩡪𩡫𩡬𩡭𩡮𩡯𩡰𩡱𩡲𩡳𩡴𩡵𩡶𩡷𩡸𩡹𩡺𩡻𩡼𩡽𩡾𩡿𩢀𩢁𩢂𩢃𩢄𩢅𩢆𩢇𩢈𩢉𩢊𩢋𩢌𩢍𩢎𩢏𩢐𩢑𩢒𩢓𩢔𩢕𩢖𩢗𩢘𩢙𩢚𩢛𩢜𩢝𩢞𩢟𩢠𩢡𩢢𩢣𩢤𩢥𩢦𩢧𩢨𩢩𩢪𩢫𩢬𩢭𩢯𩢰𩢱𩢲𩢳𩢴𩢵𩢶𩢷𩢸𩢹𩢺𩢻𩢼𩢽𩢾𩢿𩣀𩣁𩣂𩣃𩣄𩣅𩣆𩣇𩣈𩣉𩣊𩣋𩣌𩣍𩣎𩣏𩣐𩣑𩣒𩣓𩣔𩣕𩣖𩣗𩣘𩣙𩣚𩣛𩣜𩣝𩣞𩣟𩣠𩣡𩣢𩣣𩣤𩣥𩣦𩣧𩣨𩣩𩣪𩣫𩣬𩣭𩣮𩣯𩣰𩣱𩣲𩣳𩣴𩣵𩣶𩣷𩣸𩣹𩣺𩣻𩣼𩣽𩣾𩣿𩤀𩤁𩤂𩤃𩤄𩤅𩤆𩤇𩤈𩤉𩤊𩤋𩤌𩤍𩤎𩤏𩤐𩤑𩤒𩤓𩤔𩤕𩤖𩤗𩤘𩤙𩤚𩤛𩤜𩤝𩤞𩤟𩤠𩤡𩤢𩤣𩤤𩤥𩤦𩤧𩤨𩤩𩤪𩤫𩤬𩤭𩤮𩤯𩤰𩤱𩤲𩤳𩤴𩤵𩤶𩤷𩤸𩤹𩤺𩤻𩤼𩤽𩤾𩤿𩥀𩥁𩥂𩥃𩥄𩥅𩥆𩥇𩥈𩥉𩥊𩥋𩥌𩥍𩥎𩥏𩥐𩥑𩥒𩥓𩥔𩥕𩥖𩥗𩥘𩥙𩥚𩥛𩥝𩥞𩥟𩥠𩥡𩥢𩥣𩥤𩥥𩥦𩥧𩥨𩥩𩥪𩥫𩥬𩥭𩥮𩥯𩥰𩥱𩥲𩥳𩥴𩥵𩥶𩥷𩥸𩥹𩥺𩥻𩥼𩥽𩥾𩥿𩦀𩦁𩦂𩦃𩦄𩦅𩦆𩦇𩦈𩦉𩦊𩦋𩦌𩦍𩦎𩦏𩦐𩦑𩦒𩦓𩦔𩦕𩦖𩦗𩦘𩦙𩦚𩦛𩦜𩦝𩦞𩦟𩦠𩦡𩦢𩦣𩦤𩦥𩦦𩦧𩦨𩦩𩦪𩦫𩦬𩦭𩦮𩦯𩦰𩦱𩦲𩦳𩦴𩦵𩦷𩦸𩦹𩦺𩦼𩦽𩦾𩦿𩧀𩧁𩧂𩧃𩧄𩧅𩧆𩧇𩧈𩧉𩧊𩧋𩧍𩧎𩧏𩧐𩧑𩧒𩧓𩧔𩧕𩧖𩧗𩧘𩧙𩧚𩧛𩧜𩧝𩧞𩧟𩧠𩧡𩧢𩧣𩧤𩧥𪒿𪦠𫘅𫘆𫘇𫘈𫘉𫘊𫘋𫘌𫘍𫘎𫘏𫘐𫘑𫘒𫘓𫘔𫘕𫘖𫘗𫘘𫘙𫘚𫨑𫹞𬧜𬳨𬳩𬳪𬳫𬳬𬳭𬳮𬳯𬳰𬳱𬳲𭀇𭊢𮙃𮜃𮩲𮩳𮩶𮩷𮩹𮩺𮩻𮩼𮩽𮩾𮩿𮪀𮪁𮪂𮪃𮪄𮪅𮪆𮪇𮪈𮪉𮪊𮪋𮪌𮪍𮪎𮪏𮪐𮪑𮪒𮪓𮪔𮪕𮪖𮪗𮪘𮪙𮪚𮪛𮪜𮪝𮪞𮪟𮪠𮫕𮹁𰒀𰖛𰚧𰟷𰫆𱄑𱄒𱄓𱄔𱄕𱄖𱄗𱄘𱄙𱄚𱄛𱄜𱄝𱄞𱄟𱄠𱄡𱄢𱄣𱄤𱄥𱄦𱄧𱄨𱄩𱄪𱄫𱄬𱄭𱄮𱄯𱄰𱄱𱄲𱄳𱄴𱄵𱄶𱄷𱄸𱄹𱄺𱄻𱐾𱚏𱹽𱻈𱼥𲁿𲉈𲋳𲋴𲋵𲋶𲋷𲋸𲋹𲋺𲋼𲋽𲋾𲋿𲌀𲌁𲌂𲌃𲞴𲫃𲷠𳈙𳌃𳌄𳌅𳌆𳌇𳌈𳌉𳌊𳌋𳌌𳌍𳌎𳌏𳌐𳌑𳌒𳌓𳌔𳏗
馮	㵗凴憑𠘔𥂳𨝭𪅯𱝕
馵	㺛𢶚
馽	𦌭𦌱𦍈𦍊
馿	騙騸
駁	礟𫬇𲬟𳇏
駕	𡃉𪯀
駡	𡄃𣟭𤒌𦢷𫓟
駦	䠮儯騰驣𢥂𥸎𦫀𧈜𧔟𧖍𩦶𪒿𰡫𲪩𲫃
駮	㘐礮
騎	𫬷𮊠
騐	𤼔𩑉
騫	㩷𡅶𥜴𧟑𨰬𪸋
騰	虅𥸎𧈜𧖍𭍂𲫃
騳	驫𠫑𩧌𩧢𩧥
驃	𩦠𩦾𭍇
驫	䯂𠫑𤆀𥤡
马	㐷䘞䯃䯄䯅冯吗妈杩犸玛码祃笃羁腾蓦蚂闯驭驮驯驰驱驲驳驴驵驶驷驸驹驺驻驼驽驾驿骀骁骂骃骄骅骆骇骈骉骊骋验骍骎骏骐骑骒骓骔骕骖骗骘骙骚骛骜骝骞骟骠骡骢骣骤骥骦骧𡧁𨰾𩧦𩧧𩧨𩧩𩧪𩧫𩧬𩧭𩧮𩧯𩧰𩧱𩧲𩧳𩧴𩧵𩧶𩧷𩧸𩧹𩧺𩧻𩧼𩧽𩧾𩧿𩨀𩨁𩨂𩨃𩨄𩨅𩨆𩨇𩨈𩨉𩨊𩨋𩨌𩨍𩨎𩨏𩨐𪠃𫘛𫘜𫘝𫘞𫘟𫘠𫘡𫘢𫘣𫘤𫘥𫘦𫘧𫘨𫘩𫘪𫘫𫘬𫘭𫘮𫘯𫘰𫘱𫠊𫠋𫠌𫼗𬁳𬏜𬡇𬮺𬳳𬳴𬳵𬳶𬳷𬳸𬳹𬳺𬳻𬳼𬳽𬳾𬳿𬴀𬴁𬴂𬴃𬴄𬴅𬴆𬴇𬴈𬴉𬴊𬴋𬴌𬴍𬴎𬴏𬴐𮪡𮪢𮪣𮪤𮪥𮳺𮹂𮹃𮹄𮹅𮹆𮹇𮹈𮹉𮹊𮹋𮹌𮹍𮹎𮹏𮹐𰏲𰛊𰪪𱀑𱄼𱄽𱄾𱄿𱅀𱅁𱅂𱅃𱅄𱅅𱅆𱅇𱅈𱅉𱅊𱅋𱅌𱅍𱅎𱅏𱅐𱅑𱅒𱅓𱅔𱅕𱅖𱅗𱅘𱅙𱅚𱅛𱅜𱅝𱅞𱅟𱅠𱅡𱅢𱅣𱅤𱅥𱅦𱅧𱅨𱅩𱅪𱅫𱅬𱭄𲃉𲃖𲅎𲈤𲌄𲌅𲌆𲌇𲌈𲌉𲌊𲌋𲍬𲻰𳈠𳌕𳌖𳌗𳌘
驴	骗骟
骂	𱓚𱹎
骨	㾶䉰䕧䮩䯆䯇䯈䯉䯊䯋䯌䯍䯎䯏䯐䯑䯒䯓䯔䯕䯖䯗䯘䯙䯚䯛䯜䯝䯞䯟䯠䯡䯢䯣䯤䯥䯦䱻䶤傦嗗尳愲搰榾滑猾磆縎蓇螖顝餶馉骩骪骫骬骭骮骯骰骱骲骳骴骵骶骷骸骹骺骻骼骽骾骿髀髁髂髃髄髅髆髇髈髉髊髋髌髍髎髏髐髑髒髓體髕髖髗鶻鹘𠞡𠬒𡰅𡰊𡻋𣄘𣝗𣨺𤚱𤼑𥉄𥐒𥛔𥠳𥱪𦈔𦎰𦖼𦞽𧜓𧳸𧽌𨃴𨉦𨍾𨪷𩀜𩄨𩨑𩨒𩨓𩨔𩨕𩨖𩨗𩨘𩨙𩨚𩨛𩨜𩨝𩨞𩨟𩨠𩨡𩨢𩨣𩨤𩨥𩨦𩨧𩨨𩨩𩨪𩨫𩨬𩨭𩨮𩨯𩨰𩨱𩨲𩨳𩨴𩨵𩨶𩨷𩨸𩨹𩨺𩨻𩨼𩨽𩨾𩨿𩩀𩩁𩩂𩩃𩩄𩩅𩩆𩩇𩩈𩩉𩩊𩩋𩩌𩩍𩩎𩩏𩩐𩩑𩩒𩩓𩩔𩩕𩩖𩩗𩩘𩩙𩩚𩩛𩩜𩩝𩩞𩩟𩩠𩩡𩩢𩩣𩩤𩩥𩩦𩩧𩩨𩩩𩩪𩩫𩩬𩩭𩩮𩩯𩩰𩩱𩩲𩩳𩩴𩩵𩩶𩩷𩩸𩩹𩩺𩩻𩩼𩩽𩩾𩩿𩪀𩪁𩪂𩪃𩪄𩪅𩪆𩪇𩪈𩪉𩪊𩪋𩪌𩪍𩪎𩪏𩪐𩪑𩪒𩪓𩪔𩪕𩪖𩪗𩪘𩪙𩪚𩪛𩪜𩪝𩪞𩪟𩪠𩪡𩪢𩪣𩪤𩪥𩪦𩪧𩪨𩪩𩪪𩪫𩪬𩪭𩪮𩪯𩪰𩪱𩪲𩪳𩪴𩪵𩪶𩪷𩪸𩪹𩪺𩪻𩪼𩪽𩪾𪄥𫘲𫘳𫘴𬗁𬛟𬟟𬴑𬴒𬴓𭘱𮪦𮪧𮪨𮪩𮪪𮪫𮪬𮪭𮪮𮪯𮪰𮪱𮪲𮪳𮪴𮪵𮪶𮪷𮬡𰌏𰤱𱂵𱅭𱅮𱅯𱅰𱅱𱅲𱅳𱗞𲌌𲌍𲌎𲌏𲌐𲌑𲌒𲌓𲌔𲌕𲏱𲢌𲰗𲻬𲾇𳁡𳌙𳌚𳌛𳌜𳌝
骹	䉰䕧
體	𥸠𭍑
高	㙜㙵㪣㸀㾸䐧䧚䬘䮦䯨䯩䯪䯫傐嗃塙嵩嵪搞敲暠槀槁歊毃滈熇犒皜碻禞稾稿篙縞缟翯膏蒿謞鄗鎬镐髇髚髛髜髝髞鰝鶮𠞟𡠀𢑸𢞟𢲤𣉞𣩅𣯖𤌾𤚸𤠖𤧼𥏹𥶧𦓄𧎸𧕔𧜉𨃤𨉲𨢓𩌡𩍯𩙮𩙷𩝝𩥊𩪿𩫀𩫁𩫂𩫄𩫅𩫆𩫇𩫈𩫉𩫊𩫋𩫌𩫍𩫎𩫐𩫑𩫒𩫓𩫔𩫕𩫗𩫘𩫙𩫚𩫛𩫜𩫝𩫞𩫟𩫢𩫣𩫤𩫥𩫦𩫪𩫬𩫲𩫳𩮘𪨓𪯪𫘵𫘶𫘷𫾣𬎯𬏐𬑣𬖰𬴕𬴙𬴚𬴝𬴞𬴟𭶟𮪸𮪹𮪺𮪼𰙵𰚫𰵿𰻊𱅴𱅵𱅶𱅷𱅹𱅺𱅻𱅼𱅽𱅾𱈋𲌖𲌗𲌙𲏴𲗕𲤀𲥬𳌞𳌟𳌠𳌡
髙	𥖱𨉲𬴗𭌬𭚑𮪻𰠖𱅸𱅻𲵤
髟	䭮䯭䯮䯯䯰䯱䯲䯳䯴䯵䯶䯷䯸䯹䯺䯻䯼䯽䯾䯿䰀䰁䰂䰃䰄䰅䰆䰇䰈䰉䰊䰋䰌䰍䰎䰏䰐䰑䰒䰓䰔䰕䰖髠髡髢髣髤髥髦髧髨髩髪髫髬髭髮髯髰髱髲髳髴髵髶髷髸髹髺髻髼髽髾髿鬀鬁鬂鬃鬄鬅鬆鬇鬈鬉鬊鬋鬌鬍鬎鬏鬐鬑鬒鬓鬔鬕鬖鬗鬘鬙鬚鬛鬜鬝鬞鬟鬠鬡鬢鬣鬤𤌩𧫄𧸻𩠷𩫴𩫵𩫶𩫷𩫸𩫹𩫺𩫻𩫼𩫽𩫾𩫿𩬀𩬁𩬂𩬃𩬄𩬅𩬆𩬇𩬈𩬉𩬊𩬌𩬍𩬎𩬏𩬐𩬑𩬒𩬓𩬔𩬕𩬖𩬗𩬘𩬙𩬚𩬛𩬜𩬝𩬞𩬟𩬠𩬡𩬢𩬣𩬤𩬥𩬦𩬧𩬨𩬩𩬪𩬫𩬬𩬭𩬮𩬯𩬰𩬱𩬲𩬳𩬴𩬵𩬶𩬷𩬸𩬹𩬺𩬻𩬼𩬽𩬾𩬿𩭀𩭁𩭂𩭃𩭄𩭅𩭆𩭇𩭈𩭉𩭊𩭋𩭌𩭍𩭏𩭐𩭑𩭒𩭓𩭔𩭕𩭖𩭗𩭘𩭙𩭚𩭛𩭜𩭝𩭞𩭟𩭠𩭡𩭢𩭣𩭤𩭥𩭦𩭧𩭨𩭩𩭪𩭫𩭬𩭭𩭮𩭯𩭰𩭱𩭲𩭳𩭴𩭵𩭶𩭷𩭸𩭹𩭺𩭻𩭼𩭽𩭾𩭿𩮀𩮁𩮂𩮃𩮄𩮅𩮆𩮇𩮈𩮉𩮊𩮋𩮌𩮍𩮎𩮏𩮐𩮑𩮒𩮓𩮔𩮕𩮖𩮗𩮘𩮙𩮚𩮛𩮜𩮝𩮞𩮟𩮠𩮡𩮢𩮣𩮤𩮥𩮦𩮧𩮨𩮩𩮪𩮫𩮬𩮭𩮮𩮯𩮰𩮱𩮲𩮳𩮴𩮵𩮶𩮷𩮸𩮹𩮺𩮻𩮼𩮽𩮾𩮿𩯀𩯁𩯂𩯃𩯄𩯅𩯆𩯇𩯈𩯉𩯊𩯋𩯌𩯍𩯎𩯏𩯐𩯑𩯒𩯓𩯔𩯕𩯖𩯗𩯘𩯙𩯚𩯛𩯜𩯝𩯞𩯟𩯠𩯡𩯢𩯣𩯤𩯥𩯦𩯧𩯨𩯩𩯪𩯫𩯬𩯭𩯮𩯯𩯰𩯱𩯲𩯳𩯴𩯵𩯶𩯸𩯹𩯺𩯻𩯼𩯽𩯾𩯿𩰀𩰁𩰂𩰃𩰄𩰅𩰆𩰇𩰈𩰉𪄒𪶰𫘸𫘹𫘺𫘻𫘼𫘽𫘾𫘿𫙀𫙁𫙂𫙃𬴧𬴨𬴩𬴪𬴫𬴬𬴭𬴮𬴯𮪽𮪾𮪿𮫀𮫁𮫂𮫃𮫄𮫅𮫆𮫇𮫈𮫉𮫊𮫋𮫌𮫍𮫎𮫏𮫐𮫑𮫒𮫓𱅿𱆀𱆁𱆂𱆃𱆄𱆅𱆆𱆇𱆈𲌚𲌛𲌜𲌝𲌞𲌟𲌠𲌡𲌢𲌣𳌢𳌣𳌤𳌥𳌦𳌧𳌨𳌩𳌪𳌫𳌬𳌭
髠	䯴𩫼𱏍
髤	䰍𩭖𩭰𩮎
髮	𬒨𬟂
髴	𩯃𱆄
鬊	𩯥𪝾𳌩
鬥	䰗䰘鬦鬧鬨鬩鬪鬫鬬鬭鬮𡆞𩰌𩰍𩰎𩰏𩰐𩰑𩰒𩰓𩰔𩰖𩰗𩰘𩰙𩰚𩰛𩰜𩰝𩰞𩰟𫫅𬴰𬴱𮫔𮫕𱆉
鬩	𤄎𩰕
鬯	鬰鬱𡏓𢋺𣡎𣡫𤅨𤅪𤓄𤿃𥠴𩰠𩰡𩰢𩰣𩰤𩰥𩰦𩰧𩰨𩰩𩰪𪴴𮫗𮫘𱆊𳌮
鬱	䖇灪爩𡯀𡿥𢺴𤓮𥘄𪓊
鬲	㣂㬏䃒䈪䙐䛿䣓䩹䮥䰙䰚䰛䰜䰝嗝塥搹曧槅滆灊翮膈蒚融螎鎘镉隔鞷鬳鬴鬵鬶鬷鬸鬹鬺鬻鷊鹝齾𡡽𢔸𢡍𢾿𤗦𤡎𤫨𤮄𥉅𥴩𥵰𥻥𦃔𧖓𧤜𨍮𨏬𨢌𨤅𩇒𩍻𩰫𩰭𩰮𩰯𩰰𩰱𩰲𩰳𩰴𩰵𩰶𩰷𩰸𩰹𩰺𩰻𩰼𩰾𩰿𩱁𩱂𩱃𩱄𩱅𩱇𩱈𩱉𩱊𩱋𩱏𩱐𩱑𩱒𩱓𩱔𩱕𩱖𩱘𩱙𩱛𩱝𩱠𩱢𩱦𩱩𩱬𩱭𩱴𩱵𩹺𪈊𪢙𪽶𫆋𫙄𫙅𬌑𬤑𬴲𬴴𬴵𬴶𬴷𭭁𮋎𮜁𮹑𰘇𰙴𰨐𱂚𱆋𱆌𱆍𱆎𱆏
鬳	獻甗齾𡿕𤫣𤬝𨽚𪙿𪚊𲞗𲟟
鬵	灊𣠟𨽨𩱠
鬼	㟴㱱䁛䈭䌆䫥䰟䰠䰡䰢䰣䰤䰥䰦䰧䰨䰩䰪䰫䰬䰭䰮䰯䰰䰱䴜傀塊媿嵬廆愧槐溾瑰瘣磈聭蒐螝褢謉醜隗餽騩鬽鬾鬿魀魁魂魃魄魅魆魇魈魉魊魋魌魍魎魏魐魑魒魓魔魕魖魗魘魙𠺌𡂃𡾛𡿆𢄊𢧩𢹧𣉨𣝂𣝹𤌋𤗧𤛂𤜘𤫅𥗶𥡂𥣼𥶯𦞙𦞱𦢮𧪵𧫏𧷛𨇷𨉵𨍹𨝀𨪈𩌃𩏐𩙢𩥢𩪁𩱹𩱺𩱻𩱼𩱽𩱾𩱿𩲀𩲁𩲂𩲃𩲄𩲅𩲈𩲉𩲊𩲋𩲌𩲍𩲎𩲏𩲐𩲑𩲒𩲓𩲔𩲕𩲖𩲗𩲘𩲙𩲚𩲛𩲜𩲝𩲞𩲟𩲠𩲡𩲢𩲣𩲤𩲥𩲦𩲧𩲨𩲩𩲪𩲫𩲬𩲭𩲮𩲯𩲰𩲱𩲲𩲳𩲴𩲵𩲶𩲷𩲸𩲹𩲺𩲻𩲼𩲽𩲾𩲿𩳀𩳁𩳂𩳃𩳄𩳅𩳆𩳇𩳈𩳉𩳊𩳋𩳌𩳍𩳎𩳏𩳐𩳑𩳒𩳓𩳔𩳕𩳖𩳗𩳘𩳙𩳚𩳛𩳜𩳝𩳞𩳟𩳠𩳡𩳢𩳣𩳤𩳥𩳦𩳧𩳨𩳩𩳪𩳫𩳬𩳭𩳮𩳯𩳰𩳱𩳲𩳳𩳴𩳵𩳶𩳷𩳸𩳹𩳺𩳻𩳼𩳽𩳾𩳿𩴀𩴁𩴂𩴃𩴄𩴅𩴆𩴇𩴈𩴉𩴊𩴋𩴌𩴍𩴎𩴏𩴐𩴑𩴒𩴓𩴔𩴕𩴖𩴗𩴘𩴙𩴚𩴛𩴜𩴝𩴞𩴟𩴠𩴡𩴢𩴣𩴤𩴥𩴦𩴧𩴨𩴩𩴪𩴬𩴭𩴮𩴯𩴱𩴲𩴳𩴴𩴵𩴶𩴷𩴸𩴹𩴺𩴻𩴼𩴽𩴾𩴿𩵀𩵁𩵂𩵃𩵄𩵅𩵆𩵇𩵈𩵉𩵊𩹷𩽤𪄔𪩜𪻆𫁖𫍷𫙈𫙉𫙊𫙋𫙌𫙍𫙎𬨐𬴽𬴿𬵲𭔉𭕩𭕼𮓀𮗙𮫝𮫞𮫟𮫠𮫡𮫣𮫤𮫦𮫧𮫨𮫪𮫫𮭺𮹒𰳒𰷨𱅡𱆖𱆗𱆘𱆙𱆚𱆛𱆜𱆝𱆞𱆟𱆠𱆡𱆢𱳆𱴹𲈔𲌧𲌨𲌩𲌪𲌫𲌬𲌮𲌰𲓰𲷓𳁿𳉹𳉼𳊂𳊃𳊇𳊋𳊎𳊏𳊑𳊔𳋮𳌯𳌰𳌲𳌳𳌴𳌵𳌶𳌷𳌸𳌹𳌺𳌻𳌼𳌽𳌾𳌿𳍁𳍂𳍃𳍄
魁	櫆𢷪𤁔𨣫𪇫𬞴𬬖𲰉
魂	𡂃𡄬𱴹
魄	𡳺𥶱𩏳𲌯
魅	𧭵𲌯
魋	𤄛𧮓𬤱
魏	䭳巍犩蘶𡿁𦓌𧕞𨇷𮵹
魔	𤜘𭤞𮫩
魚	㱎䁩䐳䔡䗨䰲䰳䰴䰵䰶䰷䰸䰹䰺䰻䰼䰽䰾䰿䱀䱁䱂䱃䱄䱅䱆䱇䱈䱉䱊䱋䱌䱍䱎䱏䱐䱑䱒䱓䱔䱕䱖䱗䱘䱙䱚䱛䱜䱝䱞䱟䱠䱡䱢䱣䱤䱥䱦䱧䱨䱩䱪䱫䱬䱭䱮䱯䱰䱱䱲䱳䱴䱵䱶䱷䱸䱹䱺䱻䱼䱽䱾䱿䲀䲁䲂䲃䲄䲅䲆䲇䲈䲉䲊䲋䲌䲎䲏䲐䲑䲒䲓䲔䲕䲖䲗䲘䲙䲚䲛漁穌魛魜魝魞魟魠魡魢魣魤魥魦魧魨魩魪魫魬魭魮魯魰魱魲魳魴魵魶魷魸魹魺魻魼魽魾魿鮀鮁鮂鮃鮄鮅鮆鮇鮈鮉鮊鮋鮌鮍鮎鮏鮐鮑鮒鮓鮔鮕鮖鮗鮘鮙鮚鮛鮜鮝鮞鮟鮠鮡鮢鮣鮤鮥鮦鮧鮨鮩鮪鮫鮬鮭鮮鮯鮰鮱鮲鮳鮴鮵鮶鮷鮸鮹鮺鮻鮼鮽鮾鮿鯀鯁鯂鯃鯄鯅鯆鯇鯈鯉鯊鯋鯌鯍鯎鯏鯐鯑鯒鯓鯔鯕鯖鯗鯘鯙鯚鯛鯜鯝鯞鯟鯠鯡鯢鯣鯤鯥鯦鯧鯨鯩鯪鯫鯬鯭鯮鯯鯰鯱鯲鯳鯴鯵鯶鯷鯸鯹鯺鯻鯼鯽鯾鯿鰀鰁鰂鰃鰄鰅鰆鰇鰈鰉鰊鰋鰌鰍鰎鰏鰐鰑鰒鰓鰔鰕鰖鰗鰘鰙鰚鰛鰜鰝鰞鰟鰠鰡鰢鰣鰤鰥鰦鰧鰨鰩鰪鰫鰬鰭鰮鰯鰰鰱鰲鰳鰴鰵鰶鰷鰸鰹鰺鰻鰼鰽鰾鰿鱀鱁鱂鱃鱄鱅鱆鱇鱈鱉鱊鱋鱌鱍鱎鱏鱐鱑鱒鱓鱔鱕鱖鱗鱘鱙鱚鱛鱜鱝鱞鱟鱠鱡鱢鱣鱤鱥鱦鱧鱨鱩鱪鱫鱬鱭鱮鱯鱰鱱鱲鱳鱴鱵鱶鱷鱸鱹鱺鱻鷠龽鿐鿳𠏣𠓈𠽐𡐚𡚡𡠵𢊧𢐗𢖍𢠐𢳶𣊘𣤿𣩕𣿡𤀯𤀸𤃖𤹿𥩎𥩑𥷉𧅹𧆊𧓀𨏎𨢭𨫷𨶢𨽇𩅔𩥭𩵌𩵍𩵎𩵏𩵐𩵒𩵓𩵔𩵕𩵖𩵗𩵘𩵙𩵚𩵛𩵜𩵝𩵞𩵟𩵠𩵡𩵢𩵣𩵤𩵥𩵦𩵧𩵨𩵩𩵪𩵫𩵬𩵭𩵮𩵯𩵰𩵱𩵲𩵳𩵴𩵵𩵶𩵷𩵸𩵹𩵺𩵻𩵼𩵽𩵾𩵿𩶀𩶁𩶂𩶃𩶄𩶅𩶆𩶇𩶈𩶉𩶊𩶋𩶌𩶍𩶎𩶏𩶐𩶑𩶒𩶓𩶔𩶕𩶖𩶗𩶘𩶙𩶚𩶛𩶜𩶝𩶞𩶟𩶠𩶡𩶢𩶣𩶤𩶥𩶦𩶧𩶨𩶩𩶪𩶫𩶬𩶭𩶮𩶯𩶰𩶱𩶲𩶳𩶴𩶵𩶶𩶸𩶹𩶺𩶻𩶼𩶽𩶾𩶿𩷀𩷁𩷂𩷃𩷄𩷅𩷆𩷇𩷈𩷉𩷊𩷋𩷌𩷍𩷎𩷏𩷐𩷑𩷒𩷓𩷔𩷕𩷖𩷗𩷘𩷙𩷚𩷛𩷜𩷝𩷞𩷟𩷠𩷡𩷢𩷣𩷤𩷥𩷦𩷧𩷨𩷩𩷪𩷫𩷬𩷭𩷮𩷯𩷰𩷱𩷲𩷳𩷴𩷵𩷶𩷷𩷸𩷹𩷺𩷻𩷼𩷽𩷾𩷿𩸀𩸁𩸂𩸃𩸄𩸅𩸆𩸇𩸈𩸉𩸊𩸋𩸌𩸍𩸎𩸏𩸐𩸑𩸒𩸓𩸔𩸕𩸖𩸗𩸘𩸙𩸚𩸛𩸜𩸝𩸞𩸟𩸠𩸡𩸢𩸣𩸤𩸥𩸦𩸧𩸨𩸩𩸪𩸫𩸬𩸭𩸮𩸯𩸰𩸱𩸲𩸳𩸴𩸵𩸶𩸷𩸸𩸹𩸻𩸼𩸽𩸾𩸿𩹀𩹁𩹂𩹃𩹄𩹅𩹆𩹇𩹈𩹉𩹊𩹋𩹌𩹍𩹎𩹏𩹐𩹑𩹒𩹓𩹔𩹕𩹖𩹗𩹘𩹚𩹛𩹜𩹝𩹞𩹟𩹠𩹡𩹢𩹣𩹤𩹥𩹦𩹧𩹨𩹩𩹪𩹫𩹬𩹭𩹮𩹯𩹰𩹱𩹲𩹳𩹴𩹵𩹶𩹷𩹸𩹹𩹺𩹻𩹼𩹽𩹾𩹿𩺀𩺁𩺂𩺃𩺄𩺅𩺆𩺇𩺈𩺉𩺊𩺋𩺌𩺍𩺎𩺏𩺐𩺑𩺒𩺓𩺔𩺕𩺖𩺗𩺘𩺙𩺚𩺛𩺜𩺝𩺞𩺟𩺠𩺡𩺢𩺣𩺤𩺥𩺦𩺧𩺨𩺩𩺪𩺫𩺬𩺭𩺮𩺯𩺰𩺱𩺲𩺳𩺴𩺵𩺶𩺷𩺸𩺹𩺺𩺻𩺼𩺽𩺾𩺿𩻀𩻁𩻂𩻃𩻄𩻅𩻆𩻇𩻈𩻉𩻊𩻋𩻌𩻍𩻎𩻏𩻐𩻑𩻒𩻓𩻔𩻕𩻖𩻗𩻘𩻙𩻚𩻛𩻜𩻝𩻞𩻟𩻠𩻡𩻢𩻣𩻤𩻥𩻦𩻧𩻨𩻩𩻪𩻫𩻬𩻭𩻮𩻯𩻰𩻱𩻲𩻳𩻴𩻵𩻶𩻷𩻸𩻹𩻺𩻻𩻼𩻽𩻾𩻿𩼀𩼁𩼂𩼃𩼅𩼆𩼇𩼈𩼉𩼊𩼋𩼌𩼍𩼎𩼏𩼐𩼑𩼒𩼓𩼔𩼕𩼖𩼗𩼘𩼙𩼚𩼛𩼜𩼝𩼞𩼟𩼠𩼡𩼢𩼣𩼤𩼥𩼦𩼧𩼨𩼩𩼫𩼬𩼭𩼮𩼯𩼰𩼱𩼲𩼳𩼴𩼵𩼶𩼷𩼸𩼹𩼺𩼻𩼼𩼽𩼾𩼿𩽀𩽁𩽂𩽃𩽄𩽅𩽆𩽇𩽈𩽉𩽊𩽋𩽌𩽍𩽎𩽏𩽐𩽑𩽒𩽓𩽔𩽕𩽖𩽗𩽘𩽙𩽚𩽛𩽜𩽝𩽞𩽟𩽠𩽡𩽢𩽣𩽤𩽥𩽧𩽨𩽩𩽪𩽬𩽭𩽮𩽯𩽰𩽱𩽲𩽳𩽴𩽵𩽶𩽷𩽸𪗏𪺚𪽟𫊣𫑨𫙏𫙐𫙑𫙒𫙔𫙕𫙖𫙗𫙘𫙙𫙚𫙛𫙜𫙝𫙞𫙟𫙠𫙡𫙢𫙣𫙤𫙥𫙦𫙧𫙨𫙩𫙪𫙫𫙬𫙮𫙯𫙰𫙱𫙲𫙳𫙴𫙵𫙶𫙷𫙸𫙹𫙺𫙻𫙼𫙽𫙾𫙿𫚀𫚁𫚂𫚃𫚄𫚅𫚆𫚇𫠍𫠎𫹂𬵁𬵂𬵃𬵄𬵅𬵆𬵇𬵈𬵉𬵊𬵋𬵌𬵍𬵎𬵏𬵐𬵑𬵒𬵓𬵔𬵕𬵖𬵗𬵘𬵙𬵚𬵛𬵜𬵝𬵞𬵟𬵠𬵡𬵢𬵣𬵤𬵥𬵦𬵧𬵨𬵩𬵪𬵫𬵬𬵭𬵮𬵯𬵰𬵱𬵲𬵳𬵴𬵵𬵶𬵷𬵸𬵹𬵺𬵻𬵼𬵽𬵾𬵿𭍯𮃣𮒿𮓖𮫰𮫱𮫳𮫴𮫵𮫶𮫷𮫸𮫺𮫻𮫼𮫽𮫾𮫿𮬀𮬁𮬂𮬃𮬄𮬅𮬆𮬇𮬈𮬉𮬊𮬋𮬌𮬍𮬎𮬏𮬐𮬑𮬒𮬔𮬕𮬖𮬗𮬘𮬙𮬚𱆏𱆣𱆤𱆥𱆦𱆧𱆨𱆩𱆪𱆫𱆬𱆭𱆮𱆯𱆰𱆱𱆲𱆳𱆴𱆵𱆶𱆷𱆸𱆹𱆺𱆻𱆼𱆽𱆾𱆿𱇀𱇁𱇂𱇃𱇄𱇅𱇆𱇇𱇈𱇉𱇊𱇋𱇌𱜊𲌱𲌲𲌳𲌴𲌵𲌶𲌷𲌸𲌹𲌺𲌻𲌼𲌽𲌾𲌿𲍀𲍁𲍂𲍄𲎍𲮲𳍅𳍆𳍇𳍈𳍉𳍊𳍋𳍌𳍍𳍎𳍏𳍐𳍑𳍓𳍔𳍕𳍖𳍗𳍘𳍙𳍚𳍛𳍜𳍝𳍞𳍟𳍠𳍡𳍢𳍣𳍤𳍥𳍧𳍨𳍩𳍪𳍫𳍬𳍭𳍮𳍯𳍰𳍱𳍲𳍳𳍴𳍵𳍶𳍷𳍸𳍹𳍺𳍻𳍼𳍽𳍾𳍿𳎀𳎁𳎂𳎃𳎄𳎅𳎆𳎇𳎉𳎊𳎋𳎌𳎍𳎎𳎏𳎐𳑊𳑶
魝	薊𦌥
魟	鮔𩶝
魯	嚕擼櫓氌瀂穭艪鑥鿩𠐔𠓑𡓇𢋡𣄤𣋼𣰯𤑟𤣃𤻼𥃠𥌧𥗆𥩍𥶇𦢞𧀦𧈔𧔎𧭷𨏗𨟇𩽈𪈂𬧙𭺨𮀊𰄏𰉈𰗃𰫷𲒿𲘭𳈐𳊩
魲	鯿𩸗𩸭
魴	䲂鯲
鮑	𧂫𲪨
鮝	䲍鰧
鮮	㶍䇁䉳廯癬蘚𡾮𢥌𢹛𣟲𦇫𧕇𨇤𩆵𭗴𰉉𰤊𲍃𲨮
鯀	䧰𤄏
鯂	𩻕𩽤
鱉	𧆊𱡕
鱗	𡿠𩽂
鱼	䲝䲞䲟䲠䲡䲢䲣䲤渔稣鱽鱾鱿鲀鲁鲂鲃鲄鲅鲆鲇鲈鲉鲊鲋鲌鲍鲎鲏鲐鲑鲒鲓鲔鲕鲖鲗鲘鲙鲚鲛鲜鲝鲞鲟鲠鲡鲢鲣鲤鲥鲦鲧鲨鲩鲪鲫鲬鲭鲮鲯鲰鲱鲲鲳鲴鲵鲶鲷鲸鲹鲺鲻鲼鲽鲾鲿鳀鳁鳂鳃鳄鳅鳆鳇鳈鳉鳊鳋鳌鳍鳎鳏鳐鳑鳒鳓鳔鳕鳖鳗鳘鳙鳚鳛鳜鳝鳞鳟鳠鳡鳢鳣鳤鿕鿴鿵鿶鿷鿸鿹𩽹𩽺𩽻𩽼𩽽𩽾𩽿𩾁𩾂𩾃𩾄𩾅𩾆𩾇𩾈𩾊𩾋𩾌𩾎𫚈𫚉𫚊𫚋𫚌𫚍𫚎𫚏𫚐𫚑𫚒𫚓𫚔𫚕𫚖𫚗𫚘𫚙𫚚𫚛𫚜𫚝𫚞𫚟𫚠𫚡𫚢𫚣𫚤𫚥𫚦𫚧𫚨𫚩𫚪𫚫𫚬𫚭𫠏𫠐𫠑𫠒𬆙𬝁𬶀𬶁𬶂𬶃𬶄𬶅𬶆𬶇𬶈𬶉𬶊𬶋𬶌𬶍𬶎𬶏𬶐𬶑𬶒𬶓𬶔𬶕𬶖𬶗𬶘𬶙𬶚𬶛𬶜𬶝𬶞𬶟𬶠𬶡𬶢𬶣𬶤𬶥𬶦𬶧𬶨𬶩𬶪𬶫𬶬𬶭𬶮𬶯𬶰𬶱𬶲𬶳𬶴𬶵𬶶𬶷𬶸𬶹𬶺𬶻𮬛𮬜𮬝𮬞𮬟𮬠𮬡𮬢𮬣𮬤𮲵𮹓𰐚𰞳𱇍𱇎𱇏𱇐𱇑𱇒𱇓𱇔𱇕𱇖𱇗𱇘𱇙𱇚𱇛𱇜𱇝𱇞𱇟𱇠𱇡𱇢𱇣𱇤𱇥𱇦𱇧𱇨𱇩𱇪𱇫𱇬𱇭𱇮𱇯𱇰𱇱𱇲𱇳𱇴𱇵𱇶𱇷𱇸𱇹𱇺𱇻𱇼𱇽𱇾𱇿𱈀𱈁𱈂𱈃𱈄𱈅𱈆𱈇𱈈𱈉𱈊𱈋𱈌𱈍𱈎𱈏𱈐𱈑𱈒𱈓𱈔𱈕𱈖𱈗𱈘𱈙𱈚𱈛𱈜𱛴𲍆𲍇𲍈𲍉𲍊𲍋𲍌𲍍𲍎𲍏𲍐𲍑𲍒𲍓𲍔𲍕𲍖𲍗𲍘𲍙𳎑𳎒𳎓𳎔𳎕𳎖𳎗𳎘𳎙𳎚𳎛𳎜𳎝𳎞𳎟𳎠𳎡𳎢𳎣𳎤𳎥
鲁	噜撸橹氇澛穞镥𬧔𬶳𰢑𱸧𱾢𲚈
鲜	癣藓𫏨𰝟
鳥	㠀㨶䉆䙚䲥䲦䲧䲨䲩䲪䲫䲬䲭䲮䲯䲰䲱䲲䲳䲴䲵䲶䲷䲸䲹䲺䲻䲼䲽䲾䲿䳀䳁䳂䳃䳄䳅䳆䳇䳈䳉䳊䳋䳌䳍䳎䳏䳐䳑䳒䳓䳔䳕䳖䳗䳘䳙䳚䳛䳜䳝䳞䳟䳠䳡䳢䳣䳤䳥䳦䳧䳨䳩䳪䳫䳬䳭䳮䳯䳰䳱䳲䳳䳴䳵䳶䳷䳸䳹䳺䳻䳼䳽䳾䳿䴀䴁䴂䴃䴄䴅䴆䴇䴈䴉䴊䴋䴌䴍䴎䴏䴐䴑䴒嶋嶌樢殦瞗穒窵翵蔦鄥隝鳦鳧鳨鳩鳪鳫鳭鳮鳯鳰鳱鳲鳴鳵鳶鳷鳸鳹鳺鳻鳼鳽鳾鳿鴀鴁鴂鴃鴄鴅鴆鴇鴉鴊鴋鴌鴍鴎鴏鴐鴑鴒鴓鴔鴕鴖鴗鴘鴙鴚鴛鴜鴝鴞鴟鴠鴡鴢鴣鴤鴥鴦鴧鴨鴩鴪鴫鴬鴭鴮鴯鴰鴱鴲鴳鴴鴵鴶鴷鴸鴹鴺鴼鴽鴾鴿鵀鵁鵃鵄鵅鵆鵇鵈鵉鵊鵋鵌鵍鵎鵏鵐鵑鵒鵓鵔鵕鵖鵗鵘鵙鵚鵛鵜鵝鵞鵟鵠鵡鵢鵣鵤鵥鵦鵧鵨鵩鵪鵫鵬鵭鵮鵯鵰鵱鵲鵳鵴鵵鵶鵷鵸鵹鵺鵻鵼鵽鵾鵿鶀鶁鶂鶃鶄鶅鶆鶇鶈鶉鶊鶋鶌鶍鶎鶏鶐鶑鶒鶓鶔鶕鶖鶗鶘鶙鶚鶛鶜鶝鶞鶟鶠鶡鶢鶣鶤鶥鶦鶧鶨鶩鶪鶫鶬鶭鶮鶯鶰鶱鶲鶳鶴鶵鶶鶷鶸鶹鶺鶻鶼鶽鶾鶿鷀鷁鷂鷃鷄鷅鷆鷇鷈鷉鷊鷋鷌鷍鷎鷏鷐鷑鷒鷓鷔鷕鷖鷗鷘鷙鷚鷛鷜鷝鷞鷟鷠鷡鷢鷣鷤鷥鷦鷧鷨鷩鷪鷫鷬鷭鷮鷯鷰鷱鷲鷳鷴鷵鷶鷷鷸鷹鷺鷻鷼鷽鷾鷿鸀鸁鸂鸃鸄鸅鸆鸇鸈鸉鸊鸋鸌鸍鸎鸏鸐鸑鸒鸓鸔鸕鸖鸗鸘鸙鸚鸛鸜鸝鸞鿂𠌵𠑃𠘜𠞸𠟀𡃸𡄠𡈙𡒚𡡅𡣴𡤝𡰎𡿙𢄦𢥶𢸐𣦘𤄄𤅩𤅽𤡕𤴒𤹷𤼡𥖧𥩏𥵌𦄋𦉓𦠂𦾉𦿂𦿲𧅧𧅿𧜣𧽪𨄙𨙡𨙧𨶠𩏻𩘲𩘵𩾏𩾐𩾑𩾒𩾓𩾔𩾕𩾖𩾗𩾘𩾙𩾚𩾛𩾜𩾝𩾞𩾟𩾠𩾡𩾢𩾣𩾤𩾥𩾦𩾧𩾨𩾩𩾪𩾫𩾬𩾭𩾮𩾯𩾰𩾱𩾲𩾳𩾴𩾵𩾶𩾷𩾸𩾹𩾺𩾻𩾼𩾽𩾾𩾿𩿀𩿁𩿂𩿃𩿄𩿅𩿆𩿇𩿈𩿉𩿊𩿋𩿌𩿍𩿎𩿏𩿐𩿑𩿒𩿓𩿔𩿕𩿖𩿗𩿘𩿙𩿚𩿛𩿜𩿝𩿞𩿟𩿠𩿡𩿢𩿣𩿤𩿥𩿦𩿧𩿨𩿩𩿪𩿫𩿬𩿭𩿮𩿯𩿰𩿱𩿲𩿳𩿴𩿵𩿶𩿷𩿸𩿹𩿺𩿻𩿼𩿽𩿾𩿿𪀀𪀁𪀂𪀃𪀄𪀅𪀆𪀇𪀈𪀉𪀊𪀌𪀍𪀎𪀏𪀐𪀑𪀒𪀓𪀔𪀕𪀖𪀗𪀘𪀙𪀚𪀛𪀜𪀝𪀞𪀟𪀠𪀡𪀣𪀤𪀥𪀦𪀧𪀨𪀩𪀪𪀫𪀬𪀭𪀮𪀯𪀰𪀲𪀳𪀴𪀵𪀶𪀷𪀸𪀹𪀺𪀻𪀼𪀽𪀾𪀿𪁀𪁁𪁂𪁃𪁄𪁅𪁆𪁇𪁈𪁉𪁊𪁋𪁌𪁍𪁎𪁏𪁐𪁑𪁒𪁓𪁔𪁕𪁖𪁗𪁘𪁙𪁚𪁛𪁜𪁝𪁞𪁟𪁠𪁡𪁢𪁣𪁤𪁥𪁦𪁧𪁨𪁩𪁪𪁫𪁬𪁭𪁮𪁯𪁰𪁱𪁲𪁳𪁴𪁵𪁶𪁷𪁸𪁹𪁺𪁻𪁼𪁽𪁾𪁿𪂀𪂁𪂂𪂃𪂄𪂅𪂆𪂇𪂈𪂉𪂊𪂋𪂌𪂍𪂎𪂏𪂐𪂑𪂒𪂕𪂖𪂗𪂙𪂚𪂛𪂜𪂝𪂞𪂟𪂠𪂡𪂢𪂣𪂤𪂥𪂦𪂨𪂩𪂪𪂫𪂬𪂭𪂮𪂯𪂰𪂱𪂲𪂳𪂴𪂵𪂶𪂷𪂸𪂹𪂺𪂻𪂼𪂽𪂾𪂿𪃀𪃁𪃂𪃃𪃄𪃅𪃆𪃇𪃈𪃉𪃊𪃋𪃌𪃍𪃎𪃏𪃐𪃑𪃒𪃓𪃔𪃖𪃗𪃘𪃙𪃚𪃛𪃜𪃝𪃞𪃟𪃠𪃡𪃢𪃣𪃤𪃥𪃦𪃧𪃨𪃩𪃪𪃫𪃬𪃭𪃮𪃯𪃰𪃱𪃲𪃳𪃴𪃵𪃶𪃷𪃸𪃹𪃺𪃻𪃼𪃾𪃿𪄀𪄁𪄂𪄃𪄄𪄅𪄆𪄇𪄈𪄉𪄊𪄋𪄌𪄍𪄎𪄏𪄐𪄑𪄒𪄓𪄔𪄕𪄖𪄗𪄘𪄙𪄚𪄛𪄜𪄝𪄞𪄟𪄡𪄢𪄣𪄤𪄥𪄦𪄧𪄨𪄩𪄪𪄫𪄬𪄭𪄮𪄯𪄰𪄱𪄲𪄳𪄴𪄵𪄶𪄷𪄸𪄹𪄺𪄻𪄼𪄽𪄾𪄿𪅀𪅁𪅂𪅃𪅄𪅅𪅆𪅇𪅈𪅉𪅊𪅋𪅌𪅎𪅏𪅐𪅑𪅒𪅓𪅕𪅖𪅗𪅘𪅙𪅚𪅛𪅜𪅝𪅞𪅟𪅠𪅡𪅢𪅣𪅤𪅥𪅦𪅧𪅨𪅩𪅪𪅫𪅬𪅭𪅮𪅯𪅰𪅱𪅲𪅳𪅴𪅵𪅶𪅷𪅸𪅹𪅺𪅻𪅼𪅽𪅾𪅿𪆀𪆁𪆂𪆃𪆄𪆅𪆆𪆇𪆈𪆉𪆊𪆋𪆌𪆍𪆎𪆏𪆐𪆑𪆒𪆓𪆕𪆖𪆗𪆘𪆙𪆚𪆛𪆜𪆝𪆞𪆟𪆠𪆡𪆢𪆣𪆤𪆥𪆦𪆧𪆨𪆩𪆪𪆫𪆬𪆭𪆮𪆯𪆰𪆱𪆲𪆳𪆴𪆶𪆸𪆹𪆺𪆻𪆼𪆾𪆿𪇀𪇁𪇂𪇄𪇅𪇆𪇇𪇈𪇉𪇊𪇋𪇌𪇍𪇎𪇏𪇐𪇑𪇒𪇓𪇔𪇕𪇖𪇗𪇘𪇙𪇚𪇛𪇜𪇞𪇟𪇠𪇡𪇢𪇤𪇥𪇦𪇧𪇨𪇩𪇪𪇫𪇬𪇭𪇮𪇯𪇰𪇱𪇲𪇳𪇴𪇵𪇶𪇷𪇸𪇹𪇺𪇻𪇼𪇽𪇾𪇿𪈀𪈁𪈂𪈃𪈄𪈅𪈆𪈇𪈈𪈉𪈊𪈋𪈌𪈍𪈎𪈏𪈐𪈑𪈒𪈓𪈔𪈕𪈖𪈗𪈘𪈙𪈚𪈛𪈜𪈝𪈞𪈟𪈠𪈡𪈢𪈣𪈤𪈥𪈦𪈧𪈨𪈩𪈪𪈫𪈬𪈭𪈮𪈯𪈰𪈱𪈲𪈳𪈴𪈵𪈶𪈷𪈸𪈹𪈺𪈻𪈼𪈾𪈿𪋞𪪦𪾖𫚮𫚯𫚰𫚱𫚲𫚳𫚴𫚵𫚶𫚷𫚸𫚹𫚺𫚻𫚼𫚽𫚾𫚿𫛀𫛁𫛂𫛃𫛄𫛅𫛆𫛇𫛈𫛉𫛊𫛋𫛌𫛍𫛎𫛏𫛐𫛑𫛒𫛓𫛔𫛕𫛖𫛗𫛘𫛙𫠔𫼃𬩯𬳥𬶼𬶽𬶾𬶿𬷀𬷁𬷂𬷃𬷄𬷅𬷆𬷇𬷈𬷊𬷋𬷌𬷍𬷎𬷏𬷐𬷑𬷒𬷓𬷔𬷖𬷗𬷘𬷙𬷚𬷛𬷜𬷝𬷞𬷟𬷠𬷡𬷢𬷣𬷤𬷥𬷦𬷧𬷨𬷩𬷪𬷫𬷬𬷭𬷮𬷯𬷰𬷱𬷲𬷳𬷴𬷵𬷶𬷷𬷸𬷹𭀈𭀊𭌻𭍉𭚊𭟫𭧘𭬖𭳠𭳻𭿱𭿼𮆶𮬥𮬦𮬧𮬨𮬩𮬪𮬫𮬬𮬭𮬮𮬯𮬰𮬱𮬲𮬳𮬴𮬵𮬶𮬷𮬸𮬹𮬺𮬻𮬼𮬽𮬾𮬿𮭀𮭁𮭂𮭃𮭄𮭅𮭆𮭇𮭈𮭉𮭊𮭋𮭌𮭍𮭎𮭏𮭐𮭑𮭒𮭓𮭔𮭕𮭖𮭗𮭘𮭙𮭚𮭜𮭝𮭞𮭟𮭠𱄻𱈝𱈞𱈟𱈠𱈡𱈢𱈣𱈥𱈦𱈧𱈨𱈩𱈪𱈫𱈬𱈭𱈮𱈯𱈰𱈱𱈲𱈳𱈴𱈵𱈷𱈸𱈹𱈺𱈻𱈼𱈽𱈾𱈿𱉀𱉁𱉂𱉃𱉄𱉅𱉆𲍚𲍛𲍜𲍝𲍞𲍟𲍠𲍡𲍢𲍣𲍤𲍦𲍧𲍨𲍩𲍪𲗗𲘉𲧘𲽪𲾅𳄫𳉨𳌔𳎦𳎧𳎨𳎩𳎪𳎫𳎬𳎭𳎮𳎯𳎰𳎱𳎲𳎳𳎴𳎵𳎶𳎷𳎸𳎹𳎺𳎻𳎼𳎾𳎿𳏀𳏁𳏂𳏃𳏄𳏅𳏆𳏇𳏈𳏉𳏊𳏋𳏌𳏍𳏎𳏏𳏐𳏑𳏒𳏓𳏔𳏕𳏖𳏗𳏘𳏙𳏚𳏛𳏜𳏝𳏞𳏟𳏠𳏡𳏢𳏤𳏥𳏦𳏧𳏨𳏩𳏪𳏫𳏬𳏭𳏮𳏯𳏰𳏱𳏲𳏳𳏴𳏵𳏶𳏷𳏸𳏹𳏺𳏻𳏼𳏽𳏾𳏿
鳧	𣿆𦽏
鳩	𤄄𰳟
鳬	𣹋𦳓𲙨
鳯	䆇𧬽𨭷𪅔𪇃
鳳	㵯𠏵𣝲𤪧𪈽𪋴𫄍𫘙𫲉𬐑𮱱𳃪𳏣
鳴	𡂢𡄠𪂘𫬚𬷑𭬖𳏈
鴈	贗𡃌𤂮𤑤𧂶𭆘𳏻
鴛	𪂦𲽪
鴡	𪂓𪂔𪆷
鴦	𪃳𲜜
鴨	𭳠𱈶𳎿
鴫	𪉀𭀈
鴶	䕵𪆋
鵅	𪃕𪆽
鵙	䴍𧄞
鵢	𪇣𪈨𪈬
鵣	𪄠𬩯
鶯	𡤰𫤔𫬿𮭛𲬷𲴠
鷄	鸂𡿙𱶯
鷹	𪈾𪿅𬷺𲫊
鸛	𪈸𪈻
鸞	𡤻𨈎𨰽𬉳
鸟	㭤㶉䴓䴔䴕䴖䴗䴘䴙窎茑莺鸠鸡鸢鸣鸤鸥鸦鸧鸨鸩鸪鸫鸬鸭鸮鸯鸰鸱鸲鸳鸴鸵鸶鸷鸸鸹鸻鸼鸽鸾鹀鹁鹂鹃鹄鹅鹆鹇鹈鹉鹊鹋鹌鹍鹎鹏鹐鹑鹒鹓鹔鹕鹖鹗鹘鹙鹚鹛鹜鹝鹞鹟鹠鹡鹢鹣鹤鹥鹦鹧鹨鹩鹪鹫鹬鹭鹮鹯鹰鹱鹲鹳鹴鿺𪉁𪉂𪉃𪉄𪉅𪉆𪉇𪉈𪉉𪉊𪉋𪉌𪉍𪉎𪉏𪉐𪉑𪉒𪉓𪉔𪉕𫁡𫕳𫛚𫛛𫛜𫛝𫛞𫛟𫛠𫛡𫛢𫛣𫛤𫛥𫛦𫛧𫛨𫛩𫛪𫛫𫛬𫛭𫛮𫛯𫛰𫛱𫛲𫛳𫛴𫛵𫛶𫛷𫛸𫛹𫛺𫛻𫛼𫛽𫛿𫜀𫜁𫜂𫜃𫜄𫜅𫜆𫠖𬆮𬘞𬡍𬷕𬷻𬷼𬷽𬷾𬷿𬸀𬸁𬸂𬸃𬸄𬸅𬸆𬸇𬸈𬸉𬸊𬸋𬸌𬸍𬸎𬸏𬸐𬸑𬸒𬸓𬸔𬸕𬸖𬸗𬸘𬸙𬸚𬸛𬸜𬸝𬸞𬸟𬸠𬸡𬸢𬸣𬸤𬸥𬸦𬸧𬸨𬸩𬸪𬸫𬸬𬸭𬸮𬸯𬸰𬸱𮭡𮭢𮭣𮭤𮭥𮭦𮭧𮭨𮭩𮭪𮴿𮵮𮷙𮹕𮹗𮹘𮹙𮹚𮹛𮹜𱉇𱉈𱉉𱉊𱉋𱉌𱉍𱉎𱉏𱉐𱉑𱉒𱉓𱉔𱉕𱉖𱉗𱉘𱉙𱉚𱉛𱉜𱉝𱉞𱉟𱉠𱉡𱉢𱉣𱉤𱉥𱉦𱉧𱉨𱉩𱉪𱉫𱉬𱉭𱉮𱉯𱉰𱉱𱉲𱉳𱉴𱉵𱉶𱉷𱉸𱉹𱉺𱉻𱉼𱉽𱉾𱉿𱊀𱊁𱊂𱊃𱊄𱊅𱊆𱊇𱊈𱊉𱊊𱊋𱊌𱊍𱊎𱊏𱊐𱊑𱊒𱊓𱊔𱊕𱊖𱊗𱊘𱊙𱊚𱊛𱊜𱊝𱊞𱊟𱊠𱊡𱊢𱊣𱊤𱊥𱊦𱊧𱊨𱊩𱊪𱊫𱊬𱊭𱊮𱊯𱊰𱊱𱊲𱊳𱊴𱊵𱏅𲃜𲍫𲍬𲍭𲍮𲍯𲍰𲍱𲍲𲍳𲍴𲍵𲍶𲍷𲍸𲍹𲍺𲍻𲍼𲍽𲍾𲍿𲎀𲎁𲎂𲎃𲎄𲎅𲎆𲎇𲎈𲎉𲖚𲘻𳐀𳐁𳐂𳐃𳐄𳐅𳐆𳐇𳐈𳐉𳐊𳐋𳐌𳐍𳐎𳐏𳐐𳐑𳐒𳐓𳐔𳐕𳐖
鹵	㔪㲶䀋䴚䴛䴜䴝䴞塷樐滷磠蓾鏀鹶鹷鹸鹹鹺鹻鹼鹽𠘢𢟧𢧽𢲸𢺬𣠿𣤓𣰹𣱄𥜯𥱾𧅽𧆗𧖋𧫓𨟜𨟣𪉖𪉗𪉘𪉙𪉚𪉛𪉜𪉝𪉞𪉟𪉠𪉡𪉢𪉣𪉤𪉥𪉦𪉧𪉨𪉪𪉫𪉬𪉭𪉮𪉯𪉰𪉱𪉲𪉳𪉴𪉵𪉷𪉸𪉺𪉻𪉼𪉽𪉾𪉿𪊀𪊁𪊂𪊃𪊄𪊅𪊆𪊇𪊈𪊉𪊊𫜇𫜈𫜉𬸲𬸳𬸴𭫪𮔶𮠾𮭫𮭬𮭮𮭯𰞭𰥉𱊶𱊷𱊸𱊹𳐗𳐘𳐙𳐚
鹽	𣡶𣱄𤅸𥤟𨤎𨷽𲲽
鹿	㜙㦇㼾䃙䌒䍡䚕䴟䴠䴢䴣䴤䴥䴦䴧䴨䴩䴪䴫塵塶廘彲摝樚漉熝簏膔蔍螰蹗轆辘鄜鏕鏖騼麀麁麂麃麄麅麆麇麈麉麊麋麌麍麎麏麐麑麒麓麔麕麖麗麘麙麚麛麜麝麞麟麠麡麢麣麤𠠫𡈳𡈷𡒲𡔓𡔙𡔚𡼂𢿇𣀷𣊈𣋴𣩏𣰿𤡊𤨞𤼗𥀔𥉶𥛞𦄐𦌏𦗓𦪇𧐠𧜫𧢮𧽥𨐀𨞻𨟤𨟫𨢷𨣿𩅄𩌫𩍽𩎐𩔴𩞇𩪉𩺮𪇤𪈹𪊋𪊌𪊍𪊎𪊏𪊐𪊑𪊒𪊓𪊔𪊕𪊖𪊗𪊘𪊙𪊚𪊛𪊜𪊝𪊞𪊟𪊠𪊡𪊢𪊣𪊤𪊥𪊦𪊧𪊨𪊩𪊪𪊫𪊬𪊭𪊮𪊯𪊰𪊱𪊲𪊳𪊴𪊵𪊶𪊷𪊸𪊹𪊺𪊻𪊼𪊽𪊾𪊿𪋀𪋁𪋂𪋃𪋄𪋅𪋆𪋇𪋈𪋉𪋊𪋋𪋌𪋍𪋎𪋏𪋐𪋑𪋒𪋓𪋔𪋕𪋖𪋗𪋘𪋙𪋚𪋛𪋜𪋝𪋞𪋟𪋠𪋡𪋢𪋣𪋤𪋥𪋦𪋧𪋩𪋪𪋫𪋬𪋭𪋮𪋯𪋰𪋱𪋲𪋳𪋴𪋵𪋶𪋷𪋸𪋹𪋺𪒏𪛓𪩏𪮾𪵡𪷝𫜋𫜌𫜍𫜎𫜏𫠋𬐽𬸺𬸻𬸼𬸽𬸾𬸿𬹀𬹁𬿚𭊛𭗎𮃨𮣱𮭲𮭳𮭵𮭸𮭺𰾲𱊾𱊿𱋀𱋁𱋂𱟙𱥥𲎋𲎌𲎍𲜘𲟧𲬡𲭦𳂏𳐟𳐠𳐡𳐢𳐣𳐤𳐦𳐨𳐩𳐪𳐫𳐬𳐭𳐮𳐯𳐱𳐳𳐵𳐸𳐹𳐺𳐻𳐼𳐾𳐿𳑀𳑁𳑃𳑄
麀	䥝𤏶𤒣𥋨𪊨𰿁𲣁
麃	㩠䮽儦瀌爊犥皫穮臕藨鑣镳𡂘𡾌𢖐𣄦𣋳𤣄𥌜𥶔𦔩𧞧𧞯𧥍𨞻𩍶𩙒𩽁𫿡𬴍𱃐𱍶
麇	攈麘𢥄𦇘
麋	攗蘪𢥐𣟸𤃱𨣿
麏	𢹲𥜮
麕	攟𭭀𲽻
麗	㿛䕻䚕儷囇孋廲彲攦曬欐灑矖穲籭纚襹躧邐酈釃驪鱺鸝𠠫𠮔𡔉𢥬𣀷𣰿𤓧𤫟𥜰𥸗𦌿𦘐𧕯𧥖𨏽𨰣𩎉𪈳𪋨𪩠𫇃𬅛𬋞𬜟𲞚𲴜𳈸
麤	𧆓𪋻
麥	䥑䨫䮮䴬䴭䴮䴯䴰䴱䴲䴳䴴䴵䴶䴷䴸䴹䴺䴻䴼䴽䴾䴿䵀䵁䵂䵃䵄䵅䵆嘜麧麨麩麪麫麬麭麮麯麰麱麲麳麴麵麶麷𠍅𣼊𨄣𩍔𪄳𪋼𪋽𪋾𪋿𪌀𪌁𪌂𪌃𪌄𪌅𪌆𪌇𪌈𪌉𪌊𪌋𪌌𪌍𪌎𪌏𪌐𪌑𪌒𪌓𪌔𪌕𪌖𪌗𪌘𪌙𪌚𪌜𪌝𪌞𪌟𪌠𪌡𪌢𪌣𪌤𪌥𪌦𪌧𪌨𪌩𪌪𪌫𪌬𪌭𪌮𪌯𪌰𪌱𪌲𪌳𪌴𪌵𪌶𪌷𪌸𪌹𪌺𪌻𪌼𪌽𪌾𪌿𪍀𪍁𪍂𪍃𪍄𪍅𪍆𪍇𪍈𪍉𪍊𪍋𪍌𪍍𪍎𪍏𪍐𪍑𪍒𪍓𪍔𪍕𪍖𪍗𪍘𪍙𪍚𪍛𪍜𪍝𪍞𪍟𪍠𪍡𪍢𪍣𪍤𪍥𪍦𪍧𪍨𪍩𪍪𪍫𪍬𪍭𪍮𪍯𪍰𪍱𪍲𪍳𪍴𪍵𪍶𪍷𪍸𪍹𪍺𪍻𪍼𪍽𪍾𪍿𪎀𪎁𪎂𪎃𪎄𪎅𪎆𪎇𫉍𫜐𫝾𫭑𬗴𬹂𬹃𮩍𮭼𮭾𮭿𮮂𰳩𱋃𱾴𲎐𲱨𳍲
麦	唛麸麹麺鿏鿺𠿆𤿲𥟀𥪣𦼆𧵷𨀱𨅫𨌐𨦎𨹧𨺮𪌛𪎈𪎉𪎊𪎋𪎌𪎏𪎐𫜑𫜒𫜓𫜔𫜕𫧮𬍞𬹅𬹆𬹇𬹈𬹉𬹊𬹋𬹌𬹍𬹎𭪄𭰗𭸌𮌕𮏀𮞒𮭏𮮃𮮄𮮅𮮆𮮇𮰢𮳩𰎴𰔞𰦽𱋄𱋅𱋆𱋇𱋈𱋉𱋊𱋋𱋌𱋍𱋎𱋏𱋐𱋑𱋒𱋓𱋔𱋕𱋖𱋗𱋘𱋙𱋚𱋛𱋜𱋝𱋞𱋟𱋠𱋡𱋢𱋣𱋤𱋥𱋦𱋧𱋨𱋩𱋪𱋫𱋬𱋭𱋮𱟹𲎑𲎒𲎓𲒎𲱚𳑇
麻	㦄㸏䌕䗫䜆䩋䯢䲈䳸䵇䵈䵉嘛塺嫲摩爢犘磨穈糜縻蔴靡髍魔麼麽麾麿黀黁黂𠍨𠞥𠞧𠠣𡡉𡻤𡻥𡿌𢊠𢊢𢊶𢋎𢋙𢋚𢋤𢋲𢌁𢌑𢑀𢒹𢒺𢠩𢳀𣀫𣀯𣊍𣙪𣻕𤎎𤔨𤜘𤯌𤾝𥂓𥉵𥊚𥢂𦓡𦗕𦟟𧃲𧫼𨄬𨣽𨬈𩀪𩔶𩞁𪎑𪎒𪎓𪎔𪎕𪎖𪎗𪎘𪎙𪎚𪎛𪎜𪎝𪎞𪎟𪎠𪎡𪎢𪎣𪎤𪎥𪎦𪎧𪎨𪎩𪎪𪎬𪎭𪎮𪎯𪎰𪎱𪎲𪐎𪓹𪪤𪿳𫂟𫃎𫜖𫜗𬍄𬹏𬼳𭙽𭚉𮂦𮮈𮮉𮮊𮮋𮮌𮮍𰈴𰡪𰢍𱋯𱋰𱋱𱌈𲊇𲎔𲧿𲭧𲽾𳁉𳐚
麼	嚒嬤懡縻𢣗𣋟𩉌𩟠𩪮
麽	嚒嬷懡𣋟𥽓𧀋𨆽𬳔𭢹𮮎𲧒𲯇
黃	㣴䊣䊯䌙䐵䤑䪄䬝䮲䵃䵊䵋䵌䵍䵎䵏䵐僙儣嚝墴壙嫹廣彉彍懭撗擴斢曂曠橫潢瀇熿爌獚獷璜癀磺礦穔穬簧蟥觵趪鐄鱑鷬黅黆黇黈黊黋黌𠾛𡐳𤖖𤗶𤛥𤮏𦡽𦪗𧃂𧓛𧝒𨇁𨊇𨎩𨝴𨤡𨶰𨽏𩙁𩞩𪎳𪎴𪎵𪎶𪎸𪎹𪎺𪎻𪎼𪎽𪎾𪎿𪏀𪏁𪏂𪏃𪏄𪏅𪏆𪏇𪏈𪏉𪏊𪏋𪏌𪏍𪏎𪏏𪏐𪏑𪏒𪏓𪏔𪏕𪏖𪏗𪏘𪏙𪏚𪏛𪏝𪏞𪏟𪏠𪏡𪏢𪏤𪏥𪏦𪏧𪏨𪏩𪏪𪏫𫉉𫋧𬹐𮘺𮧾𱋳
黄	䊣䊯䌙䐵䤑䪄䬝䮲䵃䵊䵋䵌䵍䵎䵏䵐僙儣嚝墴壙嫹廣彉彍懭撗擴斢曂曠横潢瀇熿爌獚獷璜癀磺礦穔穬簧蟥觵趪鐄鱑鷬黅黆黇黈黉黊黋黌𠾛𤖖𤗶𤛥𤮏𦡽𦪗𧓛𧝒𨇁𨊇𨎩𨝴𨤡𨱑𨶰𨽏𩙁𩙯𩞩𪎴𪎵𪎶𪎷𪎸𪎹𪎺𪎻𪎼𪎽𪎾𪎿𪏀𪏁𪏂𪏅𪏆𪏇𪏈𪏉𪏊𪏋𪏌𪏍𪏏𪏐𪏑𪏒𪏓𪏔𪏕𪏖𪏗𪏘𪏙𪏚𪏛𪏝𪏞𪏟𪏠𪏡𪏢𪏣𪏤𪏥𪏦𪏧𪏨𪏩𪏪𪏫𪠓𫉉𫋧𫜘𫧖𫿍𬨒𬶫𬹑𬹒𬹓𭨏𮮏𰿹𱅦𱋫𱋲𱋴𲎕𳀦𳇧
黈	蘣𪏜
黌	𣍜𪏬
黍	㓿䵑䵒䵓䵔䵕䵖䵗䵘䵙䵚䵛䵜潻黏黐𤛿𧑓𧒁𧬠𨞃𩁄𩆲𩡠𩧞𪆜𪇺𪋩𪎭𪏦𪏮𪏯𪏰𪏱𪏲𪏳𪏴𪏵𪏶𪏷𪏸𪏹𪏺𪏻𪏼𪏽𪏾𪏿𪐀𪐁𪐂𪐃𪐄𪐅𪐆𪐇𪐈𪐉𪐊𪐋𪐌𪐍𪐎𪐏𪐐𪐑𪐒𪐓𪐔𪐖𪒚𪒺𬓸𬹔𮫑𮮒𮮓𱋵𳑈𳑉𳑊
黎	㠟㰀䉫嚟瓈藜邌鑗𠠍𢤂𤂱𤑬𤛼𥌛𥗍𥣵𥨹𧔌𨟀𩁟𩧋𩼽𬜜𲯌
黑	㩏㱄㶖㷵㸃䁫䆀䵝䵞䵟䵠䵡䵢䵣䵤䵥䵦䵧䵨䵩䵪䵫䵬䵭䵮䵯䵰䵱䵲䵳䵴䵵儵嘿墨嫼潶蟔黓黔黕黖黗默黙黚黛黜黝點黟黠黡黢黣黤黥黦黧黨黩黪黫黬黭黮黯黰黱黲黳黵黶黷黸𠎁𠪩𡴦𡼡𢌅𢖛𢡀𣎚𣝙𤒭𥂮𥳬𥼯𦄿𦅔𦏉𦗣𦸽𧅌𧭲𧴔𨊂𨭆𨶯𩯗𩻤𪆤𪐘𪐙𪐚𪐛𪐜𪐝𪐞𪐟𪐠𪐡𪐢𪐣𪐤𪐥𪐦𪐧𪐨𪐩𪐪𪐫𪐬𪐭𪐮𪐯𪐰𪐱𪐲𪐳𪐴𪐵𪐶𪐷𪐸𪐹𪐺𪐻𪐼𪐽𪐾𪐿𪑀𪑁𪑂𪑃𪑄𪑅𪑆𪑇𪑈𪑉𪑊𪑋𪑌𪑍𪑎𪑏𪑐𪑑𪑒𪑓𪑔𪑕𪑖𪑗𪑘𪑙𪑚𪑛𪑜𪑝𪑞𪑟𪑠𪑡𪑢𪑣𪑤𪑥𪑦𪑧𪑨𪑩𪑪𪑫𪑬𪑭𪑮𪑯𪑰𪑱𪑲𪑳𪑴𪑵𪑶𪑷𪑸𪑹𪑺𪑻𪑼𪑽𪑾𪑿𪒀𪒂𪒃𪒄𪒅𪒆𪒇𪒈𪒉𪒊𪒋𪒌𪒍𪒎𪒏𪒐𪒑𪒒𪒓𪒔𪒕𪒖𪒗𪒘𪒙𪒚𪒛𪒜𪒝𪒞𪒟𪒠𪒡𪒢𪒣𪒤𪒥𪒦𪒧𪒨𪒩𪒪𪒫𪒬𪒭𪒮𪒯𪒰𪒱𪒲𪒳𪒴𪒵𪒶𪒷𪒹𪒺𪒻𪒼𪒽𪒾𪒿𪓀𪓁𪓂𪓃𪓄𪓅𪓆𪓇𪓈𪓉𪓊𪵓𫜙𫜚𫜛𫜞𬆴𬏼𬟱𬭶𬹕𬹖𬹗𬹘𬹙𬹚𬹛𭀉𭚆𭧪𮄻𮓐𮠒𮠔𮤸𮮔𮮖𮮙𮮚𮮛𮮝𮮞𰰛𱋶𱋷𱋸𱋹𱋺𱗻𱥚𲎖𲎗𲎘𲨪𲮴𳀧𳑋𳑌𳑍𳑎𳑏𳑐
黒	㸃墨黙黛𠢴𠪩𣘸𤋰𭚌𭧪𭬯𭵜𭶑𭺍𮮕𮮗𮮘𮮟𱉃𱢰𱹛𲚋
默	䁿𧞾𫄓𰟵
黠	䕸𥷫
黨	㿩䣣儻戃攩曭欓灙爣矘讜钂𡆊𡤭𡿓𣎲𤣞𥤗𥸈𥽻𧅗𨏻𩽳𪼲𫄗𭍀𰋆𲄲
黹	黺黻黼𣀅𣚠𦅧𧝉𧸅𨬚𪓋𪓌𪓍𪓎𪓏𪓐𫜜𫱱𫹤𬋉𬘑𬹜𭸪𳑑
黽	䵴䵶䵷䵸䵹僶憴澠竈繩虌蠅譝鄳鱦黿鼀鼁鼂鼃鼄鼅鼆鼇鼈鼉鼊𡢘𡽑𣋋𣎜𣤶𥀨𥀩𥋝𥜐𥨫𦌡𧕓𧕵𧥕𨭘𪓑𪓒𪓓𪓔𪓖𪓗𪓘𪓙𪓚𪓛𪓜𪓞𪓟𪓠𪓡𪓢𪓥𪓦𪓧𪓨𪓩𪓪𪓫𪓬𪓭𪓮𪓯𪓰𪓱𪓲𪓳𪓴𪓵𪓶𪓷𪓸𪓹𪓺𪓻𪓼𪓽𪓾𪓿𪔀𪔁𫁘𫜝𫜞𬹝𬹞𬹟𬹠𬹡𬹢𭬌𮕚𮮢𮮤𰊷𰸯𱋻𱋼𲀒
黾	䋲䰗渑绳蝇鼋鼌鼍𠊟𡸾𣈣𨵜𫀓𫜙𫜟𬹣𬹤𬺞𭚷𮄅𮮣𮲑𰌉𰑪𰥭𰮭𱇸𱋾𱋿𱌀𱌁𱌂𱌃𱌄𱌅𱌆𱌇𱌈𱌉𱶪𲙖𳑒
鼀	𣤶𥩋
鼈	虌𫦣
鼎	䨶䵺䵻䵼檙濎薡鐤鼏鼐鼑鼒𠕪𠘋𠟭𠢼𠬔𤂄𤐣𧈂𩆆𩕢𪔃𪔄𪔅𪔆𪔇𪔈𪔉𪔊𫜠𫜡𫣨𬒤𬹥𬹦𬹧𬹨𬹩𬹪𬹫𬹬𮮥𰕗𰾸𱚜𱲞𲎙𲖠𳇣
鼏	𤑺𧖅𨣯
鼓	䥢䵽䵾䵿䶀䶁瞽臌薣鼕鼖鼗鼘鼙鼚鼛鼜鼝鼞鼟𠿤𡽂𡽌𦗺𨆊𨭸𩰛𪇀𪔋𪔌𪔍𪔎𪔐𪔑𪔒𪔓𪔔𪔕𪔖𪔗𪔘𪔙𪔚𪔛𪔜𪔝𪔞𪔟𪔠𪔡𪔢𪔣𪔤𪔥𪔦𪔧𪔨𪔩𪔪𪔫𪔬𪔭𪔮𪔯𪔰𪔱𪔲𪔳𪔴𪔵𪔶𪔷𫔐𫱺𭿢𮝪𮨲𮩑𮮧𮮩𮮪𰌘𱌊𱌋𲎚𲎛𲎜𲠬𲱳𲶞𳑔
鼠	䶂䶃䶄䶅䶆䶇䶈䶉癙竄鼢鼣鼤鼥鼦鼧鼨鼩鼪鼫鼬鼭鼮鼯鼰鼱鼲鼳鼴鼵鼶鼷鼸鼹鼺鿻鿼𠏙𣜌𤢡𥣅𦡔𧒑𨭿𩯡𪔸𪔹𪔺𪔻𪔼𪔽𪔾𪔿𪕀𪕁𪕂𪕃𪕄𪕅𪕆𪕇𪕈𪕉𪕊𪕋𪕌𪕍𪕎𪕏𪕐𪕑𪕒𪕓𪕔𪕕𪕖𪕗𪕘𪕙𪕚𪕛𪕜𪕝𪕞𪕟𪕠𪕡𪕢𪕣𪕤𪕥𪕦𪕧𪕨𪕩𪕪𪕫𪕬𪕭𪕮𪕯𪕰𪕱𪕲𪕳𪕴𪕵𪕶𪕷𪕸𪕹𪕺𪕻𪕼𪕽𪕾𪖀𪖁𪖂𪖃𪖄𪖅𪖆𪖇𪖈𪖉𪖊𪖋𪖌𪖍𪖎𪖏𫜢𫜣𬹭𬹮𮮬𮮭𮮮𮮯𰟨𱌍𱌎𱌏𱌐𱚔𲎇𲎝𲎞𲎟𲎠𲢿𳑕𳑖𳑗𳑘𳑙𳑚𳑛𳑜𳑝𳑞𳑟𳑠𳑡𳑢𳑣𳑤𳑥
鼡	猟蝋𤔆𫞇𫠘𮫋
鼻	䑄䕗䶊䶋䶌䶍䶎䶏䶐䶑劓嚊嬶擤濞襣鼼鼽鼾鼿齀齁齂齃齄齅齆齇齈齉𠏿𡽶𢋛𢣦𤢳𤻖𦤫𦫱𧓧𧗗𨞳𩕬𩫬𪕿𪖐𪖑𪖒𪖓𪖔𪖕𪖖𪖗𪖘𪖙𪖚𪖛𪖜𪖝𪖞𪖟𪖠𪖡𪖢𪖣𪖤𪖥𪖦𪖧𪖨𪖩𪖪𪖫𪖬𪖭𪖮𪖯𪖰𪖱𪖲𪖳𪖴𪖵𪖶𪖷𪖸𪖹𪖺𪖻𪖼𪖽𪖾𪖿𪗀𪗁𪗂𪗃𪤨𫗅𫜤𬹯𬹰𭢷𮥭𮮶𮮷𮮸𮮹𱌑𱌒𱌓𱌔𱌕𱌖𲎡𲴓𳑦𳑧
齊	㸄䄢䍤䜞䭣䮺䶒䶓䶩儕劑嚌懠擠櫅濟璾癠穧纃臍艩薺蠐躋鑇隮霽鱭麡齋齌齍齎齏𡣙𡽉𢋿𣋠𥐌𥖭𧓉𧖊𧞓𧾙𨣧𨽘𩱳𪊆𪗅𪗆𪗇𪗈𪗉𪗊𪗋𪗌𪗍𪗏𪗑𪤪𬀛𬩣𬪜𮊞𮱲𰫕𲞏𲾈𳑨
齋	𡄡𢋿𢥖𢹓𤒱𧕚𩵃𪗒𭳯𮂧𮥱
齐	侪哜挤斉斎济脐荠蛴跻霁鲚齑𦄴𨠨𩴚𪯠𪲎𫅅𫞦𫺊𬘧𬭉𬯀𬲶𬸾𬹳𮚁𰣬𰨦𱌗𱌘𱌙𱙑𱫅𱹁𲎊𲿥
齒	䶔䶕䶖䶗䶘䶙䶚䶛䶜䶝䶞䶟䶠䶡䶢䶣䶤䶥䶦䶧䶨䶩䶪䶫嚙囓鑡齓齔齕齖齗齘齙齚齛齜齝齞齟齠齡齣齤齥齦齧齨齩齪齫齬齭齮齯齰齱齲齳齴齵齶齷齸齹齺齻齼齽齾𠠚𡾐𡿖𢎕𢸡𤁧𤪷𤻽𤼻𥗊𥸟𦉟𦢠𧀤𧢟𨈄𨰒𨰢𩖁𩪲𪗔𪗕𪗖𪗗𪗘𪗙𪗚𪗛𪗜𪗝𪗞𪗟𪗠𪗡𪗢𪗣𪗤𪗥𪗦𪗧𪗨𪗩𪗪𪗫𪗬𪗭𪗮𪗯𪗰𪗳𪗴𪗵𪗶𪗷𪗸𪗹𪗺𪗻𪗼𪗽𪗾𪗿𪘀𪘁𪘃𪘄𪘅𪘆𪘇𪘈𪘉𪘊𪘋𪘌𪘍𪘎𪘏𪘐𪘑𪘒𪘓𪘔𪘕𪘖𪘗𪘘𪘙𪘛𪘜𪘝𪘞𪘟𪘠𪘡𪘢𪘣𪘤𪘥𪘦𪘧𪘨𪘩𪘪𪘫𪘬𪘭𪘮𪘯𪘰𪘱𪘲𪘳𪘴𪘵𪘶𪘷𪘸𪘹𪘺𪘻𪘼𪘽𪘾𪘿𪙀𪙁𪙂𪙃𪙄𪙅𪙆𪙇𪙈𪙉𪙊𪙋𪙌𪙍𪙎𪙏𪙐𪙑𪙒𪙓𪙔𪙕𪙖𪙗𪙘𪙙𪙚𪙛𪙜𪙝𪙞𪙟𪙠𪙡𪙢𪙣𪙤𪙥𪙦𪙧𪙨𪙩𪙪𪙫𪙬𪙭𪙮𪙯𪙰𪙱𪙲𪙳𪙴𪙵𪙶𪙷𪙸𪙹𪙺𪙻𪙼𪙽𪙾𪙿𪚀𪚁𪚂𪚃𪚄𪚅𪚆𪚇𪚈𪚉𪚊𪚋𪚌𪤭𫜥𫜦𫜧𫠙𫠛𫹁𬹵𬹶𬹷𬹸𬹹𮈀𮉕𮝱𮮿𮯀𮯁𮯂𮯄𮯆𮯉𮯊𮯍𮯏𮯐𮯑𮯒𮯓𮯔𮯕𮯖𮯗𮯘𱌚𱌛𱌜𱌝𱌞𱌟𱌠𱌡𱌢𱌣𱌤𱌥𱌦𱌧𱌨𲎢𲎣𲎤𲎥𲎦𲵙𳑩𳑪𳑫𳑬𳑭
齕	𥷳𪩟
齧	䥹囓𡔐𡿖
齿	啮龀龁龂龃龄龅龆龇龈龉龊龋龌𪚏𪚐𫜨𫜩𫜪𫜫𫜬𫜭𫜮𫜯𫜰𫠜𬭔𬹺𬹻𬹼𬹽𬹾𬹿𬺀𬺁𬺂𬺃𬺄𬺅𬺆𬺇𬺈𬺉𬺊𬺋𬺌𬺍𬺎𬺏𬺐𬺑𬺒𬺓𬺔𬺕𬺖𮯙𰳆𱌩𱌪𱌫𱌬𱌭𱌮𱌯𱌰𱌱𱌲𱌳𱌴𱌵𱌶𱌷𱌸𱌹𱌺𱌻𱌼𱌽𱴐𲎧𲎨𲎩𲎪𲎫𲒬𳑮𳑯𳑰𳑱
龍	㰍䆍䌬䏊䡁䪊䮾䶬儱嚨壟壠寵巃巄徿攏曨朧櫳瀧爖瓏矓礱礲竉籠聾蘢蠪蠬襱襲讋豅贚躘鑨隴靇驡鸗龎龏龐龑龒龓龔龕龖龗龘𠖥𡃡𡓺𡾩𢤱𢤲𢸭𣰵𤜆𤮨𤳽𤼃𦌼𦒮𦢫𦪽𦪿𧕻𧲖𧾪𨇘𨏠𨳁𩙘𩟭𩰀𪈗𪎁𪐖𪔷𪚑𪚒𪚓𪚔𪚕𪚖𪚗𪚘𪚙𪚚𪚛𪚜𪚝𪚞𪚠𪚡𪚢𪚣𪚤𪚥𫅍𫑰𫜱𫦞𫲘𫿤𮙇𮯚𰉌𱁬𱇈𱌾𱌿𱍀𱜼𱟡𲫋𳑴𳑵𳑶
龎	龐𡅃𡓺𤜎
龖	龘𧟟𧮩𪚥𱁬
龙	䶭䶮厐咙垄垅宠尨庞拢昽栊泷珑眬砻笼聋胧茏袭詟陇龚龛𢘙𤇭𦨩𨀁𨐇𩧪𩬤𪫌𪺪𫎦𫖅𫛟𫜲𫢒𬧢𬸄𬺛𬺜𬺝𬻓𮞇𮰄𮹝𰎎𰠋𰦭𰩅𰫞𰭹𰲴𰳲𰶑𰽦𱅅𱍁𱍂𱍔𱛓𱺕𲋐𲾒
龜	䆋䶯䶰䶱䶲櫷鬮龝龞𤒅𨷺𩙠𪚩𪚪𪚬𪚭𪚮𪚯𪚰𪚱𪚳𪚵𪚶𪚷𪚸𪚹𪚻𪚼𪚽𪛀𪛁𪛂𪛅𪛈𪛕𪷾𮧂𰕙𱏜𱢲𲽫
龟	亀阄𫃧𫜳𬓫𱆰𱍃𱍄𱍅𱍆𱍇𱍈𱍉𲎮
龠	㒢㿜䟑䠯䶳䶴䶵瀹爚禴籥蘥讑鑰鸙龡龢龣龤龥𢅹𥌺𥤉𥸤𦇬𧆆𧕋𧟇𧢢𧹊𨙄𨷲𨸎𪛊𪛋𪛌𪛍𪛎𪛏𪛐𪛑𪛒𪛓𪛔𪛕𪛖𫜴𬰾𬱳𬺟𬺠𬺡𭄜𭨑𭨣𮪟𮯘𮯠𰢙𰶏𱊵𱍉𱰓𱱰
龨	㨤滙𠥥𦃶𪞩
龰	㧿㨗㱜㻜䈕䞿䟅䟫䠂䶑偼媫定從是歨疋疌緃莡萣走足踅踨蹇蹔蹙躉辵𠍺𠯬𠸝𡗱𢈩𢉇𢉴𢓺𢔩𢷐𣏡𣕹𣲓𣶏𣷐𤡞𤴓𤴕𤴗𤴘𤴛𤴞𤴡𥈤𥒧𥭽𦆍𦋨𦑯𦳚𦵉𧀶𧂨𧉆𧪌𧫐𧲓𧴇𧺆𧼖𧼧𧽩𧾸𧾺𧿃𧿍𧿿𨀶𨁢𨄀𨅚𨇘𨌰𨏡𨩼𩬂𩬄𪲧𫌃𫢴𫯃𫰽𫷭𬆂𬆉𬍫𬕈𬢘𬦇𬧁𭡈𭡸𭻿𮓝𮛅𮛍𮜭𮷲𰋤𰋲𲃗𲒉𲝇𳁲𳇽𳌞
龱	卤囟巤鬛𠀮𠍚𠔋𠟑𠠌𡍗𡒏𡔫𡕈𡢆𡿸𡿺𢀇𢀈𢀉𢀐𢺬𣱜𤎞𥂶𥕇𥝁𥝄𥝅𥶢𦈄𦌆𦭤𦴗𦹌𦼤𧊫𧔐𧕧𧹇𩆒𩋈𩔅𪚨𪦅𭘥𲘎
龴	予令勇告圅甬疑祭藈詧豋𠈴𠋾𠌀𠢁𠬞𠭫𡂠𡇶𡗪𡛹𡲋𡴔𢂭𢏀𢕠𢬟𢶬𢸕𢸽𢿮𣁩𣃋𣎼𣐦𣐱𣟣𣼦𣽵𤑪𤔔𤔺𤦱𤧱𤫒𤮘𤱡𤼫𥁪𥕩𥡰𥣠𥽊𦀩𦊓𦚲𦧁𦫁𦫂𦮡𦾍𧄋𧎂𧐘𧬖𧰌𧾇𨄛𨐄𨐲𨓥𨗇𨙘𨿊𩆫𩐔𩤗𩽃𫊀𫫱𫭄𫸭𬍩𬝢𬯠𬿬𬿺𭂶𭓽𭕴𭟩𭟷𭴥𭴶𭼿𮈏𮒿𮗁𮣅𰀈𰅄𰤳𰰫𱨠𱨢𱯉𱱸𱾕
龵	拜掰搿看綁邦𠛃𢀠𢌜𢪒𢪙𢬚𢬣𢰿𢲤𢴞𢵩𢵬𢷆𢸌𦙚𦰥𨓍𨞲𬾏𭟑𰆩𲡨𲶁
龶	㓞䭍夀契害彗愫憲毒素表責责隹隺靑青麦𠓆𠡾𠳜𡇦𡖷𡠯𡩐𡩜𢍆𢓦𢗣𢚇𣈧𣖓𣪭𣼌𤳭𥔏𥟨𦑓𦑢𦕴𦤳𦥈𦴀𧉉𨦤𨭯𨵯𪌛𪧵𫠤𫲸𫴊𫴢𬻥𭃌𭍠𭍥𮄣𮈑𮥶𮥹𰔉𰔩𰜛𱨼𱩈𱫡𱯃𲀒𲅇
龷	䒓䒥䒬䓊䭖乖乗共其垂展度庶庻散昔構潵異簔艔艼芉芋芌芐芜芫芸苪茜茾荁荋菙蘷黄𠀎𠀖𠀗𠀪𠆉𠌮𠍳𠝚𠢀𠪵𠶬𠺂𡄝𡇾𡋍𡔦𡨏𡱗𡸁𡽼𢈐𢛻𢞧𢨖𢻎𢾖𣀰𣊝𣊥𣏼𣤬𣪚𣮠𣺏𤍞𤑻𤨃𤰍𤰑𤰻𤲐𤹛𤼇𥆈𥍅𥔫𥘠𥤅𥩓𥮌𦇂𦐫𦚴𦫺𦬀𦬂𦬚𦬜𦬞𦬬𦭃𦭒𦭱𦮆𦯘𦰨𦲢𦲯𦲸𦴐𦵏𦶹𦷜𦹁𦻅𧒝𧝒𧡔𧢖𧴹𧶩𧹘𧽾𧿱𨅢𨔘𨕃𨤜𩦘𪊩𪒌𪔬𪪪𫇩𫇶𫙴𫞐𫩋𫴰𬏋𬗜𬜻𬝛𬞈𬟀𬢼𬪕𬽌𬿡𭄉𭄿𭈰𭊮𭏍𭒔𭜑𭞹𭣵𭣹𭣺𭪙𭭕𭭡𭱂𭲑𭴹𭺺𭺾𭽬𮈦𮉰𮎩𮎹𮎾𮏃𮏖𮑡𮑽𮕩𮗚𮚏𮠆𮨾𮮠𮶜𰘖𰜑𰤯𰭆𰰥𰰬𰸨𱝅𱦰𱧌𱨝𱬯𱰞𱽍𱽑𱽓𱽛𱾭𲌢𲓻𲔼𲜍𳀮𳋅
龸	䟫党営坣孛尝常掌棠甞裳賞赏𠤝𠹉𡐃𡓪𡜈𡝷𡭠𡭵𡭿𡮕𡮝𢡭𣥺𤇑𤋩𫆙𫆟𫢂𫩠𫴽𫵁𫵂𬐓𭓋𭺮𮚑𰀶𰣈𱑾𱰲𳑋
龹	䄅䅈䖭䞉券劵勌勝卷圈圏堘奍巻帣弮拳桊牶畻眷絭觠誊豢闂韏飬餋駦騰鮝鲞齤𠈫𠊶𠌍𠔉𠝂𠡶𠢁𠢚𡈕𡔨𡙅𡟒𢍊𢨄𢰪𢸏𣇃𣙂𣭮𣳾𣹸𣼃𤱵𤷄𤺦𥁠𥏇𥚿𦂙𦩩𦩱𦶘𧏉𧙯𧝢𧞚𧫵𧯦𧷽𧼚𨆐𩁫𩏗𩓫𩦬𩴏𩴖𪀲𪪥𫙝𫝤𫲂𫺉𬀴𬇥𬇦𬍢𬫒𭅑𭑊𭑖𭜮𭩃𭱱𭲌𭸦𮌐𮍢𮍨𮠲𮨟𮭎𰪜𰮤𰶩𰷩𱂇𱅑𱌲𱨹𱱜𱷺𱸱𱼾𲁏𲠙𲢃𲰠
鿄	𥱋𮃡𮇹𮭊
鿿	𪤦𪷫
𠀁	亐号夸芌號𠒠𠮲𠳯𡧈𢣉𤓳𥩭𦈤𦕮𨚛𨫴𨿁𩂾𩣁𩿭𪫝𪬀𫇯𬀦𬾵𭈶𭜿𭡌𭮉𭮯𮔵𮡓𮦪𮬧𱿒𲐗
𠀂	㐋㐏气𠃘𠃻𠰆
𠀃	且具央懸皿直県縣英𠀇𠀵𠄢𡨈𣇥𣌬𣒯𣕺𤉑𥍙𥭿𦀞𧣰𧱖𧼉𨬧𩫎𪈉𪠲𫓕𬽈𮌃𰅰𲄸
𠀆	丰害幰憲攇櫶瀗耒藼𠂖𠓆𠙹𠳆𡊽𦥆𦴀𨏥𨯶𫲸𭁈𱪨
𠀉	印裦褎褏襃𠂩𠃤𠙧𠨝𡳟𢁹𢕧𣅲𤦨𤺝𥃖𥃜𥝋𦥑𦦫𧆧𧆩𧓟𧜪𧝾𪓕𭔌𮖥
𠀋	𱃮𱮪
𠀌	𡵽𨚑
𠀎	㐮㗷冓嚢襄𠦒𡄿𡓙𡨄𡬜𢊋𣟯𤀬𤃈𥤄𥱏𥲙𥻔𧕁𧞼𨏛𨔸𫞽𫟝𬬕𭋛𭌌𮏣𮑽𮕱𮖚𮖠𱔞𱢒𱩚
𠀐	櫃貴贵𠢀𠳋𡄅𡆒𡔽𢈮𣆊𣻲𤐭𥀒𥀖𥅌𥲞𦃠𦫒𦸜𧕕𩁣𩁤𩔿𩞒𩞮𩺅𩻨𫁁𭑲𭲑𮈨𮓰𮓱𰮺𰹟𱧹𱮦
𠀒	𠀩𤙀𦭃𧆪
𠀔	亥奒𡱍
𠀕	𣐛𥑗𬇛𬶊
𠀘	𡽷𣆧
𠀜	𱳤𲦪
𠀠	𢍌𣗅𧪷
𠀤	𧨌𧫭
𠀬	𠉦𢐜𪢓𬆹𬞿
𠀷	𠻸𣼕𤍼𦒈𨜥𫓂𫕆𭃴𭒚𮐯𰙘
𠁁	㓸斲𠍄𡆏𡆞𡟳𥉝𧡸𧪧𨜹𨪐𨻉𩔡𰴛
𠁅	𠻔𢴃𥧻𨬀𭢾𰗌𰷾
𠁗	𧞲𨟛𭳞𮎖
𠁡	㩸亙剶宐𠄣𡖄𡧧𡪀𣡟𧁸𧟕𨌊𫩁
𠁣	嚮門𠁅𠝎𥧈𨘅𨳈𬻴𭅰𭭪𭯸𰀤𰆶𰓋𱮶
𠁤	茜西閪𡧳𤶈𰕿𱹅𲈹
𠁽	䏎骪𱪅𱪠
𠂆	㐆㳁䥿䫢䴘丘乕兏厄厉反后戶挀斤斥栃歋段沠爪爫瓜盾緞聚虒貭鷉𠀈𠀉𠂋𠂘𠂢𠂣𠂬𠂰𠃅𠃈𠃘𠑿𠞄𠥃𠪃𠪻𠫅𠭊𠲐𠺍𡌐𡍮𡒍𡝜𡭍𡴤𢀩𢀴𢁺𢊐𢐏𢕀𢨛𢫽𢲽𣂑𣂥𣍔𣐧𣖅𣴋𤓰𤤵𤦨𤱫𥕈𥕫𥛕𥝌𥰽𦂰𦄟𦓙𦙪𦥑𦵍𧉲𧏕𧖴𧘷𧠏𧤫𧪥𧱸𧻀𨀭𨄪𨎉𨔄𨔕𨕉𨖠𨞮𨧌𨴳𨽁𨽯𩒒𩓃𩛶𩻢𪁯𪅚𪕻𪕽𪠗𪭭𫀖𫈻𫙨𫞊𫬯𫯛𬋤𬼍𭘑𭤟𭮴𮁩𮇭𮤌𮷤𰔁𰢛𰰕𰲚𰲝𱦥𱨷𱬺𱭅𱳕𲅔𲓿
𠂇	㔫㭄䘠丈丰冇卂千南厷友右吏在存左布干幵廾戎有梆灰犮盔耂肴茙辛雃龙𠀊𠌤𠕆𠕇𠣌𠩮𠯛𡉄𡥂𡭡𡯃𡾎𢁛𢆉𢆐𢗟𢚮𢦛𢳻𢾋𢾡𣁗𤃄𤊮𤽖𥬪𥭯𦍍𦏎𦜤𦮘𦯞𦰅𦱤𧈠𨊦𨐐𨒭𨛟𨾑𩒏𩲭𪀬𪓝𪙯𪬑𫞎𫞏𫤳𫦫𫴢𬆶𬢚𬿉𭃎𭓰𭤧𭤪𭫥𮆝𮥶𰀁𰞈𰟶𰭽𰭿𱍓𱦘𱫏𱫶𱷦
𠂈	㗽䦳丱乡卯膷鄉鄊𠃕𠅆𠨍𠨞𠬞𠬳𡙌𡙥𢕄𢛭𤩬𤼼𥀾𥃍𥖡𦌩𦛫𦛬𦬥𦭺𦱭𦹨𧁇𧬰𨙵𨚃𨜕𨤑𩒋𪇛𪜡𫩃𬙨𭊲𭾪𰏱𰚷𱪶𱯠𱾕𲆡
𠂉	㐌㑅㢳㤵㥿㬱㭚㰓㳺㷺䀋䁈䃦䜿䢟䢩䦯䫨䮉䮧䳱临乍乞亇倝午失寳尓年愍慗慜慦憗憨懯懲攵攸敄敖敝敫敬旞枾栴棨橆檠殇毎每气泡瀪無煞熃牛牜犀玈玍監盩盬盭矢祣竹臨舞覧觞逰遨遫邀邍鉓鉴鍳鐅鐜钅闙闝闞阚雗飾饏饰鬫鶾鹽𠂒𠄹𠅨𠇪𠚗𠚻𠢕𠣽𠩺𠫟𠭕𠭷𠰞𠲯𠵰𡁗𡌖𡐈𡖽𡗏𡙐𡙥𡜅𡟐𡣵𡦇𡦋𡦤𡮼𡶠𡻵𢄔𢌦𢍗𢍛𢎉𢎓𢖴𢙽𢚐𢚮𢛮𢞽𢞾𢟻𢠑𢡑𢢌𢢡𢣮𢥦𢥲𢧴𢨓𢬜𢮾𢰈𢱯𢶱𢹗𢼁𢼠𢾘𣀴𣄧𣊁𣌎𣎍𣒰𣓰𣔫𣔿𣗍𣘢𣘺𣘼𣙘𣝽𣞣𣠨𣠿𣡅𣢴𣬲𣮖𣯛𣰎𣰒𣰓𣰟𣰪𣱂𣱄𣷙𣸗𣺶𣻊𣻙𣽩𤁁𤂟𤃏𤃳𤅾𤉰𤋥𤍸𤎅𤏆𤏺𤐈𤐳𤒥𤕢𤕼𤙚𤚓𤞆𤢝𤣧𤥅𤨣𤰗𤵎𤷺𤸕𤼲𤼹𥂁𥂚𥂦𥂭𥃉𥃊𥃡𥊇𥍦𥑅𥙚𥙡𥛏𥜄𥡺𥦲𥩷𥪡𥫗𥫧𥬚𥮂𥷷𥹛𥼅𦂚𦂳𦃂𦈢𦖐𦙋𦣬𦣵𦣷𦩻𧂢𧄪𧅐𧌕𧛳𧝗𧝟𧠃𧢒𧢠𧢡𧢤𧩥𧩾𧫣𧫬𧭁𧭕𧻝𧽾𧾅𧾘𧾣𧿦𨀫𨂟𨈨𨍒𨑶𨒣𨖟𨘋𨝟𨟃𨢒𨣎𨧋𨪣𨯍𨰩𨲥𨷋𨷣𩈵𩉳𩏑𩏛𩕀𩙉𩛒𩞕𩞤𩨺𩬓𩴰𩵸𩷸𪅙𪆝𪉑𪉡𪉹𪍾𪑄𪘻𪥙𪬒𪭻𪱿𪴡𪵴𫍆𫎜𫑉𫑻𫒺𫓓𫔵𫕗𫡏𫩰𫹽𫺮𫻍𫻙𫼟𫾦𫿋𬀷𬐚𬐱𬟚𬢺𬩊𬫁𬮋𬲰𬻔𬻝𬼊𬼟𬾑𭀙𭀣𭀥𭁐𭁵𭂯𭆢𭆶𭈆𭉘𭋍𭎤𭏹𭐥𭑒𭚳𭚸𭚹𭜣𭜤𭠭𭤨𭥍𭪉𭫛𭮘𭯉𭴿𭵄𭵧𭷌𭻉𭻾𭾋𭾌𮁼𮇽𮉰𮊆𮌷𮍥𮎜𮕦𮕶𮕷𮕾𮗘𮗟𮗮𮘍𮙝𮙠𮙭𮞣𮠖𮠚𮡴𮡽𮣿𮥶𮨖𮪗𮬿𮯝𮯲𰀢𰂉𰃞𰈳𰕥𰙄𰙈𰦒𰯲𰻔𰼯𱃋𱆌𱍺𱐩𱘄𱠀𱠫𱣔𱨈𱨱𱬆𱳟𱵉𱵊𱶡𱻺𱼿𲀫𲄵𲍥𲠽𲠿𲥡𲧮𲮅𲸜𲸵𳁆𳁘𳇐𳉚𳍚𳏹
𠂊	㣇夊夕麁𠦨𠭶𠭾𡈪𡩅𡱃𢄉𢑙𢑞𢒠𢒴𢺦𣝖𨓝𩫎𫁜𫩁𭐳𱧘𱪶𱼀
𠂋	卮厉后巵斤斥𠂮𠃘𠈁𠨗𡭐𦓚𦓝𦚌𧏁𧜑𧧊𬾱𭘑𭤟𭿩𰉳𰓳
𠂌	手𠄒𢭥𬼌
𠂎	卯卿𠂑𠨥𢑏𢘴𣗀𤔞𨜊𨜮𫑗𫧻𭄒𭄠
𠂑	卵孵𫑙
𠂒	先告生𠵟𢍎𣢳𭁆𭇆𮟾𰑣𱰩
𠂔	㾅䙻䪠䪡䪢姊柹泲牬秭笫胏趀𠛔𡰾𢂍𣃩𤝮𥙌𦍜𦬷𧿲𨒉𨠓𨥦𩐈𫡜𬬳𭜖𭠒
𠂕	𥬘𦢋𩤻𰸼𲜼
𠂛	延𠊦𠭐𣥆𤜺𥬛𦕖𧁅𨒂𨕇𨕋𬼉𱥆
𠂝	禹𢘗𮓱𲏀
𠂠	𣐰𨝞
𠂡	䑕鼡𠝈𡿳𢀂𢴫𣆎𣆨𤎞𤔆𥡾𦠼𩌶𩮊𩮓𩯓𪽆𫏦𮄒𱔱𱶙
𠂢	㭛䖰䤨哌挀派眽脈衇覛𠃄𠒕𠖒𡘿𢈕𢟿𢳦𤖼𤞅𤱰𥔠𥙎𥢝𥿯𧖴𧠨𧡒𧵬𩈛𩥜𫌪𫚺𬌰𬓘𬔾𬘦𬦱𮎬𮗯𮘌𰺺𰽸𱗦𱝯𲙭𲛾𲣥𲩧
𠂤	㢂䏨䦾垖峊嶭帥師桘歸薛蛗辪追阜頧鴭𠂾𠃂𠃆𠈆𠙋𠡒𠦥𠭔𡄌𡏩𡑈𡑸𡒰𡚖𡜥𡧺𡴎𡶫𡼻𢀹𣦨𣳨𤠒𤤷𥑵𥙢𦇶𦒣𦷊𧋰𧒂𧧆𨋱𨹅𨺀𨼽𩈜𩛍𩨽𪄜𪌤𪯌𪳦𫈿𫒺𫠨𫡚𫡜𫡞𬂫𬄄𬅵𬉃𬉅𬊷𬧼𬩞𭚖𭭻𭮫𮚠𮸯𰀮𰏙𱏞𱑴𱚷𱬱𲉐𲉙𳄔𳈚𳊷
𠂬	㛂𠈊𠪧𠪻𡭍𢫷𥑽𦓙𦛐𩒒𩷁𰘋
𠂭	𠚍𣰹𥷠𦫉𪚴𬇈𬋢𱕻𲌥
𠂳	𠅛𥾜
𠂷	𡟡𣸖𦂜
𠂹	𠃀𠌶𠦬𡐟𡴤𡴬𢀩𤏀𤳶𥉚𦃃𦅽𦉈𦟝𦢕𧬑𧭯𨇋𨎯𨣩𨪼𨻌𩏬𩥗𩦁𩻢𩼿𪅈𪊁𪙼𪼽𭋿
𠃅	𡣧𬄹
𠃉	鳦𦲳
𠃊	㐄㒺㕼㠩㠯㡭㢟㥁㫁㴴䄵䛧䜳䠪丏世丗东丩丱乐亡亾侫兂兜兦凵凸凹匃匈匕匚匸发口吳囗塡奊屉己已巳延彑断斲斷旡曷檵止毋母爿疶直県眞真継繼继肅臧车鬭鬼鴄鸁黽𠀀𠀉𠀍𠁁𠁾𠂈𠂮𠃊𠃒𠄢𠅺𠆦𠌆𠎜𠐫𠑹𠒂𠒅𠓳𠔄𠔔𠕄𠕈𠕏𠚒𠚞𠚾𠜡𠤉𠤬𠥓𠥛𠦣𠧟𠧠𠧡𠧱𠧴𠨅𠨷𠫙𠬜𠬞𠭝𠷍𠷔𠹉𡂤𡆓𡆵𡌯𡔝𡕒𡖽𡗢𡘅𡘟𡘬𡘼𡚇𡚶𡟠𡟤𡟼𡟽𡡨𡢌𡢔𡣦𡧬𡩇𡱦𡴝𡿬𢀯𢃵𢆸𢆺𢎁𢏩𢑡𢑥𢑭𢕃𢗅𢜖𢠀𢤏𢧠𢧰𢨆𢨏𢱅𢺿𢻲𣀎𣀴𣅏𣅖𣆄𣆜𣆼𣌣𣌲𣍢𣎱𣎹𣏛𣖈𣖴𣛐𣝖𣦶𣦾𣪴𣫬𣴭𣶒𣷬𣷻𣺵𤃕𤅌𤔼𤕋𤕪𤕫𤗣𤚿𤥘𤦴𤨜𤬣𤭶𤰞𤱖𥄁𥄉𥇆𥎇𥑪𥜱𥜷𥡽𥦪𥪧𥭣𥭷𥮞𥰀𥸸𥺇𥻯𥼗𥽠𦀱𦁒𦁚𦄓𦄖𦈢𦋟𦏶𦘳𦙃𦙐𦣽𦥒𦥮𦥺𦧄𦨺𦪺𦬀𦬆𦭺𦰗𦱠𦱫𦷘𧈞𧍑𧏂𧑛𧓓𧔒𧠅𧠇𧠬𧡸𧦷𧧴𧲳𧵯𨆨𨑃𨑄𨑟𨚾𨝥𨡅𨥸𨰎𨺘𩃀𩅎𩆫𩈞𩖂𩦢𩦻𩿌𪗑𪗒𪚦𪚴𪛆𪲛𪶈𫃺𫒜𫟖𫠣𫠥𫣎𫤗𫤳𫬯𫹆𫺄𫻶𬁌𬅌𬆁𬋢𬐗𬖜𬺶𬻻𬼙𬼵𭅅𭉍𭉘𭖮𭖲𭜎𭜱𭡑𭥝𭪽𭯰𭰋𭳛𭺮𭿆𮆕𮇊𮊷𮌩𮍌𮍐𮎵𮎷𮎽𮎿𮐛𮠙𮫖𮭿𮮡𮮽𮰙𮴽𰀵𰀾𰁐𰚷𰪨𰭼𰻾𱍫𱎁𱡮𱥾𱧄𱬢𱭕𱭩𱮻𱯓𱵳𱷊𱷖𱷘𱹣𱻫𲁹𲅍𲉐𲉒𲉖𲉙𲌥𲏘𲚯𲠳𲸵𳊱
𠃋	㐃㗽㱾䦳丝乆乡厶幺氦纟膷鄉鄊餩𠀔𠂈𠃋𠃔𠙴𡉡𡊮𡔂𡭡𢄖𢎞𢛭𣷒𤣥𤨔𤩬𤰞𥀾𥃍𥖡𥾬𦊷𧀈𧘛𧘾𧬰𨒢𨙵𨜕𨽷𪇛𫋉𬡄𬮽𭀘𭀜𭐟𮐀𮟃𱯔
𠃌	⺆㐆㒊㔾㕀䈧䒒丏丐乌乜也习书冂凫刀刁刃力勹卩卫司寯局岛島嶲幻成抝枭梟毋母永為烏爲筬羽苇荿袅裊门雋韦馬鳬鳭𠀭𠁨𠂏𠂰𠂶𠃀𠃌𠃚𠃛𠃫𠈀𠉨𠒎𠒘𠙖𠝷𠥃𠯻𠴁𡊐𡌞𡧥𡫕𡭳𡮴𡰧𡰴𡱊𡳚𡴈𡴮𡶓𡷊𡷫𢀕𢁺𢆱𢋄𢎘𢏻𢛀𢮠𢳌𢴶𣁓𣅞𣐧𣚝𣫬𣬃𣱴𣳍𣻴𤀴𤆙𤆛𤇟𤔁𤘞𤩉𤺻𥨣𥸥𦂷𦍛𦏲𦥕𦬋𦬌𦯗𦷹𦼱𧄪𧢰𧥝𧥟𧪺𧰶𧱊𨁳𨔎𨕙𨖂𨜃𨳇𨺀𩡧𪀋𪂧𪆔𪻟𫞟𫠉𫠓𫠕𫠣𫨧𫩞𫬊𫹸𫹹𬊓𬔠𬻆𬻒𭁽𭃂𭃅𭃎𭄩𭅳𭇩𭇰𭙈𭟿𭠂𭤧𭮘𭮱𭴚𭹅𮕹𮙢𮞽𮩴𮩵𮩸𮹔𰆊𰍳𰏰𰟑𰨹𰶺𰹉𱐩𱙨𱜡𱣠𱦥𱧿𱨷𱪉𱪷𱪽𱫇𱮦𲁦𲉒𲋻𲰹𳉖
𠃍	⺆コユ㔖㠯㪲㫇䆋䈧䎞䳺也习书五亙今冂冎凹及口囗尸島巪己巳弓彑戼敢斲梟湼為烏爲片畱羽聚聼肅臼裊辶闞阚饏鬫鬬鬭鳬黽鼎龜𠀌𠀞𠀟𠁁𠁡𠁬𠁾𠂂𠂏𠂶𠃍𠃛𠃢𠄢𠄣𠄶𠈧𠐫𠒅𠒎𠔔𠕄𠖁𠚞𠝷𠣽𠤞𠥓𠥛𠪬𠮁𠯵𠷍𡆵𡊐𡔝𡕡𡗏𡘟𡞉𡟼𡟽𡤞𡧐𡧝𡧾𡫕𡰣𡶓𢀑𢎗𢎘𢎧𢏻𢑡𢑥𢑭𢗂𢤏𢧟𣀴𣁓𣇓𣊜𣌐𣕑𣝽𣪃𣪴𣫬𣱴𣴁𣶒𣷻𣺵𤀴𤌵𤎉𤓫𤔘𤔼𤕪𤜓𤦡𤻏𥣨𥼗𦂷𦉭𦊃𦏲𦥑𦥓𦥢𦥫𦥮𦥺𦥼𦥾𦦊𦦓𦪺𦫉𦭍𦯵𦴱𦷣𧑛𧒟𧠅𧡸𧰳𧳱𨁳𨕙𨖂𨚾𨾗𩆫𩆹𩇂𩍫𪀋𪂧𪆔𪓝𪚴𪚺𪛀𪛆𪛗𪛘𪢳𪥁𫃺𫝀𫞟𫠓𫠕𫤗𫤰𫤳𫥦𫹆𫼓𬊓𬋢𬟏𬲡𬻞𬼄𭀻𭁕𭄩𭆾𭌔𭓘𭖲𭠚𭢅𭤏𭥋𭩘𭳛𭻋𮆕𮌁𮍌𮞌𮞽𮮡𰇈𰉕𰒁𰚷𰤒𰯒𰯮𰰯𰶗𰼘𱣠𱥾𱧩𱧿𱳕𱵚𱶉𲍥𲎰𲚼𲥑𲥰𲫴𲳈𲻍𳂳𳑓
𠃎	丱片睂肅𠂜𠅁𠚒𠛲𠝅𡆵𡔝𡘼𡳿𡴧𢇍𣃔𣥠𣳋𣶒𤗣𤽆𥎨𥎲𦈮𦥒𦧄𦪺𦭢𧑛𫃺
𠃏	𠄑𠮪𥾆𦫷𩑍𪖑𲎱
𠃑	㐧㼂䜁与专亞卐吳呉壺夨工弓斲洖滿畱祦與鬬鬭鼎龍𠀅𠁁𠁧𠂂𠂠𠃑𠎜𠤛𠤶𠥓𠱐𡆞𡔲𡔾𡤀𡵗𡸭𢀰𢍐𢎧𢏽𢢎𢧟𣄟𣅳𣆼𣇅𣇓𣊜𣌐𣒘𣗫𣝄𣤼𣲅𣴁𤡼𤦡𤮷𥉢𥣨𥦪𥸸𥾳𦄖𦖂𦡌𦡭𦣝𦣵𦥮𦥸𦥼𦦲𦫵𦬝𦱼𦴱𦽍𧒟𨖻𨾗𩆹𩇂𩗠𩤷𪔂𪚦𪜀𪼰𫝯𫟋𫤰𫺙𬻞𭅫𭓕𭚤𭜳𭞬𭟸𭢅𭣔𭭛𮉺𮢇𮫘𮮡𰃝𲆡𳏧𳑓𳑳
𠃒	㔺𣏼𧥨
𠃓	场扬旸杨殇汤炀玚畅疡砀肠觞钖飏饧𪟮𪽈𫚊𫵵𫹽𫼟𬓸𬛹𬦅𬲰𰄝𰋸𰐿𰤓𰧰𰰢𰵌𰷟𰸄𰺲𱁱𱆌𱎟𱒂𱲥𲼀𲾍
𠃔	𠠷𠡌𢆺𢼠𣁭𤴴𭀗𭀘𭀙𭀚𭠐
𠃛	捫門𠝎𣗭𣶯𨳈𲦌
𠃜	声眉𠬮𡙝𢮾𣅩𤵷𦤋𦻉𬚳𮙸𰋻𰪰𲨃
𠃧	𦐭𬲊
𠃨	𠱨𡣼𢝭𢦻𤞁𦏧𧮷
𠃬	𠭵𡕪𣪐𣵬𤃕𥙸𥜹𥲅𨮚𮪇
𠄌	㔾㔿㯿䁽䃳䉭䜲䝓䪉䰛丩丱以儠兜匚卬印厶咓巤己巳擸旊氏爉犣獵珁瓦瓭瓵瓹瓾甀甂甈甉甊甋甐甔籈臘蠟裦褎襃躐邋邷鑞长饣鬛鬣鱲鼠齀𠁾𠂈𠂎𠃏𠄌𠄍𠄓𠑹𠑼𠜰𠠗𠤺𠿜𡁓𡂏𡆞𡊂𡓍𡿕𢁤𢄖𢏽𢣓𣆾𣋲𣐎𣝚𣢔𣬃𣬇𣰫𣴂𣹃𤁦𤁯𤌮𤐱𤓰𤢪𤢱𤫣𤬪𤬬𤬭𤬮𤬰𤬵𤬶𤬺𤬿𤭁𤭂𤭃𤭄𤭌𤭍𤭎𤭏𤭐𤭑𤭒𤭓𤭔𤭕𤭘𤭛𤭝𤭞𤭟𤭢𤭧𤭨𤭩𤭫𤭰𤭱𤭳𤭴𤭹𤭺𤭻𤭼𤭽𤮀𤮅𤮆𤮇𤮉𤮊𤮋𤮎𤮏𤮐𤮓𤮔𤮖𤮘𤮙𤮜𤮢𤮦𤮧𤮨𤮩𤮫𤮭𤮯𤮰𤮱𤮵𤮷𤮸𤮹𤱚𤱫𤺝𥀰𥄤𥫧𥶸𥷖𦆻𦉐𦍭𦒦𦒩𦓓𦟭𦥑𦼤𦾳𧀨𧆧𧆩𧓐𧓟𧘇𧞕𧞙𧞪𧭌𧭞𧰠𨀄𨙪𨩁𨱛𩆣𩌯𩐛𩓲𩙑𩧆𩮻𩼭𪇹𪙷𫞕𬎨𬵼𬹱𬼗𭂪𭣞𭩟𭩩𭳘𮃞𮣨𮫈𰀀𰀠𰢛𱍸𱬵𱽈𲗛
𠄍	𠄑𭍼
𠄎	乃夃𠂍𠂐𠃓𠄎𠲑𣱴𤆨𥃥𦲗𩉶𫞯𬼁𬼄𬼎𭚥𱫰
𠄏	𢆴𱹫
𠄐	予𥄛𭿵𭿶
𠄘	𢀾𤉋𫎷
𠄟	𠄟𤌎𧖔𨳌𨶄𰿦
𠄢	𡘟𡨈𣇥𣒯𣵨𤉑𤞸𦀞𧣰𧱖𧳔𧼉
𠅔	裛𭫋
𠅖	𣹾𤚮𨪟
𠅜	𧍐𱔂𱢝
𠆆	𧭫𨣳
𠆣	㐁㚓䒩䒹丙亲仧剰嘆天巢木朩未末朶果棄業灭禾窠米耒臬苿菓養𠀛𠇬𠊻𠟾𠟿𠢶𠥛𠬽𡥀𡧖𡴒𢾦𣎶𣏲𣐩𣐽𣒧𣫻𣰩𣵏𤲱𥁝𥔫𥝌𥽒𦌆𦍎𦓤𦬽𦰩𦹆𧃡𧭄𧵹𨏋𨘒𨛙𩂲𩓕𩜿𩪫𪜬𫠡𬓭𭤋𭩠𭪙𭺒𮎿𱧌𲐙𲵿
𠆤	尒𤔹𤲞
𠆥	𭔀𭼽𭽁𱯫𱯾
𠆧	㐺聚𠍸𢴞𫡑
𠆲	侂俯傭儣𠉆𠉷𠊴𠌮𠌿𠍨𠏛𪝊𫢶𬽷𬿛𱏋
𠆳	𠈒𠈔𠤒𢫜𥬧𫇳𱖛𱵺
𠆴	𡗭𧵩
𠆸	𡫪𣥰
𠇊	𠱧𭚃𮎱𮮺
𠇍	㓒㛋叅隳𠲒𡪹𢡣𢢃𣑰𣶠𣶾𣽓𤤽𥒨𥟦𥠖𥢩𥨞𥳋𥶟𦠧𦮕𧏥𧥂𨽎𪬬𫣿𬽿𭇧𭝠𭞢𭟀𭨢𮃮𮅌𮇿𮊿𮝑𮥠𮮐𰑯𱁀
𠇤	𫺑𬜳
𠇮	𠴠𨉓
𠈇	㝛𧁌
𠈉	𣶜𨔃
𠈌	㫺䁞䔢䔪蕐𠂹𠂿𠆂𠉭𠙠𠨉𡁐𡍮𡕲𡙁𡙫𡙹𡚅𡲵𡳘𡴬𡸓𡹽𡺛𡾀𢀩𢋾𢾶𣊦𣟷𣦗𣬓𤍺𤑼𤕤𤲷𤳋𤻣𥖴𦃚𦅪𦆧𦠗𦠡𦧹𦪮𦻏𧜸𧬿𧭪𧲓𨣣𨭂𨮷𩥨𩻢𪆍𪈪𪍰𫔧𫝃𬾵𭁲𭧮𮟞𮦆𮮽𱵻𲎏𲏃𲐬𲥌
𠈣	𡨷𥦥
𠊳	𥲼𦄱𩌻
𠋆	儭𫣩
𠌵	鴈𤻉𲔀
𠌶	𣋌𣋓𦾓𩏬𩦰
𠍳	𧭪𧲒
𠎤	㵸𤐯𥌉𦿈𧭆𲎯
𠏉	𥶭𧁀𲪠
𠑽	綂𦯇𧚢
𠒃	𧤄𩸟𱮃
𠒆	𠴺𡕩𩤖
𠒋	𡹕𣶑𭡛
𠓗	𡤹𬱒𰯭
𠓛	㒰㓱㡏㢏㺄㼶䃋䕆俞偷全兪堬媮榆渝窬緰羭腧蝓褕覦隃騟𠓞𠓡𠓤𠓥𠓰𣤏𦝵𨄫𪞶𫀂𭁁𭁂𭁃𭵙𰨂
𠓜	㒳㒼㚒㪎兩𠹫𥇑𥍅𩳮
𠓝	𭍺𮝂𰃗𰃚
𠔀	𡦿𢀻𦥴𧘒𧘙𩺁
𠔁	䜚眔𠔌𠦎𣝋𥉀𥊽𥎅𦑲𦑶𦭅𦵺𧀳𧪟𩀚
𠔃	𠘵𧿪𬔖𮓩𮦱𱾹
𠔄	䜳𠕏
𠔉	䖭䠮券劵卷堘巻帣弮拳桊漛牶畻眷絭觠豢韏飬餋駦驣鮝齤𠈖𠊶𠝂𡔨𡙅𡟒𢍊𢟱𣙂𣭮𣹸𣽨𤱵𤳔𤹤𤺦𥁠𥉋𥏇𦂙𦅌𦝘𦩩𦩱𦶘𧏪𧙯𧜈𧝢𧯦𨄇𨆐𩁫𩥱𩺭𪅻𪒿𫉠𫉫𭫰𭱜𭲈𭲊𮇺𮌐𮣖𰮤𲁿
𠔒	𦦂𧌤
𠔥	㢘𤑙𥣺𭒡𮉈𮘹𰒑𰝩𰧧𰨿𰷖𰺫𱀶𱌐
𠔳	𢅳𣟚𤒄𫯙𬖄
𠔼	⺝㧇丽冃同𠉙𠕆𠕊𠕓𠕔𠕙𠨨𠹧𠾃𡉉𡑘𡭙𡴊𡿩𢗶𢘖𣦵𣪛𤇖𨾫𫤗𱥾𱻽
𠔽	𠕞𡫛𣝼𤲥𥋬𥌗𥵑𥵸𥸅𦤝𦮏𧾫𨘢𨙢𪦧𫿻𬘆
𠔾	𢮽𪕄
𠔿	㒷卨夐奐嫓巤敻竊箆萞黹𠄝𠈕𠉁𠐄𠕎𠢒𠨁𡐫𡕫𡘔𡵠𢀂𢀅𢄮𢌺𢡓𢳷𢴫𢷳𢿌𢿝𣐶𣐷𣗸𣗽𣝳𣥙𣬉𣬌𤊱𤎈𤎞𤑇𤧯𤩃𥂬𥑚𥓠𥚼𥠅𥡺𥡾𥦻𥨷𥩓𥯣𥰒𥴎𦊀𦊦𦊨𦊭𦊰𦊱𦊹𦋀𦋃𦋔𦋩𦌌𦌍𦌎𦌘𦌯𦘕𦘚𦠼𦡳𦪴𦺃𦿙𦿦𧓬𧓾𧠓𧰼𧴀𧾣𨀩𨩉𩌟𩧊𩪯𩮊𩮓𩮻𩯓𩯻𩻲𪄢𪒣𪓙𪥌𫁝𫂝𫈦𫏦𫙪𫶩𬌾𬏻𭘼𭚉𭝰𭟈𭧀𭫥𭬗𮊁𮊇𮊊𮊜𮝫𮣨𮧬𮫛𮯜𰭊𰭍𰭏𰭕𰭘𰶍𰺪𰽒𱯬𱷞𱷟𱻄𲐻𲞎𲢪𲪛
𠕀	鎫𠧼𠬦𡉮𡋪𢁶𣏷𣠴𤆳𤱆𥄞𥐼𥗰𥹟𦊌𦊗𦋌𦋢𦌄𦍅𦕋𦬣𧐰𧦘𧷅𨍅𩖩𩲛𫙑𰁥𰆇𳌱
𠕁	㕟㴜㻞䈀䐔䡢侖偏嗣媥徧惼扁揙楄欳煸碥稨篇糄編编翤艑萹諞鍽騙骗鯿龠𠀷𠂥𠊇𠋁𠌈𠎚𠔕𠕯𠜐𠞋𠟔𠣠𠷨𡎚𡘦𡭒𡲜𡺂𢘁𢼾𢽋𣗨𤔺𤳿𤴎𥤖𥥚𥪒𥿑𨅳𨇕𨐲𨓘𨛖𩆚𩔒𪼺𫪡𫿯𭃬𭹝𮃰𮐬𮐯𰃩𰆉𰚉𰻶𱂟
𠕄	𫩦𲨿
𠕅	𮃺𰨟
𠕉	𠕜𥤬
𠕋	狦𠙘𠜂𠱡𠿽𡜜𡬬𡷌𢘼𢨏𣆩𣑭𣔎𣧺𣳷𣸙𤓀𥥼𥬰𥲙𥹤𦚻𦣧𧱆𧲾𨀢𨚿𨴕𩂨𮡱
𠕌	𣇱𤐎𦘘
𠕎	𠛧𡜃𢼱𤂃𧢲𭪢𰤤𰭿𰮧𱼃𲟯𲸾
𠕒	㒼屚滿雨𣼛𤨸𥕟𦲸𫞜𲌢
𠕵	䒮𠙦𢼐𥿒𬃕𲥳
𠕶	𡧉𢮺
𠕷	嫈安𡫽𪦗𫱒𭩖𰌀
𠕸	𡧸𡪂𭜰𱔆𱘤
𠕺	㝐𡔴
𠕻	完𠒈𠖈𠖞𠖤𠖨𠜍𢒎𩙓𱻙𲜥
𠕽	㲾泶滎荥𡬄𬈜𱩫
𠕾	冥幂𠖇𡨕𣇶𣊔𦐲𧇅𪧨𬝫𭁼
𠖀	宗禜𡑚𢣯𥈷𥞤𬅭𬆭𲷑
𠖃	𤍩𫲿
𠖏	寄𪹽𱏄
𠖐	當𰟯
𠖬	㞑𡱕
𠖲	𡋇𥁣𲥻
𠗦	慿𠙥
𠘬	𠘲𠦐𠫠𡵷𡵹𤘷𧢛𨒁𨼘
𠘭	𠘺𡱓𨥡𰆭𱆨
𠘲	𠦐𱻗
𠙵	𠁿𠙿𠚇𠚙𡌷𣏁𤮺𮙚
𠙸	𡉸𣋧𨥣
𠙹	𠚋𠟳𠼧𢆟𤲣𥇤𦁰𨸸𩔺
𠙻	䍃婬揺甾𡝛𢝾𣂬𣽮𥂩𦃥𦤍𧝾𨗽𨲢𨲣𨺚𮦡𱯈
𠙼	𠚃𠚟𠯃𡕉𢉈𢍬𣆪𥃂𨤦𩫖𱔱
𠙽	𠚋𠣲𧆣𧇏𨵠𫡺
𠚍	㯶儍糭鬯𡕰𡽀𣡫𨤊𬿌𮐭𱵺𲌤𲌦𲲴
𠚏	𡎫𡟢𢰔𣣨𥀉𧪗𧷊𧼶𨺭𪙒𰍿
𠚕	齒𤻽𧀤𪗖𪙪
𠚣	㼂與𠭭𦡌𦡭𦥸𦦲𫤰𱼱
𠚤	㞮殳𠳸𠶰𡵁𬻑𬻵𭐴𭵈𮗠𰝹𱮖𱮼
𠚪	刕茘𠝧𠞽𢆙𢦝𣥴𤌂𤌛𥎫𥾞𧪔𧭿𨒀𩫉𭃍𰯝𱐕
𠛜	𡌁𨦿
𠛫	𠝓𤉥𥟻𦰵𫦗
𠛱	𠊖𣔜𤉩𥟜𦱝
𠜊	𠗢𣶄𥟸𧌵𧚲𨔜𩘃𱫝
𠝣	𧁄𲶙
𠠴	劦荔𠦚𢑕𤨍
𠠵	抛𣏫𦯏𧿢𨋛
𠡠	𠢫𠢷𨔤𫜿𭆉𰼛𱌠
𠣏	𠚠𡒧𤢠𤫝𭥭
𠣓	𡷃𥅬
𠣜	薥蜀𠤋𫈖𱏌
𠣞	𢰄𤦳𨔪𫸞
𠣧	𤛃𦷝
𠣬	𠋹𢞛𣖼𣹯𥰴𧪱𨝁
𠤎	䂗䖈䚰䣨䤜化叱屯必扥朼牝皂芲麀齔龀龙𠆪𠖆𠤑𠤕𠤗𠤘𠤩𠩑𠩔𠰨𠱟𡆰𡉒𡚨𡯃𢇠𢈄𢖬𢪦𢭔𢳢𣥅𣬛𣲃𣼅𤆚𤘛𤜨𤟀𤶮𥁗𥤭𥥕𥫬𥾑𦍓𦘪𦙋𦙛𧢶𧥫𧦏𧰭𧴦𨊯𨑞𨕉𨙲𨤽𨨇𨨉𨹖𩃌𩚊𩫷𩵏𩾕𩾙𪎴𪐠𭜥𲁹𲐠
𠤏	駂鴇鸨𠤤𢪟𣴈𨾙𩢈𱅀
𠤕	疑肄𠤗𢭠𥏑𥏚𥏶𥻊𧎃𨽹𩓙𪁬𪵊𬲒
𠤭	𥮹𫧏
𠤻	𥺫𪟱𬋯𭭏
𠥆	𢝎𰻲
𠥓	𠥧𠥩𠥪𠥫𠥬
𠥔	𣾀𲢦
𠥶	𫇉𫿈
𠥽	𩐊𭰉
𠦂	皐臯𣊴𦺆𭕝𱨔
𠦃	剰𠉔𢐺𢾦𥔫𨓄𨜚𨜲
𠦄	㫩㿎䒈尭幩桒豶賁贲鐼隫饙鱝鼖𠒖𠦡𠦪𠱥𡜦𡮃𢞨𢡘𢳭𤡶𤩳𥀢𥊊𥑾𦡛𦶫𧶚𧷐𨃦𨐟𩚰𩝃𩝼𩞳𩞴𩦥𩿜𪒰𪔵𫶺𭔵𰷌𱧏
𠦅	𢁅𫧢𫵚
𠦍	𠦪𡻏𣋦𥊊
𠦏	卒坐𠎃𠭕𡈍𦘎𬜻
𠦑	𡨜𣒏𣓙𥆳𦯂𧚛𨁕𰓹
𠦕	𠋕𨋑
𠦘	䡗𡊼𣑦
𠦜	𠅟𡘲𣟒𤅅𤍍𥷯𩁰
𠦝	䎐䮧乹乾倝幹廟戟朝榦謿雗韓韩鶾𠏉𠢇𢒨𢕴𢴿𢵕𣁖𣎍𣎠𣙈𣶃𤌹𥉏𥗅𦒋𦩻𦺓𧂽𧹳𨢈𨿨𩏑𪂂𪆘𪟵𪟺𪪂𫡯𫧩𫧭𬢺𭃿𭅎𭅓𭅪𮊪𮋖𮋙𮍿𰰎𱘹𱶡𲁻𲓭𳇐𳐍
𠦡	𢱴𣤂𦶫𪄐
𠦪	𢱭𢳎𩞑𫧨𫯉𬓒𬦙𬩂𱟝
𠦬	𧬡𨙦𨻾𩁅
𠧒	𠚱𠧝𡵊𡵋𢇒𣲁𦓪𦘸𩉟𩚋𩾤𪗚𮞂
𠧗	垰峠挊桛裃鞐𠱚𥬷𧧎𬰬𭔮
𠧚	𠧵𡌓𣃷𭉣
𠧠	𣤦𤩤
𠧢	㲃𠜷𠣿𠸿𡪥𢋁𢽭𣂢𧡑𨗋
𠧦	𥺩𧌷𪬄𬇿
𠧧	𠧱𠧾𣍽𣶓𤎆𧨼𨔁𨛹𰗲
𠧪	㮚𠧴𠧷𠨋𡙉𢾃𣡷𣣧𥻆𨔟𫦛
𠧴	𣣸𦵵𧡹
𠧸	𢻛𣗴𦷕
𠨋	𣡼𥾄
𠨣	斵𠠇𨮃𮠋
𠨧	㒨𠑗𤄻𨇴𨙙𨙞𨟦
𠨬	庀𠩊𠩽𢪦𭅐
𠨯	𡥋𫨟𭙒𲓽
𠨺	厒𢫳
𠨿	㡳厎𣱔𫅕𰘊
𠩆	庛𣒽
𠩈	𡷜𢭘
𠩉	𢇿𣣃
𠩋	㡿蝷𢯪𣓣𣔳𣶮𧼞𱐝
𠩓	庣𢮉𣁿𣂀
𠩘	㥷𢈙
𠩟	𢋦𰐃
𠩲	庳𩌛
𠩵	厯暦歴麻𠪖𠪠𠪴𢟍𫨤
𠩺	剺嫠孷斄氂漦犛釐𠭰𢄡𢟤𢿂𢿍𣁛𣁟𣘬𥲪𥼋𩺸𪅗𬥦𭆓𭤎
𠪄	庿𠪿
𠪔	𡅮𧮜
𠪙	廙𤺆
𠪚	厳嚴巖𡣜𣠨𪿿𫝝𫶝𭑤𭗷
𠪨	廛𧁶𧓋𧸪𨞬𨷭𬘉𬥿𲑡𲟒𲽿
𠪩	㕓𩪪𪒁𫑮𮉐𲄈𲚋
𠪮	廦𠫀
𠪾	𤃉𭚄
𠫓	㐬㲙㳿㵁䖻充夣巰弃旒梳棄橀毓流焴琉疏硫育艈裗醯鋶鯍麍𠆉𠉪𠒩𠔚𠗛𠘺𠞌𠭩𠴬𡇁𡍕𡝥𡧵𡽼𡿮𢏲𢕹𢛐𢬵𢮕𢽫𣏋𣐂𣓪𣕛𣝂𣟦𣨚𣩣𣰓𣹭𣹳𣻤𣼿𣽩𣽱𣽲𤁲𤆴𤉬𤗊𤚊𤚵𤭕𤰑𤰸𤶊𥇱𥮧𥶺𥹷𥹻𦀠𦁛𦜈𦣔𦧢𦯧𧚦𧛥𧤇𧨯𧰖𨁐𨁻𨌙𨏁𨏣𨓋𨓫𨕕𨖱𨛧𨜎𨠪𨣓𨧲𨬘𨬨𨭅𨼙𩋑𩏎𩒘𩛭𩩇𩯕𪎣𪑘𪠜𪠻𪺮𫎣𫙢𬉫𬖊𬗐𬫼𬬘𭁩𭜘𭰅𮆅𮈷𮏌𰋂𰮑𱎘𱯁𱯅𲀞𲠷
𠫔	㧁䒧丟丢云会去厾夽层昙罢至芸镸𠀚𠂧𠏏𠘾𠟼𠫓𠫛𠫟𠬀𡇗𡱅𣏇𣏏𣕙𣠯𣴑𤔒𤴖𤽎𥆆𥒛𦓩𦖶𦤳𦮚𦺀𨊪𨚸𩟜𩢧𫀀𭆛𭑑𭲒𭲭𮂳𮅛𮌫𮎾𮜱𮥏𰧯𱁆𱛔𱮤𱼩𱽝𲉛𲥹𲩂
𠫘	圗𠫚𠫡𡈄𡧵𢿮𥄜𥱆𦧐𦯨𩝘
𠫝	㐬𭰈
𠫡	枀梥𡋠𣏋𣏏𣐂𣓧𣕏𥮧𦯧𭪛
𠫤	㕁㖁恡郄𠙆𠫲𠫷𡮱𡯤𡯮𡶱𢫿𣑆𥒣𥿭𧗫𧵧𪊭𪊱𭆠𮫶𰮠𱰉
𠫭	𢮥𦸼
𠫯	㕘參叄叅𡽭𤲛𭆤𲌂𲔂
𠫵	𥠩𩹧𮌤
𠫹	𡠐𢤚𱮩
𠫼	𠬐𠬘𣺴𥜷𧏝
𠬚	𡔮𡧌
𠬛	歿沒𠬰𢪩𤓶𤣻𥆉𦘿𧰱𨲑𩑦𬋥
𠬜	𠮖𤕩
𠬝	叝報报服棴菔赧鵩𠼶𠾷𡙈𤵓𦋉𦨕𧌘𧟱𧿸𨈞𨋁𨵟𨶔𨷂𩸤𪂖𬨃𬶚𮤑𮤝𰆣𰆼𲾴
𠬞	𠈯𠈼𠍑𠬻𠬿𠭛𠭡𠮎𠵶𠷛𡙌𡲯𡴝𢀣𢂟𣒉𣞞𤄪𤳮𥤅𥦦𦌩𦛫𦢅𦥠𦥽𦦒𦦓𦫁𦫂𧰌𨕩𨕼𨤑𨤓𨤖𪧲𫉨𫢿𫣮𫩄𫷕𰫭𰰍
𠬠	𱥺𲸭𲾏
𠬢	㫞弢詜𡔷𤘸𤵟𩎢𩏾𪵁𬣥
𠬤	峄怿择泽绎译释铎驿𠬽𤝢𩏽𪞝𪪴𪹀𫋷𬖘𬦫𬲳𭣧𰉣𰗛𰞇𰦰𰲵𰼅𱁳𱎪𱲮
𠬦	𢪼𣲿𤤱𥑩𨋦
𠬩	𦻉𩈝
𠬪	𣧶𣳭𦞿𦭼𨋻
𠬶	㓎㾛䘲䜷䯹侵唚埐寝寢梫浸祲綅誛鋟锓駸骎鮼𡨞𡬓𢔀𢬶𣆲𥆷𥍯𥨊𥺑𦯈𨡉𪖧𫤆𫳮𬖳𭴵𭷆𭹔𮃆𮄀𮛟𰇆𰝠𰬞𰼜𱁮𱬮𳋗𳐘
𠬸	𣨏𣴬𤥜
𠭥	㝮䔴𢡈𤺅𥨒𧸆𰷗
𠮓	𢺥𬽠
𠮚	𠇂𠱵𠵓
𠮛	㐔㕉㖜㙶㝓㣲䜳亨亮兽匌司合同后吾咸善嘼害峇嵅獣畐睘筒箴舎荅葴螎言豆閤高鬲齾𠀷𠁈𠁏𠁐𠅏𠆀𠇅𠌑𠓆𠔗𠖍𠧰𠭏𠮳𠮷𠯶𠱗𠱩𠱬𡅔𡅝𡈧𡝤𡠾𡡋𡥫𡫤𡱀𡲻𢀛𢅃𢈈𢉫𢍪𢔸𢥓𢩅𢾵𣌐𣒚𣘅𣥔𣪪𤀅𤌦𤲇𤲡𥂭𥐖𥓠𥢿𥱟𥲔𦆏𦓠𦔪𦞶𦟧𦭝𧇵𧦶𧵀𧾸𨆚𨏬𨤷𨹐𩏛𩤬𩮏𩱩𪪘𫋊𫯁𬌑𬒖𬴛𬴴𭀭𭎙𭜓𭨺𭪅𭽄𮋙𮌔𮎳𮎹𮐇𮕺𮛩𮝣𮞄𮞷𮦊𰀉𰀌𰆅𰋏𰦻𱍥𱫱𱿖𲄻𲒅
𠮝	㘴卟可喦𠎘𠮧𠮺𠸱𡃬𤀅𫩥𭌔
𠮟	㕾㖋㖌㖍㖎㖙㖚㖛㖜㖝㖯㖰㖲㖳㗟㗠㗡㗯㘏㘒兺厑哛唜唟喸嗭夞巼廤旕莻蒊𠯦𪝁𫅳𫒐𭇌𭇍𭇝𭇤𭇷𭈃𭉖𭉦𭊢𭊬𭋚𰇔𰇙𰇤𰇨𰇿𰈀𰈅𰈌𰈑𰈕𰈖𰈗𰈠𰈴𰈵𰈷𱒷𱕂𱕩𲏗𲔑𲔕𲔗𲔘𲔞𲔡𲔢𲔥𲔧𲔨𲔬𲔱𲔼𲕆𲕈𲕉𲕊𲕗𲕘𲕙𲕦𲕰𲖐𲖖𲖰𲖱𲗀𲗶𲘄𲘖
𠮠	㗗䤢別柺𠶵𪭦
𠮡	㔮䁧䎯䖄傼勤嘆堇暵歎漢熯艱菫謹難𠇝𠮲𡇉𡚟𢴁𣾑𤅽𤨢𤳉𥭤𦒅𦟫𦰌𦰩𦸨𧫴𨫪𩮽𩴓𪄿𪇽𪤱𪪫𬥮𭀃𮧧𰐓𰐘𱍨𱕭𱩭𱴝𲽩
𠮢	𠭎𡪞𦛵𧰀𫰚𰹕𱴅
𠮣	吝𫲾𭶻𰧄𱒋
𠮥	㲋𣔵𣻍𦥵𩺒𪛄𱵦𱻁
𠮦	兑总𢌡𨈴𫞃𭠡𮋧𰇈𱋏
𠮰	𠈉𣢱𣳧
𠮲	𥏃𪾨𮞐𮡔
𠮳	𠮘𮛅
𠮷	周壴舎薳袁𠷪𡒼𡬋𢄰𤎿𤺦𥚣𥥭𥦿𥭅𥴿𦧕𨄘𨎈𨕎𨭓𨺃𨼈𭜶𮂁𮑯𱳖𲂛𲂜𳁱
𠮽	弇𢍎𪒈
𠯀	𱓝𲖤
𠯂	享𨬷𪦻𭓋
𠯆	呶𠲡𠴕𠵈𠵎𠶚𠹷𠿃𡁛𫪰𭉐𭉺𭉻𭋯𭌮𭌽𱒥𱔃
𠯌	𠙏𠳈𢙵𣒅𰂊
𠯐	嗮𠺮𫩥𫪅𭋎𭌥𰈰𱔇𲕄𲕠𲕡𳉒
𠯑	䛡䯺桰銽𠈲𠜜𠳂𡜶𢬸𣴠𣿛𤞳𥆠𥙱𥞸𦕾𦯚𧋣𨓈𩒲𩩎𪁝𪘢𫻇𬇎𬦐𬱤
𠯓	𭨷𳁮
𠯖	呝唳𠲪𠷨𠹓𭈞𭉮𰇵𲕍
𠯚	宺𥆰
𠯪	咧𡂍𭇟𭉝𭊧
𠯫	𭇞𰗪
𠯭	亯𢍬𣌭𣎘𤄡𤈵𥡌
𠯲	𠷤𠸾𠹻𡄯𡅘𪡿𫬤𭈒𭈙𭊕𭊸𭋐𭌫𮬹𰈥𱒠𱓇𱓟𱓢𱔟𲔳𲕪
𠯳	脗𠳪𭂐𭰞𮋱
𠰅	拿掌𢪿𨭴𭣂𲢃
𠰛	𨜋𭖡
𠰝	罥𦊼𭋊
𠰞	𢰈𤹫𧠃𨫙𬪊
𠰥	𥮷𨔏
𠰴	㗞𠹶𠻅𠿴𡀬𡃜
𠱀	𡂄𭒂
𠱄	盒𡁢𥁏𥁐𬐚𭏛𰡖
𠱙	𠴫𲗞
𠱠	㮺楍霝龠𠻰𠼛𡀓𡅔𡅮𡅴𡆉𡴩𣟏𤓀𥜫𦻸𧕁𧮥𪋓𭊲𰼂𲊎
𠱯	噐𭌪
𠱸	𭈌𰊩
𠲰	𠹴𡀳
𠲶	𠷦𰇳
𠳅	𡆉𡩨𨁢
𠳋	遣𧪯𩝡𬳈𮚾
𠳘	𭉫𰈣
𠳤	嚬𫫾
𠳬	𦣷𱩼
𠳮	槗𢱪𤠬𤾘𥛒𦃣𦑽𧤦𨃧𨎄𨢗𩌚𩺙𪄘𬾿𰦝𰨱𰷼𱄫𱞽𱴦
𠵀	喿𡍸
𠵂	䠂𠾤𢊠
𠵛	㬽𡪑𣻵𦹛𮘲𮬋
𠵥	𠼘𦸭
𠶛	噈𡅹
𠶮	囍𭐗𮎚𮧦
𠶷	𠐥𢡃𣚍𣟥𣽢𦺳𧕢𩪟
𠷀	𡁓𡂩
𠷎	𠍻𡑏𢅂𢅱𢢧𢶈𢿟𣚑𣪾𣾭𤎧𤛴𤩈𤺜𤾦𦒛𦒯𦓃𦦺𦺚𨅡𨣊𩘿𩦑𪆇𰣚𱵪
𠷰	𥖊𬄥𬬉
𠹈	𥗃𦡃𩙎
𠽐	𫬥𰉉
𠽸	囂𡆔
𠾂	瀒𡣰𢋢𣞱𤖠𥣱𮒙
𠾧	𪈀𲯋
𠾳	𦏤𧭳𮥯
𠾶	𡂵𮰗
𡆨	𥜚𬢻
𡆪	𠔓𡟉𣓟𣻋𱞜𱲝𱹌𱹡
𡆫	𪝩𬠄𬩌𬵎
𡆴	𢬻𧋡
𡇂	𠄰𪧏𪲗𰞥
𡇆	𣒪𣴵
𡇒	粤𡒠𣉭𣕳𥡰𧒞𱫵
𡇞	𡇶𦳬
𡇢	𠌛𧏈𧡻
𡈀	𡈧𡔶
𡈼	㸒䇸丢呈垂埀廷望朢淫熏狅聖聽郢重𠌚𠚂𠲉𠴯𡍮𡔞𡪓𡴍𡿱𢊉𢌖𢌦𢗩𢧌𢧜𢽃𢽠𣊳𣗕𣣆𣪷𣹽𥝍𥟰𥲠𦔽𦕢𦡘𦣠𦬰𦱦𦵞𦷺𦹑𦼺𧟿𧡈𧨉𧫢𧾞𨑳𨗒𨦑𨧵𨨌𨫓𨮯𨲚𩑙𩧀𪨋𪷁𫚽𫡖𫡘𫧺𬉊𬋒𬝰𬠪𭖼𭟻𮑞𮟑𰐹𰙞
𡈽	庒玊𭎇𭏓𭐍𮂞𲉥
𡉀	㙻囶廛𡉊𡋍𡍴𡎱𡔌𥫍𦌋𦸧𦻍𨗭𩫊𪖜𭉵𱗐
𡉁	𣐟𱲎
𡉃	㙭坂坜堐塬壥𡊘𡍿𡎋𡐯𡑬𡓺𫮈𭎅𭎪𲘴𲘸𲚋𲚍
𡉅	㚃㚄㨌䶑壱売壳壶壷壸壹壺壼悫槖濲穀蠧𠥚𡄜𡉉𡍦𡐉𡐬𡑚𡔩𡔪𡔫𡔱𡔴𡔵𡔸𡔹𡔺𡔻𡕄𡕅𡕎𡨊𢢢𢣞𢧣𣓷𣙲𣚯𣣿𣨑𣪛𣪝𣪬𣫀𣫃𣫅𣫈𣫗𣫪𤂁𤜕𤨻𤩖𥑟𥞤𥢉𦄨𦇍𦤼𦥂𦾫𧀶𧎅𧞒𧞹𧞺𨏡𩎲𩏻𪃟𪆑𪇂𪖃𫯁𫯃𬅭𬆯𬤵𭋄𭐔𭤄𭮽𭳜𮝘𮮹𰊗𰋈𰒍𰙍𰚉𱋞𲚖
𡉉	㱿壳壸愨𡔻𢡱𢧣𢿰𣂍𣖫𣨑𣪊𥞤𥡛𧥆𨢋𩏻𪄗𪄽𪇄𫖡𫜕𫯁𫯂𬸬𭐓𭮰𱈼
𡉊	坖坴𡆒𡋍𡒃𦀇𨷅𩁢𩁬𮰡
𡉑	𡉩𬔺
𡉖	㙣𤈔𫮬𰉞
𡉚	匩𡉚𡯪𢓸𢙌𣒈𣵭𤝵
𡉣	𥙭𬂴𬤾
𡉤	𡄂𢚬𤷁𦀰𬦇𭎠
𡉭	埘塒𡎣𪣦𱗑
𡉰	𡏸𡒐𡔼𨧓
𡉴	𡍀𡎚𪤆𪤔
𡉵	𠜩𡊥𢬹𣆷𣴧𤕿𤞯𦎉𦖅𦩄𧨙𨱶𩊲𰂆𰦗𰨁𰨪𰩋𰮥𱁕𱄞𱣛
𡉺	𣴎𲩂
𡉼	陞𨁠𨛘𪲙𬗛𮹇𳌟
𡉿	𡊍𮦐
𡊚	𠙓𥏷𫥢
𡊜	𡎁𫮆
𡊥	𥟯𨓱
𡊦	𦰶𰕔
𡊭	㳴𥚐𥟚
𡊮	逺𡻽𫞤𭡉
𡋍	𤲲𥈻𥻎
𡋐	𡍸𢉰𧼻𨶴𩇎
𡋑	𠽺𢒡𪡅
𡋰	替𠒶𰦉
𡋲	𠋿𠞐𡟽𢲖𥉢𩮢
𡋵	墓𡩳
𡌥	溼𠹿𡏀𣉓𣍒𣖭𦞥𧰁𨻋𫽪
𡌦	㯇𢟵𤡝𦄕𧫔𨻼
𡍏	𣻶𤎆𥛡
𡍮	𠍮𠪪𠾊𡑊𡚆𡳑𢴹𥋍𥖌𥢤𥴓𦉖𧬡𨙦𨞄𨭇𨼦𩁅𩦛𰝇
𡍯	𠖜𣽔
𡎐	𠾁𡢂𢴸𤎮𨬝𭧳
𡏳	𡆐𡒣𢋓𣩲𤁉𤑆𤪣𥌵𥎚𦣚𧢚𧭩𩁘𩴴𪇠
𡑅	壓𭼶
𡔜	𧏌𱹣
𡔢	𧍩𩔄𪃇
𡔲	𡕂𡕈𡕍
𡕒	㸦牙𠖱𠡅𡯍𣧒𥥢𥫻𦮞𦽬𧥪𧥯𧿋𨚾𩑿𪄍𭁄𮧰
𡕖	夆溄𦮧𪲋
𡕙	潃𣒥𥞼𦜂𨌖𭰧
𡕟	㬊𠲊𮊢𱬼
𡕢	錽𦜒𦲯𫓸
𡕥	夏夐瓊矎𡕳𡕷𡙋𢷳𦱛𦷜𧓬𧾣𩧊𭐮𮶖𰶍𰽒𲘎𲞎
𡕨	𠣸𢕒𧐛𧜰𨎙𩺽
𡕩	傻繌𠻦𡂇𡼇𢠧𣙺𣟮𣼺𤎑𥊙𦔕𦟣𧫝𨢼𱙩𱠮
𡕰	㯶儍糭鑁𡒇𡽀𢣌𤛵𤪀𦆛𦡙𩦲𩯣𩱛𩼕𮑪𮤆𱩗
𡕷	瓊𣞭
𡖅	屍死𣨀𣨑𣩖𣩾𥧠𦵏𩧻𫟍𫠔𬽇𭓩𰣃𱰗
𡖇	𠐂𡖹𢳗𩂭𪤺𪤿
𡖈	𠈎𱡰
𡖉	𢘵𱈼
𡖋	𤈕𥜏
𡗉	𤄮𨇵𬲢
𡗒	𣧎𦯊𱰂
𡗓	叁夳夸夽奈𡗨𡗰𡘇𡘋𡘍𡘟𡙄𡙣𡴔𣲔𥁋𨔬𩄀𪒈𪥍𪥓𪩣𫯦𭇃𭑃𭠑𮗁𰆮𰋞𱨰𱳟𱻚𲚾
𡗔	㚓夲𡗘𡗢𫯜𫯞𲎺
𡗕	𮏶𲭲
𡗗	㤗㦼㫪㰉䆐䳞凑奉奏実惷揍春楱泰湊秦腠舂蓁𠒏𠢌𠰫𡕤𡗫𡘕𡙹𢊷𣕮𤊖𤋷𥘿𥠼𥤄𥬟𥯪𥱧𦒰𦦅𦴼𦾁𧉾𧎌𧐧𧩻𧱪𨂡𨨯𩗴𩶓𩹀𪃆𪅖𪆊𪉮𪥐𪩫𪼃𫀜𫋫𫢑𫯠𫯪𬈙𬸥𭒎𭫦𭾇𭾳𮅒𮆢𮏻𮝠𰋠𰥖𱝔𱾅𲚳𲫰
𡗚	𠀛𥞗𧵩𬗘
𡗜	㶫䙽夹尞昚眘罙𠛞𠝱𠞒𠡊𠣻𠤃𠬲𠰵𡀋𡏎𡗪𡘆𡘤𡚏𡨨𡫝𢆎𢇈𢉉𢌾𢍤𢱂𣸧𣸷𤃖𤊽𤋯𤬄𥘾𥥍𥯺𥲦𦚉𦞃𦫐𦱏𧷉𨄘𨒏𨜆𨫦𨭁𨺕𨾮𩋕𩕑𩢙𩰇𪟉𪥚𪼵𪿬𫙫𮑰𮙺𮠡𮨎𮪐𰅳𰔯𰛖𰟥𰤶𱦱
𡗞	奚谿雞鷄𣴌𦮐𩅖𪷶𫰄𬉝
𡗢	𣴰𧧳𨀗𨉀𩶮
𡗶	𠳒𧋹𲵗
𡘃	𥂴𧄭𪨻𱲋
𡘆	𡝻𥏤𥚓𥺭𦖔𦜮𧩊𨂍𨨆𨺈𪝄𫋾𫪖𭅪𭑦𮃈
𡘇	𡘇𤤋𦻒
𡘊	𡘞𤽻
𡘑	𦦆𧤑
𡘚	䙪𣸳𧪉𬡲𲱣
𡘝	𡘸𩏖
𡘤	𠪎𠺄𠿾𡩯𢊊𢞷𢲅𤌥𤹃𦗆𦞴𨻚𫂑𫈸𬳡𰤰
𡘩	𠅲𡙊𢲓𦥹𨗔
𡘰	𣺔𥣸
𡘲	𣞤𣠮𤅅𦣌𦨅
𡘳	籑𦿉
𡘷	𬞾𳈩
𡘹	𣼜𥉱𦟩
𡘽	𡚣𣙑
𡙁	䔪𠓵𧫗
𡙕	𢴷𦅬𧬓𩅱
𡙗	匲𡚍𰻒
𡙢	𡚋𢑱𦽽
𡚤	𤅹𤼤
𡚬	佞𡜌
𡚱	𩛗𪫴
𡚴	𡛎𡢛
𡚺	𭞉𱪛
𡛒	𡢑𪧙
𡛢	㛶婩
𡝀	㜛𡤆𡤛
𡝤	𡡎𢿙𣰝𣰟𧃒𧔅𲌘
𡠓	𡢦𮰒
𡥀	𠊻𡧖𤓽𧛙
𡥉	敎𡦭𨢀𪁡𲁯
𡥝	孳孶
𡥦	𡦏𡦪𡦷𦩧𭓝
𡥨	孴𫨗𫨟𱴬
𡦡	𨟞𰼁
𡦼	㝓実灾𡩟𪧉𫲷𮐗
𡧇	𡧢𡧱𨊎𱉂
𡧍	𡝏𡪛𣴩
𡧎	𡜷𣵈𧶎𫀵
𡧘	𤦓𦜸
𡧟	𡩈𢜇𦶴𱚇
𡧰	𩝒𩝓
𡧱	𡓛𢾒𦎩𧛪𨍤𨜱𩟸𪃜𫮺𰍝𰥷𰶖
𡧼	𥦦𭔊
𡨄	㥶䗙䞿塞寋寒寨弿搴褰謇賽赛蹇騫骞鶱𠎾𠹟𡩱𡫪𡺶𢄏𢞝𢶊𥈽𦞫𨭙𨼭𪧔𪧦𬈡𬸣𮋐𰍉𰍐𰙶
𡨈	𢱱𤧺
𡨋	𭳃𮐖
𡨝	摉𦾘
𡨤	𠼆𡩿𡪚𡪧
𡨥	䳹簆蔲𢟭𣻎𥲃𨫕𪄺
𡨦	𡩠𣘕𣼡
𡨴	𪅢𪺖
𡨼	𢠡𤡗𨬄𪷅𰦁
𡩋	𣽹𤡺
𡩏	賔𡡮𣾉𩯔𪿷
𡩜	藼𥌷
𡩟	𤀋𤃚𥋰𭩋𭳛
𡩧	寶𡫿𫴫𲲖
𡫟	𡫼𢥛𢥜
𡫥	𡬚𥽴
𡬠	㩱䂃欎欝灂爝爵釂𢥚𣝪𣠵𣡡𣡱𣡸𤓣𤔸𥤏𪴦𬅕𬅘𲊁𲬢𲬽𳁑
𡬳	㩊𡈣𩉃𩕖𫋜
𡬶	𡏷𡬶𦔘
𡬽	㯹㵱𠐆𡣋𢷋𦆝𨮬𩦾𩯧𭟅𭼱𮪝𱆠𱬞
𡭕	䒬佘奈宗尗柰示票縣萗𡭚𣎼𤯏𤵫𥞆𦝵𪃷𫀂𫵖𫻫𬆭𰱈𱳛𱵮
𡭗	𥙄𬵊
𡭴	虩隙𡮱𧎾𧯈𬟮
𡭽	隙𡁸𡅗𣼓𤅓𧈅𧐑𧯊𨻶𫽽𭞜𭸥𮓮𰽄𲸹
𡮆	𡮣𡮮
𡯂	𡰇𤿑𥤤𪙄𰮋
𡯃	龙𡯎
𡯄	拋𤇉𦭋𦯏𨋛𰦮
𡯎	尨𤯉𥪻𦳨𧊑𭸔𮆲
𡰣	𠅏𠋓𠔆𠦁𣆼𣪃𦥮𧃱𫬊𰚷
𡰤	𠒁𡱨𡲞𦲳
𡰥	㫐㷉层𡱓𡱔𢟬𢨧𢩗𣐓𤆾𤈫𥄿𥞓𧜷𨒈𩖾𪴫𫵖𫵙𭮭𰩷𲜳
𡰦	䬤𢘧𢨨
𡰪	倉启屌辟𠡿𠹨𡦯𡲍𡲠𡳄𤏬𦡍𧿃𨐧𨕮𨘥𩒫𮝻𮦻𱩙𱯳𱯻
𡰮	𡲂𡲡
𡰯	㕞刷帍𢼞𤥈𩊧𮞧
𡰱	𡲌𡲝𢇀𣆓𤝺𥅣𥞭𧧫𩗑𩛐𭰖𰊌𰊒𰱠
𡰲	𢍫𣐺𱾍
𡰶	𡱿𣅩𭕶𭾊
𡱁	䐅𥺶
𡱂	𤓅𩪔𪑣
𡱅	㧁𥮱𦳰𰻰
𡱈	𢩁𥚍
𡱒	殿𢩉𣣣𤩱𥔤𪑩𪽛𭮺𮝿
𡱝	遅𢔦𢺟𥠧𭏊𭡱𰜣𱛃
𡲬	𡒈𡳼𡽈𢶵𣿲𧬲𩍞
𡳾	萅𠘿𠝉𡴂𡴓𧦖𨒯𫙡𮔈𳄞
𡳿	𦨃𦭩
𡴀	㞷𢼟𢿹𣢫𤔮𤤓𧉳𨚦𫵮𰉨
𡴇	𨛝𨛟
𡴋	𢯈𦱞
𡴯	𦙏𬉽𬴕𱒉
𡴶	㞬崋𡵃𪨢
𡵂	𢋋𫜥𭧊𰌁
𡵃	㞷㟖𠮍𤿣𦠟𧊩𰎡
𡵄	𡵞𱷪
𡵆	䒻𰷃
𡵉	𢙙𤈡𧗬
𡵖	𡸱𣴽𤎚
𡵘	𡶃𡸒𡸰𡹫𡺂𡻮
𡵧	微𣵘
𡵯	𱀒𱛪
𡵶	𤶵𥆲
𡶀	𦀼𨁧
𡶇	密𦰷𧨨𪁷𪂨
𡶔	嵅𡷫𡻕𡻷𪩈𭗉
𡶤	𢽸𧚸𩓼𱀙
𡶦	𨿻𮱫
𡶩	𤚞𰓾𰫪
𡶫	孼辥𡸠𡾦𬩫𮜧
𡶬	𠝾𦂴
𡶴	嵃嵼
𡷇	喦嵒𡸡𡼚
𡷈	𠔞𠨤𡎨𡒑𡦙𡻦𡼘𡽿𡾗𢉵𣋎𣞏𣦣𤋫𤸢𦝶𦞄𩟑𱠹
𡷖	嶃𡸗
𡸁	𡼻𢐺𣣮𤸣𨙡𨜚𨜲𨪸𨺪𭆵𮃙𮛸
𡹚	𡻤𤹳
𡻎	㩗𧥅𨭽
𡻕	𬿴𭳟𱶧
𡻥	㠧𡾉
𡼡	𣝙𦢜𰊾𱾶
𡿧	𦿨𧇏𮁁𱰭
𡿨	女巛巜𠂈𡬝𡿧𡿨𤰝𥻘𩇧𩩷𰚷𱀹𱌣𱩜𱼰𲹨
𡿪	拶桚𠛱𠞝𠡝𣴖𥍧𨀨𪵃𬓩𱒤
𡿯	𩒳𰤔
𡿱	𢔉𣶖𨌷𨓷
𡿺	㛴㺁匘堖惱瑙碯腦𢀇𤊲𤷻𧩣𧳦𩋈𩏀𩤘𫽨𬆛𮪱
𢀖	刭劲巯弪径氢泾烃痉硁经羟胫茎轻迳陉颈𠇹𣐕𩬣𩰰𫎭𫰛𫵸𫶲𬑏𬹭𰠲𰲶𰵡𱉠𲙁
𢀛	滘𠟗𡧱𢻣𣣔𣽃𦗯𦧕𨅧𨊗𨼧𪒧𭉵𭧬𱩷𲆕
𢀜	𢙷𢭤𥒽𥲒𦯋𧋳𨧎𩊳
𢀡	隓𡽃𢞑𢣖𨼰𩪄𩼏
𢀩	𡾑𢷼𣞚𤁺𤪩𤳶𤻸𦇈𧭨𨇏𨏜𨲻𩪳𩯸𪊈𪎀𪙸𪙼
𢀳	㫐穱𣪘𣴋𤠸𮎣
𢀴	𥑉𧦠𩂒𭘊
𢁅	𢁌𨃿𨶘
𢁙	𠮇𡕺𢃹𣴗𥅹𥿸𦼡𨕷𨹓𪍫𰗠
𢁝	𧭕𩊟
𢁟	𢁳𢄚𢄾𦥱𰯓
𢁳	𣀿𬚮
𢂇	帝𱜦
𢃄	𢲄𣻉𦷾𩺌𬒛
𢃋	𰯄𰯆
𢆉	㚔丵凿南善圅幸睪羊美羙辛養𠂷𠧲𠰥𠵊𡁑𡍔𡟡𡢥𡴖𢌓𢡤𢩓𣇛𣜒𣴎𣵃𣽐𤀉𤀡𤇇𤈩𤍛𤒆𤒒𤝪𤣉𤯹𤽝𥇝𥇡𥦭𥲩𥵱𥹎𦍌𦍎𦍑𦍖𦍛𦍸𦎖𦑒𦒢𦭱𧃓𧩔𨐋𨐐𨚜𨭀𨵉𩰽𪆾𪈋𫅏𫈐𫳐𫵩𬙬𭒙𭖓𭙫𮆜𮚺𮫙𰇶𰏴𰙫𰧵𰲤𰺦𱭕𱱏𲠒𲩝
𢆍	㰱挿𠜕𡍺𤿪𩣙
𢆎	𢱂𣔏𣾣𥏢𨂛𨔬𨣠
𢆔	𤨻𨔺𨫘
𢆯	糸𠂳𠅛𠆺𠬯𢆽𢇆𢇊𢇋𢎺𭩡
𢆰	㕄䩘徽玄系𠅹𠣖𠯝𡆻𡉬𡗰𡵮𡽪𢁴𢇨𢏁𢐐𢓎𢻽𢾰𣏳𣲑𤘳𤝃𤤈𤬮𤵋𥄆𥏈𥐺𥘢𥝮𥾬𦀥𦆮𦍝𦍿𦕇𦙘𦨠𦬜𦯫𧉛𧣎𧦚𧵇𧺦𧿠𨋇𨑼𨚏𨠀𨸞𩚞𩨤𩵷𩿒𮆚𮨙𰓀𰟼𲏌
𢆶	㡭㫁䠪䤒兹壣幽幾斷樂檵繼聫茲鱳𠄮𠋗𠏇𠒴𠓱𠙬𠤉𠧎𠬾𡅭𡇟𡋢𡌥𡑜𡠒𡢛𡣦𡥝𢆸𢆻𢆼𢇁𢇂𢇃𢇅𢇇𢇈𢇍𢇏𢇑𢇖𢜚𢢦𢨂𣀝𣂱𣂾𣃔𣌳𣠸𣤰𣳯𣺝𤔪𤕀𤣈𤪫𤳀𤹅𤹏𥜢𦁚𦆐𦇡𦱳𧓓𨇔𨍃𨓁𨕧𨗙𨨙𨶚𩦋𪀨𪅹𪇱𪙧𪪋𪺕𫠩𫧠𫰀𫷠𫷡𫷢𫷣𫿙𬂋𬿤𭅩𭖞𭙌𭟄𭟺𭤛𭧡𭶯𭺒𮁏𮋑𮘎𮜬𮤚𮭋𮰋𰐸𱩥𱪍𱯘𱯡𱯭𱴺𲁱𲁹𲬜𳄋𳎷
𢆻	𩜆𰨆
𢇁	㬎聮闗𤹎𤻗𦿌
𢇂	聨𠶽𡙘𢖡𥈒𧤋𨵿
𢇃	㬎聮闗𤑿𤣆𤹎𤻗𦿌𪚀𫓣𭳗𭳝𭵝
𢇅	𡠒𨶚
𢇇	㶌聯關𬋄𮉃𮋓
𢇍	蠿躖𣃔𦇓
𢇕	𢹴𣠭
𢇛	㢅𣐼𣴔𧻧𨀠𫾯𰞛
𢇞	㡶𢈚𫷭𲟅
𢇢	𢉵𢊛
𢇶	廙𢈷𰻽
𢇻	𢃨𣎱𰠕
𢈎	𠏛𢋍
𢈔	𥯯𦳅
𢈙	㥷䧪𡣀𢊃
𢈱	𱔀𱢟
𢈺	䕲廩廪𢋃𪪨𲋡
𢈻	𠌿𢳿𤳲𥊆𧫰𭊚
𢉖	𤓏𥋦𥛪𦍄𦔗𧐳𨄭𨖥𨝧𰔼
𢉙	𣙃𧐚𧫽𨖓
𢊁	𡦭𡦱𡦳𡦴𣿕
𢊆	𡮰𤯎𪙱𭚄𭚇
𢋨	𤒲𪱰
𢌬	発𠕍𢌬𣑄𦭂𨥃𬺽𭀭𮤩
𢌮	𢪴𣅹
𢌯	𬅝𱽙
𢌳	䟸頯𱂬
𢌺	𢍅𦯛
𢌿	鼻𠉶𡌹𡮁𢍉𢍚𢍞𢖋𢮅𣺆𦱓𨡟𩫜𫑬𬼮𰼺
𢍀	𦱱𭚖𲉕
𢍁	𦁰𬔍𮢋
𢍃	𨃦𨪻𩝼𪮓
𢍄	𢰘𧳴𨟋𩘙
𢍆	𢰟𤟻𤸞𦳴𧳳𧽁𱆵
𢍉	𦂖𪶣𬝕𮠁
𢎘	㽕马𠮤𡴰𢎙𢪜𣎺𤜛
𢎟	𠨓𢎱
𢎨	弟第苐𢘘𢚫𥁜𧀾𮆍𱦃
𢎿	㢸𡸅𤼲𥜄𭋇𭛁𭣵𰱋𱱸
𢏏	𡝡𦱨
𢏚	𠷎𠼡𠾉𡃮𡑹𢤉𣫟𤲮𤾊𥛇𩤫
𢏝	霛𩇃
𢐨	𤑵𩱦
𢑑	䆋𠱲𡄞𡖩𡫩𢑝𢑠𢑧𢑫𢑬𢑮𢑰𢑵𢑶𢑻𢑽𢬞𤈗𥃖𥃜𥝋𥥨𦍽𦦫𧧠𧻫𨐕𨛃𨿉𩈟𩰸𪀫𪚴𪛇𭜵𭽪𮧂𮯛𮯜𮯝𮯞𰞝𰞞𰤧𰨨
𢑚	𠭙𠭜𥛃𧍺𩃿𩴋
𢒂	𠩇𡛪𥀦𧻆
𢒈	𡌒𲫜
𢒎	𠖝𪹎𫹊𬐐𱝧𱝨𱝩
𢒗	𨎗𨽑
𢒫	𧀷𨟈
𢓄	㣜𢝐𧗦
𢓤	𡲛𥂃𱁡
𢓭	𡲲𮐒
𢓲	衙𢔴
𢔀	𮄎𮑈
𢔸	𢖉𫵩
𢕪	屩𨇊
𢖫	忿𥥬𦝅𲌠
𢖱	𱢀𳉊
𢖵	怓𢘾
𢖷	怇怔
𢖸	㥝惤𢘌𢠌𢠤
𢖻	愛慶𠎹𢋣𢋤𢙴𢜤𥜚𨣥
𢖽	㥣恙恚𢗩𢢢𥧟𰑡𱞂
𢖿	𢘞𢙤𢝝𩕮𭝍
𢗀	㤐㤩䈚怘怠总感憙𢙅𢛃𢞩𢡃𥦗𦽫𨬂𨴽𪫰𫺐𫺔𬭱𭜓𰑣
𢗚	㤡𪬔
𢗦	怸悆𢘳𢚠𢜨𢜯𭞉𱏚
𢗭	恴惷意癔薏𢘣𢙯𢛝𢝬𢝮𢡳𥵆𫶃𲠙
𢗰	惢蕊𢣫𤺫𥨭𥳝𫈝𲠧
𢗼	悷惼𪰨𭟊
𢘕	𢝠𢝽
𢘻	悉𤸽𭝲
𢙅	𦷋𰻉
𢙣	𡠇𢛫𦷢𪳉𭞋𰂢𰎮𰑼𱄪𱈵
𢚘	𢠇𢣸𢥃𢥢𰍖
𢚩	穏隠𬈬𲴴
𢚷	慚𢟑
𢚸	𣼰𬠥
𢛓	㦄𢞥𩆝
𢛢	𢳖𣘰𳍱
𢛧	㗹𧆒𮶴𰒣
𢛳	㯖德聼聽𢌖𥊸𦗟𦘏𫣜𫩈𭢙𭲖𮷴𰯕𱴱
𢜊	𢡡𥫒
𢜏	𢡗𢡰𥎒
𢠩	懡戂𢣗𢣾
𢡃	𠐥𣟥𭟞
𢣭	𠑓𡤘
𢦍	𢨏𥁘𬍗𰦏
𢦏	㘽㦲㦳䳒䵧哉截戴栽烖繊胾臷蛓裁載载酨韯𠋰𠻏𢦛𢦷𢦼𢧇𢧜𢧨𢧭𢨆𢨎𢨣𣔮𤍬𤱱𥅤𥅰𦀂𧐦𧓤𧓥𧔒𧚶𧟭𧧟𧧬𧯥𧷲𨈄𨚵𨭓𨭱𩻅𪭋𪭒𫂰𫞔𫻭𬰫𬲏𭔡𮚂𮢨𮧇𰙦𰧸𱉧𲊂𲡎
𢦑	彧𬢥
𢦒	𠳆𢧬𢧸𢨚𢨢𣒭𣴮𤈮𦛹𧚝𨌏𨛚𨠾
𢦙	𢦾𣴤𥓛𧣱𧶍𩳠𭠵𰼍𱋷
𢦟	𢧆𦖎
𢦦	𡞨𩤭
𢦶	𠸴𢜾𣸂𧛠𧪖
𢦷	𨪠𮐈
𢧐	𧝧𪩔𱔩𱟎𳏭
𢧜	䟈鐵驖𢶋𦼺𧒵𬴋
𢧤	𧾞𨮯𩧀
𢧵	㘍巀蠽𡣯𢷿𤁢𤻵𥣩𦿐𧓷𧞩𧾢𩟦𩯰𪇲𪙻𮭜
𢨇	戴𢨚𢨞
𢨋	𠐲𣀨𤒉𤒓𧥑
𢨦	㧁𢨫𫼋𭠄
𢨫	㧁𢩓
𢨯	𣇯𣓠𩃞𩅶
𢨳	𢩕𢩗𢩝
𢩠	𢹞𣟴
𢩼	抝拗𫼡
𢪀	𠉝𲠭𲻇
𢪏	𢶹𪮛𫽑𲢊
𢪒	掱搻𢫶𧟲𱗄
𢪙	𣮚𧟲
𢪛	𩃂𩷢𰼚𱭃
𢪫	摪𪭿𭡯
𢪰	挒𢲬𭢣
𢫈	𢰮𢰴
𢬈	掷𰔂
𢬊	𢹪𫪷𰔛𲢢
𢭲	𢯩𢴔𢵉𢵚
𢭳	𢲭𢹧𰟇
𢭺	𢱹𢷕𲢳
𢯹	𢳝𢶤
𢳀	擵攠𫾚𭢮𭢹
𢳶	𢸫𢹛𢺒
𢴁	擹攤
𢺸	𦲔𨧾
𢻻	𦘟𦜹
𢼂	𠶂𢯧𢽼𤕢𩠩𬃈𬍉𬧶
𢼄	䁈䏿啓晵棨綮肇𡹘𢃘𢯄𢿭𣷙𤉰𦜑𫆈𫴟𬀐𮒘𮝕𮵺𰘮𱯦𲠊𲯣
𢼸	媺微溦𠌝𥰙𦵨𲸊
𢽟	憗𡑃𩻯𱌥
𢽠	嬍徵澂𢷸𥋔𦅣𨬠𱢨
𢽬	敶𤡳
𢾕	𠪭𢢡𢶗𣿗𤏺𤢝𦗷𦪰𦽠𧸟𨗯𨲶𩼡𪍾𪓾
𢾰	徽𤪖𦆮
𢿌	𢿌𧁰𧥎𧭦
𢿐	盭𰊿
𢿙	𣰟𤻺
𢿨	䨷𧾬𩟴
𢿱	𢋮𦇕
𣀦	𣌘𨰮𪈷
𣁁	𡷁𣁒𣛉𤱭𦮫𬝓
𣁋	媺微溦𢐍𤠦𤨉𥰙𦗈𦞺𦵨𫏭𲥋𲽭𳂝
𣁽	𡦶𢡨𦼄
𣂑	盾貭质𣏸𩲔
𣂜	𡏐𥪨𪦑
𣂞	𠻡𨬅
𣂫	𦠔𦼢
𣃍	𨰉𬲣
𣃧	𣄙𰕬
𣄃	簱𦻬
𣄰	𪝏𬈊
𣄼	㫖䲕亘凬旹昔晉晋書朁潽譜𠓤𠕙𠙊𠣚𡔓𡘐𡩦𡫖𡱔𢆍𢘆𣀭𣅀𣅎𣅑𣅨𣅱𣆊𣈆𣉣𣼗𤂡𤉴𤰔𥅏𥈣𦑾𧫭𨐀𩕻𫞄𫠱𬅺𭂾𭞦𭻿𮊕𰀔𰃩𰖆𰗀𰧳𰱢𱜹𱨎𱶋𱶔𲚾𲤓
𣄾	昙𣅘𣆞𭥖𮥖
𣅀	㚆亰峕恴𠋩𠣚𡘐𡙑𡮢𢂚𢕛𢫾𣣩𤶓𥞞𥟵𦂊𦊸𦐮𧙴𨅩𨪴𩡑𬺥𬽉𬽊𬽔𭓔𭣾𮃛𮃢𰧿𰹑
𣅂	㬌旻昗昘昱景曩𡜑𣅖𣅹𣆂𣇛𣌪𤽕𧙴𧚵𮲢
𣅆	𣊨𬪐
𣅊	𣅷𣆉𪉷
𣅋	𡸈𣍈𪣙𭵒
𣅑	摿音𠗥𣀚𤪅𩺿𫔪𫭏𬠧𮒨𮧻
𣅗	𦾪𭦔
𣅳	𠩩𡸦𥟔
𣅻	𨺷𮞪
𣅽	㬥㬧忁𢖚𣉱𣊻𣋦𤋪𤑥𤒁𧬉𪈚𭨢𱉆
𣆆	𢌂𭦸
𣆉	𠪀𧟹𪉲
𣆊	𥻍𨍟𰜔𰱢𱩑
𣆛	覃𢶁𤁎
𣆪	𠪋𧅸𧖋𪉷𬅯
𣆫	𢞦𣻥𦑹𪅉
𣇄	𣼬𨄸
𣇓	𣙒𦽍
𣇛	𤽮𬦝
𣈅	暦澘𪎗
𣉱	曓𣊻𱪀
𣌢	㣎㬌亰尞竂虩隙𠩤𡭴𡭽𡮂𣌤𤽄𥧤𦾍𦿴𧢪𨘎𨻩𪧛𬫴𭝷𭸡𭹽𮓭𮧂𱨆𱯛
𣌤	㣎𢕱𨖸
𣍄	𠥛𫤳
𣍓	𪦳𫹃
𣍘	𠑤𡅰𢥱𣡘𤅍𤓗𥽾𧅝𧖤𧟔𨙠𨤇𨤈
𣍝	頁𣞛𥅕𩎂𭨾
𣍡	臖𦚴
𣎆	䇔嬴羸臝蠃贏赢驘鸁𡑤𡰟𡳴𣜄𤼘𥢵𦆁𦣄𦣉𦣖𧅋𧆃𧝹𨏩𨭞𨰠𩼊𫢃𫢄𬢙𱊮𱕰𲈠𳌘
𣎳	㳈朮杀榝𢻾𢽳𣏕𣏟𤘱𤝂𨝵𩴇𪎚𪎡𪎢𪎥𱴌
𣎴	𣎼𣏄
𣎵	𢘨𢪹𣑼𥿟𨒠𩡀𩶚
𣎶	杢柰𠇾𣸑𥝍𪱱𭩜
𣎼	𠈃𡎽𢉔𢉹𤔍𦬽𩝰𩬽𮖥
𣎽	𠜀𥿴𦮇𮌒
𣎾	宋栄榮荣𣐁𣐷𣓝𦾵𪛞𬄾
𣏂	剎弒樧殺脎閷𠮁𢞒𣻑𤞠𧜁𨐘𨦾𩳘𩳙
𣏋	㳿𠉪𠗛𠴬𡝥𢏲𢛐𢮕𢾣𣨚𤉬𤗊𤚊𥮧𥶺𦁛𦜈𦧢𦯧𦺁𦺯𧚦𧤇𧨯𨁻𨓫𨜎𨧲𩋑𪑘𭪱
𣏏	𣏋𣐂𥮧𦯧𦰧𧋝𨅈𰯏
𣏐	栁桝桞𢠘𣑣𣜞𣠵𣡑𣡱𥖥𦨀𬄀𬄐𬅕𬡲𲥵𲦁
𣏔	𥧞𩤋
𣏟	㪔䗫䜆嘛檾潸澘痲麻𠍨𢋮𢳀𢽳𢿨𣀧𣫓𣻕𣽽𦡨𦱍𦲬𧂾𨝵𪿳𫃎
𣏬	榯𣐤𣔂𰗨𰘫
𣏸	楯𬃊
𣏼	枽𢏼𣚨𣷞𦁜𦜪𦧤𧤈𧩜𨂏𨔋𩋞𩩥𩸏𪑞𭓵𰱒𲁂
𣏽	㪔𧇆
𣐂	𣐂𩏁
𣐉	㥡𡳭𢾂𦂋𧩴𬘸
𣐥	臬闑𡩈𡩼𣕱𣮰𦳮𨜑
𣐩	𡩕𢾟𣎋𤽰𤾏𥔟𪳦𪻼𬪎𮏦𰍒
𣐬	𣕎𤲭
𣑦	㮪築𠌖𦩺𦵶𪹻
𣑽	梵𤹈𪎑
𣓀	䢄𡪔𦸯
𣓏	𡼨𮮈
𣔾	𡑻𲬎
𣗥	𢣱𣠆𥜕𫂧𬄸𬛰𭶚𮑾𰒝
𣘐	𢣡𧀃𱋭
𣙪	𣟖𣡂𲧒
𣚨	𢅿𢌋𢺌𨽬
𣛕	𣡗𣡰𣡾
𣞤	𤅅𦣌𦨅
𣢐	𣣓𣣛
𣢟	嵌篏𭅜𭖳𮄈𮢞𰱡
𣢾	𣤃𥧾
𣣴	𣤿𧥊𬶷
𣥂	㡦㾟嵗擯步歲荹賓𠌹𡰹𢧹𣥩𣥶𣥿𥣀𦴹𩓯𩔤𩕨𩼧𮚪𮜞𰂮
𣥏	𡇴𢏾
𣥕	𡍍𣦣
𣥖	㒊歮歰澀蕋譅𠽼𢋹𢍷𣦁𤹻𤺙𫭋𬆋𬆐𭃷𭭩𭭴𰯝
𣥚	𢔗𣦴𧾭
𣥜	𠌹𢌧𢕱𣥶𣦕𣦙𤉭𤒂𨖸𬌆𬛄𰕤
𣦃	𣾥𤎴𤎵𥳭
𣦵	㕡㕢䜭䪥敹睿𠧰𢒪𢿡𢿶𣦻𣨦𣴸𤖄𤖊𤩡𥌄𥹄𦬿𧷎𧾝𨬴𪠀𫫽𫿂𰇀𰕐𱂎
𣦺	𭹷𲧹
𣦼	㛑䝳䱗粲薒韰餐𠍇𠠋𠡡𠭘𡄄𡋹𢂺𢤕𥴷𩯞𩽍𩽐𪆶𬋁𮀜𮁹𮠯𮬞𰈿𱤝𲥿
𣧄	㭮㳨煭𠡢𡎗𣨸𤋴𦴟𧍼𧛵𨔭𩘛𩝖𩹒𫏎𲒕
𣨑	𡔸𣩉
𣪊	㜌㝅㲄㲉㷤㺉䍍䐨嗀彀愨榖殼瑴瞉穀糓縠螜觳豰轂鷇𡠆𢢢𣖫𣪒𣪥𣪨𣪳𣪸𣪹𣫌𣫎𣫓𣫔𣹬𤚲𤚼𥀎𥔳𥔼𥡛𦎯𧏚𧞹𧹲𨢋𩀠𩌊𩌥𪍠𪏙𪕷𪕸𬆭𬆮𰔕𱈿𲖛𲵘𳍪
𣪏	𠪘𤡘𧫫𨶞
𣪘	匓廏𪠔𫏯𫱥𫳷
𣪠	墼擊檕礊繫罊蟿轚𠿉𠿊𡢖𢢞𣤢𣫦𤮛𥗩𦼷𧈑𧈖𧈗𧒼𨣗𰺟
𣫞	糳鑿𧮙𪎇𪎲
𣫬	𰑓𱻾
𣫭	䋦𠲯𡼺𣫺𦇨
𣬈	𦶰𧖕
𣬉	㔡㡙㮰䠘媲磇篦膍蓖螕貔鎞𠞇𠹇𡲮𢞗𢱧𢾱𣹮𤚪𤠞𦃋𧪫𨉮𨻀𩔙𩪅𩹻𪄆𪍜𫔇
𣮿	𣰔𮊴
𣯅	𦆡𮊝
𣱠	𱥫𲨥
𣱲	𣲉𰙙𱝟
𣱳	汞羕𡉺𡚀𣖩𣱵𣲛𣴎𥇫𥯐𥱂𫃱𬓈𭓢𮋏
𣱵	柡銢霡𢺫𣴎𦲙𧊯𧵾𩥔𭥢𱥮
𣱷	𢇤𣢭𣺶
𣱹	𠉎𧼇
𣱼	𭫵𮏿
𣲂	𡱴𣹺
𣲇	衍𤤾𥞟𧻟𭪂𮸇
𣲙	𣾙𤂒𱰷
𣲠	洌𣷊𣸶𣹖𰛠𲪕
𣲩	𮏍𱙘
𣲲	𣓮𬐦
𣳨	溮𠦭
𣳾	滕漛藤𢟱𣽨𤹤𥉋𦢘𧄃𨄇𩥱𩺭𪤉𰲕𲪴
𣴍	濰𣷕
𣴎	様𣞧𣻌𭵠𮌮𮑲𮦴𰴄𱕇𲩰
𣵀	𬄅𭉴
𣵐	漸瀭𣷾𣺕𣼴𭱆𭱤𭲽𰜌
𣵧	㶆滸𣿉𤀏𤂂𤄅𤄲𰝯𲪉
𣶃	漧潮澣鿰𬉥𬉦𬉧𭱸𰍘𱩡𱪖𱪗𲪠
𣶒	䄗䨊婣棩淵肅蜵裫鼘𡙆𢀅𢏮𣉦𦪲𨓯𪔥𫿆𬕝𬵞𱩞𲯦
𣷚	𣾰𦡀𭿤𰆓𱆇𱇀
𣸁	𥂵𦻄
𣸹	㶜𲼼
𣹰	薓𡫏
𣹸	𤂵𲫃
𣺦	𩆀𮑮
𣻕	灖𤃰𰝮
𣿕	灋𫼒𭐉
𤆂	𤆜𰝷
𤆅	𠊌𤌹𤐮𨹈
𤆋	𰂕𲄞
𤆌	叜𤥎𤶌𦛀𦯘𫨈𱝄
𤆍	𣵩𤊜𤍾𤏷𥨴𦹪𧌝𱫀
𤆓	燫爌𤉜𤊭𤎎𤎖𤑙𤒢𤒲𪸱𪹜𰞛
𤆗	点焄熹蔒𤉿𤎿𦷆𱫢𱫱
𤆬	𢉐𢯁𥮿𲫪
𤇌	煳𤈸
𤇏	𡞷𰞽
𤇾	㽦䁝䃕䎕䝁䪯勞塋嫈嵤憥榮檾滎瀠焭煢熒營犖瑩甇禜縈罃膋螢褮覮謍醟鎣鶯𠎽𠓐𠙦𠣁𡀸𡦃𢄋𢣙𢥒𣂈𣜧𤌌𤌡𤍔𤍧𤍩𤐺𤐻𤐼𤬐𤯵𥣻𦖽𦟴𦽓𨍶𪹽𭭱𮗵𮹘𰟺𱯮𱵶𲕹𲬢𲮬𳎌
𤈫	𢟬𧜷
𤈼	㸉𤏻
𤉄	𠍪𤋌𦟙𧤲
𤉐	𨖮𩌮
𤉖	𤍆𤍖
𤉘	㽊夑燮爕𣀢𣁧𤏣𤮶𩙜𪥢𱃑𱘛𱬜
𤊅	𣾎𮐹
𤊙	𣛑𩏶𰈭𰤃𳏩
𤊽	𠏗𡢴𣿳𤐗𤒧𤢙𤪃𥨤𥵐𦆖𧃬𨭼𰔬𰘴
𤋮	𡁱𣜠𭙼𭞺𭧾𭶌
𤋯	𰟤𰩜
𤋱	薫𥢾𮩯𱜑
𤌄	𤐢𤒠
𤌑	𢸂𥌝𦇐𩼾
𤍾	𤏷𫴘𬋡
𤎭	顲𤑓𤒀𨟏
𤏷	爨𫴘
𤐫	𠑎𠠧𠣆𡄺𡤚𡭓𢅽𢖣𢥡𢹰𣄪𣠙𤄚𤒾𤬡𥍌𦇳𦣁𧄖𧟈𧢨𧾴𨰐𩙞𩧙𩽯
𤓯	𥄚𥙏
𤓰	𠆁𠙙𠧼𣲖𥂼𥾭𨖣𨥝𨰆𨴧𱰅𱰇𱱒
𤓳	𨿁𮓣
𤓿	𢯳𦳡
𤔄	𤠄𩀓𪃴𬷤𰙔
𤔌	㥯檃𨽌
𤔍	𠌀𡎽𧛙𩝰
𤔔	亂覶辭𡡗𢿢𢿳𤔧𤔲𤕅𤕌𤳞𫬽𬋶𬋹𬯙𭯁𰴝𱚢𲀢
𤔿	㡪𨏵
𤕤	𡑽𢷇𣜪𥢡
𤕦	𧂘𧞻
𤕨	𢺊𢺣𤁶𦆤𦇲𨯖𨲼𩍲𱀾
𤕫	𤕺𨿳𮍎𰣱𰤁𰤅𰤊𲭈
𤕬	𡪗𡫧
𤕰	𫤵𬌋𬛿
𤕻	寤窹𧄯
𤘆	𨅪𭢳
𤙭	𮐳𲄃
𤛉	𤛉𤪍𧕱𨘇
𤜡	𤠴𤡪𤢩
𤜭	狲𭸒
𤝵	𠍧𢔷𢞪𧪴
𤞴	獬𲯖
𤡜	𢤍𰆪𲚜
𤣥	𤣦𦯾
𤤁	㻢璇𤥽𤧾𪻯
𤤴	𨫎𬍼𰢊
𤬦	䉚甇甍𠪹𡧗𢭨
𤭃	𡏵𥲁𧰓𩻊𲿖
𤮺	𠥄𤲥𦣼𪦧𬘆𭩱𱼲
𤯓	㞷𡊏𤯧𤰀
𤯔	㚅癃𥒑𲑃
𤯚	𥠍𲦏
𤰅	𬾨𮃏𮅴𮧟𱟉𲱯
𤰇	㣁㸢備犕糒鞴韛𠻋𢊑𢞎𣖾𤖐𤸶𥡘𩝳𫖔𭧉𭵥𮉷𮢫𮮀𱙡
𤰈	僃𢟡𢣍𤏹𤗩𤛟𥼓𩍁𩏕𭵸𱙨
𤰔	叀専恵敷曺甫𠍶𠵤𡍴𢍖𢾾𣌼𣌽𣽉𥼥𦅎𧚎𨍘𨘜𩓏𪺙𫈶𭡌𭮟𮨗
𤰗	𬄒𭻯𮑊𮫮𮫯𱬆
𤰜	𭎢𳉑𳊃
𤰞	卑𠈷𠧉𠩶𡌨𡭼𢤚𢬽𢮆𢽛𣴪𤷒𥓓𥟑𥩎𥪎𥺛𦜉𦤓𧬟𧯔𨌦𨘡𩩙𭁏𮗂𮮴𮮵
𤰭	𢨇𤱱𤳀𪽚
𤰸	𢕹𨏁
𤰺	𣕨𤒳
𤰻	薑黄𢉱𪝌𮐇
𤱊	𠬀𮕑
𤱪	畫𠞷𥂛
𤱱	戴𲶎
𤱵	𣎒𤳔
𤲃	𥴂𦌂
𤲅	𦌌𩈿𰥿
𤲊	𨂬𨅴
𤲢	𤩾𰤆
𤲶	𡣠𡣡𪟧𲛻
𤳳	壨𣡺𤳹𤴄𤴇𤴊𤴌𤴐𤴑𦉩𪉀𰣞
𤴁	氎𧟕
𤴓	㻄䈕定従是走𡊕𡠕𢳵𤴕𥕩𦳚𧐪𧑺𪩃𬕈𬦇𭁼𭪒𭼁𭼅𮈕𮛙𮜉𮧒𱍤𱵂
𤴔	䔫疎疏頙𢵽𣓜𥮺𩑠𩯕𪀑𭼀𭼄𱱇𱱈𲱑
𤴡	䡹䶑嚔懥𠐑𢷐𧁏𨇈𲊓
𤴭	痥𤵇𤵏𤵕𤷥𤸈𤸉𤺧
𤴲	𤶦𭼆
𤴳	𤶂𤷪𤸦
𤴶	痔痣𤵹
𤴷	㾴𤸏𤺢
𤴽	𤷜𭼒
𤵁	㾟𤺙𤻽
𤵂	𤷹𤹧𤺫
𤵃	𤵙𤶳
𤵌	㾪𤹊𬏩
𤵖	疸痬瘟𤶚𤶿𤸎𤹀𤺁𤻃𤻗𰣭
𤵢	𤷝𭼑
𤵥	㿆痜痵痿𩠾𲱜
𤶷	㿏𤸷
𤸁	𤼠𱱯
𤸔	㿋癌
𤸰	𤻮𤼡
𤹍	𤻩𤼛
𤼙	癴癵𤼣
𤼩	𠋳𢲕𣺍𦷡
𤼭	𠽟𢳰𭫷𭼦𮨱
𤼽	帛皁臯𣐩𤼿𤽄𤽇𨋧
𤼿	𤽔𭎊𭽈
𤽄	㟶㣎原塬𡭽𡮂𤽔𤿁𦾁𪿧𱦸
𤽤	𡏨𪳠𮳑
𤾇	𦆘𬿹
𤿤	𣙨𧫸𬜛
𤿺	簸𮑣
𥁀	盆葐𢭚
𥁄	𤷷𨡖
𥁊	盋𭽽
𥁑	㴵䀄䤉榓謐谧𢱮𥃉𥉓𥧧𦗃𦞟
𥁓	醢𣖻
𥁕	㬈䯠嗢塭媼慍搵榲殟氳溫熅瑥瘟縕膃蒕蝹褞豱轀醞鞰韞饂馧鰮𣯎𤛁𤬒𥠺𦤨𨵷𩟤𩥈𪉸𪍝𭝾𱲙
𥁫	盏𭡴
𥂮	𤼎𫄖
𥃆	𡅞𲘚
𥃦	睿𠮉𡇡𡺊𣤧𣿰𣿼𤃒𤩷𤪓𤪻𥈠𥉏𥰖𧇖𧇩𧢕𧷀𧸥𫳤𭦍𮦓𱩕𱾙
𥃩	𡋳𢓼𢚉𣒨𤥛𤶨𥆢𥌵𥓀𧨛𧱗𨁞𨧏𨹨𩊷𩓓𪘟
𥃫	𤈳𥲹𪯽𬑝
𥃬	𠚑𠨀
𥃭	盾真𠉊𡩖𡩼𡪍𢈬𢕞𥄂𭭃𭾜𮫆𰊝𰐮𰥑𰶱
𥃰	𢍓𥅷𧴨𭾽𰥐
𥃲	算萛𢍂𢍓𥳪𭾞
𥃳	𥏦𦲰
𥃻	覍𧴪
𥃽	眐𥄷
𥄃	覓𪺒𭶴𮚃𱬾
𥄅	睙𭾾𭿛𲲩
𥄉	郻𠶼𡟠𨨴
𥄎	敻闅𠷾𢾔𢿌𥆗𩧊𫼀
𥄕	寛𤊾𥢞𨘚
𥄗	𢯲𤦼𤧩
𥄧	𡤁𡪍𤐍𦵅𰟀𱩃
𥄱	費𰥽
𥄲	買𡕷𥉞𬬝𭆶𱰂
𥄳	㱎䍝𣎕𤸄𧎖𧪟𩌐𩹌
𥅌	貴𮐎𰜪
𥆇	𧠩𧶼
𥆝	𢡾𥋐
𥇛	㪺𠟰𢢰𤩵𥈜𥋢𨞜𩍟
𥇡	𤀎𤏵𥋭𥷐𥽉𦆎𧬳𩦯𰭲𰯞
𥈀	𠘘𧬮𬤧𭿗
𥈜	𣰠𥌪𩍭𩖀
𥈠	䜜䥧𠮉𤀹𧯕𧯖𧸩
𥉁	𧭬𭿗
𥉶	𥋨𥌜
𥊧	𫌤𰷎
𥊽	𧃣𩽞
𥎦	矦𢇻𤶥𥎼𥏂𩛫
𥎯	𡺏𫈫
𥎿	䵹𣉻𧐉𨢮
𥐧	𠶡𡍟𣷮𤊠𥇼𥓹𩸷𫃫𬜽𱳭
𥑟	槖蠧𡕎𢅍𤌫𩥟𭱥𰧋𱴧
𥒄	𥕝𲳾
𥒐	𣼤𤎃
𥓙	嚰磨礳𥽨𨇢𫾚𰝮𲛺𳀍
𥘅	宺示𠯚𡈘𡉹𡨓𢒴𣂘𣒮𣱊𥄊𥄙𥆰𥘱𥘲𥙍𥙏𥙳𥚌𥛠𥛴𥬂𧇘𨛞𩲚𭗻𱍐
𥘈	𣪑𥛤𥜂𨽻𫆔𬠛
𥘣	𪃚𮥵𰨔
𥘾	𣗟𩺚
𥘿	𫛍𬈙𬛵𭏌𭝺
𥙊	𢲉𨶋𮌰𰙆
𥝅	𧔱𧹇
𥝌	𥠻𥡞
𥝍	𥝯𥞆𫀧𮂳
𥝢	㥎䊍䖿䴻剓棃犂睝菞錅鯬鵹黎黧𠡴𢮃𢾨𣮋𤭜𥟖𥠖𥣥𧚩𨛫𨿯𩳩𩸢𪍆𪐅𪺳𫀺𫚞𮃱𮇵𰋥𱊃
𥝤	𦴙𩃻𭄔
𥝸	𢝥𭷵
𥝻	𨩂𮏷𮐱𮖙
𥞤	穀𢧺𥡮
𥞫	𥢀𥼄
𥠖	𬎙𱄸
𥡂	𧁩𭗪
𥡝	𢋯𱕢
𥤦	𥥦𦶞𧨠𮏋𰼇𲊞
𥤧	窐竃竈𢥼𣷆𥥭𥦭𥧟𥨠𨨁𮄁
𥤨	𠊢𥧚
𥤮	𥥍𥦩
𥤱	𡞛𥦌
𥥍	㴱竂𢲘𤧪𥨤𰩜
𥥐	𥕅𧏏
𥥟	㼱𤮡𤮤𦨆𧔀
𥩫	𲆊𲬵
𥪖	𧟛𩆇𩦳
𥪴	䤗𣫡𧗛
𥫗	㔐㶘㸅䇖䇗䇘䇙䇚䇛䇜䇝䇞䇟䇠䇡䇢䇣䇤䇥䇦䇧䇨䇩䇪䇫䇬䇭䇮䇯䇰䇱䇲䇳䇴䇵䇶䇷䇸䇹䇺䇻䇼䇽䇾䇿䈀䈁䈂䈃䈄䈅䈆䈇䈈䈉䈊䈋䈌䈍䈎䈏䈐䈑䈒䈓䈔䈕䈖䈗䈘䈙䈚䈛䈜䈝䈞䈟䈠䈡䈢䈣䈤䈥䈦䈧䈨䈩䈪䈫䈬䈭䈮䈯䈰䈱䈲䈳䈴䈵䈶䈷䈸䈹䈺䈻䈼䈽䈾䈿䉀䉁䉂䉃䉄䉅䉆䉇䉈䉉䉊䉋䉌䉍䉎䉏䉐䉑䉒䉓䉔䉕䉖䉗䉘䉙䉚䉛䉜䉝䉞䉟䉠䉡䉢䉣䉤䉥䉦䉧䉨䉩䉪䉫䉬䉭䉮䉯䉰䉱䉲䉳䉴䉶䉷䉸䉹劄櫛竺竻竼竽竾竿笀笁笂笃笄笅笆笇笈笉笊笋笌笍笎笏笐笑笒笓笔笕笖笗笘笙笚笛笜笝笞笟笠笡笢笣笤笥符笧笨笩笪笫第笭笮笯笰笱笲笳笴笵笶笷笸笹笺笻笼笽笾笿筀筁筂筃筄筅筆筇筈等筊筋筌筍筎筏筐筑筒筓答筕策筗筘筙筚筛筜筝筞筟筠筡筢筣筤筥筦筧筨筩筪筫筬筭筮筯筰筱筲筳筴筵筶筷筸筹筺筻筼筽签筿简箁箂箃箄箅箆箇箈箉箊箋箌箍箎箏箐箑箒箓箔箕箖算箘箙箚箛箜箝箞箟箠管箢箣箤箥箦箧箨箩箪箫箬箭箮箯箰箱箲箳箴箵箶箷箸箹箺箻箼箽箾箿節篁篂篃範篅篆篇篈築篊篋篌篍篎篏篐篑篒篓篔篕篖篗篘篙篚篛篜篝篞篟篠篢篣篤篥篦篧篨篩篪篫篬篭篮篯篰篱篲篳篴篵篶篷篸篺篻篼篽篿簀簁簂簃簄簅簆簇簈簉簊簋簌簍簎簏簐簑簓簔簕簖簗簘簙簚簛簜簝簞簟簠簡簢簣簤簥簦簧簨簩簪簫簬簮簯簰簱簲簳簴簵簶簷簸簹簺簻簼簽簾簿籀籁籂籃籄籅籆籇籈籉籊籋籌籍籎籏籐籒籓籔籕籖籗籘籙籚籛籜籝籞籟籠籡籢籣籤籥籦籧籨籩籪籫籬籭籮籯籰籱籲纂蠞鷑𠎚𠐫𠟅𠠬𠢡𠤄𡀤𡅨𡆅𡓆𡔄𡤪𡮜𢅶𢤉𢤷𢥰𢳓𢶌𢸕𢸽𢺜𢺣𢺮𣛈𣜤𣝃𣝎𣝳𣞬𣞯𣟔𣟣𣠊𣠘𣠹𣫢𣰖𣵸𣽆𤅃𤐎𤡿𤨤𤪱𤿤𥤖𥨼𥫘𥫙𥫚𥫛𥫜𥫝𥫞𥫟𥫠𥫡𥫢𥫣𥫤𥫥𥫦𥫨𥫩𥫪𥫫𥫬𥫭𥫯𥫰𥫱𥫲𥫳𥫴𥫵𥫶𥫷𥫸𥫹𥫺𥫻𥫼𥫽𥫾𥫿𥬀𥬂𥬃𥬄𥬅𥬆𥬇𥬈𥬉𥬊𥬋𥬌𥬍𥬎𥬏𥬐𥬑𥬒𥬓𥬔𥬕𥬖𥬗𥬘𥬙𥬚𥬛𥬜𥬝𥬞𥬟𥬠𥬡𥬢𥬣𥬤𥬥𥬦𥬧𥬨𥬩𥬪𥬫𥬬𥬭𥬮𥬯𥬰𥬱𥬲𥬳𥬴𥬵𥬶𥬷𥬸𥬹𥬺𥬻𥬼𥬽𥬾𥬿𥭀𥭁𥭂𥭃𥭄𥭅𥭇𥭈𥭉𥭊𥭋𥭌𥭍𥭎𥭏𥭐𥭑𥭒𥭓𥭔𥭕𥭖𥭗𥭘𥭙𥭚𥭛𥭜𥭝𥭞𥭟𥭠𥭡𥭢𥭣𥭤𥭥𥭦𥭧𥭨𥭩𥭪𥭫𥭬𥭭𥭮𥭯𥭰𥭱𥭲𥭳𥭴𥭵𥭶𥭸𥭹𥭺𥭻𥭼𥭽𥭾𥭿𥮀𥮁𥮂𥮃𥮄𥮅𥮆𥮇𥮈𥮉𥮊𥮋𥮍𥮎𥮏𥮐𥮑𥮒𥮓𥮔𥮕𥮖𥮗𥮘𥮙𥮚𥮛𥮜𥮝𥮞𥮟𥮠𥮡𥮢𥮣𥮤𥮥𥮦𥮧𥮨𥮩𥮪𥮬𥮭𥮮𥮰𥮱𥮲𥮳𥮴𥮵𥮶𥮷𥮸𥮹𥮺𥮻𥮼𥮽𥮾𥮿𥯀𥯁𥯂𥯃𥯄𥯅𥯆𥯇𥯈𥯉𥯊𥯋𥯌𥯍𥯎𥯏𥯐𥯑𥯒𥯓𥯔𥯕𥯖𥯘𥯙𥯚𥯛𥯜𥯝𥯞𥯟𥯠𥯡𥯢𥯣𥯤𥯥𥯦𥯧𥯨𥯩𥯪𥯫𥯬𥯭𥯮𥯯𥯰𥯲𥯳𥯴𥯶𥯷𥯸𥯹𥯺𥯻𥯼𥯽𥯾𥰀𥰁𥰂𥰃𥰄𥰅𥰆𥰇𥰈𥰉𥰋𥰌𥰍𥰎𥰏𥰐𥰒𥰔𥰕𥰖𥰗𥰘𥰙𥰚𥰛𥰜𥰝𥰞𥰟𥰠𥰡𥰢𥰣𥰤𥰥𥰦𥰧𥰨𥰩𥰪𥰬𥰭𥰮𥰯𥰱𥰲𥰳𥰴𥰵𥰶𥰷𥰸𥰹𥰺𥰼𥰽𥰾𥱀𥱁𥱂𥱃𥱄𥱅𥱇𥱈𥱉𥱊𥱋𥱌𥱍𥱏𥱑𥱒𥱓𥱔𥱕𥱖𥱗𥱘𥱙𥱛𥱜𥱝𥱞𥱟𥱠𥱡𥱢𥱤𥱥𥱦𥱧𥱨𥱩𥱪𥱫𥱬𥱭𥱮𥱯𥱰𥱱𥱲𥱳𥱴𥱵𥱶𥱷𥱸𥱹𥱺𥱻𥱼𥱽𥱾𥱿𥲀𥲁𥲂𥲃𥲄𥲅𥲆𥲇𥲈𥲉𥲊𥲋𥲌𥲍𥲎𥲏𥲐𥲑𥲒𥲓𥲔𥲕𥲖𥲗𥲘𥲙𥲚𥲛𥲜𥲝𥲞𥲟𥲠𥲡𥲢𥲣𥲤𥲥𥲦𥲧𥲨𥲩𥲪𥲫𥲬𥲭𥲮𥲯𥲰𥲱𥲲𥲳𥲴𥲵𥲶𥲷𥲹𥲺𥲼𥲽𥲾𥲿𥳀𥳁𥳂𥳃𥳄𥳅𥳆𥳇𥳈𥳉𥳊𥳋𥳌𥳍𥳎𥳏𥳐𥳑𥳒𥳓𥳔𥳕𥳖𥳗𥳘𥳙𥳚𥳛𥳜𥳝𥳞𥳟𥳠𥳡𥳢𥳣𥳤𥳥𥳧𥳨𥳩𥳪𥳫𥳬𥳭𥳮𥳯𥳰𥳱𥳲𥳳𥳴𥳵𥳶𥳷𥳸𥳹𥳺𥳻𥳼𥳽𥳾𥳿𥴂𥴃𥴄𥴅𥴆𥴇𥴈𥴉𥴊𥴋𥴌𥴍𥴎𥴐𥴑𥴓𥴔𥴕𥴖𥴗𥴘𥴙𥴚𥴛𥴜𥴝𥴞𥴟𥴡𥴢𥴣𥴤𥴥𥴦𥴧𥴨𥴩𥴪𥴫𥴬𥴭𥴮𥴯𥴰𥴱𥴲𥴳𥴴𥴵𥴷𥴸𥴹𥴺𥴻𥴼𥴽𥴾𥴿𥵀𥵁𥵂𥵃𥵄𥵅𥵆𥵇𥵈𥵉𥵊𥵋𥵌𥵍𥵎𥵏𥵐𥵒𥵓𥵔𥵕𥵖𥵗𥵙𥵚𥵛𥵜𥵝𥵞𥵟𥵠𥵡𥵢𥵣𥵤𥵥𥵦𥵧𥵨𥵩𥵪𥵫𥵬𥵭𥵮𥵯𥵰𥵱𥵲𥵳𥵴𥵵𥵶𥵷𥵸𥵹𥵻𥵽𥵾𥵿𥶀𥶁𥶃𥶄𥶅𥶆𥶇𥶈𥶋𥶌𥶍𥶎𥶏𥶐𥶑𥶒𥶓𥶔𥶕𥶖𥶗𥶘𥶙𥶚𥶛𥶜𥶝𥶞𥶠𥶡𥶢𥶣𥶤𥶥𥶦𥶧𥶨𥶩𥶪𥶫𥶭𥶮𥶰𥶱𥶲𥶳𥶴𥶵𥶶𥶷𥶸𥶹𥶺𥶻𥶼𥶽𥶾𥶿𥷀𥷁𥷂𥷃𥷄𥷅𥷆𥷇𥷈𥷉𥷊𥷋𥷌𥷍𥷎𥷏𥷐𥷑𥷒𥷓𥷔𥷕𥷖𥷗𥷘𥷙𥷚𥷛𥷜𥷝𥷞𥷟𥷠𥷡𥷢𥷣𥷤𥷥𥷧𥷨𥷩𥷪𥷫𥷬𥷭𥷮𥷯𥷰𥷱𥷲𥷳𥷴𥷷𥷸𥷺𥷻𥷼𥷽𥷾𥷿𥸀𥸁𥸂𥸃𥸄𥸅𥸆𥸇𥸈𥸉𥸊𥸋𥸌𥸍𥸎𥸐𥸑𥸒𥸓𥸔𥸕𥸖𥸗𥸘𥸙𥸚𥸛𥸜𥸝𥸞𥸟𥸠𥸡𥸢𥸣𥸤𥽧𧜬𧲗𧾟𨏉𨗡𨗹𨘟𨘲𨘻𨙢𩀩𩁲𩁳𩍸𩪻𩽘𪇙𪈅𪈓𪈢𪛒𪛔𪴅𫁰𫁱𫁲𫁳𫁴𫁵𫁶𫁷𫁸𫁹𫁺𫁻𫁼𫁽𫁾𫁿𫂀𫂁𫂂𫂃𫂄𫂅𫂆𫂇𫂈𫂉𫂊𫂋𫂌𫂏𫂐𫂑𫂒𫂓𫂔𫂕𫂖𫂗𫂘𫂙𫂚𫂜𫂝𫂞𫂟𫂠𫂡𫂣𫂤𫂥𫂦𫂧𫂩𫂫𫂬𫂭𫂯𫂰𫃖𫓤𫞽𫞾𫞿𫾟𬔬𬔭𬔮𬔯𬔰𬔱𬔲𬔳𬔴𬔵𬔶𬔷𬔸𬔹𬔺𬔻𬔼𬔽𬔾𬔿𬕀𬕁𬕂𬕃𬕄𬕅𬕆𬕇𬕈𬕉𬕊𬕋𬕌𬕍𬕎𬕏𬕐𬕑𬕒𬕔𬕕𬕖𬕗𬕘𬕙𬕚𬕛𬕜𬕝𬕞𬕟𬕠𬕡𬕢𬕣𬕤𬕥𬕦𬕧𬕨𬕩𬕪𬕬𬕮𬕯𬕰𬕱𬕲𬕴𬕶𬕷𬕸𬕻𬕽𬕿𬖀𬖁𬖂𬖃𬖄𬖇𬖈𬖊𬿉𭌬𭬤𮅀𮅁𮅂𮅃𮅄𮅅𮅆𮅇𮅈𮅉𮅊𮅋𮅌𮅍𮅎𮅐𮅑𮅒𮅓𮅔𮅕𮅖𮅘𮅙𮅚𮅛𮅜𮅝𮅞𮅟𮅠𮅡𮅢𮅣𮅥𮅦𮅧𮅨𮅩𮅪𮅫𮅬𮅭𮅮𮅯𮅰𮅱𮅲𮅳𮅴𮅵𮅷𮅸𮅺𮅻𮅼𮅽𮅿𮆀𮆁𮆃𮆄𮆅𮆆𮆇𮆈𮆉𮆋𮆌𮆍𮆎𮆏𮆐𮆑𮆒𮆓𮆔𮆕𮆖𮆘𮆙𮆚𮆛𮆜𮆞𮆟𮆡𮆢𮆤𮆥𮆦𮆧𮆨𮆪𮆫𮆬𮆭𮆮𮆯𮆰𮆱𮆲𮆳𮆴𮆶𮆷𮆸𮆹𮆺𮆻𮆼𮆽𮆾𮆿𮇀𮇁𮇂𮵫𮵬𮵭𮵮𮵯𮵰𮵱𮵲𮵳𮵴𮵵𮵶𮵷𮵸𮵹𰩬𰩭𰩮𰩯𰩰𰩱𰩲𰩳𰩴𰩵𰩶𰩷𰩸𰩹𰩺𰩻𰩼𰩽𰩾𰩿𰪀𰪁𰪂𰪃𰪄𰪆𰪇𰪈𰪉𰪊𰪋𰪌𰪍𰪎𰪏𰪐𰪓𰪔𰪕𰪖𰪗𰪙𰪚𰪛𰪜𰪝𰪞𰪟𰪠𰪡𰪢𰪣𰪤𰪥𰹭𱊢𱚜𱡰𱤨𱩸𱷮𱷯𱷰𱷱𱷲𱷳𱷴𱷵𱷶𱷷𱷸𱷹𱷺𱷼𱷽𱷾𱷿𱸀𱸁𱸂𱸃𱸄𱸅𱸆𱸇𱸈𱸉𱸊𱸋𱸌𱸍𱸐𱸑𱸒𱸓𱸔𱸕𱸖𱸗𱸘𱸙𱸚𱸛𱸜𱸝𱸞𱸟𱸠𱸡𱸢𱸣𱸤𱸥𱸦𱸧𱸨𱸩𱸪𱸫𱸬𱸭𱸮𱸰𱸱𱸲𲓐𲚪𲣢𲧀𲵳𲵴𲵵𲵶𲵷𲵸𲵹𲵺𲵻𲵼𲵽𲵾𲵿𲶀𲶁𲶂𲶃𲶄𲶅𲶆𲶈𲶉𲶊𲶋𲶌𲶍𲶎𲶏𲶐𲶑𲶓𲶔𲶕𲶖𲶗𲶘𲶙𲶚𲶛𲶜𲶝𲶞𲶟𲶠𲶡𲶢𲶣𲶤𲶥𲶦𲶧𲶨𲶩𲶪𲶫𲶬𲶭𲶯𲶲𲶳𲶴𲾘𳇣
𥫘	𥬁𮅏
𥫙	竽笴
𥫚	筒𥮫𰩱𰩵
𥫛	䈚䈢笞笲𥭏𱸛𲵹
𥫦	筀等𥬔𥭅𨘥𮅶
𥫩	笉𪈣
𥫯	𥭾𥲞
𥫿	䈆篇簄𥰢𥶕
𥬇	𠺑𥮎
𥬝	篁𥭨𫫝
𥬟	箺𥯪𥱧𫂐𫂢𬕏
𥬥	䵵筧筫算篡籑𤀤𥴌𥴠𥵑𥵸𥶉𨉾𮅕
𥬳	𥲕𱸈
𥬵	𥯬𥱇𨖺
𥭅	𥰟𨬼
𥭆	𥴂𲵿
𥭗	𦪪𨎳𲢾
𥯀	𤁈𥴏
𥯄	篗𧾟
𥰬	𥩅𮭝
𥱡	篾𢅵
𥱩	𡫬𥩁
𥳑	𡅌𢥣𤄒𧟉𨤄𨰓
𥳛	𥷛𥷼
𥳱	籫𬖂𬖃
𥴫	𥷝𥷽
𥸦	𫡮𱸿𱹈
𥸪	类𢑲𢷥
𥸬	𠋇𥹗𥺡
𥸭	𢍏𣎌𦇚𱀨𱺋
𥸮	𣸡𦜔
𥸲	粌粥糨𱧝
𥸷	𠺼𩄶
𥹫	𥻾𥼬𰣘
𥹷	𩱙𩱯
𥹺	𡪼𣾩
𥺘	𡁭𥽑
𥻆	𣰮𥽽𫧷
𥼚	𣤹𧄝
𥽘	𩱵𩱷𩱸
𥾏	紖紭繈繦𢐁𥜄𦇤𦇯𮈢
𥿄	𦅴𦌅
𦀓	辮𮑝
𦃃	𦆗𦇻𦈀𦈁
𦄐	𡈷𧃧
𦆕	轡𢥩𮝲𰹫𱘿
𦈢	䣃匋卸欫衘𠉳𠛺𠷢𢉓𢔞𢩏𢭉𢳸𣖑𤥖𤮬𤷺𥕬𥚬𦉋𦉑𦉡𦦯𧘆𧡧𨝪𨡒𩛒𩝩𩣜𪩢𬎩𭜇𭵖𮌚𱬤𲸶
𦉪	㬇冏夐奐烉矎鬲𠕢𠧿𠨆𠨈𠭠𡈌𡑕𡕱𢡤𢻁𣌬𥤢𥵲𦉿𧟿𧾣𨂅𩧊𩰬𫥎𭒤𭯟𮍆𰏘
𦉫	䍏冊皿而荋黹𠕋𠙘𡌾𡨬𤨈𥀿𦁥𦊉𦓐𪾖𫥒𬏺𭔄𭦗𰤲𱻀
𦉬	㸘寕寧𤪥𦉛𫝱𬙘
𦉰	㒺岡罔鬲𠕏𠕚𠕬𢡍𣎁𣠌𤤡𥫇𦦧𧍑𧔽𧮋𩰬𩱀𫝍𫬋𬴳
𦉲	罙𦊙
𦉳	䰣蛧𦉻
𦉴	䍒罟罢罣𠳣𡿼𦉷𦊚𦋪𦥁𭑏𭿓
𦉶	蜀𥨲𦉹𦊒𦋅𦋴
𦉷	睪罢罣𠖧𡎄𦒢
𦉼	罨𡙷𡚤𤅹𤼤𥇡𨣠𩕾𫥨𬙛𭑏𭑒𭳅𲯭𲰲
𦊁	𢊩𣬋𣬏𥰕𬙝𬙠𬲡
𦊅	突𤷿
𦊆	𮈣𮢟
𦊊	𡫃𭁗
𦊚	𥻸𳂟
𦊢	罯罿𰭎
𦊥	𣝻𦋁𦋨𨎅
𦊽	𠾪𣽁𣾞𨬸𬥇𲯻
𦋐	窧𥴄𫾇𲞷
𦍋	䖹𡃥𡓑𡔊𢤈𢥲𢽁𢿩𣴱𤶪𦍮𦎧𦢃𦲃𮒹
𦍌	㔦㙚㰕㷣䑆䢭䭥养善姜對恙盖羊羌美羑羔羕羙羛羡羨義羲觲養鯗𠏌𠵊𡒶𡗍𢮲𣌀𣌞𣜆𣫩𣴎𤏽𥖈𥶑𦍛𦍡𦍶𦎅𦎍𦎕𦎙𦎶𦏁𦏟𧌶𧓲𧕶𧥐𧮟𧷫𨖌𨦋𩜒𩪴𩰱𩱁𩴽𩼫𪭇𫅏𫏟𫴰𬃑𬅬𬋌𬙬𬙰𭄈𭘤𭪲𭼸𮊢𮊫𮩊𰉢𰭘𱂗𱔮𱻊𱻌𲱹𲹈𲿿
𦍎	嶪業𣐽𥴼𩜣𭪙
𦍐	㮆𢮡
𦍑	𧎉𩹦𫈯𫪾𫱎
𦍒	達𣸉𥀀𨂧𨗵𨗾𫐳𬦔𲊋
𦍤	𩄤𮢮𱻕
𦎍	𠏜𣜆
𦎧	𡃥𡓑𡔊𢐻𢤈𢥲𣀦𤂸𤑴𤜃𥌲𥤁𥫉𧔫𧭺𨣶𨯢𨰩𨰯𪈶𪈷
𦎫	𢥦𤜀𦏧𪤯𫓜𰲏𱲡
𦏁	㙿𢤻𣌀𤓚𪼯𫇣𭌟𭬮
𦏈	䍽𦏩
𦏲	𧢰𧩘𧬶
𦏾	𦒋𨍚𪶡𬉥
𦏿	㠄𡻪
𦐇	㲩䈳䌈䑽䪚傝塌搨榻毾溻禢翥褟蹋遢鎉闒阘鰨鳎𠞈𠹥𢞠𤌙𤚺𤠐𤭼𤹀𦈖𦎲𦑼𦧭𦶑𧄱𧪦𧰂𩌇𩝣𩥑𩨌𪄚𫁩𬤕𬳉𮋆𮍓𰧒𰾬𲖲𲸷
𦒱	𣑥𰭨
𦒳	𢟾𤥧𩪒𭊋𱋧
𦒿	𥊏𭗈
𦓈	𡬁𡬕𥩊𩇇
𦓐	㾍而荋𠂨𡜚𡩂𨴎
𦓔	䫱䰭糥𠽴𡑂𡢉𡦘𢡵𢡼𣊵𣚊𣰃𣰄𣽈𤏙𤡤𤳜𥋃𥕷𥢠𦅏𦏌𦓘𦠌𧑮𧬐𧴓𧸀𧹸𨅲𨉿𨎪𨢾𨼏𩁃𩍄𩞪𩻞𪋣𪝥𭅭𭢛𮋢𮖲𮯔𰢏𰭻𰺚
𦔮	㑙㡇㤴㭯㳧䎎䳖踂輒辄銸鮿𠲷𡜯𡱷𡷝𢬴𤈨𤭗𥆍𥭙𦕿𦛖𦯍𧋖𧚊𧶋𧼈𨓊𩂻𩣘𪘛𫚚𰽿𲗉
𦔷	聈𡑜
𦔻	聖𪪚𫳛𬉊𮑞
𦕈	𣺌𥰚
𦖞	𪰅𱚘
𦗟	聽𠫇𨟡
𦘒	㶳晝書畫畵聿𢙻𤌂𤪆𤱪𥱂𦘛𧢙𨕛𮌆𰙨𰭽𱧃
𦘔	𣸁𤦯𦩦𦳳𧗁𨔥𫴜𬚬
𦙃	𠦣𠵭𢯇𣷢𤟕𥚝𥟮𥮪𥺳𦂝𦝖𦲭𧤉𧩑𨡠𩸠𪔤𭟶𮝛𰝪
𦙄	𦚾𲾷
𦙅	䐔𦜏𦜛𮌸𰮯
𦙊	𣷩𭮿𰆟𰣰
𦙌	㣧胤𠉥𨡦
𦙚	𣓞𣔒𣷥𧟳𧟶𧩝𭟘𰻄
𦙲	瘸𠌳
𦚉	𠋚𢰒
𦚋	𦌄𦟆
𦚏	湇龍𢆂𢥮𣂅𥫄𦗤𧾪𨭢𩔍𩧑𪟍𭘐𭚂𭜈𰍤𱏬𲉥𲹛𲺤
𦝠	䇔嬴羸臝蠃贏驘鸁𡑤𡳴𣜄𤅀𤅗𥢵𦆁𦝠𦣉𦣖𧅋𧆃𧆍𧕳𧝹𨏩𨭞𩼊𬉩
𦞅	𠿥𡣃𧬴𩙊𱩒
𦟀	𡣍𦏞𦢼𩧣
𦟝	𦢕𩼿
𦣝	㺇㺿㼢䇫䱌姬宧巸弬洍茝賾頤𡘡𣐵𣢮𤇴𦚟𦣤𧧃𩛉𩠛𩠡𩠢
𦣞	㺇㺿㼢䇫䱌姬宧巸弬洍熙茝賾赜頤颐𠭃𠲬𡘡𢍴𢞍𣐵𣢮𤇴𤌇𤱻𦃂𦚟𦣤𧧃𩛉𩝮𩟄𩠛𩠡𩠢𪜥𪷨𫾱𫿉𬛢𬛣𬛨𬛪𬞭𬦎𱇬
𦣦	㒪𠑳
𦣺	臬臯𰯴
𦣻	嘠夏夒夓奡戛脜頁首𠀼𠆠𠗍𡇢𡕻𡕾𡕿𢌉𢒸𢚧𢟜𢹎𣣺𣤻𣴨𤛽𤯣𥫏𥲴𦣽𧈄𩑋𩓑𩕙𩠐𩭈𪄂𪞕𫠵𫦍𫷢𬀋𬛭𭐲𭮮𮍲𮕈𰠓𰨩𱟞𱳓𲦯
𦤃	𠹡𤌼𦤐𦪄𧫍𨪽𩥧
𦤅	䕗蒠𦺆
𦤎	𣊊𬍂
𦤏	鼻𧓝𬪞𮮱
𦥑	㒨㳫㸑㼂䉣䢅䢉䳔䶾夓斞爂爨璺电盥臖臾舁與興舋萸虋裒輿釁閰黽鼅𠆠𠍗𠑗𠒍𠒞𠔒𠔧𠢈𠤫𠧑𠨨𠨩𠪳𠭦𠭭𠲼𡓓𡓵𡕯𡕻𡘹𡙊𡢗𡣿𡳟𢀀𢀏𢃵𢄚𢋪𢌉𢍯𢍱𢍲𢍹𢑅𢒵𢞌𢢎𢤀𢥼𢴼𢸁𣆵𣇀𣠪𣡈𣡥𣩺𤅁𤅌𤌑𤐫𤓕𤕉𤟚𤡡𤪭𤬟𤬢𤻯𤼄𥂞𥂤𥃔𥃘𥃝𥌝𥕭𥗑𥗰𥗸𥝅𥝆𥝇𥝈𥦣𥧹𥨗𥪖𥽳𥽿𦈇𦉝𦋍𦒟𦛓𦞩𦡌𦡭𦥔𦥘𦥙𦥛𦥮𦥯𦥸𦥺𦥼𦦀𦦁𦦂𦦉𦦒𦦝𦦞𦦡𦦤𦦥𦦧𦦩𦦬𦦭𦦲𦦴𦦶𦦷𦦻𦦼𦧁𦧂𦱉𦽭𧅾𧓟𧕧𧖥𧗕𧞂𧞜𧟛𧭒𧹇𨇫𨏐𨐂𨑁𨙙𨦴𨮆𨯜𨯺𨰷𨷍𩀑𩃓𩅒𩆇𩆈𩇀𩦳𩰪𩱬𩼾𪃪𪋕𪋱𪌲𪒵𪓝𪪸𪱔𪼰𪾙𫇓𫓓𫚃𫝯𫟋𫬴𫮩𫱴𫲯𫶋𫸟𫾜𬀡𬅵𬏹𬛺𬛻𬛿𬜁𬜂𬜃𬜄𬣏𬮂𬯶𭺏𮉺𮍤𮍥𮍧𮍲𮗜𮫘𮱅𰔶𰯼𰽓𱆎𱡔𱡧𱣟𱩫𱬧𱬰𱬲𱰇𱲛𱵷𱼨𱼱𲄻𲬹𲻋𳌮𳏧
𦥒	𡐪𣥫𤘍𦧄
𦥓	鬼𢙦
𦥔	叟巢𠔜𠟾𠟿𠢶𠦶𡝨𡡋𡬯𡳼𢀏𣀭𣰩𥂒𥚞𥨈𦁴𦌆𦗶𦥕𦥚𦥤𦦀𦦔𦱸𧃡𧌫𧭄𧷈𨉯𨏋𨗭𨗮𨙑𩃡𩳱𫤮𬜀𱵱𱷭𱼰
𦥙	𤦥𦴞
𦥚	𡞲𢰻𣉃𥜞𦖳𨉯𨩤𫃈𬃤𬈍
𦥛	揷𥟅𦩿𩝟
𦥭	𠾌𦒟
𦥯	㽇䁷䑁䮸嚳壆學嶨澩燢礐覺觷雤鱟鷽黌𠆟𠔹𠿟𡓻𡚣𣁫𣱓𤓟𤛱𥀣𥝊𦏗𦦎𦦑𦦗𦦛𦦠𦦯𦦵𦧀𬋡𬛽𬠰𮂮𮍳𲗢𲛉𲣼𲰆
𦥷	𡁝𢣹𢷲𣋱𤑍𰢡
𦦉	𠨧𤄻𥍌𦧂𨙙𨙞𨟦
𦧚	舙𦧵𧮥𨯐𪙬
𦨉	𠞼𡡸𢵏𣤏𣾅𤎵𥦧𥮙𦒕𨄫𰂙𲬆
𦨚	𢲎𣗆𥂐𦩐
𦫳	滿繭𠁬𦍋𦫳𦭇𬝨
𦫸	䓹嗏搽芖芙芲芵苂苍苓英苶茶荃荅荚荟萸𡫜𢺊𦬉𦭆𦭏𦮕𦮫𦮭𦮳𦯬𦰩𦲧𦳒𦷋𦷎𦸥𦹬𦾗𧌺𨃓𨼲𫇧𫇲𫇳𫈬𬜩𬝑𬝓𮎥𮎦𮏵𮏸𮐯𰰨𱽙
𦫺	芣荋鿒鿓𡝄𤰇𤸶𦬋𦵀𦷜𮎩
𦫻	䒩芊𮑩
𦫼	芓𠰖𲙃
𦫽	䒬崋曅畢篳芌芫芸華蓽韡𪰞𬀽
𦫿	茎𠮅𧊬
𦬂	尭𦭃
𦬅	䓃䓵善喜茣莒莡莴葺蒷蕚𢵖𥼢𦬺𦭜𦮥𦮻𦷆𦷗𦹛𫇯𫬔𬜰𮆾𮎺𮏲𮐪𮧓𰰭𰱅𰷜
𦬆	𣴭𥒴𦯌𨦵𮎰
𦬇	𬜣𱽌
𦬑	葌𠴑𡜦𣒢𦎕
𦬒	䒠䒹䖹苇苿𦴀𬝚𰰫
𦬕	𦵰𦸜𰱢
𦬗	茙菚𦸴𦾟𫉏𬝼
𦬘	䓗蓊𦮀𦰠
𦬞	菾𡨏𦲑𦴐𦻅𦼩𧋞
𦬩	茭萒𦳆𦶧𧃥
𦬪	𦭨𮈙
𦬫	䁳䒎䔸漭莽𧬏𩪎
𦬬	𮫛𰱂𱽝
𦬰	菙董𦱦𫸓
𦬵	𦹒𨘦𰱒𱾁
𦬸	蒁𣸃
𦬹	䓍𦳚𦳝
𦬻	𦵚𲕥
𦬾	蓄𪮎
𦭓	葉𦰗𩔎𲼳
𦭕	䒱䕄𧗆𧯷
𦭖	菓蓽𥽚
𦭝	㝲䕉䠢䡸夢瀎甍瞢萝蔑蕒薎薥薨薯藅藣蘉蘮蘿鱴𠪹𡫽𡬄𡬇𡬊𡬍𡬑𡬒𡬓𡬖𡬙𢅓𢅘𢨖𣊔𣟃𣟝𤁊𤋂𤫧𥊄𥋚𥌱𥕗𥩒𦇪𦒃𦲿𦴋𦴜𦵺𦷹𦸑𦹋𦻼𦾋𦾒𦿛𧀅𧀆𧀧𧁌𧁣𧁦𧂝𧃣𧄯𧄼𧄾𨟁𩐔𩖉𩖎𩙓𩱵𩱷𩱸𪅇𪈘𫈼𫉐𬩝𭟤𭬽𮑦𮒭𮒽𮓏𰱯𱆕𱉀𱘬𱥚𱾯𱾺
𦭤	𦴗𦼤
𦭱	𩪫𭪙
𦭳	䕜藋𦸚𧃟
𦭻	萖𦲪𦵐𦷚
𦮎	𪮙𱓴𲖴
𦮠	葳葴𦴹𦽫𱁻
𦮷	蕡賁𡼝𪔵
𦯎	蔥𧁗
𦯕	㨲𠓅
𦯧	𡐽𣩣𨬘𨼙𲿱
𦰟	𢴝𲢛
𦰩	䁧䎯傼嘆囏嫨暵漢熯𡅱𢠦𢴁𤡉𤨢𤳉𦒅𧄊𨎔𨫪𩮽𩴓𰊚𱕭𲦤
𦱤	𠻶𢐖
𦲸	𦗫𱽂
𦲿	𡄀𬏘𲽽
𦳝	𣿴𨗪
𦵮	𦼧𦽆𦾨𧒣𨆳
𦵯	𠟽𪇜𱾩
𦶎	𤾴𦧹
𦶚	𦽽𲽜
𦼔	𫮹𱪁𲓀𲽹
𦾈	㩰𤒶𨽣
𦾓	𤾼𧮉𩎁
𧄶	䖂虊𧆏
𧆛	𦁭𪕽
𧆞	𠿖𡎍𡟣𢀋𢒯𢯯𢲽𤟝𧆤𧆮𧇇𧇧𧈒𨂶𨄪𨕑𪑷𭛺𰈈𰲝
𧆠	鎼𤨇𦉋𦉌𧇵𧫅
𧆨	慮盧膚虜𢋽𢿊𦡑𧇽𲼪
𧇊	𢣧𬞲𱢱
𧇖	䞊𤪽
𧇽	𧃢𨯼
𧈠	𣶨𧊝
𧈡	掻騒𧊬𧎹𧑎𨵕𪦄𬠛
𧈧	強摾漒糨繈膙襁𠍋𠼢𡌺𢐵𢠌𣚦𧚴𨿽𩌾𫋙𭃳𭤽𭿂𮈩𰍥𱮇
𧈪	䥀䩶𨔢
𧈴	䗤䗧䗫蝷蠊𧍈𧍉𧐚𧒐𧓼𧔊𧔋𧕻𫋧𲾧𲾹𳀍
𧈸	𡩓𧊃𧊮𧎓𧔔𭫂𮬃
𧈹	蚕蟇蠜𥴵𧉕𧋯𧌪𧍨𧎕𧖥𫊲
𧉘	𬹚𭉤
𧉧	䖼蜐𧋤
𧊗	𧋖𧌗𧏰
𧋠	𣜡𥎔
𧋯	蟇𥴵
𧍣	𠪿𤻹
𧓎	蠯𤼜
𧖧	𡨴𦅜𨭋𮔾
𧘇	㐮㞡㢳㭚㲤䕂䦄䮉乑嚢旅玈睘祣衣表衮衷袁袞裁裏裛褁褱襄逺𠂢𠂻𠃁𠇊𠑚𠨁𠨸𠷫𡄿𡇴𡊮𡋡𡜅𡩑𡪊𡫖𡸝𢒕𢬜𢷭𢾸𣄆𣠯𣥏𣰐𤃈𤆟𤇯𤨔𤱮𤲡𤵑𥘖𥩷𥰟𦊷𧒶𧘮𧘳𧘾𧙙𧙪𧚝𧚵𧛦𧛧𧛨𧜊𧜯𧝹𧞥𧫀𨒢𨛷𩅧𩍧𩨶𪊘𪑄𪼨𫈶𫖐𫞽𫟚𫢚𫵅𬎜𬏋𬡄𬬕𭂀𭈆𭋛𭌌𭏲𭕑𭘳𭚓𭡿𭹹𭽖𭿾𮅶𮍙𮍦𮏣𮐀𮑽𮕵𮖋𮞅𮞠𮟃𮨖𮪸𮫏𮮉𮲢𰢼𰰧𱔞𱢒𱦩𱯔𲀘𲄕𲦪
𧘉	裔𧘯𮕺
𧘏	襁𧟂
𧘗	裠裳𡈃𧙳𧚱𧛬𬎊𳀲
𧙃	𣘨𭢔
𧙫	𧚊𧚥𧝯
𧙯	𢊭𧜜
𧛱	藵𬡭𲬪
𧞻	𤅭𧖗𧮨
𧟡	㶾票𣊠𥋄𦗩𧟪𨅟𩦈
𧟥	𠊼𨔰
𧟧	𧾇𨗇𮗁
𧟨	𢱼𨕞
𧠆	𩑋𮍯
𧢲	𤉯𲩜
𧢸	𧣒𧣠
𧣽	𧤪𧥘
𧥞	䚯訃
𧥢	謩𧬉𨕺𫣄𮆣
𧥤	䛏䛯訳誳謘𧧫𧨇𧩱𧫞𧫮𧬅𫍏𮘕
𧥥	𫶪𬿏
𧥧	䢣𲁨
𧦈	諞謆𧩈𧫲𬢰
𧧈	䜌𡤨𤼙𦣐𧄶𪈮
𧬉	𡅜𤓊
𧮫	欲郤𠈻
𧯜	𦷳𮸜
𧯞	𨯴𩰖𮤟
𧯡	𠽵𧯳
𧰨	㒸㽔冡家彖縁聚衆豕豙象𠆟𠟵𠭣𡒍𡩚𡱰𢊔𢑡𢑪𢑳𢒧𢒪𢠟𣪣𣪴𥂼𥯵𥲰𧞹𧭍𧰬𧰮𧰼𧰽𧱏𨐻𨔡𨤜𨴯𫯦𬂎𬋌𬑔𬥁𭶮𮙚𮙝𮙞𰶩𰷷𱔮𱩀𲆍
𧰬	豙𠖔𡩵
𧰮	𪍭𮰬𮴯
𧰲	蠡𢞶
𧰷	𧲕𫲜
𧴦	𣄌𥧅𦵊
𧴧	𡺕𬥭
𧴪	䐝䞆䣔䵀嗩溑瑣鎖𠝿𢱡𥔭𧎫𨻈𩌆𩪈𩹳𭫖𭿻𮈲𰑽
𧴫	𤛀𪡮𭆎
𧴮	貮𠌗𣖿𧎢𧑰
𧴲	鎻𤨏𧫇𧵜𨝉𨻨𩪇𪹟𮈸𲂫
𧴴	𧷰𩞗𪽾
𧴵	𠞿𠥘𧵱𨝤
𧴹	𧶚𧷻𭙯
𧴿	𦄗𨖒
𧵆	𠼹𥲣𦹱
𧵍	𦺲𨞆
𧵩	𡢲𢅙𢢻𣜇𣩬𣿙𥢼𥴹𦏙𨣜𩼜𱺊
𧵽	𥋻𧷵
𧶐	𠏱𬉓
𧶠	䢱儥凟匵嬻櫝殰瀆牘犢瓄皾竇續藚襩覿讀豄贕贖鑟韇韥黷𡂝𢷺𣤯𣰬𥀲𥌚𥖿𦌷𦏢𦢌𧅎𧔖𧸷𧾥𨏔𨽍𩧈𩽆𮋿𮚧𮨢
𧷏	𨙋𨽤
𧷗	𤘄𧟅
𧸇	𥩐𧟎𧹎𨙜
𧹞	𢠱𭊥
𧹳	𤃬𩧗
𧺆	𢉇𣜀𧻬𰷳𰷻𰷿
𧾷	䟓䟔䟕䟖䟗䟘䟙䟚䟛䟜䟝䟞䟠䟡䟢䟣䟤䟥䟦䟧䟨䟩䟪䟬䟭䟮䟯䟰䟱䟲䟴䟵䟶䟷䟸䟹䟺䟻䟼䟽䟾䟿䠀䠁䠃䠄䠅䠆䠇䠈䠉䠊䠋䠌䠍䠎䠏䠐䠑䠒䠓䠔䠕䠖䠗䠘䠙䠚䠛䠜䠝䠞䠡䠣䠤䠥䠦䠧䠨䠩䠪䠫䠬䠭䠮䠯䠰䠱趴趵趶趷趹趺趻趼趽趾趿跀跁跂跃跄跅跆跇跈跉跊跋跌跍跎跏跐跑跒跓跔跕跖跗跘跙跚跛跜距跞跟跠跡跢跣跤跥跦跧跨跩跪跬跭跮路跰跱跲跳跴践跶跷跸跹跺跻跼跽跿踀踁踂踃踄踆踇踈踉踊踋踌踍踎踏踐踑踒踓踔踕踖踗踘踙踚踛踜踝踞踟踠踡踢踣踤踥踦踧踨踩踪踫踬踭踮踯踰踱踲踳踴踵踶踷踸踹踺踻踼踽踾踿蹀蹁蹂蹃蹄蹅蹆蹈蹉蹊蹋蹌蹍蹎蹏蹐蹑蹒蹓蹕蹖蹗蹘蹚蹛蹜蹝蹞蹟蹠蹡蹢蹣蹤蹥蹦蹧蹨蹪蹫蹬蹭蹮蹯蹰蹱蹲蹳蹴蹶蹸蹹蹺蹻蹼蹽蹾蹿躀躁躂躃躅躆躇躈躊躋躌躍躎躏躐躑躒躓躔躕躖躘躙躚躜躝躞躟躡躢躣躤躥躦躧躨躩躪𠑮𡫞𣭻𦪨𧾹𧾻𧾼𧾽𧾾𧾿𧿁𧿂𧿄𧿅𧿆𧿇𧿈𧿉𧿊𧿋𧿌𧿎𧿏𧿐𧿑𧿒𧿓𧿔𧿕𧿖𧿘𧿙𧿚𧿛𧿜𧿝𧿞𧿟𧿠𧿡𧿢𧿣𧿤𧿥𧿦𧿧𧿨𧿩𧿪𧿫𧿬𧿭𧿯𧿰𧿱𧿲𧿳𧿴𧿵𧿶𧿷𧿸𧿹𧿺𧿻𧿼𧿽𧿾𨀀𨀁𨀃𨀄𨀅𨀆𨀇𨀈𨀉𨀊𨀋𨀌𨀍𨀎𨀏𨀐𨀒𨀓𨀔𨀕𨀖𨀗𨀘𨀙𨀚𨀛𨀜𨀝𨀞𨀟𨀠𨀡𨀢𨀣𨀤𨀥𨀦𨀧𨀨𨀩𨀪𨀫𨀬𨀭𨀮𨀯𨀰𨀱𨀳𨀴𨀵𨀷𨀸𨀹𨀺𨀻𨀼𨀽𨀾𨀿𨁁𨁂𨁃𨁄𨁅𨁆𨁇𨁈𨁉𨁊𨁋𨁌𨁍𨁎𨁏𨁐𨁑𨁒𨁓𨁔𨁕𨁖𨁗𨁙𨁚𨁜𨁝𨁞𨁟𨁠𨁡𨁣𨁤𨁦𨁧𨁨𨁩𨁪𨁫𨁬𨁭𨁮𨁯𨁰𨁱𨁲𨁳𨁴𨁵𨁶𨁷𨁸𨁹𨁺𨁻𨁼𨁽𨁾𨁿𨂀𨂁𨂂𨂃𨂄𨂅𨂆𨂇𨂈𨂉𨂊𨂋𨂌𨂍𨂎𨂏𨂐𨂑𨂒𨂓𨂔𨂕𨂖𨂗𨂘𨂙𨂚𨂛𨂜𨂟𨂠𨂡𨂤𨂥𨂦𨂧𨂨𨂩𨂪𨂫𨂭𨂯𨂰𨂱𨂲𨂳𨂴𨂵𨂶𨂷𨂸𨂹𨂺𨂻𨂼𨂽𨂾𨂿𨃀𨃁𨃂𨃃𨃄𨃅𨃆𨃇𨃈𨃉𨃊𨃋𨃌𨃍𨃎𨃏𨃐𨃑𨃒𨃓𨃔𨃕𨃖𨃘𨃙𨃚𨃛𨃜𨃝𨃟𨃠𨃡𨃣𨃤𨃥𨃦𨃧𨃩𨃪𨃬𨃭𨃮𨃯𨃰𨃳𨃴𨃵𨃶𨃷𨃸𨃹𨃺𨃻𨃼𨃽𨃿𨄀𨄁𨄂𨄃𨄄𨄅𨄆𨄇𨄈𨄉𨄊𨄋𨄌𨄍𨄎𨄏𨄐𨄑𨄒𨄓𨄔𨄕𨄖𨄗𨄘𨄙𨄛𨄜𨄞𨄠𨄢𨄣𨄤𨄥𨄨𨄩𨄪𨄫𨄭𨄮𨄰𨄱𨄲𨄳𨄴𨄵𨄶𨄷𨄸𨄹𨄺𨄻𨄼𨄽𨄾𨄿𨅀𨅁𨅂𨅃𨅄𨅅𨅆𨅈𨅉𨅊𨅋𨅌𨅍𨅎𨅏𨅑𨅒𨅓𨅔𨅕𨅖𨅗𨅙𨅛𨅜𨅝𨅞𨅟𨅡𨅢𨅣𨅤𨅥𨅦𨅧𨅨𨅫𨅬𨅭𨅮𨅯𨅰𨅱𨅲𨅳𨅵𨅶𨅷𨅸𨅹𨅺𨅻𨅼𨅽𨅾𨅿𨆀𨆁𨆂𨆃𨆄𨆅𨆆𨆇𨆈𨆉𨆋𨆌𨆍𨆎𨆏𨆐𨆑𨆒𨆓𨆔𨆖𨆗𨆘𨆙𨆚𨆛𨆝𨆞𨆟𨆠𨆡𨆢𨆣𨆤𨆦𨆨𨆩𨆫𨆭𨆮𨆯𨆰𨆱𨆲𨆳𨆴𨆵𨆶𨆷𨆸𨆹𨆺𨆼𨆽𨆾𨆿𨇀𨇁𨇂𨇃𨇄𨇅𨇆𨇇𨇈𨇉𨇊𨇋𨇍𨇏𨇑𨇒𨇔𨇕𨇖𨇗𨇙𨇚𨇝𨇞𨇟𨇠𨇡𨇢𨇣𨇤𨇥𨇦𨇧𨇨𨇩𨇪𨇫𨇬𨇮𨇯𨇰𨇱𨇲𨇴𨇵𨇶𨇷𨇸𨇹𨇺𨇻𨇼𨇽𨇾𨇿𨈀𨈁𨈂𨈃𨈄𨈅𨈆𨈇𨈈𨈉𨈊𨈋𨈌𨈍𨈎𩕎𪆽𪘏𫊛𫏀𫏁𫏂𫏃𫏄𫏅𫏆𫏇𫏈𫏉𫏊𫏋𫏌𫏍𫏎𫏏𫏑𫏒𫏓𫏖𫏗𫏘𫏙𫏚𫏜𫏝𫏞𫏟𫏠𫏡𫏢𫏣𫏥𫏦𫏧𫏨𫏩𫟣𬦠𬦡𬦢𬦣𬦤𬦥𬦦𬦧𬦨𬦩𬦪𬦫𬦬𬦮𬦯𬦰𬦱𬦲𬦳𬦴𬦵𬦶𬦷𬦸𬦹𬦺𬦻𬦽𬦾𬦿𬧀𬧂𬧃𬧄𬧅𬧆𬧇𬧉𬧊𬧋𬧌𬧍𬧎𬧏𬧐𬧑𬧒𬧓𬧔𬧕𬧖𬧗𬧘𬧙𬧚𬧛𬧝𬧞𬧟𭚝𭲭𮄉𮄢𮛁𮛂𮛃𮛄𮛆𮛇𮛈𮛉𮛊𮛋𮛌𮛏𮛐𮛑𮛒𮛓𮛔𮛕𮛗𮛘𮛙𮛚𮛛𮛜𮛝𮛞𮛟𮛠𮛡𮛢𮛤𮛥𮛦𮛧𮛨𮛩𮛪𮛫𮛬𮛭𮛮𮛯𮛰𮛱𮛲𮛳𮛴𮛵𮛶𮛷𮛸𮛹𮛺𮛻𮛼𮛽𮛾𮜀𮜁𮜂𮜃𮜄𮜅𮜆𮜇𮜉𮜊𮜌𮜍𮜎𮜏𮜐𮜑𮜒𮜓𮜔𮜕𮜖𮜗𮜘𮜙𮜚𮜛𮜜𮜝𮜞𮜠𮜡𮜤𮜥𮜦𮜧𮜨𮜩𮜪𮜬𮟓𮣥𮷒𰲔𰸁𰸂𰸃𰸄𰸅𰸆𰸇𰸉𰸊𰸋𰸌𰸎𰸐𰸑𰸒𰸓𰸔𰸕𰸖𰸗𰸘𰸙𰸚𰸜𰸝𰸞𰸟𰸠𰸡𰸢𰸣𰸤𰸥𰸦𰸧𰸨𰸩𰸪𰸫𰸬𰸭𰸮𰸯𰸰𰸱𰸲𰸳𰸴𰸶𰸸𰸹𱽅𲃔𲃖𲃘𲃙𲃚𲃛𲃜𲃝𲃞𲃟𲃠𲃡𲃢𲃣𲃤𲃥𲃦𲃧𲃨𲃩𲃪𲃫𲃬𲃭𲃮𲃯𲃰𲃱𲃲𲃳𲃵𲃶𲃷𲃸𲃹𲃺𲃽𲃾𲃿𲄀𲄁𲄂𲄃𲄄𲄇𲄈𲄉𲄌𲄍𲄎𲄏𲄐𲄒𲄓𲄔𲄕𲄖𲊷𳃇𳃈𳃉𳃊𳃋𳃌𳃍𳃎𳃏𳃐𳃑𳃒𳃓𳃕𳃖𳃗𳃘𳃙𳃚𳃛𳃜𳃝𳃞𳃟𳃠𳃡𳃣𳃤𳃥𳃦𳃧𳃨𳃩𳃪𳃫𳃭𳃯𳍓
𧾸	𧿍𨂝𮛅
𧿈	踮躔躕𨀟𨀠𨀵𨁤𨁵𨂫𨄀𨄗𨇁𨇢𫏛𫏤𮜇
𧿭	𤍷𨃯
𨀷	𨅀𫏝𳃜
𨂷	𨇎𲄈
𨈡	𥨂𨖟𩅓𪧤𮘴𰜹𲁍
𨊠	範𫈣
𨊢	𡑼𡞤𢰁𣷼𤩮𤩯𫐁𭮻
𨊥	擊檕礊繫罊蟿轚𠿉𠿊𡢖𢢞𣤢𣪠𣫦𤮛𦼷𧈑𧈖𧈗𧒼𱹺𱺍
𨊫	䡓𭱤
𨊴	僌𢕣𣦔𤡄𨝩
𨌀	輒輙
𨐌	𢤴𣐽𣫚𤗔𧣿𩤑𫛅𮔝𮝻𱩎𱯢𱰄𱾹𲅇
𨐓	𥋑𱼜𲰣
𨑠	𨘳𲅪
𨑤	𫑆𬩁
𨑦	𤊂𮷦
𨒣	𰠘𰨊
𨓨	邂𨖣
𨔶	𣿔𩍠
𨔷	𬩑𮞿
𨔾	𨗊𪢆
𨙨	𨛜𨞠𨞰
𨙫	唨啊𠴉𠴻𠶴𠸳𠹯𠻆𠻱𠼂𠽏𠽛𠾐𠾕𡁸𡃴𨚧𨚴𪡷𭈪𭉑𭉓𭌇𱕤𲖘𲗃𲗅
𨙭	𡐦𡑖𱗊𱘔𲚁
𨙰	撱𢭫𢲢𢴟𢵌𢶽𦳻𫽖𭠯𱠯𲡸
𨚪	𣓱𥪹𩜛
𨚫	𠡺𣓹𭡊𱸁
𨛤	䝐𰶭
𨛳	䣢𨝨𨞒
𨟻	𨡰𫳼𲅳
𨤾	𣣽𤫍𲇆
𨦅	鎩𮢎
𨦼	𨰸𲇠𳇗
𨨖	𧂖𫓝
𨪈	𡾾𬬖
𨬈	𨰞𳇝
𨮰	䥷𨰉
𨲆	𥵦𦿃
𨳌	𤌎𧖔𨶄
𨳎	䦎閆𨴂
𨳏	𨳔𨴙𨶄
𨳐	蔅𫱠
𨳒	𨵥𲱫
𨳓	閹𨵤𨶶
𨳚	𢡙𣊱
𨴯	𨷢𨷼
𨶒	𠑑𤓁𨇲
𨸏	𡒿𡓬𡸬𤒮𨸥𨸷𨸿𨹇𨺅𨺫𨺵𨻏𨻪𨻿𨼕𨽡𩼐𮥃𱀉𱀓𱀘𱀳𱁃𲉔
𨸘	䧡䧪𡣀𨹘𨻷𨽏𮤾
𨸢	𡌌𲔺
𨺅	𨼱𨽄𨽝𨽡𨽩𨽴𨽵𱁄
𨺵	𤒮𤓫𨽡
𨽹	𭬠𭳔
𨽻	𥌤𭋺𭢿
𨾈	雇𩀲𮟈
𨾏	𪅥𭫺
𨾴	㩲䌯䑏䙮䚭䝔䟒䠰嚾壦孉巏爟獾矔蠸酄雚飌鱹𡚊𡚜𡰝𢑆𢦉𣌓𤓘𤜍𤬠𤮳𤼐𤼢𥍊𥐓𥤊𥷬𥸑𧃦𧃼𧆉𧢰𨘿𨙕𨰁𨽧𩁁𩁂𩁧𩁫𩙤𩪼𩵄𪈩𪈸𪈻𫕷𫹩𬋜𮥿𮦁𰒣𰯩𱑾
𨿳	𦢖𧭭𪇿
𩁹	𣼻𤨹𨖛𬹫
𩂀	𩂊𩂽
𩂂	䨚𩂜
𩂊	𩂽𲿬
𩂩	𩅐𩅑
𩆊	䨲𠣉
𩇩	䨿𦻅
𩇭	㸏爢
𩇮	䤏𢳁𪎮
𩊐	䇀𧠄𩋄
𩐎	𢌐𨽮
𩒛	𤂔𬟄𲗞
𩒳	𫎥𬐿
𩔊	顨𩕧𩖏
𩘚	𠑒𩙃
𩙿	䬢䬣䬦䬧䬨䬪䬫䬬䬮䬯䬰䬱䬲䬳䬴䬵䬶䬷䬹䬺䬼䬽䬾䬿䭀䭂䭃䭄䭅䭇䭈䭉䭊䭋䭍䭎䭏䭐䭑䭒䭓䭔䭖䭗䭘䭙䭚䭛䭜䭝䭞䭟䭠䭡䭢䭣䭤䭥䭦䭧䭨䭩蝕飢飣飤飥飦飩飪飫飭飮飯飰飳飴飵飶飷飹飻飼飽飾飿餀餁餂餃餄餅餆餇餉餌餑餒餓餔餕餖餗餘餚餛餜餝餞餟餠餡餢餣餤餦餧館餩餪餫餬餭餯餰餱餲餳餴餵餶餹餺餻餼餽餾餿饀饁饂饄饅饆饇饈饉饊饋饌饍饎饐饑饒饓饖饘饙饚饛饝饞饟饡𡓉𧈐𧐂𩚄𩚈𩚉𩚊𩚋𩚌𩚍𩚎𩚒𩚕𩚖𩚗𩚘𩚙𩚚𩚛𩚝𩚞𩚣𩚤𩚨𩚩𩚪𩚫𩚬𩚭𩚮𩚯𩚰𩚱𩚲𩚳𩚵𩚶𩚸𩚹𩚺𩚿𩛀𩛅𩛆𩛇𩛉𩛊𩛋𩛌𩛍𩛎𩛏𩛐𩛑𩛓𩛘𩛝𩛞𩛟𩛠𩛡𩛣𩛤𩛥𩛦𩛧𩛨𩛩𩛫𩛭𩛮𩛯𩛵𩛶𩛹𩛺𩛼𩛽𩛾𩛿𩜀𩜁𩜂𩜃𩜄𩜅𩜆𩜇𩜉𩜊𩜋𩜌𩜍𩜎𩜏𩜐𩜑𩜓𩜖𩜗𩜚𩜡𩜣𩜦𩜭𩜯𩜰𩜱𩜲𩜳𩜴𩜶𩜷𩜹𩜺𩜼𩜽𩜿𩝀𩝁𩝂𩝈𩝉𩝌𩝗𩝘𩝙𩝚𩝛𩝜𩝝𩝞𩝟𩝠𩝡𩝢𩝣𩝤𩝥𩝧𩝨𩝪𩝬𩝮𩝰𩝴𩝷𩝹𩝼𩝽𩝾𩝿𩞀𩞃𩞄𩞅𩞆𩞈𩞉𩞊𩞋𩞏𩞑𩞞𩞡𩞢𩞥𩞦𩞧𩞩𩞪𩞫𩞬𩞭𩞮𩞯𩞲𩞵𩞶𩞷𩞻𩞼𩞽𩞾𩞿𩟀𩟁𩟂𩟃𩟄𩟅𩟆𩟇𩟈𩟊𩟋𩟌𩟍𩟐𩟑𩟒𩟓𩟔𩟕𩟖𩟘𩟙𩟛𩟜𩟝𩟞𩟣𩟤𩟥𩟦𩟧𩟩𩟪𩟭𩟮𩟯𩟰𩟱𩟳𩟴𩟶𩟺𩟽𪂾𫗎𫗐𫗖𫗙𮨷𮨹𮨾𮨿𮩀𮩇𮩈𮩊𮩋𮩍𮩏𮩘𮩙𱃥𱃦𲋠𲋡𳋥
𩚔	𩛂𬲞
𩛉	𩜮𩝮
𩠐	䭬衟𡬹𣯐𤎾𦩽𧘄𨕥𨖁𩠒𩠖𩠜𩠝𩠞𩠡𩠢𩠣𩠪𩠫𱄍
𩡐	馫𩡢
𩡱	驀𢨗𩡷𪧫
𩫃	𡦬𩇊
𩫏	䯬𡓣𡾘𨟍𩫠𩫧𩫨𩫩𩫫𩫭𩫯𩫰𩫱𪈃
𩫖	𣠐𤅝𤅻𩇑𩎏𩫮
𩫵	䯳𩬉𩭤𲌠
𩫺	𩭎𩭢𩮖𩮴
𩬦	䯽𩮋
𩰥	𤅥𤓡𨤊
𩰬	竵𠿎𡢓𧒘𧬭𩦣
𩰲	䰞鬻𩱆𩱌𩱍𩱎𩱓𩱖𩱗𩱚𩱜𩱞𩱟𩱡𩱣𩱤𩱥𩱦𩱧𩱨𩱪𩱫𩱭𩱮𩱯𩱰𩱱𩱲𩱳𩱶𩱷𫙆𫙇𬴸𬴹𬴺𬴻𬴼𱆐𱆑𱆒𱆔𱆕
𩱕	𤅬𤫨
𩵋	衡𤑰𧁨𩶷𩸺𩽦𩾀𩾉𩾍𪫔𫙓𫙭𮫹𲍅
𩵺	𩶵𩸀𩸤𳍷
𩶷	衡𨭶𬄴
𩺰	䲜𩼪𪫅
𩾏	鳳𣫠𪾖
𩾕	䳄𥖧𫚰
𩾪	鴌𦿲𪀱
𩾯	𣝨𮒒
𩾵	𪆩𰈾
𩾷	𡣴𪇯𪇲
𩿊	䳟鵬鶘鸁𪆌𪆘𮬹
𪀩	𪂄𪅨
𪂣	𥩏𳏘
𪄿	䕿𣥁𤅩𫛗
𪅝	𩖔𩙾𪈬𪈼
𪉟	𪉹𮭭
𪉷	𡅿𡤲𢺬𣡣𤅦𤓠𥍗𥜸𥸖𥾁𧅸𧖋𨟩𨟬𨤌𨰳𩧤𩽶
𪊫	𪋐𪋣
𪋘	𢌒𧅳𧢮𧥗𨟫𪈹𭤓𭳺𮉟
𪎗	𪎧𪪤
𪏭	𦿾𭺊
𪏯	𨘯𰻿
𪐗	𡽽𨤁
𪐡	䵡䵵𧅌𪒻
𪓔	𥤠𰤋
𪔅	𡤀𪔈
𪙹	𪚍𪚎
𪚰	𥤚𪛖
𪛚	𣑅𤟝𨪬
𪜀	𦋦𦲿𨔍𬐂𱍺𱒁𱺵𳈯
𪜁	㡵令岺苓閝𡴒𡴔𨙘
𪜊	今氷礻衤𠨙𲿮
𪜌	𢝼𰘆
𪜕	𬦃𬦼𲃼
𪜮	𠊹𠋝𣒦
𪜱	瑹𫁏𮂄
𪝉	𢟂𣺢
𪞏	宛𤨰𦦩𬜶𭧕
𪞜	楽𢴜𱏧
𪞲	颭飐
𪟄	㴊𥚘𪲫
𪟊	寡𮍲
𪟨	𡉵𡜞𨓱𩣛𬼚
𪟩	𠤪𩒠𱩆
𪟽	𢪀𤽗𩵿𪫢𪿒𫺱𬏝𱎢𱐁𱒇𱓡𱥶𲛽𲲜𲹡
𪠆	庰𭎪
𪠋	厧𦷔
𪠨	㖬叟𤟚𦖚𦲪𫽍
𪠲	㕝𠔛𠚓𠭆𡅦𡷮𢠬𣭗𣳚𣿟𤔬𤻢𥏏𨫁𨱮𫨒𫴢𫹀𬽹𭃒𭛠𭠘𭮈𭮭𭮰𭮱𭮶𭮺𭮻𭮼𮎆𮘂𮝇𮨄𰍙𰯰𰰭𱩠𱴧𱴲
𪡊	𠹕𠾠𠿵
𪡒	辜𬪒
𪢴	垚嶳𡉵𡐎𡑫𡒲𡔘𥟯𥤈𦴂𨨾𩹣𫒕𮵎𱖶𱼲𲓤𲚨𲧛
𪢶	𠈬𡔀𰞓
𪢻	堋𡏠𡐐𫮗𱗦
𪢾	烾𡐩𡐼𡔂𥹿𱫀
𪤷	𢖨𱝠
𪥌	𪶓𬡢
𪧇	㝥㝱㝲寎寐寢寣寤寱𡩩𡩽𡪁𡪘𡪶𡪷𡫒𡫔𡫺𡫽𡬄𡬇𡬊𡬋𡬌𡬍𡬑𡬒𡬓𡬖𡬙𫳼𫴛𭔏𭔘𰝠𱚚
𪧐	𧎧𩥥
𪧷	将𭔬𭔯
𪩡	𦉔𬯮𭈊
𪩣	𡘇𤑌
𪩲	㾅䪣𠀽𡛷𢼋𣐈𣧨𤙂𦥥𦭄𧠥𧣘𨒘𨥳𬢉
𪪳	𦰠𫊿𬙺𲾥
𪪷	彛彜𬞦
𪫕	𫉪𫶛
𪫩	息𢚞𢚧𢜇𢜊𭔗𮚗
𪭌	盞𥰎𥵃𦾟
𪭜	𢫑𢬓
𪭦	捌箉
𪭨	𢯙𢵅𢵦𢶾𢹣
𪭴	𢵒𢵼𢸋𢹤𪮭𭡳
𪯎	盩𦌙𫡊𭞫
𪯢	䝺𣁕𣁤
𪯲	𬕗𬝅
𪰆	昛𰕸
𪰖	𥐄𥠝𦔈𫒱𬐇
𪱙	𢫪𮎭
𪱳	𢚤𣐲𣒱𭬖𲦨
𪱴	𡝋𢠖𣐨𣔧𬄪𬅏𬅘𭩯
𪱷	𮲶𱣐
𪱿	𣸯𨔼
𪳐	𣚏𣝇𦌮
𪵩	𰋒𰰼
𪵪	沗𣵟𥴠
𪷂	𮪷𰝭
𪺏	𦄘𧤷𰰈
𪺕	𤔪𤔭𤕀
𪺞	寣𥨉
𪺽	慭𫮜𬺒
𪻕	瑚𱯵
𪽋	𫽠𮄋𱯌𱽻𲆴
𪽗	𤳰𫥯𱱃𳅧
𪾋	𨃎𨡼𪬌𫽝𬈋𬗻𮸖𱽷𳍣
𪿒	𪿹𬒜
𪿟	磭𬛔
𪿳	䃺礳𥗂
𫀄	𡻕𣿷𦿧𪮗
𫁒	䆶𣡐𥨣𥩏𩕥
𫁸	䉞筬箴𮅇
𫂁	𤅲𥰻𥲸𥴵𮅾𮆣
𫂐	𬬞𲥫
𫂱	渊𣌻𫰿𬠔𱯂
𫂹	𥕝𲷚
𫃎	䊳𥽓𥽨𥽰
𫇆	𬛧𬛫
𫇦	䒮䒯䒿䓨劳潆茔茕荣荤荥荦荧莹莺萤营萦葷蒄蒏蒬蓂蓥𠟗𣓿𣗦𣩾𤑋𦬪𦬮𦭂𦭨𦭬𦮜𦲋𦴎𦻩𦼖𦾉𫉂𬜶𬝂𬝙𬝫𬝬𭒣𭗗𮐔𮐱𮑈𮑬𰌀𰘓𰥞𰦷𰰡𰰽𰱈𰴯𲁖𳊮
𫇩	䓊𦸭𮏓
𫇰	𡳵𡳶𦼨𪡻𬞰𬞺𬟗𬟛𱿈𲼌𲼫
𫇿	𥢇𲽺
𫈼	䡸蔑𣝱
𫉬	𤄀𩇥𫻞𲁇
𫊝	虞鸆𤄦𤟜𥃓𱊫
𫊣	䱷𤣏𧈔𬪣𭤐
𫊥	𧒨𬟶
𫊫	𦆥𦾖𮔉
𫋳	𧛖𧜽
𫋴	𦶧𬈟
𫎇	㠓幪曚朦礞𡣘𣋡𤯼𧞑𧭙𩆬𬟃
𫎬	𪟲𫤽
𫏳	𨏖𪝠
𫐠	䢞𨔣𨗷𨘨
𫐣	𣞬𦳭
𫐩	𥲽𦹇
𫑗	𦮦𬂪
𫑟	䜏讔𧨽
𫑨	䲊𦿇𩷺𩷿𳍊
𫒉	䥙錒鐊𨧯𨫭𨬍𨯝
𫔝	䦩閴闃闅𨴼𨵢
𫔭	锎𫔷𫣽𬂻𬮫𬮶𮖌𮚬𮤴𮧛𰿿𱦭𲉇𲉈𲡷𳈙
𫔮	𪭾𰂎𰑥𰥨𰱇𱆁𱙗
𫔴	蔺𨸋𲽘
𫕻	𪬿𫶠𫻛
𫜵	埓寽豸𧢉𧮁𪭺𪵯𬐏𮙥𲬮𲲞
𫜸	㗯㘏兺哛喸嗭廤旕莻蒊𮂻𮇎
𫜹	㐆㝷㨗偼刍夛妇妻媫寻尋帚归当彗扫暳榋灵疌羽雪𠁰𠂣𠊕𠊸𠔥𠙐𠜘𠨔𠬶𠭊𠸝𠽌𠽽𡄫𡝘𡩝𡫧𡬶𡭩𡰩𢄥𢋪𢑏𢑑𢑒𢑖𢑚𢑜𢑟𢑤𢑯𢑱𢑲𢑴𢑿𢚌𢦳𢭈𢮮𢵂𢻍𢼿𢽖𢽤𣆸𣇗𣐔𣕠𣪏𣵌𣶏𣼙𤎉𤔌𤡘𤱚𤶍𥋀𥛀𥞾𥭼𥯐𦀱𦙪𦜺𦥑𦲗𦲙𧄢𧧱𨓶𨘄𨝻𨟌𨩼𨴌𨶞𨶟𩆥𩒔𩒸𩺎𩺐𩿮𪛄𪠬𪫆𪴅𪹻𪺍𫊞𫝉𫹄𬊽𬍫𬯍𬰙𬳨𬻵𬼌𬾙𭁐𭆄𭆢𭆰𭌉𭐵𭓗𭘒𭛍𭛎𭛐𭛒𭜣𭜳𭬟𭮚𭮴𭵄𮒮𰐣𰑑𰘕𰞞𱍧𱎀𱑭𱑵𱦯𱧪𱨌𱷊𱷓𱷔𱷖𱻮𲅱𲆔𲉒𲉛𲉡𲊃𲐰𳉣
𫜺	崽𡻭𧑵𭖵𲝸
𫝀	五舝𡨓𢮟𣝖𤘎𤛉𥥞𦌋𪭣𫇩𭆵𭇁𮧯𮨊𰨚
𫝁	𦮉𫞉
𫝄	𠀔𫝸
𫝆	𣄅𥕼𧶗
𫝕	𧑩𭆒𭔱
𫝣	𭪖𮇣
𫝹	淰𦁇
𫞕	𠶩𥲬
𫞯	𬃇𭰾
𫟛	𡐧𡼒𣊢𨣌
𫟯	裏𫝟𭵜
𫠙	𨰢𪚆𮈀
𫠠	弋戋此氏民𡭶𢎯𢦍𢦑𢦣𣍫𥄽𦬴𬻒𬼞𭄧𭚨𭠍𱵛
𫠣	拣炼练𫍝𬒃𬟾𮸀𲃯𲥲
𫠤	㥿䫨敖遨𠢕𢧴𣊁𣘢𤎅𩓁𩕀𪉑𫿑𱃋
𫠥	㔷陋𠸳𤵿𦭯𨦖𬕢𰘄𲆐
𫠨	𧋰𧒙
𫠩	㡭兹𠄮𡌥𢇍𦇡𨇔𪜆𪮵𫧽𬈖𬨧
𫡃	𠥽𡰮𣌩𤥅𥎇𱪕𱯓
𫡄	朶𰅮
𫡆	𡒴𬦏
𫡏	攵𥫗𨂟𩕇𭀠𭀱𭾆𮚕𰆰𱐩
𫡑	眾臮衆鄹𠍸𠏭𠱦𡌱𡍮𢽥𤈰𫾾
𫡙	埀𣒧𪟏
𫢀	𪬹𬀞
𫢉	䯎余全峹幹澣舍龫𠇨𢹄𥄺𥣠𭠛𭦜𭩧𮇸𮘅𮡰𮲪𱐏
𫢴	𢕇𦆬
𫤘	𦲩𫢳𬚠𬥉
𫤫	𫾮𬥕
𫤻	寰𡕅
𫥎	搀谗馋𠋂𡺎𦂯𩝎𰊅𰸤𰾠𳆕
𫥞	㧩䊃佩姵珮𡶺𢙜𣑲𣳽𧙱𨦨𪠜𬊄𬩼𭎖𮱼𱶝𲷳
𫦥	𠡐𪟗
𫧀	𠣗𱫴
𫧇	㴰能𠹌𡧏𢪲𨃳𩣄𫨩𫭿𫿌𭚂𱙦𱞄𱬯𱭳𱺸
𫧠	𫋔𰆦
𫨀	𤾽𪺄
𫨂	𪋙𭋍
𫨈	𨧴𱝄
𫨑	𠫑𢉿
𫨶	𫃦𬙦
𫨻	𤊳𦎮𨩷𫟁𲴱
𫩏	临兔雚𠦤𠯮𣰱𤂦𤟁𦜧𧘼𧙬𩈠𫒯𫝝𫞞𫟜𫟝𫢤𫢽𬺨𭬭𮃰𮙝𮙞𰇳𰭍𱠀
𫩑	𠱫𭉔𰬄
𫩕	㖢嘃嘛嚝嚰𠲕𠳓𠳹𠶦𠶧𠷄𠺟𠻊𠻞𠿳𠿾𡃚𡄁𫪭𫫡𫬏𭇘𭊚𲕏𲘜
𫩞	𫰶𫿺𬔟𰫨
𫩠	㗬䟫党嘗堂常掌棠牚瓽甞當裳賞赏黨𠤠𡖹𡝣𡭿𡮢𢡭𣋈𣥺𦈹𧨲𨡔𫵁𫵅𫵌𬓂𬔢𬻬𭓋𭟚𰢃𲠱
𫩣	𣶤𱌀
𫩧	𧚼𬠑
𫩮	𫬗𭈽𱔝
𫪡	𠎤𠞫𧄪𪟣𪥜𫨘𬡫𱍊
𫭙	𭎼𱻹
𫭠	𣥮𫏷𫢢𫳊𬥖𬹑𰙫
𫯁	嗀壹𡔾𧲇
𫯜	㡍幂幕𢃛𢅍𪩶𪭬𮊎
𫯟	㚔羍
𫰎	𡡳𲛎
𫰒	𡞇𰌎
𫰭	𡞽𡠬
𫲲	孽𲟐
𫲵	𡧩𡨊𨎜𫲸𫳐
𫲷	実𫈌
𫲸	害憲𢞩𧒡
𫲽	㝕寍寧甯𠍌𡨪𡩉𡩋𡪕𡪥𡫃𡫍𡬕𡬛𢠋𤪥𧑶𧒧𧕝𫳬
𫲿	宰𡩁𡩘𤍩
𫳂	寅𣿶𪡣
𫳭	𪽣𫴋𫿨
𫵔	肩𬚳𮓞
𫵖	叞尉𠝋𠝑𧛽
𫵠	墀𦎾𨬯
𫵱	㞿𠰛𡊏𡵄𡵞𡵬𡷅𡹃𡹆𡻗𡼝𨔲𭖡𱛔
𫵲	岢𪥭𲐝
𫵳	㞩𣁋
𫶝	𫮿𲑧
𫶧	㐬㠩㡃㬻㲙㵁㼹䀮䐠䖻侃宺巟巰旒梳橀毓流琉疏硫艈荒裗詤謊醯鋶鯍麍𠃤𠏘𠞌𠫝𠯚𡇗𡜋𡧬𡧽𡨓𡩇𡰭𢂠𣆖𣇢𣋯𣗄𣴑𣶚𣹭𣹳𣺬𣻤𣽩𤚵𤬕𤭕𤵯𤽇𥆆𥉂𥘅𥞙𥠸𥹷𥾖𦀠𦃑𦃥𦃫𦷻𧠬𧠰𧰖𨌙𨛞𨣓𩟜𩣇𩣐𩯕𩺊𪀞𪎣𪠻𪶷𫟎𬃑𬇡𭅟𭲭𮅛𮆅𮌫𮎰𮎻𮏇𮏞𮜱𱍐𱱝𱴖𲃌𲹄
𫷄	席𠻊𥔷𫜱𫴴𬝼
𫷼	𢌀𫸃
𫸚	𦸳𪪸
𫸧	𠰟𢄛𤁟𤛒𥵽𦒞𦒫𦓆𨢫𲪋
𫹍	屐𪪖
𫹯	𢙶𰑞𰓭
𫹺	𢣀𢣃𰒋
𫺁	𪽷𰑸
𫻬	簚𢅓𥋚𦋈𧀅𬞱𱯷
𫻯	胾𦛹
𫻶	𫿎𰷍
𫻼	截𳃡
𫼉	䁉䋯啔肈𪦽𪭛𫼑𲎖
𫼪	摌𢱘
𫾦	𩣓𫢛𬧵
𬀷	䵰傷塲慯摥殤漡膓觴鬺𤳈𥏻𥛙𧐀𨄆𨢩𩞃𫁬𬀑𲅰𲤼𲹷
𬁟	𩷥𭍖𱚞
𬂝	𨓣𬢫
𬃷	𡣒𢷜𣝬𥤕𪐓
𬄜	𫦜𫿣
𬅶	𫢂𫲺𬜙
𬆣	𢔾𨕶
𬇊	𫎛𬥰𱑹
𬇖	𣵓𣵢𣵴𣵶𣶞𣸙𣺰𣼲𣽴𣾻𣾿𤀙𤂫𬇢𬉌𰝕
𬇗	㳽泓涨渳漒漲瀰𪵰𰰸
𬇙	测溅𣽷𲩚
𬈆	𪆟𲎅
𬉵	𱪬𳀳
𬉶	𢭅𪏃
𬉸	𠉇𡨐𦀭𫴓
𬉹	𠧽𤇵𤈭𥥿𦛧𱬁𱭗
𬊀	𤉪𤊦
𬌪	莽𥮎
𬎾	㺎䗤䧡傭嘃墉嫞庸慵滽镛𣷈𥡲𨨂𪮧𪲯𫃍𫃯𫛆𫢻𫪯𮃒𮏒𮘶
𬎿	兽兾曽𦾲𩅊𪞌𪺡𭄫𮫭𮫲𰗀𱹓
𬏚	㽲㽳㾍疔疘疜疞病症痦𤴫𤴰𤵋𤵫𤶈𤶕𤶰𪽨𲱖
𬏝	𩺋𪡦𬖼𱫬
𬏬	㿇㿑瘳𤼌
𬐃	皇臯𠦠𤽅𤽎𤽢𤾑𤾤𥢣𫣋𭤂𱵘
𬐚	塩𦣪𪮝𫗘
𬐧	𫤶𬲟
𬑉	𲲭𳂦
𬑔	潈𩯙𩻄𩻴𮙠
𬑹	砈砺礪𥑉𥑣𥔈𥕉𥕠𥕲𥗃𬒉𬒡𰦥𰦦𲳙
𬒂	䃠𥓴𮵗
𬒣	蠧蠹
𬒬	𥘹𥘺
𬓶	𤯍𤯎
𬔖	𫡞𬓨
𬔭	䇸䇼筥筼筽箿篔𥭞𥭽𥰔𥱐𫂍𰩴𱷹
𬔰	𢱶𥳝
𬕍	𢶌𣜤
𬖏	𥺏𥺐𥻢𮇍
𬗌	繭𡅀𣀺𦅱𦇂𧅇𧅶𫃳
𬙙	㗄㬅圐塄愣楞𣸤𥈮𥵀𦽦𩮒𭡥𱼠𲳳𳆏
𬙜	𬦚𬫸
𬙬	𬲙𲮟
𬙮	𩥍𬣂
𬙸	𫸇𫿠
𬛭	𡚐𢍳
𬛳	𠽧𨖹
𬛸	䛼揑湼隉𢝘𣕕𥸃𦵐𬒧𮂈
𬜠	䓒僃芍芶苟荀菊萄萏萯葡蔔𢟡𤛟𤰈𥼓𦭪𦮍𦮱𦵳𦹣𮎠𮏐𮏹𱽏
𬜡	䔇𦵓𦸏
𬜤	𬜾𱽷
𬜩	𣇸𦷎
𬜯	满瞒螨蹒颟𣗊𣯣𫞩𬥊𬭮𬳏𮱔𰊟𰒆𰫋𰯎𰼑𱆆
𬜻	𭫿𭶂
𬝑	𢢮𲪐
𬝘	𡢫𩼑
𬞕	𪢠𫇡𬅉𬉠𬧛𮴹𱁾𲣜𲬬
𬟧	𧆱𰲤
𬥎	𢝢𮢧
𬥙	䆬𧷞
𬦈	𢕤𬦒𬦕
𬦮	踂𨄁
𬦲	𨅄𬧋
𬩶	𤚆𤛩
𬩺	𨞔𨞠
𬮈	𫴨𬮔
𬮠	𪡛𲼒
𬮦	𮩆𱓥
𬯁	𡺰𦵮𧒣𨃛𮒵𮒷
𬯵	𪭈𭼻𮭠
𬴘	𫨣𫲒𬆻𬴜𬴠𬴡𬴢𬴣𬴤𬴥𬴦
𬹝	𨷟𪓣𱋽
𬺞	𠅾𥡄
𬺢	㒷㝙㢲㲊䆏䔬䡖六共兴具典呉圥坴夌寏巺朩潩熼真穓趩驥鼀𠀒𠀮𠀹𠀺𠆑𠔏𠔓𠔖𠔙𠔛𠔜𠔝𠔞𠔩𠔰𠔱𠟱𠡕𠥦𠪙𠮉𠯵𠶵𠸃𡍬𡐜𡐢𡓴𡔈𡕡𡗕𡘂𡥀𡧐𡧖𡨕𡩂𡴪𢁌𢌻𢨇𢻞𣀰𣂺𣃙𣅆𣒧𣪫𤃒𤕶𤖈𤩷𤱒𤷢𥈠𥛴𥤅𥤌𥯗𥷞𥻪𥼢𦀇𦆪𦋭𦒖𦔜𦔫𦜒𦡎𦡿𦦫𦦲𦳪𦸧𦸬𦽙𦾲𧁡𧆾𧇩𧇽𧊻𧑌𧶌𧷏𧾰𨅜𨙒𨝒𨭄𨱘𨺀𩁢𩁬𩙺𩦸𩴜𪇼𪜬𪦾𫝌𫤭𫤰𫯱𫰩𫳤𫷛𫺙𬁧𬐧𬢄𬢝𬥟𬵫𭁈𭁉𭁔𭁕𭈣𭓿𮙹𮣪𰌞𰍲𱋾𱏵𱵲𱶛
𬺣	号吴呈夀宺或革鿖𠁱𠆏𠆘𠢄𠫪𠫺𠮡𠮲𠯉𠯊𠯚𠷛𡆷𡎸𢕎𣂼𣊳𣡏𦧆𦱦𨤥𩁚𪉙𪐪𫑣𬺺𭆼𭈆𭐖𭜶𭻸𮂞𮅶𮨛𱧾𱫱𱱵𱲌𱲧𱴫𱵂𱼱
𬺤	兖衮
𬺧	益𡊪
𬺨	免兔象𠢰𡺎𣬔𤉢𩺒𪶳𫙭𫥎𬊟𭯍
𬺩	卓桌𠧢𠧫𠧻𠨅𡥣𢂦𢧛𣂸𤳠𦈀𨗋𩐃𩚃𭡸𮈱𰁐𰆄𰛿𱄚𱖻
𬺰	㽳亊事于宇寸扌才朩未求芋荢𠂌𠮼𠯊𢋬𢿷𣂺𣐈𣪋𣯕𣰐𣱵𤰤𥔫𦏴𦭄𧚍𨘑𨝒𨥳𩱘𪔬𪜬𭈣𭌴𭑃𮥴𰛕𱩅𱼩𲢯𳁆
𬺳	𨦌𱽧
𬺹	𡤞𣵍𤜓𤬣
𬺻	𠏂𠛖𡧘𡺳𢃻𥥒𥪈𥵯𦷃𧰾𩙤𩰜𬆫𭂸
𬻇	亜𭪚
𬼀	刃州师帰归洲班疈辨𠩄𧩵𫝂𫞟𫠦𭎕𰕲𱍷𱑼𱲣𱶴𳁓
𬼂	赱𠯁𢇭𦂵𬻷𱍓𱜹𱲩𲋷
𬼈	𠙄𥅒𨲢𭂻𱪉
𬼉	𡋨𢓩𣚪𣳴𤧧𤸕𥅸𥥲𦥲𦦜𨺘𩫔𲅕
𬼶	亟𡤽𣒝𦛫𬾤
𬼸	韲齊𫊦
𬼽	亓爂爨璺示舋虋釁𠄱𣄅𦦝𦦞𧅾𨥩𭤟𮀽𮌄𰁖𱍐
𬽄	𤇯𤊆
𬽪	𣅛𪝧𪶴𮕻
𬽬	㑦偏傓僱𠉱𠊘𰂌𰂞
𬽲	𣴾𪘗
𬾕	𧭔𮏵
𭀰	䜛𡁅𡽡𣝊𤀧𤑑𦆵𧓰𨞭𨽊𩟖𩯯𱴻
𭁈	𠁵𠦺𠶁𤊪𫥪𱞟𱠎𲔈𲛕𲡃𲧭𲧻𳁰
𭁟	冎咼骨𦦴
𭁠	𡬥𤙉𭁪𭁯𮉼𮟯𱶈
𭁭	𡙪𡚂𥡎𦽗𪔀
𭁳	𦊦𦊳𫳄
𭁴	宣𪻭𪼘𭁶𮘙
𭁵	簆𡨥𢟭𣻎𨫕𪄺
𭁼	寔𦽢𭧢
𭁾	寑蘉
𭂅	憲𨯶𩍹
𭂩	𠂸𠘾𡵵
𭂫	舧𠙱𥐲𥱞𫶿𬂢𰢳
𭃂	那𤘞𦐃𩑫𬔙𬼋𮱥𱙊
𭃤	蠫𧏇
𭄁	𥳩𱨳
𭄘	𢥍𤄉𥷢
𭄞	𠢨𩚝
𭄶	𠍢𨲬𭊞
𭅄	𡉳𡝓𧦛𰮌
𭅒	𣕗𪍙𭉈
𭅲	𠂘𠨗𡛣𢁡𢱄𥑣𧿏
𭅺	㸅𪡙
𭆆	𠢐𡠉𣀗𣯛𣺶𤛆𥼅𨤲𭆑𱚮
𭆙	㑓𦥀𭻒𮈐
𭆞	𬫾𰔝
𭆺	𠰙𥎿
𭇁	䓊䦜吾痦韋𠋋𡨂𢖁𦑻𧗮𮧮𮧯𲈽
𭇂	吲𠰈𠱳𠵸𠼢𠽂𡄣𫫧𭉹𭌡𱒻
𭇈	㪡㮫㲅嗐害搳犗磍縖螛鶷𠕛𠢆𠱰𡟲𡫴𡮞𢞐𢞩𢻜𣣶𥎆𥰶𦎱𦢽𦤬𦧮𦵯𦺧𧯆𩏓𩝛𩡔𩥌𩪃𩮝𪙏𫗛
𭇎	𤨯𭖫
𭇐	甞𱰖
𭇢	𭸮𮓥
𭇥	𫟓𫺧𱂓
𭈹	𣚧𩞣
𭍠	𡒅𢊂𰙖𱵢
𭍥	𰜲𱭔
𭍺	𣐍𫇲𮞋
𭑃	𣳹𰸉𱀍
𭑈	朁蝅𠍴𪊂𭧣
𭑨	𥤨𨘠𭑿𱀤𱆶𲉞
𭑰	𡡆𪦓𭒈
𭒹	𩡒𰅐𱦿𱧉
𭓇	𲣮𳋠
𭓞	𡧚𫳟
𭓩	𭃰𭪮𮏑𮭼
𭔫	𡬶𨮡
𭔰	㴻厨闘鬪𢊍𣗳𪤁𮔨𱣾𲦮𳈗
𭔺	𬿸𮜚𮥩
𭕄	佥兴単厳峃巣应悩栄泶爫畄脳鼡𠋁𠌏𠦖𦠼𨹢𩖟𪡚𫳍𭇥𮓠𮭋𮰡𮰴𰃮𰋷𱝌𱝏𱬩𲈧𲟍𲟯𳐊
𭕆	唢琐锁𫦁𫼶
𭕇	𣵚𤲎𨲁
𭕘	屓眉𡳻𣷍𮟿
𭕛	𤧤𮳋
𭖒	𠍧𢔎𢚇𢽃𢽠𣷪𦨁𦨄𨓹
𭖨	𣖱𮥘
𭗼	㑎𡜪𢙉𣧽𣳺𤇱𤝾𤤼𤶆𥒤𦛁𧳀𩛋𩣃𩩀𩬷𱑄
𭗾	𢚰𱴊𲞜
𭘆	𨌻𮠮
𭘍	凞𠘑𤏁𫱃
𭘑	𠈩𭳄𮞏
𭘧	𡚙𤣇𧝫𧞝𨘛𭙺
𭜓	䉞感𢙅𦷋𦽫
𭜨	𡈒𢲀𥧛
𭜪	悤𦵇
𭜳	𥡷𨼆
𭜼	惻𫻔
𭟯	𭰦𰮦𲎻
𭟲	𣨦𩃢
𭟼	𡒾𱀽
𭠍	尧戈𨃭𪜋𪷎
𭣔	𭣚𭤋𮍠
𭣖	𢈧𨍺
𭣢	𦰞𨦷
𭣤	𤢋𦁘𭗒𲙵
𭣦	煞𡺧𢞀𨨽
𭤔	𭈇𱬽
𭤟	𭎋𭤥𭰂
𭤨	㫊㫋㫌㫍㫎㫏放斻於施斾斿旂旃旄旅旆旇旊旋旌旍旎族旐旒旓旖旗旚旛旜旝旞旟𡝶𣃥𣃦𣃧𣃨𣃩𣃬𣃭𣃮𣃯𣃰𣃲𣃳𣃴𣃵𣃹𣃻𣃼𣃽𣃿𣄀𣄆𣄉𣄊𣄐𣄑𣄕𣄖𣄘𣄙𣄞𣄠𣄡𣄢𣄦𣄧𣄨𣄪𣮙𥲬𦹭𩔣𩔽𩕣𩙴𩜢𪟒𪯳𪯶𪯸𪯽𪰀𪰄𪰅𬀀𬀂𬀃𬀄𬀅𬀆𬀇𬀈𬀋𬀌𬀍𬀏𬀐𬀑𬀒𬀓𬀔𬀕𬀖𬀘𬀙𬀚𬀜𬀝𬀞𬀟𬀠𬀡𬀢𬀣𬀤𬴦𭤰𭤸𭤻𭥃𰕬𰕭𰕮𱡳𱡶𱡸𲤃𲤆𳏊
𭥋	䎞𰤒
𭥌	𫔿𬻐
𭥍	复𠣴𠣾𣃧𧠅𧼱𪃃𭛛𭥷𱊔𱼈
𭥎	𡜗𭥟
𭥐	𣒋𣵀𤉊𤞾𧨤𭉛𭥕
𭥕	皇𨂈𰩘𲈮
𭥗	𭞘𭥗𭹕
𭥫	㑹曺曽𥲺𦸥𪗐𭦌𮏥𮚖𮜠
𭥭	𠚠𤢠
𭥴	曾會罾𡪠𤺧𦼏𨞤𨶍𪴕
𭦌	𨶧𰂬𰦢𰧞𰯐𰷐𰻹𱄱𱋹
𭦗	𦄡𧽱𫙃
𭦟	㡢𧯐𧾈𰹥
𭧂	𪹼𭨃𱄷
𭨧	䏖膙𭨱
𭩠	棄𤟬𥽒𦜫𫟒
𭩢	𡞮𥓼𦂘𨐣𮔟
𭩮	𫞿𬃩
𭩶	𡏫𤧮𨃮
𭩸	喿𩯟
𭪐	㯎櫧𣞇
𭪗	𭫴𭸧
𭪿	𠾋𢊳
𭫒	𢷡𬿼𭬓𮁐𮥫
𭫪	𤂈𰢕
𭭇	𧷕𬝜
𭭙	𡕼𨏵
𭭽	𣩸𭓩
𭮪	𠹢𭷮
𭮬	䌓𭞠
𭯍	𠠤𠠥𣬔𬪹𬫹
𭯶	洜𣳂𦿹𱦕
𭰍	㶊𤏁
𭴋	煮𤋯𧶨𰩜𲫰
𭴌	𤊉𤒃𲫲
𭴔	𤎗𮩃
𭴘	盡賮𡎀𫄽𰷧𱫮
𭵝	𭲵𲷞
𭵴	𤑔𬋖
𭶰	𠚞𨎘
𭶻	𤕕𱦣
𭷆	寢𥨊
𭷔	䲒嶰檞澥獬蠏解邂𠎿𠿇𢶷𤐃𤘝𤛳𦏘𧞊𧴛𩍝𬧕𱘆
𭸵	𤤻𭚗
𭹤	𤨕𬎔
𭺳	㔟𱫚
𭺾	畢𠩿𡁘𭂂𭿑
𭻾	㯀㳬䁢䃠䲂嫙旋暶漩琁璇縼蜁鏇镟颴𢕐𢭀𢳄𣎓𣒀𦀢𦛔𦩂𧐗𧜽𨁁𫒡𫓷𬱽𰬵𱩆𱵑𲀳𲙽𳈭
𭼈	㾮㿁
𭼩	𭀏𭟢𭼶
𭽀	𣻬𤍝𭹵
𭾁	簋𦹧
𭾐	𮉗𮎗𮬗
𭾬	𠞵𣂿𦹋𩪻
𭾱	壊懐𢍧𭙾𭧵𮍁𲟪
𭿃	𢢺𩕫
𮂯	䄵𨋟
𮂱	㛷嵆諬鑙𥡞𥢑𬭿𮃛𮡚𮣕
𮂸	𠪁𦳫𩀒
𮃨	穮𮃶
𮃼	𥨗𥨥
𮅕	䉵䵵篡篹簒籑纂𥣚𥲻𥴌𥴠𥵺𨏉𲶇
𮅘	䉍䉮簡簢籣𥳐𥳑𥴥𥶆𥶿𥸍𮆤𮆬𰪝𲶈
𮈍	𦃙𮆷
𮉼	𡖭𣭣𦨸𨉄
𮊿	𣚉𭢢𮡄𮣎
𮋛	𭱹𭻪𮢷
𮌁	𡋶𢌤
𮌋	𢮗𮌋
𮍌	𠗱𤋅𭆬𭾆𭾋𭾏𮍍𮍐𮗘𮨈
𮍏	臧蔵𢧿𣻟𤃼𤖔𦄤𧷢𪴼𫟖𭗉𮍒𱼔
𮍦	裒𧞂
𮎙	𠪼𨇭
𮎛	𡏎𢫎𤇗𦐙𨀓𨥹𩊋
𮒹	𠑫𡤮𨟪
𮓴	蚇蚭蜛𧋦𧌑𧎜𧎨𧑏𮔱𮕇𲿄𲿷
𮓶	蚓𧐊𫋙𮕖𰳉
𮔀	蜜𤨚𦸞𨶣𪄰𫙵
𮔉	𦆥𦾖
𮕜	𡨴𡩂𤶰𧗆𪖩𱮖𲥽
𮖐	䙨𮉑𱕉
𮘎	𡢮𧬾𭳹𰻝𰻞𱪆
𮙥	𤯴𧳱𨂼𬠸𭸜
𮙸	賔𠆄𢊟𧶑
𮙺	𧝭𪪡𭲜
𮚏	𨇇𨏘
𮛈	𨂀𨃛𨄽𨅷
𮝾	𠵧𦁟
𮢣	𨮈𮢿
𮥴	𢰬𫈤𬵯𭫗
𮥶	勧権歓潅観𧽳𨫝𭞞𮉸
𮥷	𪹰𪻉𬥬𭏽𱔪
𮥼	㩦巂雟𡂗𤳬𤼒𧥏𮉖𮕐𮱠
𮥿	𨘿𭬳
𮦄	滿𤠨𱨨𱰀𲉱𲊃𲊐
𮦆	𢀪𭳓𰁙
𮦋	䨘𮦒
𮧊	𣞀𨮮𭋢𭐀𮂟𮭙𱇃𱌧
𮧮	衞𭲸
𮧯	𨔻𨵾𩏍𫟘𭘣𭘮𮘪
𮩴	𠗦𤟨𭱃
𮩸	𦋱𫫆
𮪉	𰻞𱟛
𮪏	驧𩧛
𮫙	𨯱𭂨𭕰𭳰𮫚
𮫬	𨫗𩵑
𮮠	𥕾𫩋
𮯰	亚亜正𠀜𠔐𡂦𣅯𤰱𫝔𬴘𬻟
𮯱	舟𠄭𣐠𨱪𰂉𱼿
𮰘	𡇷𢨟
𮲡	暴𤌱𳊶
𮲢	𧙴𧚵
𮳟	焩𤌯𭵁𭵃𱬕𲫟
𮴡	𪼈𫳽𭍱
𮵬	筭𥮅𰪅
𮶖	夏𡙣𦷜𭕥
𮶛	芚𦮇
𮶺	𬟫𭱼𮯑
𮷟	䢤𨖨
𮷩	𦝗𦠵𦢪𦰢𰯟
𰀁	㐄㪯䳞丮丰举乕亴击夀奉害未末用甬粦素羊羋耒舉韦馬麦龵龶𠁰𠂡𠂦𠂵𠇪𠇫𠔎𠙖𠙹𠛽𠤖𠤶𠧺𠨭𠫚𠬤𠬼𠳆𡕖𡗢𡩐𡭳𡲄𡵄𡿳𢆐𢌜𢦒𢧸𢨚𢪐𢪙𢱂𢴶𢽁𣕀𣚝𣜈𣝴𣳏𣴅𣷥𣷵𣻴𣼦𤆖𤎞𤐭𤛫𤧉𤰃𤰆𤼳𥣿𥧀𥭯𥲷𥴍𥻪𦍋𦛹𦤑𦧮𦬒𧉉𧟮𨃒𨐌𨓍𨔬𨔱𨗶𨛻𨵣𨷯𩗴𩡧𪎍𪙯𪤞𪹝𫀝𫏹𫔤𫔳𫝣𫠉𫠤𫽛𬕏𬼍𬽤𬿻𭁈𭃂𭓇𭕙𭕭𭠠𭪕𭬑𭳍𭿓𭿪𮆾𮕹𮗓𮗮𮙢𮩴𮩵𮩸𮷞𰀈𰩵𱉟𱍓𱑏𱥴𱨡𱨰𱭑𱮨𱱙𲈫𲋻𲏅
𰀂	疟虐
𰀃	丽巿滿𠀙𠀛𠕅𠷽𡗚𣝿𦘝𦚑𦠀𧜑𧥛
𰀄	仺虐黽𠁰𠗁𠝀𠰆𡗃𡢯𡵂𢋪𢑚𢕧𢰚𢼪𣀴𣋯𤰣𤰴𤱫𥋀𥘐𥤫𦥑𧯧𧳲𨻭𩁿𩩆𪓕𪓝𫟎𬋢𭬟𮂪𱞑𱮭𱵇𱻮
𰀆	㞐善夹立荚詹𠊺𠌉𡁖𡕄𡩅𢮣𣣂𦭱𧰬𩑄𫏁𮁅𮏖𰚷𱧕
𰀈	𰁓𰍎𰑊𰕺𰛓𰡂𰥕𰩢𰪱𰰫𰵕
𰀉	㯱㯻㰆䝴叓嚢囊束橐櫜蟗蠹𠁕𠂻𠉕𠚟𡈋𡚀𡠑𡡋𡲦𢄿𣄟𣒚𣗞𣘯𣚇𣝄𣝐𣞈𣞉𣟏𣠀𣠔𣠻𣡏𣡖𣡦𣡪𤃈𤈂𥗤𦇅𦠖𦲐𧋌𧏋𧑠𧕰𧚐𧞢𨎾𩆘𩡥𪫈𫠾𬍿𬺿𬻧𬻫𭧢𮁸𮕚𰓌𱤦𱨌𱾭𲁃𲜢
𰀊	𩢆𲐛
𰀌	𢂋𭘣
𰀒	𩺂𰣺
𰀕	𡠈𤑣𧗚𧢮𨟫𩇽𪈹𪋘𭫒𮭹
𰀠	䘮丧乑农喪展水滿畏眔眾辰長𠅕𠧹𠺂𡘎𡷰𢰜𣌪𣭺𣺓𤲐𥅀𥫪𦁟𦤌𧆝𧘇𨱗𨴖𨴳𩇀𩨶𪽉𭈬𭎕𭎳𭾪𮝾𱲻𲓻
𰀡	䝨坚竖紧肾贤𪷃𪾋𫝋𫰐𬌛𬜤𬹔𰑡𰲮𲐌
𰀢	㧛䛓监览鉴𰗘𰹾𳁖
𰀦	𣤷𩝵
𰀪	㐧㟌㣇㣎㤶䏵䝉乑千升哤尨弱彡彣彳憏拜浝牻率癶眔硥羽聚蛖詧豕象豸飛鬼龵𠂍𠂓𠂖𠂟𠄛𠄣𠆋𠈵𠔁𠚟𠤺𠧳𠧹𠧺𠧻𠭳𠹩𡅓𡒍𡘎𡦶𡧞𡫮𡯎𡴬𢃁𢃂𢄖𢆈𢍒𢏻𢏽𢑛𢑢𢑭𢑷𢑺𢓽𢖨𢣼𢦍𢰿𢱣𣄭𣊸𣠀𣥆𤽖𤽪𥀦𥆙𥣀𥪬𦤌𦦬𦦶𦧁𦸹𧏇𧏝𧔶𧕠𧣚𧰨𨕛𨖼𨞮𨴖𨽁𨽆𩂑𩅧𩈠𩍧𫞴𫧦𬛮𬞂𬥁𬺻𬼃𭀯𭇨𭐝𭓇𭔀𭔙𭦢𭹻𭼾𭽁𭽂𭽖𮇓𮑩𮔇𮙥𮛷𮜨𮪡𰂸𰝚𱎚𱝪𱨥𱱶𱺾𲌭
𰀫	𠒍𡯁𢩥
𰁒	𠄕𣧓
𰁜	变変娈孪峦弯恋挛栾脔蛮銮鵉鸾𠪌𣚪𪢮𫿳𬁢𬒵𰚳𰛪𰥠𱲗𱲙𱲝𱶣𱹃𱹠
𰁢	伬伲倔倨偋偓僝𠉜𠋱𠌸𠎪𲑛
𰁣	𠇁𠎦𪜴𫣖
𰁦	𢻺𬔼
𰁰	𡘉𤇝
𰂇	側儩𠍥𰂪𲑞
𰃦	向奥奧粵𠂥𠄛𠕍𠕫𠣘𠬦𡗠𢍢𣍝𣧨𤁌𤘻𥑚𥚟𥤢𦓐𧚡𧛲𧻮𨈐𪩲𫀫𰹎𲎲
𰃮	労受営喾学峃愛栄泶爱舜蛍覚觉鲎鴬鸴黉𣁍𤈚𤓾𤔓𤔤𧇳𧱌𫞢𬋩𬒈𬳸𭐫𭸼𰴣𱭃𲘿
𰃰	宙𡔱𢷐
𰄔	𥫋𱫼𱬣
𰅭	肸𠦎𡉊𥄖𨑷𩫊
𰅮	呄朶
𰅰	𰁲𰅹𰗝𰙽𰭋
𰅱	𡉰𬯭𰅵
𰅲	枼𦰗
𰅳	𡈞𥯺𨅆𪒖
𰅴	𰉰𰑝𰾂𱂪
𰆊	令兯卫厁壭爷疖节鎦𠅑𡴔𦱡𪜁𫕝𭅷𭅸𭅾𭅿𰆌𰆏𰆐𰆑𰆒𲓳𲓴𲓵𲓶𲓸𲓹
𰆗	𤚓𱀎
𰆬	厵𩖒
𰆰	𱥀𱿝
𰇏	𠽗𱔾𲕣
𰈈	𠿖𢒯
𰈍	噺嚫
𰉖	㙺堰塸𫭟𭎻𮰩𰊛𱖑𱖟𲘺
𰉗	粦𠉓𨥄𭜧𰡮
𰋙	𬃃𰁬𰅴𰑌
𰋣	㬱𨷥
𰋷	䋝妥桜珱𰬕
𰋿	𫱯𭔅
𰌼	𦂨𰍒𲬱
𰍧	㣺寿小𣥂𤴮𧹘
𰍨	㣺小𠀊𭹻𰛅
𰍩	尖𡭞𢫐
𰍪	歩𣦉𤚜𦯝𦶵
𰍰	层屍屚𡰥𡰨𡰱𡱆𡱌𡱔𡱰𡳘𪨉𫵖𭕥𰦪𱚲𲜳
𰍱	𰇰𰥩
𰎒	𡴙𡺙𪩅
𰏒	𠚙𡪒𩽟𰏗
𰏤	𱠐𱣫𱴓𱹹𲅡𲸶
𰏮	䕮𡫭𥶶
𰏴	𡍔𧩔
𰏸	𢊸𮜥
𰐻	悫𧆹
𰐼	𢝑𬅟
𰐾	惦慵慷懭𢟴𢠩𢤭𰑛
𰑃	𢜠𭝿𲠰
𰒫	𢧭𢧸
𰒲	𣀾𤒜
𰕎	㬚㯙䒆徹撤澈瞮轍辙𠾀𦅄𦔞𦠣𨅊𨏣𲃓𳍽
𰕣	蘄𣄨𥷋
𰗑	𡏪𤞎𰇢𰓨𱣀
𰗡	楌𣟚
𰘾	𡿈𡿛
𰙔	𬞢𲧂
𰙡	𪫒𬆊
𰙤	𨪱𮲿𲽢
𰙧	𠹜𡚍
𰙩	䜀䜧𤠏𧳺𲟦
𰙫	𰳯𲅶
𰚢	𣯱𦺑
𰛄	𨑎𬽃
𰛅	㫽㯟水氷邍𣱱𤟘𦚝𧤩𨑝𨔯𰘖𲨱
𰛧	淑𤂔𰜓
𰛷	潎𣿁
𰜜	澵瀙
𰞲	𥢦𩏦
𰞴	爢𥼞𦻹
𰟚	𢅲𧂞𭣆
𰠀	𠍂𩞛
𰠧	𪌸𭺲
𰢱	𠺔𢷝𤰌𥣌𦇜
𰢴	亩畺黃𡩐𣦂𤌲𤰫𤰻𤱪𤲢𤲽𥫍𦵰𧝒𪰀𭻨𭻩𭻯𭻴𮒡𱭅𱰥𱰲
𰢵	画畵
𰣖	疊𫊜
𰤔	𢀎𤽋𤿄
𰤲	寧𡨴𢴕𤡛𤹧𥢃𦅜𧖧𧸎𨊎𫎄𫜧𬈿𬞊𱉂
𰤷	盧𥂛𥂜𦅟𧃾𨣎𪭃𬅒𭾐
𰥍	䆩𠜹𦤀𨵢𪡼
𰥎	貵𡙋𡙐𥆗𨤗𬑤
𰥘	𰴎𳂔
𰥡	𥍄𧵿𲁎
𰦍	𠋾𤔍
𰦩	砨碥𥓎𥔱
𰦫	𱓘𱠗𱧎𱹻𲃲𲋺𲌻𲐵𲦐
𰧭	款隷𢕥𣟍𥻳𧎹𧡘𧷌𭋱𱧲
𰨜	䅊䆂穅穬𥡲𥢂𰨿
𰩬	䇲筴𢝹𥫵𥬟𥮈𥯃𥱫𥱶𧛒𬔮𮵵
𰩭	篅𲶃
𰪩	䊌䊯粧糠𥺁𥺦𥺨𥼊𥽨𫃍𫃎
𰫝	𬀕𬯢
𰬁	编𫄫
𰭝	䍿𣯰𦏴𦏻
𰭢	𬉇𬭹
𰮄	𦚷𦠕𲺡
𰮤	㬺䲢勝塍媵幐榺滕縢腃腾膡蕂螣謄賸騰鰧黱𠗲𣎎𣎒𣹸𤻴𤼆𧜈𧜜𨃗𪱪𪾕𬂉𬞳𭩅𰯙
𰮫	𤻚𥷭
𰯯	䝂𧷙𮵾
𰯲	㯺㽉擥覽譼鑒𡅞𡒓𤀩𤪋𥃆𥽏𦉞𨏊𪧂𫊗
𰰜	㭉䒠䒧芏芰芾苦苯苿茥莗蒖蕡𠒌𥓈𦬒𦬝𦸻𦹁𦽢𧆔𬜦𰱁𰱐𰱟
𰰝	𭛣𭨰
𰰡	莹蒙𣩾𦭨𰱈𰲽
𰰬	𤎫𦲯
𰲚	𢊐𢐏𥛕𥰽𧏕𧤫𨪾𨽯
𰲛	𱜆𱱡
𰲝	𢲽𨄪𭏣𳁈
𰲾	蠏𧒻𲿟
𰴵	諺𫍓
𰶵	𠭸𧵰𱡮
𰷣	𤎺𩯒
𰸎	𨂪𨄉
𰹈	𫂄𬧴
𰽚	镛镰𮸆𰾋
𰾲	镳𰿁
𰿚	𨴢𫱢
𰿮	𫔶𰿸
𱀵	𫂫𬟌
𱁅	雚𫁒𮥿𱩴
𱁈	㢕㿈雍𲁅
𱅑	腾𬧃𬹘𱎾
𱉒	鹏鹕𱊂
𱉘	𫛾𮹖
𱋁	麤𡔙𡔚𧆓
𱍐	𦱯𱍐
𱍸	䐡劉劑卯斵留貿贸鎦韲齊𠆈𠆗𠆜𠎗𠝈𠠇𠤺𠨣𡅁𡶳𢁤𣃃𣃋𤁜𥁚𥒛𦍖𦠃𦠕𦦏𦰑𦺅𧅠𧅱𧘇𧢗𧨥𧷔𨞌𨢞𨧋𨼻𩐐𩐓𩝦𩹵𪂗𪆱𪔉𪗄𪗎𪗐𪗒𪗓𪙔𪚎𬹲𬽒𭬹𮋡𮔰𮝉𮮻𮮼𰻟𱰴𳐖
𱍺	𱎩𱟲𱟳
𱎛	舎𠈘𠌉𡏕𡑶𤵞𦹨𫇲𭖏𭠜𮏏𰂧𱧕
𱎡	侧𰂭
𱏧	𢴜𪽠
𱏴	𠧆𲋝
𱐁	𬅽𲔪
𱐍	歯𠶑𡓌𣱥𪤫𪶕𪾝𬇈𮈟𱘥𱸸
𱐔	歰𡟂𣿠𭱟𰙩𱧨
𱐩	㘯伤飭饬𠢇𱝮
𱑎	栾𪮊𭰺
𱑏	𤯶𪡽𪭚𫑀𫔸𫽻𬂍𬮷𱢣𲆚𲈳𲈴𲠞𳈉
𱑲	𰲡𱊾
𱒃	京景𡞼𡮃𥵺𱫲
𱒒	員𡤀𥅽𪹢𫦲
𱒢	𠸠𣖞𨀶
𱔞	囊曩襄𡄜𢺖𦣙𧁁𧆔𬋟
𱕻	䧭鹵𠷝𡲖𢑯𢑷𢑺𤀈𤅯𤪒𥃈𦂮𦋶𦌃𦞅𦳊𨤎𭀸𮯛𮯜𰁐𱣶
𱖔	𢽃𢽠𨝔𨟃𲁫
𱖪	瘞𢊃𧒐𨻊𨻏𭑝
𱗐	㙻廛瀍躔鄽𠪨𡃚𢷹𤪮𧔊𧾡𨮻𩼼
𱘦	𱶩𲈩
𱙁	𡇭𡜚
𱙎	𰗻𲍣
𱚰	尼居𡰸𡱅𡲷𢨦
𱚸	扆𡙤
𱛢	㟧巖𡼚𭗭𰎶
𱜢	𡋁𣈰𦚿𨃋𨒾𨬁𪲍𫉓𫼩𫿹𬇣𬗓𭱙𱒡𱜣𲱙
𱝼	䓗忩悬窓𢡘𢥁𥮨𦹎𩭤𫐜𫵝𫹸𭜘
𱞂	㥣恙恚𮱈
𱡘	𰚰𲓉𲠝𲿕
𱢒	𣎦𥗨𪱆𪹷𱠻𱴸𲇄𳋦
𱣁	栵𪲐𫯹𬒟𭁃𱣴
𱣙	㯧樾𲧈
𱤻	𡴧𣥄𣥗
𱤽	𣦆𦀍𧋇𧙼𧝦𪠉𪯯𫼢𬩓𱦉𲁧𲓾𲺎
𱥯	䰍桼藜黍黎鿿𣷚𣻊𣿀𤛺𥣥𦸓𦾅𦿾𨄛𨭁𪎭𪏧𪏭𪐅𬖁𭆤𭧔𭩎𭱮𭲲𮑹𮳕𱁂𱠂𲞿
𱥱	㳮㴮沢泥泦浘涺淈渥漏潳潺𣲻𣴅𣴻𣶅𣷍𣸹𣹲𣺘𣺳𣼇𣼣𣾮𤁍𤂎𤂏𬇳𬉆𭰖𭲫𭳙𮳋𰜋𰜣𰝫𱧩
𱥻	梁粱𥞹
𱫌	𱨖𱬇
𱬷	𠵺𢮤
𱬹	㴞㷔稲𥈺𨂻𨵻𨺻𩏍𬎝𭼬𮧲𮩁𮭾𲮜
𱭏	寐𥧌𱾺
𱮳	𤨅𪻪
𱰤	𲩋𲫛
𱰥	畫畺薑𠣀𥼦𦹓𬞏𭲔𭻨𱨪
𱰭	㿳湽葘輺鍿𤱹𦿨𧇕𱹼
𱱇	𲢤𲸓𲻧
𱱍	𤹢𲱥
𱱐	㾕㾦瘖瘴癔𤺀𤺄𰣴
𱱿	𣵝𰧅
𱲋	𥂍𨵲
𱳛	𰚮𰣑𰯊𰹢
𱵾	稨𰨯
𱷥	𱸢𲙾𲪃𲱇𳑹
𱷮	䇗𥬋𥮨
𱷳	䈓䈕䈳笪筸箟篂𥭧𥭷𥮬𥰻𥴵𥵀𥸒𫂁𬕑𮅾𮆣𮆭𮆷𮵸
𱷴	䇬笙筶
𱺵	𡚎𦲿𨔍𪡔𪣰𫢱𫥧𬎷𬗢𬫤𱜂𱦶𱱂𲛈
𱻊	𡃛𤚇𬢱𱎹𱞦𲕒𲶀𳌌
𱼀	㓘䍃䏑䚻埓寽將憏暩望炙然爒祭詧豋豸𠙝𠭟𠾈𠿌𡂠𡋞𡐩𢄉𢆈𢌳𢍪𢚿𢣼𢸽𣁻𣟣𣤣𣵒𤉷𤎡𤎢𤏝𤐬𤑂𤑃𤑗𤑪𤒗𤒣𤒧𤓏𤖅𤖕𤟌𤟒𤟙𤢅𤪅𤬖𤮘𥩿𥲠𦅚𦅹𦋒𦎆𦠁𦠹𦠺𦣐𦧁𦹑𦾍𧉏𧦇𧯭𨡓𨥘𨽆𨾞𪆈𪭺𫊀𫫱𬋓𬓄𬝢𬞂𬪶𬮈𬯠𬷠𭣲𭱗𭾽𮈏𮒿𮛷𮜨𰅄𰗕𱫙𱯖𱱸𱲏
𱼉	𮚨𰮸𱪞
𱼧	㷗㷩熈𡟮𤭘𬼕𭰝
𱼭	㷐䛼隉𡍤𡓓𥔄𥸃𦞆𦵐𪑺𮞴𰫄
𱽎	贲𰱟𲼶
𱽐	𡍙𲩛𲸂
𱽜	𦶟𱾞
𱽥	蒌𦺸
𱽲	䕊𦼹
𱽷	𪷞𬄱𲃈
𱾗	蘩𧁋
𲀥	𧛄𭡖
𲂺	𱫐𲃀
𲂻	婴罂赑𬢯𬸕𰢤𲇑𲼶
𲇒	𨭠𫓀
𲇖	䥚𨭧
𲈧	𠑡𨴫𨵻𨶒
𲋄	𣃲𩂑𩙌𫖽𫖾𫗂𫗄𬱻𬲃𬲇𬲈𱎤𱣃𱣨𱽐𲋇𲋈𲋋𳋏𳋐
𲌚	𩬫𩭚𩯟
𲎰	㐏五吾𡨓𥥫𬪹𭘣𲂡
𲎲	而𭁡
𲏃	𡍮𥢰𩧖𪍰𭑡𱋩
𲏆	𠀅𣍫𪏾
𲏘	𥭱𦯭
𲐗	𥿐𬑌𬚔
𲐙	榦茶𡫗𣗜𣘒𦸸𲔦
𲐴	𡐏𰒇
𲑾	𮰜𱩝
𲒈	𣿯𥔺𱷔
𲒋	𪲁𱐂𱷤
𲓞	杀𢗛𬷂𮶕𱒍
𲔔	兗袞
𲕟	嘼鼉鼍𡄞𧕛
𲕹	營𰟯
𲘟	𡠌𢙥𢰘𩻎𪵻
𲘳	𡋓𭎉
𲙆	𡎑𪤕𱘐
𲙉	𡏌𱗜
𲚽	昋暮𡨵𤋓𤲉𦿫𨹞𩊵𪧛𮅾𰿎
𲜠	𡬳𱨮𱾟
𲝉	𢽃𢽠𨓒
𲞗	巘𡿕
𲞟	𧨿𲂎
𲞹	𥞯𱲵
𲟁	㢜剫席度庶庹庻𢉙𢾅𪃒𭐊
𲥿	𠍇𤨪
𲦁	𢠘𣜞𣠵𣡱𬅕𭏝𭒓𭫬𰅃𰙄
𲧱	𢿅𣥔𣥺𪫘𫳥
𲨔	𣒻𥙰𩛹
𲩣	𤀂𱪑
𲬹	𠆡𱤶𲳀𲵂
𲯜	㻞𤥾𤨖
𲰶	甼畏畫畺鱼𠟱𡍠𡱮𣠣𣰱𤰠𤰣𤰤𤰱𤲡𤲯𤳍𭕑𭻩𱰥𱰶𲕟
𲰸	勇𨂹𰞬
𲳊	䀾唘𣒊𥓆𦛯𧽔𱻿
𲵳	笨𰪈𰪗
𲵹	篸𥳋𥳮𱸕
𲹈	𪩝𬄿
𲹧	𥨸𥶤𫊇
𲺋	㨊㻟䙃䜏䝐䤻䭉䯝䲊堶媠嫷惰撱楕橢毻遀隋隨髓鬌鰖𡐦𣮲𣷿𤌃𤛩𤡪𤭨𥓿𥚨𥪹𦝦𧝍𧤓𧩭𧱫𧲗𨡽𨬍𨲕𨼕𨽋𩟟𫪳𫻃𬄭𬳅𰾖𲐴
𲺤	𣜐𪠙𲯀
𲻋	䕟舆與興輿𠔜𡃳𢸯𦢯𦥷𦦪𦧅𫟋𮍫𮍬𮍭𮍮𮍰𮍱
𲻞	𦪤𦼎𧴏
𲻯	蔺𤀚𫈉𬜬𬞕𮶨𰫖𰱇𰱉𰱩𲼒𲼣
𲼪	藘蘆𧀴𧃢
𲾁	𧌧𧪥𪏏𪛍
𲾦	蠩𲿡
𳁖	𧒋𫏠𬄦𲢬
𳁫	𲖓𳉪
𳂔	𢵟𮡁𱀴𲟌𲠦
𳂕	𡀅𦆋
𳄔	嶭巕薛𪷣𫲲𮆞
𳅼	錷鏩𨪚𨮫
𳊳	𨇐𰙺
𳐟	𪋆𪋠𳐩
𳑳	㡣瀧龍𠖥𠳧𧱠𧾪𫨢𱤵𳍘